# Blender 3.3.1
# www.blender.org
o 1x1_1u_16_lego_base
v -29.000004 9.749998 0.000000
v -25.009066 17.800001 0.000000
v -24.199999 16.990934 0.000000
v -28.920246 9.750977 0.000000
v -24.990175 17.799883 0.000000
v -28.840534 9.753913 0.000000
v -28.760920 9.758804 0.000000
v -24.980352 17.799704 0.000000
v -28.681450 9.765648 0.000000
v -24.970543 17.799402 0.000000
v -28.602169 9.774440 0.000000
v -24.960758 17.798983 0.000000
v -28.523130 9.785174 0.000000
v -24.950968 17.798441 0.000000
v -28.444378 9.797846 0.000000
v -24.941174 17.797779 0.000000
v -28.365961 9.812447 0.000000
v -24.931349 17.796993 0.000000
v -28.287926 9.828966 0.000000
v -24.921534 17.796087 0.000000
v -28.210320 9.847397 0.000000
v -24.911861 17.795074 0.000000
v -28.133188 9.867725 0.000000
v -24.902109 17.793932 0.000000
v -28.056580 9.889942 0.000000
v -24.892342 17.792667 0.000000
v -27.980539 9.914032 0.000000
v -24.882595 17.791283 0.000000
v -27.905113 9.939980 0.000000
v -24.872896 17.789783 0.000000
v -27.830345 9.967772 0.000000
v -24.863268 17.788172 0.000000
v -27.756283 9.997390 0.000000
v -24.853634 17.786440 0.000000
v -27.682970 10.028816 0.000000
v -24.843945 17.784573 0.000000
v -27.610451 10.062033 0.000000
v -24.834312 17.782597 0.000000
v -24.824696 17.780499 0.000000
v -27.538769 10.097019 0.000000
v -24.815149 17.778294 0.000000
v -27.467964 10.133754 0.000000
v -27.398087 10.172215 0.000000
v -24.805660 17.775978 0.000000
v -27.329170 10.212380 0.000000
v -24.796093 17.773520 0.000000
v -27.261261 10.254224 0.000000
v -24.786655 17.770971 0.000000
v -27.194401 10.297722 0.000000
v -24.777225 17.768299 0.000000
v -27.128628 10.342848 0.000000
v -24.767790 17.765499 0.000000
v -27.063982 10.389574 0.000000
v -24.758434 17.762598 0.000000
v -27.000502 10.437872 0.000000
v -24.749050 17.759562 0.000000
v -26.938227 10.487715 0.000000
v -24.739754 17.756428 0.000000
v -26.877193 10.539069 0.000000
v -24.730507 17.753181 0.000000
v -26.817438 10.591908 0.000000
v -24.721302 17.749825 0.000000
v -26.758999 10.646194 0.000000
v -24.712116 17.746346 0.000000
v -26.701908 10.701901 0.000000
v -24.702950 17.742746 0.000000
v -26.646202 10.758991 0.000000
v -24.693872 17.739052 0.000000
v -26.591915 10.817431 0.000000
v -24.684799 17.735228 0.000000
v -26.539076 10.877186 0.000000
v -24.675810 17.731308 0.000000
v -26.487720 10.938220 0.000000
v -24.666904 17.727297 0.000000
v -26.437878 11.000495 0.000000
v -24.657972 17.723137 0.000000
v -26.389580 11.063975 0.000000
v -24.649141 17.718895 0.000000
v -26.342854 11.128621 0.000000
v -24.640377 17.714550 0.000000
v -26.297729 11.194395 0.000000
v -24.631569 17.710049 0.000000
v -26.254230 11.261255 0.000000
v -24.622906 17.705486 0.000000
v -26.212387 11.329165 0.000000
v -24.614267 17.700800 0.000000
v -26.172222 11.398079 0.000000
v -24.605692 17.696012 0.000000
v -26.133762 11.467958 0.000000
v -24.597212 17.691139 0.000000
v -26.097027 11.538761 0.000000
v -24.588781 17.686157 0.000000
v -26.062038 11.610444 0.000000
v -24.580362 17.681038 0.000000
v -26.028824 11.682963 0.000000
v -24.572010 17.675821 0.000000
v -25.997395 11.756277 0.000000
v -24.563761 17.670527 0.000000
v -25.967777 11.830339 0.000000
v -24.555605 17.665150 0.000000
v -25.939987 11.905106 0.000000
v -24.547476 17.659645 0.000000
v -25.914040 11.980533 0.000000
v -24.539364 17.654007 0.000000
v -25.889950 12.056573 0.000000
v -24.531414 17.648333 0.000000
v -25.867733 12.133182 0.000000
v -24.523470 17.642517 0.000000
v -25.847404 12.210313 0.000000
v -24.515608 17.636612 0.000000
v -25.828972 12.287919 0.000000
v -24.507824 17.630613 0.000000
v -24.500145 17.624544 0.000000
v -25.812454 12.365954 0.000000
v -24.492546 17.618385 0.000000
v -25.797852 12.444372 0.000000
v -25.785179 12.523124 0.000000
v -24.484955 17.612078 0.000000
v -25.774445 12.602163 0.000000
v -24.477505 17.605730 0.000000
v -25.765656 12.681442 0.000000
v -24.470102 17.599266 0.000000
v -25.758812 12.760913 0.000000
v -24.462790 17.592718 0.000000
v -24.455559 17.586082 0.000000
v -25.753918 12.840528 0.000000
v -24.448376 17.579329 0.000000
v -25.750984 12.920239 0.000000
v -25.750004 12.999998 0.000000
v -24.441364 17.572573 0.000000
v -25.750984 13.079757 0.000000
v -24.434355 17.565645 0.000000
v -24.427427 17.558636 0.000000
v -25.753918 13.159468 0.000000
v -24.420671 17.551624 0.000000
v -25.758812 13.239083 0.000000
v -24.413918 17.544441 0.000000
v -25.765656 13.318554 0.000000
v -24.407282 17.537210 0.000000
v -25.774445 13.397833 0.000000
v -25.785179 13.476872 0.000000
v -24.400734 17.529898 0.000000
v -25.797852 13.555624 0.000000
v -24.394270 17.522495 0.000000
v -25.812454 13.634042 0.000000
v -24.387922 17.515045 0.000000
v -24.381615 17.507454 0.000000
v -25.828972 13.712077 0.000000
v -24.375475 17.499880 0.000000
v -25.847404 13.789683 0.000000
v -24.369387 17.492176 0.000000
v -25.867733 13.866815 0.000000
v -24.363371 17.484367 0.000000
v -25.889950 13.943423 0.000000
v -24.357483 17.476530 0.000000
v -25.914040 14.019464 0.000000
v -24.351648 17.468561 0.000000
v -25.939987 14.094891 0.000000
v -24.345993 17.460636 0.000000
v -25.967777 14.169657 0.000000
v -24.340374 17.452551 0.000000
v -25.997395 14.243719 0.000000
v -26.028824 14.317033 0.000000
v -24.334850 17.444395 0.000000
v -24.329473 17.436239 0.000000
v -26.062038 14.389552 0.000000
v -24.324179 17.427990 0.000000
v -26.097027 14.461235 0.000000
v -24.318962 17.419638 0.000000
v -26.133762 14.532038 0.000000
v -26.172222 14.601917 0.000000
v -24.313843 17.411219 0.000000
v -24.308861 17.402788 0.000000
v -26.212387 14.670832 0.000000
v -24.303988 17.394308 0.000000
v -26.254230 14.738741 0.000000
v -24.299200 17.385733 0.000000
v -26.297729 14.805601 0.000000
v -24.294514 17.377094 0.000000
v -26.342854 14.871375 0.000000
v -24.289951 17.368431 0.000000
v -26.389580 14.936021 0.000000
v -26.437878 14.999501 0.000000
v -24.285450 17.359623 0.000000
v -24.281105 17.350859 0.000000
v -26.487720 15.061776 0.000000
v -26.539076 15.122810 0.000000
v -24.276863 17.342028 0.000000
v -24.272703 17.333096 0.000000
v -26.591915 15.182565 0.000000
v -26.646202 15.241005 0.000000
v -24.268692 17.324190 0.000000
v -26.701908 15.298095 0.000000
v -24.264772 17.315201 0.000000
v -26.758999 15.353802 0.000000
v -24.260963 17.306160 0.000000
v -24.257256 17.297050 0.000000
v -26.817438 15.408089 0.000000
v -26.877193 15.460927 0.000000
v -24.253641 17.287851 0.000000
v -24.250175 17.278698 0.000000
v -26.938227 15.512281 0.000000
v -24.246813 17.269482 0.000000
v -27.000502 15.562124 0.000000
v -27.063982 15.610422 0.000000
v -24.243572 17.260248 0.000000
v -24.240442 17.250961 0.000000
v -27.128628 15.657148 0.000000
v -24.237402 17.241566 0.000000
v -27.194401 15.702274 0.000000
v -27.261261 15.745772 0.000000
v -24.234501 17.232210 0.000000
v -24.231701 17.222775 0.000000
v -27.329170 15.787617 0.000000
v -24.229029 17.213345 0.000000
v -27.398087 15.827780 0.000000
v -24.226480 17.203907 0.000000
v -27.467964 15.866241 0.000000
v -27.538769 15.902977 0.000000
v -24.224022 17.194340 0.000000
v -27.610451 15.937963 0.000000
v -24.221706 17.184851 0.000000
v -27.682970 15.971180 0.000000
v -24.219501 17.175304 0.000000
v -24.217396 17.165651 0.000000
v -27.756283 16.002607 0.000000
v -27.830345 16.032225 0.000000
v -24.215425 17.156055 0.000000
v -27.905113 16.060017 0.000000
v -24.213566 17.146404 0.000000
v -27.980539 16.085964 0.000000
v -24.211828 17.136732 0.000000
v -28.056580 16.110054 0.000000
v -24.210217 17.127104 0.000000
v -28.133188 16.132271 0.000000
v -24.208717 17.117405 0.000000
v -28.210320 16.152599 0.000000
v -24.207333 17.107658 0.000000
v -28.287926 16.171030 0.000000
v -24.206068 17.097891 0.000000
v -28.365961 16.187550 0.000000
v -24.204926 17.088139 0.000000
v -24.203913 17.078466 0.000000
v -28.444378 16.202150 0.000000
v -24.203007 17.068651 0.000000
v -28.523130 16.214823 0.000000
v -24.202221 17.058826 0.000000
v -28.602169 16.225557 0.000000
v -24.201559 17.049032 0.000000
v -28.681450 16.234348 0.000000
v -24.201017 17.039242 0.000000
v -28.760920 16.241192 0.000000
v -28.840534 16.246084 0.000000
v -24.200598 17.029457 0.000000
v -28.920246 16.249020 0.000000
v -24.200296 17.019648 0.000000
v -29.000004 16.249998 0.000000
v -24.200117 17.009825 0.000000
v -29.079763 16.249020 0.000000
v -24.199999 -16.990934 0.000000
v -29.159473 16.246084 0.000000
v -25.009066 -17.800001 0.000000
v -29.239090 16.241192 0.000000
v -24.200117 -17.009825 0.000000
v -29.318562 16.234348 0.000000
v -24.200296 -17.019648 0.000000
v -29.397839 16.225557 0.000000
v -24.200598 -17.029457 0.000000
v -29.476879 16.214823 0.000000
v -24.201017 -17.039242 0.000000
v -29.555630 16.202150 0.000000
v -24.201559 -17.049032 0.000000
v -29.634048 16.187550 0.000000
v -24.202221 -17.058826 0.000000
v -29.712084 16.171030 0.000000
v -24.203007 -17.068651 0.000000
v -29.789690 16.152599 0.000000
v -24.203913 -17.078466 0.000000
v -24.204926 -17.088139 0.000000
v -29.866821 16.132271 0.000000
v -24.206068 -17.097891 0.000000
v -29.943430 16.110054 0.000000
v -30.019470 16.085964 0.000000
v -24.207333 -17.107658 0.000000
v -30.094898 16.060017 0.000000
v -24.208717 -17.117405 0.000000
v -30.169662 16.032225 0.000000
v -24.210217 -17.127104 0.000000
v -30.243725 16.002607 0.000000
v -24.211828 -17.136732 0.000000
v -30.317039 15.971180 0.000000
v -24.213566 -17.146404 0.000000
v -30.389559 15.937963 0.000000
v -24.215425 -17.156055 0.000000
v -30.461243 15.902977 0.000000
v -24.217396 -17.165651 0.000000
v -30.532043 15.866241 0.000000
v -24.219501 -17.175304 0.000000
v -24.221706 -17.184851 0.000000
v -30.601925 15.827780 0.000000
v -24.224022 -17.194340 0.000000
v -30.670837 15.787617 0.000000
v -24.226480 -17.203907 0.000000
v -30.738747 15.745772 0.000000
v -24.229029 -17.213345 0.000000
v -30.805607 15.702274 0.000000
v -24.231701 -17.222775 0.000000
v -30.871382 15.657148 0.000000
v -30.936028 15.610422 0.000000
v -24.234501 -17.232210 0.000000
v -24.237402 -17.241566 0.000000
v -30.999508 15.562124 0.000000
v -31.061783 15.512281 0.000000
v -24.240442 -17.250961 0.000000
v -24.243572 -17.260248 0.000000
v -31.122818 15.460927 0.000000
v -24.246813 -17.269482 0.000000
v -31.182571 15.408089 0.000000
v -31.241013 15.353802 0.000000
v -24.250175 -17.278698 0.000000
v -31.298101 15.298095 0.000000
v -24.253641 -17.287851 0.000000
v -31.353809 15.241005 0.000000
v -24.257256 -17.297050 0.000000
v -31.408096 15.182565 0.000000
v -24.260963 -17.306160 0.000000
v -31.460934 15.122810 0.000000
v -24.264772 -17.315201 0.000000
v -24.268692 -17.324190 0.000000
v -31.512287 15.061776 0.000000
v -24.272703 -17.333096 0.000000
v -31.562130 14.999501 0.000000
v -31.610428 14.936021 0.000000
v -24.276863 -17.342028 0.000000
v -31.657154 14.871375 0.000000
v -24.281105 -17.350859 0.000000
v -31.702282 14.805601 0.000000
v -24.285450 -17.359623 0.000000
v -31.745779 14.738741 0.000000
v -24.289951 -17.368431 0.000000
v -31.787622 14.670832 0.000000
v -24.294514 -17.377094 0.000000
v -31.827787 14.601917 0.000000
v -24.299200 -17.385733 0.000000
v -31.866249 14.532038 0.000000
v -24.303988 -17.394308 0.000000
v -31.902985 14.461235 0.000000
v -24.308861 -17.402788 0.000000
v -31.937969 14.389552 0.000000
v -24.313843 -17.411219 0.000000
v -31.971188 14.317033 0.000000
v -24.318962 -17.419638 0.000000
v -32.002613 14.243719 0.000000
v -24.324179 -17.427990 0.000000
v -32.032230 14.169657 0.000000
v -24.329473 -17.436239 0.000000
v -32.060024 14.094891 0.000000
v -24.334850 -17.444395 0.000000
v -24.340374 -17.452551 0.000000
v -32.085972 14.019464 0.000000
v -24.345993 -17.460636 0.000000
v -32.110062 13.943423 0.000000
v -24.351648 -17.468561 0.000000
v -32.132278 13.866815 0.000000
v -24.357483 -17.476530 0.000000
v -32.152607 13.789683 0.000000
v -24.363371 -17.484367 0.000000
v -32.171036 13.712077 0.000000
v -24.369387 -17.492176 0.000000
v -32.187557 13.634042 0.000000
v -24.375475 -17.499880 0.000000
v -32.202156 13.555624 0.000000
v -32.214828 13.476872 0.000000
v -24.381615 -17.507454 0.000000
v -32.225563 13.397833 0.000000
v -24.387922 -17.515045 0.000000
v -32.234356 13.318554 0.000000
v -24.394270 -17.522495 0.000000
v -32.241199 13.239083 0.000000
v -24.400734 -17.529898 0.000000
v -32.246090 13.159468 0.000000
v -24.407282 -17.537210 0.000000
v -32.249027 13.079757 0.000000
v -24.413918 -17.544441 0.000000
v -32.250004 12.999998 0.000000
v -24.420671 -17.551624 0.000000
v -32.249027 12.920239 0.000000
v -24.427427 -17.558636 0.000000
v -24.434355 -17.565645 0.000000
v -32.246090 12.840528 0.000000
v -32.241199 12.760913 0.000000
v -24.441364 -17.572573 0.000000
v -24.448376 -17.579329 0.000000
v -32.234356 12.681442 0.000000
v -24.455559 -17.586082 0.000000
v -32.225563 12.602163 0.000000
v -24.462790 -17.592718 0.000000
v -32.214828 12.523124 0.000000
v -24.470102 -17.599266 0.000000
v -32.202156 12.444372 0.000000
v -32.187557 12.365954 0.000000
v -24.477505 -17.605730 0.000000
v -32.171036 12.287919 0.000000
v -24.484955 -17.612078 0.000000
v -32.152607 12.210313 0.000000
v -24.492546 -17.618385 0.000000
v -32.132278 12.133182 0.000000
v -24.500145 -17.624544 0.000000
v -32.110062 12.056573 0.000000
v -24.507824 -17.630613 0.000000
v -32.085972 11.980533 0.000000
v -24.515608 -17.636612 0.000000
v -32.060024 11.905106 0.000000
v -24.523470 -17.642517 0.000000
v -32.032230 11.830339 0.000000
v -24.531414 -17.648333 0.000000
v -32.002613 11.756277 0.000000
v -24.539364 -17.654007 0.000000
v -31.971188 11.682963 0.000000
v -24.547476 -17.659645 0.000000
v -31.937969 11.610444 0.000000
v -24.555605 -17.665150 0.000000
v -31.902985 11.538761 0.000000
v -24.563761 -17.670527 0.000000
v -31.866249 11.467958 0.000000
v -24.572010 -17.675821 0.000000
v -31.827787 11.398079 0.000000
v -24.580362 -17.681038 0.000000
v -31.787622 11.329165 0.000000
v -24.588781 -17.686157 0.000000
v -31.745779 11.261255 0.000000
v -24.597212 -17.691139 0.000000
v -31.702282 11.194395 0.000000
v -24.605692 -17.696012 0.000000
v -31.657154 11.128621 0.000000
v -24.614267 -17.700800 0.000000
v -24.622906 -17.705486 0.000000
v -31.610428 11.063975 0.000000
v -24.631569 -17.710049 0.000000
v -31.562130 11.000495 0.000000
v -31.512287 10.938220 0.000000
v -24.640377 -17.714550 0.000000
v -24.649141 -17.718895 0.000000
v -31.460934 10.877186 0.000000
v -24.657972 -17.723137 0.000000
v -31.408096 10.817431 0.000000
v -24.666904 -17.727297 0.000000
v -31.353809 10.758991 0.000000
v -24.675810 -17.731308 0.000000
v -31.298101 10.701901 0.000000
v -31.241013 10.646194 0.000000
v -24.684799 -17.735228 0.000000
v -31.182571 10.591908 0.000000
v -24.693872 -17.739052 0.000000
v -31.122818 10.539069 0.000000
v -24.702950 -17.742746 0.000000
v -31.061783 10.487715 0.000000
v -24.712116 -17.746346 0.000000
v -24.721302 -17.749825 0.000000
v -30.999508 10.437872 0.000000
v -30.936028 10.389574 0.000000
v -24.730507 -17.753181 0.000000
v -30.871382 10.342848 0.000000
v -24.739754 -17.756428 0.000000
v -30.805607 10.297722 0.000000
v -24.749050 -17.759562 0.000000
v -30.738747 10.254224 0.000000
v -24.758434 -17.762598 0.000000
v -30.670837 10.212380 0.000000
v -24.767790 -17.765499 0.000000
v -30.601925 10.172215 0.000000
v -24.777225 -17.768299 0.000000
v -30.532043 10.133754 0.000000
v -24.786655 -17.770971 0.000000
v -30.461243 10.097019 0.000000
v -24.796093 -17.773520 0.000000
v -30.389559 10.062033 0.000000
v -24.805660 -17.775978 0.000000
v -30.317039 10.028816 0.000000
v -24.815149 -17.778294 0.000000
v -30.243725 9.997390 0.000000
v -24.824696 -17.780499 0.000000
v -30.169662 9.967772 0.000000
v -24.834312 -17.782597 0.000000
v -30.094898 9.939980 0.000000
v -24.843945 -17.784573 0.000000
v -30.019470 9.914032 0.000000
v -24.853634 -17.786440 0.000000
v -29.943430 9.889942 0.000000
v -24.863268 -17.788172 0.000000
v -29.866821 9.867725 0.000000
v -24.872896 -17.789783 0.000000
v -29.789690 9.847397 0.000000
v -24.882595 -17.791283 0.000000
v -29.712084 9.828966 0.000000
v -24.892342 -17.792667 0.000000
v -29.634048 9.812447 0.000000
v -24.902109 -17.793932 0.000000
v -29.555630 9.797846 0.000000
v -24.911861 -17.795074 0.000000
v -24.921534 -17.796087 0.000000
v -29.476879 9.785174 0.000000
v -24.931349 -17.796993 0.000000
v -29.397839 9.774440 0.000000
v -24.941174 -17.797779 0.000000
v -29.318562 9.765648 0.000000
v -29.239090 9.758804 0.000000
v -24.950968 -17.798441 0.000000
v -24.960758 -17.798983 0.000000
v -29.159473 9.753913 0.000000
v -29.079763 9.750977 0.000000
v -24.970543 -17.799402 0.000000
v -24.980352 -17.799704 0.000000
v -29.000004 9.749998 2.100000
v -24.990175 -17.799883 0.000000
v -28.920246 9.750977 2.100000
v -28.840534 9.753913 2.100000
v -59.800003 16.990934 0.000000
v -58.990936 17.800001 0.000000
v -28.760920 9.758804 2.100000
v -28.681450 9.765648 2.100000
v -59.799881 17.009825 0.000000
v -28.602169 9.774440 2.100000
v -59.799706 17.019648 0.000000
v -28.523130 9.785174 2.100000
v -59.799400 17.029457 0.000000
v -28.444378 9.797846 2.100000
v -59.798981 17.039242 0.000000
v -28.365961 9.812447 2.100000
v -59.798439 17.049032 0.000000
v -28.287926 9.828966 2.100000
v -59.797779 17.058826 0.000000
v -28.210320 9.847397 2.100000
v -59.796993 17.068651 0.000000
v -28.133188 9.867725 2.100000
v -59.796089 17.078466 0.000000
v -28.056580 9.889942 2.100000
v -59.795074 17.088139 0.000000
v -27.980539 9.914032 2.100000
v -59.793930 17.097891 0.000000
v -27.905113 9.939980 2.100000
v -59.792667 17.107658 0.000000
v -27.830345 9.967772 2.100000
v -59.791283 17.117405 0.000000
v -59.789783 17.127104 0.000000
v -27.756283 9.997390 2.100000
v -59.788170 17.136732 0.000000
v -27.682970 10.028816 2.100000
v -59.786434 17.146404 0.000000
v -27.610451 10.062033 2.100000
v -27.538769 10.097019 2.100000
v -59.784576 17.156055 0.000000
v -59.782604 17.165651 0.000000
v -27.467964 10.133754 2.100000
v -59.780499 17.175304 0.000000
v -27.398087 10.172215 2.100000
v -59.778294 17.184851 0.000000
v -27.329170 10.212380 2.100000
v -27.261261 10.254224 2.100000
v -59.775978 17.194340 0.000000
v -59.773521 17.203907 0.000000
v -27.194401 10.297722 2.100000
v -59.770973 17.213345 0.000000
v -27.128628 10.342848 2.100000
v -59.768299 17.222775 0.000000
v -27.063982 10.389574 2.100000
v -27.000502 10.437872 2.100000
v -59.765499 17.232210 0.000000
v -26.938227 10.487715 2.100000
v -59.762596 17.241566 0.000000
v -26.877193 10.539069 2.100000
v -59.759560 17.250961 0.000000
v -26.817438 10.591908 2.100000
v -59.756428 17.260248 0.000000
v -26.758999 10.646194 2.100000
v -59.753189 17.269482 0.000000
v -26.701908 10.701901 2.100000
v -59.749825 17.278698 0.000000
v -26.646202 10.758991 2.100000
v -59.746361 17.287851 0.000000
v -26.591915 10.817431 2.100000
v -59.742744 17.297050 0.000000
v -59.739037 17.306160 0.000000
v -26.539076 10.877186 2.100000
v -59.735229 17.315201 0.000000
v -26.487720 10.938220 2.100000
v -26.437878 11.000495 2.100000
v -59.731308 17.324190 0.000000
v -59.727295 17.333096 0.000000
v -26.389580 11.063975 2.100000
v -59.723137 17.342028 0.000000
v -26.342854 11.128621 2.100000
v -59.718895 17.350859 0.000000
v -26.297729 11.194395 2.100000
v -59.714550 17.359623 0.000000
v -26.254230 11.261255 2.100000
v -59.710049 17.368431 0.000000
v -26.212387 11.329165 2.100000
v -59.705486 17.377094 0.000000
v -26.172222 11.398079 2.100000
v -59.700798 17.385733 0.000000
v -26.133762 11.467958 2.100000
v -59.696014 17.394308 0.000000
v -26.097027 11.538761 2.100000
v -59.691139 17.402788 0.000000
v -26.062038 11.610444 2.100000
v -59.686157 17.411219 0.000000
v -26.028824 11.682963 2.100000
v -59.681038 17.419638 0.000000
v -25.997395 11.756277 2.100000
v -59.675819 17.427990 0.000000
v -25.967777 11.830339 2.100000
v -25.939987 11.905106 2.100000
v -59.670525 17.436239 0.000000
v -59.665150 17.444395 0.000000
v -25.914040 11.980533 2.100000
v -59.659626 17.452551 0.000000
v -25.889950 12.056573 2.100000
v -59.654007 17.460636 0.000000
v -25.867733 12.133182 2.100000
v -25.847404 12.210313 2.100000
v -59.648354 17.468561 0.000000
v -25.828972 12.287919 2.100000
v -59.642517 17.476530 0.000000
v -59.636627 17.484367 0.000000
v -25.812454 12.365954 2.100000
v -25.797852 12.444372 2.100000
v -59.630615 17.492176 0.000000
v -25.785179 12.523124 2.100000
v -59.624527 17.499880 0.000000
v -59.618385 17.507454 0.000000
v -25.774445 12.602163 2.100000
v -59.612076 17.515045 0.000000
v -25.765656 12.681442 2.100000
v -59.605728 17.522495 0.000000
v -25.758812 12.760913 2.100000
v -59.599266 17.529898 0.000000
v -25.753918 12.840528 2.100000
v -59.592720 17.537210 0.000000
v -25.750984 12.920239 2.100000
v -59.586082 17.544441 0.000000
v -25.750004 12.999998 2.100000
v -59.579330 17.551624 0.000000
v -25.750984 13.079757 2.100000
v -25.753918 13.159468 2.100000
v -59.572571 17.558636 0.000000
v -59.565643 17.565645 0.000000
v -25.758812 13.239083 2.100000
v -59.558636 17.572573 0.000000
v -25.765656 13.318554 2.100000
v -25.774445 13.397833 2.100000
v -59.551624 17.579329 0.000000
v -25.785179 13.476872 2.100000
v -59.544441 17.586082 0.000000
v -25.797852 13.555624 2.100000
v -59.537209 17.592718 0.000000
v -59.529900 17.599266 0.000000
v -25.812454 13.634042 2.100000
v -25.828972 13.712077 2.100000
v -59.522495 17.605730 0.000000
v -25.847404 13.789683 2.100000
v -59.515045 17.612078 0.000000
v -25.867733 13.866815 2.100000
v -59.507454 17.618385 0.000000
v -25.889950 13.943423 2.100000
v -59.499855 17.624544 0.000000
v -25.914040 14.019464 2.100000
v -59.492176 17.630613 0.000000
v -25.939987 14.094891 2.100000
v -59.484390 17.636612 0.000000
v -25.967777 14.169657 2.100000
v -59.476532 17.642517 0.000000
v -59.468586 17.648333 0.000000
v -25.997395 14.243719 2.100000
v -26.028824 14.317033 2.100000
v -59.460636 17.654007 0.000000
v -26.062038 14.389552 2.100000
v -59.452522 17.659645 0.000000
v -26.097027 14.461235 2.100000
v -59.444397 17.665150 0.000000
v -59.436241 17.670527 0.000000
v -26.133762 14.532038 2.100000
v -26.172222 14.601917 2.100000
v -59.427990 17.675821 0.000000
v -26.212387 14.670832 2.100000
v -59.419640 17.681038 0.000000
v -26.254230 14.738741 2.100000
v -59.411217 17.686157 0.000000
v -26.297729 14.805601 2.100000
v -59.402786 17.691139 0.000000
v -26.342854 14.871375 2.100000
v -59.394310 17.696012 0.000000
v -59.385735 17.700800 0.000000
v -26.389580 14.936021 2.100000
v -59.377094 17.705486 0.000000
v -26.437878 14.999501 2.100000
v -59.368431 17.710049 0.000000
v -26.487720 15.061776 2.100000
v -59.359623 17.714550 0.000000
v -26.539076 15.122810 2.100000
v -59.350861 17.718895 0.000000
v -26.591915 15.182565 2.100000
v -59.342026 17.723137 0.000000
v -26.646202 15.241005 2.100000
v -26.701908 15.298095 2.100000
v -59.333096 17.727297 0.000000
v -26.758999 15.353802 2.100000
v -59.324188 17.731308 0.000000
v -26.817438 15.408089 2.100000
v -59.315201 17.735228 0.000000
v -26.877193 15.460927 2.100000
v -59.306129 17.739052 0.000000
v -26.938227 15.512281 2.100000
v -59.297050 17.742746 0.000000
v -27.000502 15.562124 2.100000
v -59.287884 17.746346 0.000000
v -27.063982 15.610422 2.100000
v -59.278698 17.749825 0.000000
v -27.128628 15.657148 2.100000
v -59.269493 17.753181 0.000000
v -27.194401 15.702274 2.100000
v -59.260246 17.756428 0.000000
v -27.261261 15.745772 2.100000
v -59.250950 17.759562 0.000000
v -59.241566 17.762598 0.000000
v -27.329170 15.787617 2.100000
v -27.398087 15.827780 2.100000
v -59.232208 17.765499 0.000000
v -27.467964 15.866241 2.100000
v -59.222775 17.768299 0.000000
v -59.213345 17.770971 0.000000
v -27.538769 15.902977 2.100000
v -59.203907 17.773520 0.000000
v -27.610451 15.937963 2.100000
v -59.194340 17.775978 0.000000
v -27.682970 15.971180 2.100000
v -59.184853 17.778294 0.000000
v -27.756283 16.002607 2.100000
v -59.175304 17.780499 0.000000
v -27.830345 16.032225 2.100000
v -59.165688 17.782597 0.000000
v -27.905113 16.060017 2.100000
v -59.156055 17.784573 0.000000
v -27.980539 16.085964 2.100000
v -59.146366 17.786440 0.000000
v -28.056580 16.110054 2.100000
v -28.133188 16.132271 2.100000
v -59.136734 17.788172 0.000000
v -28.210320 16.152599 2.100000
v -59.127106 17.789783 0.000000
v -59.117405 17.791283 0.000000
v -28.287926 16.171030 2.100000
v -59.107658 17.792667 0.000000
v -28.365961 16.187550 2.100000
v -28.444378 16.202150 2.100000
v -59.097893 17.793932 0.000000
v -28.523130 16.214823 2.100000
v -59.088139 17.795074 0.000000
v -28.602169 16.225557 2.100000
v -59.078468 17.796087 0.000000
v -59.068649 17.796993 0.000000
v -28.681450 16.234348 2.100000
v -59.058826 17.797779 0.000000
v -28.760920 16.241192 2.100000
v -59.049034 17.798441 0.000000
v -28.840534 16.246084 2.100000
v -59.039242 17.798983 0.000000
v -28.920246 16.249020 2.100000
v -59.029457 17.799402 0.000000
v -29.000004 16.249998 2.100000
v -29.079763 16.249020 2.100000
v -59.019646 17.799704 0.000000
v -59.009827 17.799883 0.000000
v -29.159473 16.246084 2.100000
v -29.239090 16.241192 2.100000
v -58.990936 -17.800001 0.000000
v -59.800003 -16.990934 0.000000
v -29.318562 16.234348 2.100000
v -59.009827 -17.799883 0.000000
v -29.397839 16.225557 2.100000
v -29.476879 16.214823 2.100000
v -59.019646 -17.799704 0.000000
v -29.555630 16.202150 2.100000
v -59.029457 -17.799402 0.000000
v -29.634048 16.187550 2.100000
v -59.039242 -17.798983 0.000000
v -29.712084 16.171030 2.100000
v -59.049034 -17.798441 0.000000
v -29.789690 16.152599 2.100000
v -59.058826 -17.797779 0.000000
v -29.866821 16.132271 2.100000
v -59.068649 -17.796993 0.000000
v -29.943430 16.110054 2.100000
v -59.078468 -17.796087 0.000000
v -30.019470 16.085964 2.100000
v -59.088139 -17.795074 0.000000
v -30.094898 16.060017 2.100000
v -59.097893 -17.793932 0.000000
v -59.107658 -17.792667 0.000000
v -30.169662 16.032225 2.100000
v -30.243725 16.002607 2.100000
v -59.117405 -17.791283 0.000000
v -59.127106 -17.789783 0.000000
v -30.317039 15.971180 2.100000
v -59.136734 -17.788172 0.000000
v -30.389559 15.937963 2.100000
v -59.146404 -17.786434 0.000000
v -30.461243 15.902977 2.100000
v -59.156055 -17.784575 0.000000
v -30.532043 15.866241 2.100000
v -30.601925 15.827780 2.100000
v -59.165649 -17.782604 0.000000
v -30.670837 15.787617 2.100000
v -59.175304 -17.780499 0.000000
v -30.738747 15.745772 2.100000
v -59.184853 -17.778294 0.000000
v -30.805607 15.702274 2.100000
v -59.194340 -17.775978 0.000000
v -59.203907 -17.773520 0.000000
v -30.871382 15.657148 2.100000
v -59.213345 -17.770971 0.000000
v -30.936028 15.610422 2.100000
v -59.222775 -17.768299 0.000000
v -30.999508 15.562124 2.100000
v -31.061783 15.512281 2.100000
v -59.232208 -17.765499 0.000000
v -59.241566 -17.762598 0.000000
v -31.122818 15.460927 2.100000
v -59.250961 -17.759558 0.000000
v -31.182571 15.408089 2.100000
v -59.260246 -17.756428 0.000000
v -31.241013 15.353802 2.100000
v -59.269482 -17.753187 0.000000
v -31.298101 15.298095 2.100000
v -59.278698 -17.749825 0.000000
v -31.353809 15.241005 2.100000
v -31.408096 15.182565 2.100000
v -59.287849 -17.746359 0.000000
v -31.460934 15.122810 2.100000
v -59.297050 -17.742744 0.000000
v -31.512287 15.061776 2.100000
v -59.306160 -17.739037 0.000000
v -31.562130 14.999501 2.100000
v -59.315201 -17.735228 0.000000
v -31.610428 14.936021 2.100000
v -59.324188 -17.731308 0.000000
v -59.333096 -17.727297 0.000000
v -31.657154 14.871375 2.100000
v -59.342026 -17.723137 0.000000
v -31.702282 14.805601 2.100000
v -59.350861 -17.718895 0.000000
v -31.745779 14.738741 2.100000
v -59.359623 -17.714550 0.000000
v -31.787622 14.670832 2.100000
v -59.368431 -17.710049 0.000000
v -31.827787 14.601917 2.100000
v -59.377094 -17.705486 0.000000
v -31.866249 14.532038 2.100000
v -31.902985 14.461235 2.100000
v -59.385735 -17.700800 0.000000
v -59.394310 -17.696012 0.000000
v -31.937969 14.389552 2.100000
v -59.402786 -17.691139 0.000000
v -31.971188 14.317033 2.100000
v -59.411217 -17.686157 0.000000
v -32.002613 14.243719 2.100000
v -59.419640 -17.681038 0.000000
v -32.032230 14.169657 2.100000
v -59.427990 -17.675821 0.000000
v -32.060024 14.094891 2.100000
v -59.436241 -17.670527 0.000000
v -32.085972 14.019464 2.100000
v -32.110062 13.943423 2.100000
v -59.444397 -17.665150 0.000000
v -59.452553 -17.659626 0.000000
v -32.132278 13.866815 2.100000
v -59.460636 -17.654007 0.000000
v -32.152607 13.789683 2.100000
v -59.468559 -17.648352 0.000000
v -32.171036 13.712077 2.100000
v -59.476532 -17.642517 0.000000
v -32.187557 13.634042 2.100000
v -59.484367 -17.636629 0.000000
v -32.202156 13.555624 2.100000
v -32.214828 13.476872 2.100000
v -59.492176 -17.630613 0.000000
v -32.225563 13.397833 2.100000
v -59.499878 -17.624525 0.000000
v -32.234356 13.318554 2.100000
v -59.507454 -17.618385 0.000000
v -32.241199 13.239083 2.100000
v -59.515045 -17.612078 0.000000
v -32.246090 13.159468 2.100000
v -59.522495 -17.605730 0.000000
v -32.249027 13.079757 2.100000
v -59.529900 -17.599266 0.000000
v -32.250004 12.999998 2.100000
v -59.537209 -17.592718 0.000000
v -32.249027 12.920239 2.100000
v -59.544441 -17.586082 0.000000
v -32.246090 12.840528 2.100000
v -59.551624 -17.579329 0.000000
v -32.241199 12.760913 2.100000
v -59.558636 -17.572573 0.000000
v -32.234356 12.681442 2.100000
v -59.565643 -17.565645 0.000000
v -32.225563 12.602163 2.100000
v -59.572571 -17.558636 0.000000
v -32.214828 12.523124 2.100000
v -59.579330 -17.551624 0.000000
v -32.202156 12.444372 2.100000
v -59.586082 -17.544441 0.000000
v -32.187557 12.365954 2.100000
v -59.592720 -17.537210 0.000000
v -32.171036 12.287919 2.100000
v -59.599266 -17.529898 0.000000
v -32.152607 12.210313 2.100000
v -59.605728 -17.522495 0.000000
v -32.132278 12.133182 2.100000
v -59.612076 -17.515045 0.000000
v -59.618385 -17.507454 0.000000
v -32.110062 12.056573 2.100000
v -59.624542 -17.499855 0.000000
v -32.085972 11.980533 2.100000
v -59.630615 -17.492176 0.000000
v -32.060024 11.905106 2.100000
v -59.636612 -17.484392 0.000000
v -32.032230 11.830339 2.100000
v -59.642517 -17.476530 0.000000
v -32.002613 11.756277 2.100000
v -59.648331 -17.468586 0.000000
v -31.971188 11.682963 2.100000
v -59.654007 -17.460636 0.000000
v -31.937969 11.610444 2.100000
v -31.902985 11.538761 2.100000
v -59.659645 -17.452524 0.000000
v -31.866249 11.467958 2.100000
v -59.665150 -17.444395 0.000000
v -31.827787 11.398079 2.100000
v -59.670525 -17.436239 0.000000
v -31.787622 11.329165 2.100000
v -59.675819 -17.427990 0.000000
v -31.745779 11.261255 2.100000
v -59.681038 -17.419638 0.000000
v -31.702282 11.194395 2.100000
v -59.686157 -17.411219 0.000000
v -31.657154 11.128621 2.100000
v -59.691139 -17.402788 0.000000
v -31.610428 11.063975 2.100000
v -59.696014 -17.394308 0.000000
v -31.562130 11.000495 2.100000
v -59.700798 -17.385733 0.000000
v -31.512287 10.938220 2.100000
v -59.705486 -17.377094 0.000000
v -31.460934 10.877186 2.100000
v -59.710049 -17.368431 0.000000
v -31.408096 10.817431 2.100000
v -59.714550 -17.359623 0.000000
v -31.353809 10.758991 2.100000
v -59.718895 -17.350859 0.000000
v -31.298101 10.701901 2.100000
v -59.723137 -17.342028 0.000000
v -31.241013 10.646194 2.100000
v -59.727295 -17.333096 0.000000
v -31.182571 10.591908 2.100000
v -59.731308 -17.324190 0.000000
v -31.122818 10.539069 2.100000
v -59.735229 -17.315201 0.000000
v -31.061783 10.487715 2.100000
v -59.739052 -17.306128 0.000000
v -59.742744 -17.297050 0.000000
v -30.999508 10.437872 2.100000
v -59.746346 -17.287884 0.000000
v -30.936028 10.389574 2.100000
v -59.749825 -17.278698 0.000000
v -30.871382 10.342848 2.100000
v -59.753181 -17.269493 0.000000
v -30.805607 10.297722 2.100000
v -59.756428 -17.260246 0.000000
v -30.738747 10.254224 2.100000
v -59.759560 -17.250950 0.000000
v -30.670837 10.212380 2.100000
v -59.762596 -17.241566 0.000000
v -30.601925 10.172215 2.100000
v -59.765499 -17.232210 0.000000
v -30.532043 10.133754 2.100000
v -59.768299 -17.222775 0.000000
v -30.461243 10.097019 2.100000
v -30.389559 10.062033 2.100000
v -59.770973 -17.213345 0.000000
v -59.773521 -17.203907 0.000000
v -30.317039 10.028816 2.100000
v -59.775978 -17.194340 0.000000
v -30.243725 9.997390 2.100000
v -59.778294 -17.184851 0.000000
v -30.169662 9.967772 2.100000
v -59.780499 -17.175304 0.000000
v -30.094898 9.939980 2.100000
v -59.782597 -17.165688 0.000000
v -30.019470 9.914032 2.100000
v -59.784573 -17.156055 0.000000
v -29.943430 9.889942 2.100000
v -29.866821 9.867725 2.100000
v -59.786438 -17.146366 0.000000
v -59.788170 -17.136732 0.000000
v -29.789690 9.847397 2.100000
v -29.712084 9.828966 2.100000
v -59.789783 -17.127104 0.000000
v -29.634048 9.812447 2.100000
v -59.791283 -17.117405 0.000000
v -59.792667 -17.107658 0.000000
v -29.555630 9.797846 2.100000
v -59.793930 -17.097891 0.000000
v -29.476879 9.785174 2.100000
v -59.795074 -17.088139 0.000000
v -29.397839 9.774440 2.100000
v -29.318562 9.765648 2.100000
v -59.796089 -17.078466 0.000000
v -29.239090 9.758804 2.100000
v -59.796993 -17.068651 0.000000
v -59.797779 -17.058826 0.000000
v -29.159473 9.753913 2.100000
v -59.798439 -17.049032 0.000000
v -29.079763 9.750977 2.100000
v -59.798981 -17.039242 0.000000
v -59.799400 -17.029457 0.000000
v -59.799706 -17.019648 0.000000
v -59.799881 -17.009825 0.000000
v -24.953981 20.749718 4.750000
v -25.000000 20.750000 4.750000
v -24.907970 20.748871 4.750000
v -24.861973 20.747459 4.750000
v -24.815996 20.745483 4.750000
v -24.770048 20.742943 4.750000
v -24.724133 20.739840 4.750000
v -24.678261 20.736172 4.750000
v -24.632435 20.731943 4.750000
v -24.586666 20.727152 4.750000
v -24.540960 20.721798 4.750000
v -24.495323 20.715885 4.750000
v -24.449760 20.709412 4.750000
v -24.404282 20.702381 4.750000
v -24.358892 20.694792 4.750000
v -24.313601 20.686646 4.750000
v -24.268412 20.677944 4.750000
v -24.223331 20.668690 4.750000
v -24.178370 20.658882 4.750000
v -24.133532 20.648525 4.750000
v -24.088825 20.637617 4.750000
v -24.044254 20.626162 4.750000
v -23.999826 20.614161 4.750000
v -23.955551 20.601614 4.750000
v -23.911432 20.588526 4.750000
v -23.867477 20.574898 4.750000
v -23.823694 20.560730 4.750000
v -23.780087 20.546028 4.750000
v -23.736664 20.530790 4.750000
v -23.693430 20.515022 4.750000
v -23.650394 20.498722 4.750000
v -23.607561 20.481897 4.750000
v -23.564938 20.464548 4.750000
v -23.522530 20.446676 4.750000
v -23.480345 20.428288 4.750000
v -23.438389 20.409380 4.750000
v -23.396667 20.389959 4.750000
v -23.355188 20.370029 4.750000
v -23.313957 20.349590 4.750000
v -23.272980 20.328648 4.750000
v -23.232262 20.307205 4.750000
v -23.191811 20.285263 4.750000
v -23.151632 20.262827 4.750000
v -23.111731 20.239899 4.750000
v -23.072115 20.216482 4.750000
v -23.032789 20.192581 4.750000
v -22.993759 20.168201 4.750000
v -22.955032 20.143343 4.750000
v -22.916611 20.118011 4.750000
v -22.878506 20.092209 4.750000
v -22.840719 20.065943 4.750000
v -22.803259 20.039215 4.750000
v -22.766129 20.012028 4.750000
v -22.729334 19.984388 4.750000
v -22.692883 19.956299 4.750000
v -22.656776 19.927765 4.750000
v -22.621025 19.898788 4.750000
v -22.585632 19.869377 4.750000
v -22.550602 19.839533 4.750000
v -22.515942 19.809261 4.750000
v -22.481653 19.778566 4.750000
v -22.447746 19.747454 4.750000
v -22.414223 19.715927 4.750000
v -22.381088 19.683990 4.750000
v -22.348351 19.651649 4.750000
v -22.316010 19.618912 4.750000
v -22.284073 19.585777 4.750000
v -22.252546 19.552254 4.750000
v -22.221434 19.518347 4.750000
v -22.190739 19.484058 4.750000
v -22.160467 19.449398 4.750000
v -22.130623 19.414368 4.750000
v -22.101212 19.378975 4.750000
v -22.072235 19.343224 4.750000
v -22.043701 19.307117 4.750000
v -22.015612 19.270666 4.750000
v -21.987972 19.233871 4.750000
v -21.960785 19.196741 4.750000
v -21.934057 19.159281 4.750000
v -21.907791 19.121494 4.750000
v -21.881989 19.083389 4.750000
v -21.856657 19.044968 4.750000
v -21.831799 19.006241 4.750000
v -21.807419 18.967211 4.750000
v -21.783518 18.927885 4.750000
v -21.760101 18.888269 4.750000
v -21.737173 18.848368 4.750000
v -21.714737 18.808189 4.750000
v -21.692795 18.767738 4.750000
v -21.671352 18.727020 4.750000
v -21.650410 18.686043 4.750000
v -21.629971 18.644812 4.750000
v -21.610041 18.603333 4.750000
v -21.590620 18.561611 4.750000
v -21.571712 18.519655 4.750000
v -21.553324 18.477470 4.750000
v -21.535452 18.435062 4.750000
v -21.518103 18.392439 4.750000
v -21.501278 18.349606 4.750000
v -21.484978 18.306570 4.750000
v -21.469210 18.263336 4.750000
v -21.453972 18.219913 4.750000
v -21.439270 18.176306 4.750000
v -21.425102 18.132523 4.750000
v -21.411474 18.088568 4.750000
v -21.398386 18.044449 4.750000
v -21.385839 18.000174 4.750000
v -21.373838 17.955746 4.750000
v -21.362383 17.911175 4.750000
v -21.351475 17.866468 4.750000
v -21.341118 17.821630 4.750000
v -21.331310 17.776669 4.750000
v -21.322056 17.731588 4.750000
v -21.313354 17.686399 4.750000
v -21.305208 17.641108 4.750000
v -21.297619 17.595718 4.750000
v -21.290588 17.550240 4.750000
v -21.284115 17.504677 4.750000
v -21.278202 17.459040 4.750000
v -21.272848 17.413334 4.750000
v -21.268057 17.367565 4.750000
v -21.263828 17.321739 4.750000
v -21.260160 17.275867 4.750000
v -21.257057 17.229952 4.750000
v -21.254517 17.184004 4.750000
v -21.252541 17.138027 4.750000
v -21.251129 17.092030 4.750000
v -21.250282 17.046019 4.750000
v -21.250000 17.000000 4.750000
v -25.000000 -20.750000 4.750000
v -24.953981 -20.749718 4.750000
v -24.907970 -20.748871 4.750000
v -24.861973 -20.747459 4.750000
v -24.815996 -20.745483 4.750000
v -24.770048 -20.742943 4.750000
v -24.724133 -20.739840 4.750000
v -24.678261 -20.736172 4.750000
v -24.632435 -20.731943 4.750000
v -24.586666 -20.727152 4.750000
v -24.540960 -20.721798 4.750000
v -24.495323 -20.715885 4.750000
v -24.449760 -20.709412 4.750000
v -24.404282 -20.702381 4.750000
v -24.358892 -20.694792 4.750000
v -24.313601 -20.686646 4.750000
v -24.268412 -20.677944 4.750000
v -24.223331 -20.668690 4.750000
v -24.178370 -20.658882 4.750000
v -24.133532 -20.648525 4.750000
v -24.088825 -20.637617 4.750000
v -24.044254 -20.626162 4.750000
v -23.999826 -20.614161 4.750000
v -23.955551 -20.601614 4.750000
v -23.911432 -20.588526 4.750000
v -23.867477 -20.574898 4.750000
v -23.823694 -20.560730 4.750000
v -23.780087 -20.546028 4.750000
v -23.736664 -20.530790 4.750000
v -23.693430 -20.515022 4.750000
v -23.650394 -20.498722 4.750000
v -23.607561 -20.481897 4.750000
v -23.564938 -20.464548 4.750000
v -23.522530 -20.446676 4.750000
v -23.480345 -20.428288 4.750000
v -23.438389 -20.409380 4.750000
v -23.396667 -20.389959 4.750000
v -23.355188 -20.370029 4.750000
v -23.313957 -20.349590 4.750000
v -23.272980 -20.328648 4.750000
v -23.232262 -20.307205 4.750000
v -23.191811 -20.285263 4.750000
v -23.151632 -20.262827 4.750000
v -23.111731 -20.239899 4.750000
v -23.072115 -20.216482 4.750000
v -23.032789 -20.192581 4.750000
v -22.993759 -20.168201 4.750000
v -22.955032 -20.143343 4.750000
v -22.916611 -20.118011 4.750000
v -22.878506 -20.092209 4.750000
v -22.840719 -20.065943 4.750000
v -22.803259 -20.039215 4.750000
v -22.766129 -20.012028 4.750000
v -22.729334 -19.984388 4.750000
v -22.692883 -19.956299 4.750000
v -22.656776 -19.927765 4.750000
v -22.621025 -19.898788 4.750000
v -22.585632 -19.869377 4.750000
v -22.550602 -19.839533 4.750000
v -22.515942 -19.809261 4.750000
v -22.481653 -19.778566 4.750000
v -22.447746 -19.747454 4.750000
v -22.414223 -19.715927 4.750000
v -22.381088 -19.683990 4.750000
v -22.348351 -19.651649 4.750000
v -22.316010 -19.618912 4.750000
v -22.284073 -19.585777 4.750000
v -22.252546 -19.552254 4.750000
v -22.221434 -19.518347 4.750000
v -22.190739 -19.484058 4.750000
v -22.160467 -19.449398 4.750000
v -22.130623 -19.414368 4.750000
v -22.101212 -19.378975 4.750000
v -22.072235 -19.343224 4.750000
v -22.043701 -19.307117 4.750000
v -22.015612 -19.270666 4.750000
v -21.987972 -19.233871 4.750000
v -21.960785 -19.196741 4.750000
v -21.934057 -19.159281 4.750000
v -21.907791 -19.121494 4.750000
v -21.881989 -19.083389 4.750000
v -21.856657 -19.044968 4.750000
v -21.831799 -19.006241 4.750000
v -21.807419 -18.967211 4.750000
v -21.783518 -18.927885 4.750000
v -21.760101 -18.888269 4.750000
v -21.737173 -18.848368 4.750000
v -21.714737 -18.808189 4.750000
v -21.692795 -18.767738 4.750000
v -21.671352 -18.727020 4.750000
v -21.650410 -18.686043 4.750000
v -21.629971 -18.644812 4.750000
v -21.610041 -18.603333 4.750000
v -21.590620 -18.561611 4.750000
v -21.571712 -18.519655 4.750000
v -21.553324 -18.477470 4.750000
v -21.535452 -18.435062 4.750000
v -21.518103 -18.392439 4.750000
v -21.501278 -18.349606 4.750000
v -21.484978 -18.306570 4.750000
v -21.469210 -18.263336 4.750000
v -21.453972 -18.219913 4.750000
v -21.439270 -18.176306 4.750000
v -21.425102 -18.132523 4.750000
v -21.411474 -18.088568 4.750000
v -21.398386 -18.044449 4.750000
v -21.385839 -18.000174 4.750000
v -21.373838 -17.955746 4.750000
v -21.362383 -17.911175 4.750000
v -21.351475 -17.866468 4.750000
v -21.341118 -17.821630 4.750000
v -21.331310 -17.776669 4.750000
v -21.322056 -17.731588 4.750000
v -21.313354 -17.686399 4.750000
v -21.305208 -17.641108 4.750000
v -21.297619 -17.595718 4.750000
v -21.290588 -17.550240 4.750000
v -21.284115 -17.504677 4.750000
v -21.278202 -17.459040 4.750000
v -21.272848 -17.413334 4.750000
v -21.268057 -17.367565 4.750000
v -21.263828 -17.321739 4.750000
v -21.260160 -17.275867 4.750000
v -21.257057 -17.229952 4.750000
v -55.000000 9.749990 0.000000
v -54.920242 9.750969 0.000000
v -21.254517 -17.184004 4.750000
v -54.840530 9.753905 0.000000
v -21.252541 -17.138027 4.750000
v -54.760914 9.758797 0.000000
v -21.251129 -17.092030 4.750000
v -54.681446 9.765640 0.000000
v -21.250282 -17.046019 4.750000
v -54.602165 9.774432 0.000000
v -21.250000 -17.000000 4.750000
v -54.523125 9.785167 0.000000
v -62.750000 -17.000000 4.750000
v -54.444374 9.797838 0.000000
v -62.749718 -17.046019 4.750000
v -62.748871 -17.092030 4.750000
v -54.365955 9.812439 0.000000
v -54.287922 9.828959 0.000000
v -62.747459 -17.138027 4.750000
v -54.210316 9.847389 0.000000
v -62.745483 -17.184004 4.750000
v -54.133183 9.867718 0.000000
v -62.742943 -17.229952 4.750000
v -54.056576 9.889935 0.000000
v -62.739838 -17.275867 4.750000
v -53.980534 9.914024 0.000000
v -62.736172 -17.321739 4.750000
v -53.905109 9.939972 0.000000
v -62.731941 -17.367565 4.750000
v -53.830341 9.967764 0.000000
v -62.727150 -17.413334 4.750000
v -53.756279 9.997382 0.000000
v -62.721798 -17.459040 4.750000
v -53.682964 10.028809 0.000000
v -62.715885 -17.504677 4.750000
v -53.610447 10.062025 0.000000
v -62.709412 -17.550240 4.750000
v -62.702381 -17.595718 4.750000
v -53.538765 10.097012 0.000000
v -62.694794 -17.641108 4.750000
v -53.467960 10.133746 0.000000
v -53.398083 10.172208 0.000000
v -62.686646 -17.686399 4.750000
v -62.677944 -17.731588 4.750000
v -53.329166 10.212373 0.000000
v -62.668690 -17.776669 4.750000
v -53.261257 10.254216 0.000000
v -62.658882 -17.821630 4.750000
v -53.194397 10.297714 0.000000
v -62.648525 -17.866468 4.750000
v -53.128624 10.342840 0.000000
v -62.637619 -17.911175 4.750000
v -53.063976 10.389566 0.000000
v -62.626160 -17.955746 4.750000
v -53.000496 10.437864 0.000000
v -62.614159 -18.000174 4.750000
v -52.938221 10.487707 0.000000
v -62.601616 -18.044449 4.750000
v -52.877190 10.539062 0.000000
v -62.588524 -18.088568 4.750000
v -52.817432 10.591900 0.000000
v -62.574898 -18.132523 4.750000
v -52.758995 10.646187 0.000000
v -62.560730 -18.176306 4.750000
v -52.701904 10.701894 0.000000
v -62.546028 -18.219913 4.750000
v -52.646198 10.758984 0.000000
v -62.530792 -18.263336 4.750000
v -52.591911 10.817424 0.000000
v -62.515022 -18.306570 4.750000
v -52.539070 10.877178 0.000000
v -62.498722 -18.349606 4.750000
v -52.487717 10.938212 0.000000
v -62.481895 -18.392439 4.750000
v -52.437874 11.000487 0.000000
v -62.464546 -18.435062 4.750000
v -52.389576 11.063968 0.000000
v -62.446678 -18.477470 4.750000
v -52.342850 11.128613 0.000000
v -62.428288 -18.519655 4.750000
v -52.297726 11.194387 0.000000
v -62.409378 -18.561611 4.750000
v -52.254227 11.261248 0.000000
v -62.389961 -18.603333 4.750000
v -52.212383 11.329157 0.000000
v -62.370029 -18.644812 4.750000
v -52.172218 11.398071 0.000000
v -62.349590 -18.686043 4.750000
v -52.133759 11.467951 0.000000
v -52.097023 11.538754 0.000000
v -62.328648 -18.727020 4.750000
v -52.062035 11.610436 0.000000
v -62.307205 -18.767738 4.750000
v -52.028820 11.682956 0.000000
v -62.285263 -18.808189 4.750000
v -62.262825 -18.848368 4.750000
v -51.997391 11.756269 0.000000
v -62.239899 -18.888269 4.750000
v -51.967773 11.830332 0.000000
v -62.216484 -18.927885 4.750000
v -51.939983 11.905098 0.000000
v -62.192581 -18.967211 4.750000
v -51.914036 11.980525 0.000000
v -62.168201 -19.006241 4.750000
v -51.889946 12.056565 0.000000
v -62.143341 -19.044968 4.750000
v -51.867729 12.133174 0.000000
v -62.118011 -19.083389 4.750000
v -51.847401 12.210305 0.000000
v -62.092209 -19.121494 4.750000
v -51.828968 12.287911 0.000000
v -62.065941 -19.159281 4.750000
v -51.812450 12.365947 0.000000
v -62.039215 -19.196741 4.750000
v -51.797848 12.444365 0.000000
v -62.012028 -19.233871 4.750000
v -51.785175 12.523116 0.000000
v -61.984390 -19.270666 4.750000
v -51.774441 12.602156 0.000000
v -61.956299 -19.307117 4.750000
v -51.765652 12.681435 0.000000
v -61.927765 -19.343224 4.750000
v -51.758808 12.760905 0.000000
v -61.898788 -19.378975 4.750000
v -51.753914 12.840521 0.000000
v -61.869377 -19.414368 4.750000
v -51.750980 12.920232 0.000000
v -61.839531 -19.449398 4.750000
v -51.750000 12.999990 0.000000
v -51.750980 13.079749 0.000000
v -61.809261 -19.484058 4.750000
v -51.753914 13.159460 0.000000
v -61.778564 -19.518347 4.750000
v -61.747452 -19.552254 4.750000
v -51.758808 13.239076 0.000000
v -51.765652 13.318546 0.000000
v -61.715927 -19.585777 4.750000
v -51.774441 13.397825 0.000000
v -61.683990 -19.618912 4.750000
v -51.785175 13.476865 0.000000
v -61.651649 -19.651649 4.750000
v -51.797848 13.555616 0.000000
v -61.618912 -19.683990 4.750000
v -51.812450 13.634034 0.000000
v -61.585777 -19.715927 4.750000
v -61.552254 -19.747454 4.750000
v -51.828968 13.712070 0.000000
v -51.847401 13.789676 0.000000
v -61.518349 -19.778566 4.750000
v -51.867729 13.866807 0.000000
v -61.484058 -19.809261 4.750000
v -51.889946 13.943416 0.000000
v -61.449398 -19.839533 4.750000
v -51.914036 14.019456 0.000000
v -61.414368 -19.869377 4.750000
v -61.378975 -19.898788 4.750000
v -51.939983 14.094883 0.000000
v -61.343224 -19.927765 4.750000
v -51.967773 14.169649 0.000000
v -61.307117 -19.956299 4.750000
v -51.997391 14.243711 0.000000
v -61.270668 -19.984388 4.750000
v -52.028820 14.317025 0.000000
v -61.233871 -20.012028 4.750000
v -52.062035 14.389544 0.000000
v -61.196739 -20.039215 4.750000
v -52.097023 14.461227 0.000000
v -52.133759 14.532030 0.000000
v -61.159279 -20.065943 4.750000
v -61.121494 -20.092209 4.750000
v -52.172218 14.601910 0.000000
v -61.083389 -20.118011 4.750000
v -52.212383 14.670824 0.000000
v -61.044968 -20.143343 4.750000
v -52.254227 14.738733 0.000000
v -61.006241 -20.168201 4.750000
v -52.297726 14.805593 0.000000
v -52.342850 14.871367 0.000000
v -60.967209 -20.192581 4.750000
v -60.927887 -20.216482 4.750000
v -52.389576 14.936013 0.000000
v -52.437874 14.999494 0.000000
v -60.888268 -20.239899 4.750000
v -52.487717 15.061769 0.000000
v -60.848366 -20.262827 4.750000
v -60.808189 -20.285263 4.750000
v -52.539070 15.122803 0.000000
v -52.591911 15.182557 0.000000
v -60.767738 -20.307205 4.750000
v -60.727020 -20.328648 4.750000
v -52.646198 15.240997 0.000000
v -60.686043 -20.349590 4.750000
v -52.701904 15.298087 0.000000
v -60.644814 -20.370029 4.750000
v -52.758995 15.353794 0.000000
v -60.603333 -20.389959 4.750000
v -52.817432 15.408081 0.000000
v -60.561611 -20.409380 4.750000
v -52.877190 15.460919 0.000000
v -60.519653 -20.428288 4.750000
v -52.938221 15.512274 0.000000
v -60.477470 -20.446676 4.750000
v -53.000496 15.562117 0.000000
v -60.435062 -20.464548 4.750000
v -53.063976 15.610415 0.000000
v -60.392441 -20.481897 4.750000
v -53.128624 15.657141 0.000000
v -60.349606 -20.498722 4.750000
v -53.194397 15.702267 0.000000
v -60.306572 -20.515022 4.750000
v -53.261257 15.745765 0.000000
v -60.263336 -20.530790 4.750000
v -53.329166 15.787609 0.000000
v -53.398083 15.827772 0.000000
v -60.219913 -20.546028 4.750000
v -53.467960 15.866234 0.000000
v -60.176308 -20.560730 4.750000
v -60.132523 -20.574898 4.750000
v -53.538765 15.902969 0.000000
v -60.088570 -20.588526 4.750000
v -53.610447 15.937956 0.000000
v -53.682964 15.971172 0.000000
v -60.044449 -20.601614 4.750000
v -53.756279 16.002600 0.000000
v -60.000175 -20.614161 4.750000
v -53.830341 16.032217 0.000000
v -59.955746 -20.626162 4.750000
v -53.905109 16.060009 0.000000
v -59.911175 -20.637617 4.750000
v -53.980534 16.085957 0.000000
v -59.866470 -20.648525 4.750000
v -54.056576 16.110046 0.000000
v -59.821632 -20.658882 4.750000
v -59.776669 -20.668690 4.750000
v -54.133183 16.132263 0.000000
v -54.210316 16.152592 0.000000
v -59.731590 -20.677944 4.750000
v -54.287922 16.171022 0.000000
v -59.686401 -20.686646 4.750000
v -54.365955 16.187542 0.000000
v -59.641106 -20.694792 4.750000
v -54.444374 16.202143 0.000000
v -59.595718 -20.702381 4.750000
v -59.550240 -20.709412 4.750000
v -54.523125 16.214815 0.000000
v -59.504677 -20.715885 4.750000
v -54.602165 16.225550 0.000000
v -59.459038 -20.721798 4.750000
v -54.681446 16.234341 0.000000
v -54.760914 16.241184 0.000000
v -59.413334 -20.727152 4.750000
v -59.367565 -20.731943 4.750000
v -54.840530 16.246077 0.000000
v -59.321739 -20.736172 4.750000
v -54.920242 16.249012 0.000000
v -59.275867 -20.739840 4.750000
v -55.000000 16.249990 0.000000
v -55.079758 16.249012 0.000000
v -59.229950 -20.742943 4.750000
v -55.159470 16.246077 0.000000
v -59.184006 -20.745483 4.750000
v -59.138027 -20.747459 4.750000
v -55.239086 16.241184 0.000000
v -59.092030 -20.748871 4.750000
v -55.318558 16.234341 0.000000
v -55.397835 16.225550 0.000000
v -59.046021 -20.749718 4.750000
v -59.000000 -20.750000 4.750000
v -55.476875 16.214815 0.000000
v -59.000000 20.750000 4.750000
v -55.555626 16.202143 0.000000
v -55.634045 16.187542 0.000000
v -59.046021 20.749718 4.750000
v -59.092030 20.748871 4.750000
v -55.712078 16.171022 0.000000
v -55.789684 16.152592 0.000000
v -59.138027 20.747459 4.750000
v -59.184006 20.745483 4.750000
v -55.866817 16.132263 0.000000
v -59.229950 20.742943 4.750000
v -55.943424 16.110046 0.000000
v -59.275867 20.739840 4.750000
v -56.019466 16.085957 0.000000
v -56.094894 16.060009 0.000000
v -59.321739 20.736172 4.750000
v -56.169659 16.032217 0.000000
v -59.367565 20.731943 4.750000
v -56.243721 16.002600 0.000000
v -59.413334 20.727152 4.750000
v -56.317036 15.971172 0.000000
v -59.459038 20.721798 4.750000
v -56.389553 15.937956 0.000000
v -59.504677 20.715885 4.750000
v -59.550240 20.709412 4.750000
v -56.461239 15.902969 0.000000
v -56.532040 15.866234 0.000000
v -59.595718 20.702381 4.750000
v -59.641106 20.694792 4.750000
v -56.601921 15.827772 0.000000
v -59.686401 20.686646 4.750000
v -56.670834 15.787609 0.000000
v -59.731590 20.677944 4.750000
v -56.738743 15.745765 0.000000
v -59.776669 20.668690 4.750000
v -56.805603 15.702267 0.000000
v -56.871376 15.657141 0.000000
v -59.821632 20.658882 4.750000
v -56.936024 15.610415 0.000000
v -59.866470 20.648525 4.750000
v -56.999504 15.562117 0.000000
v -59.911175 20.637617 4.750000
v -59.955746 20.626162 4.750000
v -57.061779 15.512274 0.000000
v -57.122814 15.460919 0.000000
v -60.000175 20.614161 4.750000
v -57.182568 15.408081 0.000000
v -60.044449 20.601614 4.750000
v -57.241009 15.353794 0.000000
v -60.088570 20.588526 4.750000
v -57.298096 15.298087 0.000000
v -60.132523 20.574898 4.750000
v -57.353806 15.240997 0.000000
v -60.176308 20.560730 4.750000
v -57.408092 15.182557 0.000000
v -60.219913 20.546028 4.750000
v -60.263336 20.530790 4.750000
v -57.460930 15.122803 0.000000
v -57.512283 15.061769 0.000000
v -60.306572 20.515022 4.750000
v -57.562126 14.999494 0.000000
v -60.349606 20.498722 4.750000
v -57.610424 14.936013 0.000000
v -60.392441 20.481897 4.750000
v -57.657150 14.871367 0.000000
v -60.435062 20.464548 4.750000
v -57.702278 14.805593 0.000000
v -60.477470 20.446676 4.750000
v -57.745773 14.738733 0.000000
v -60.519653 20.428288 4.750000
v -57.787617 14.670824 0.000000
v -60.561611 20.409380 4.750000
v -57.827782 14.601910 0.000000
v -60.603333 20.389959 4.750000
v -57.866245 14.532030 0.000000
v -60.644814 20.370029 4.750000
v -57.902981 14.461227 0.000000
v -60.686043 20.349590 4.750000
v -57.937965 14.389544 0.000000
v -60.727020 20.328648 4.750000
v -57.971184 14.317025 0.000000
v -60.767738 20.307205 4.750000
v -60.808189 20.285263 4.750000
v -58.002609 14.243711 0.000000
v -60.848366 20.262827 4.750000
v -58.032227 14.169649 0.000000
v -60.888268 20.239899 4.750000
v -58.060020 14.094883 0.000000
v -60.927887 20.216482 4.750000
v -58.085968 14.019456 0.000000
v -60.967209 20.192581 4.750000
v -58.110058 13.943416 0.000000
v -61.006241 20.168201 4.750000
v -58.132275 13.866807 0.000000
v -61.044968 20.143343 4.750000
v -58.152603 13.789676 0.000000
v -58.171032 13.712070 0.000000
v -61.083389 20.118011 4.750000
v -58.187553 13.634034 0.000000
v -61.121494 20.092209 4.750000
v -58.202152 13.555616 0.000000
v -61.159279 20.065943 4.750000
v -58.214825 13.476865 0.000000
v -61.196739 20.039215 4.750000
v -58.225559 13.397825 0.000000
v -61.233871 20.012028 4.750000
v -58.234352 13.318546 0.000000
v -61.270668 19.984388 4.750000
v -58.241196 13.239076 0.000000
v -61.307117 19.956299 4.750000
v -58.246086 13.159460 0.000000
v -61.343224 19.927765 4.750000
v -58.249023 13.079749 0.000000
v -61.378975 19.898788 4.750000
v -58.250000 12.999990 0.000000
v -61.414368 19.869377 4.750000
v -61.449398 19.839533 4.750000
v -58.249023 12.920232 0.000000
v -58.246086 12.840521 0.000000
v -61.484058 19.809261 4.750000
v -58.241196 12.760905 0.000000
v -61.518349 19.778566 4.750000
v -58.234352 12.681435 0.000000
v -61.552254 19.747454 4.750000
v -58.225559 12.602156 0.000000
v -61.585777 19.715927 4.750000
v -58.214825 12.523116 0.000000
v -61.618912 19.683990 4.750000
v -58.202152 12.444365 0.000000
v -61.651649 19.651649 4.750000
v -58.187553 12.365947 0.000000
v -61.683990 19.618912 4.750000
v -58.171032 12.287911 0.000000
v -61.715927 19.585777 4.750000
v -58.152603 12.210305 0.000000
v -61.747452 19.552254 4.750000
v -58.132275 12.133174 0.000000
v -61.778564 19.518347 4.750000
v -58.110058 12.056565 0.000000
v -61.809261 19.484058 4.750000
v -58.085968 11.980525 0.000000
v -61.839531 19.449398 4.750000
v -58.060020 11.905098 0.000000
v -61.869377 19.414368 4.750000
v -61.898788 19.378975 4.750000
v -58.032227 11.830332 0.000000
v -58.002609 11.756269 0.000000
v -61.927765 19.343224 4.750000
v -57.971184 11.682956 0.000000
v -61.956299 19.307117 4.750000
v -57.937965 11.610436 0.000000
v -61.984390 19.270666 4.750000
v -57.902981 11.538754 0.000000
v -62.012028 19.233871 4.750000
v -57.866245 11.467951 0.000000
v -62.039215 19.196741 4.750000
v -57.827782 11.398071 0.000000
v -62.065941 19.159281 4.750000
v -57.787617 11.329157 0.000000
v -62.092209 19.121494 4.750000
v -57.745773 11.261248 0.000000
v -62.118011 19.083389 4.750000
v -57.702278 11.194387 0.000000
v -62.143341 19.044968 4.750000
v -57.657150 11.128613 0.000000
v -62.168201 19.006241 4.750000
v -62.192581 18.967211 4.750000
v -57.610424 11.063968 0.000000
v -62.216484 18.927885 4.750000
v -57.562126 11.000487 0.000000
v -62.239899 18.888269 4.750000
v -57.512283 10.938212 0.000000
v -57.460930 10.877178 0.000000
v -62.262825 18.848368 4.750000
v -62.285263 18.808189 4.750000
v -57.408092 10.817424 0.000000
v -57.353806 10.758984 0.000000
v -62.307205 18.767738 4.750000
v -57.298096 10.701894 0.000000
v -62.328648 18.727020 4.750000
v -62.349590 18.686043 4.750000
v -57.241009 10.646187 0.000000
v -62.370029 18.644812 4.750000
v -57.182568 10.591900 0.000000
v -62.389961 18.603333 4.750000
v -57.122814 10.539062 0.000000
v -62.409378 18.561611 4.750000
v -57.061779 10.487707 0.000000
v -62.428288 18.519655 4.750000
v -56.999504 10.437864 0.000000
v -62.446678 18.477470 4.750000
v -56.936024 10.389566 0.000000
v -62.464546 18.435062 4.750000
v -56.871376 10.342840 0.000000
v -62.481895 18.392439 4.750000
v -56.805603 10.297714 0.000000
v -62.498722 18.349606 4.750000
v -56.738743 10.254216 0.000000
v -56.670834 10.212373 0.000000
v -62.515022 18.306570 4.750000
v -56.601921 10.172208 0.000000
v -62.530792 18.263336 4.750000
v -56.532040 10.133746 0.000000
v -62.546028 18.219913 4.750000
v -56.461239 10.097012 0.000000
v -62.560730 18.176306 4.750000
v -56.389553 10.062025 0.000000
v -62.574898 18.132523 4.750000
v -56.317036 10.028809 0.000000
v -62.588524 18.088568 4.750000
v -56.243721 9.997382 0.000000
v -62.601616 18.044449 4.750000
v -62.614159 18.000174 4.750000
v -56.169659 9.967764 0.000000
v -62.626160 17.955746 4.750000
v -56.094894 9.939972 0.000000
v -62.637619 17.911175 4.750000
v -56.019466 9.914024 0.000000
v -55.943424 9.889935 0.000000
v -62.648525 17.866468 4.750000
v -55.866817 9.867718 0.000000
v -62.658882 17.821630 4.750000
v -62.668690 17.776669 4.750000
v -55.789684 9.847389 0.000000
v -55.712078 9.828959 0.000000
v -62.677944 17.731588 4.750000
v -55.634045 9.812439 0.000000
v -62.686646 17.686399 4.750000
v -55.555626 9.797838 0.000000
v -62.694794 17.641108 4.750000
v -55.476875 9.785167 0.000000
v -62.702381 17.595718 4.750000
v -55.397835 9.774432 0.000000
v -62.709412 17.550240 4.750000
v -62.715885 17.504677 4.750000
v -55.318558 9.765640 0.000000
v -62.721798 17.459040 4.750000
v -55.239086 9.758797 0.000000
v -62.727150 17.413334 4.750000
v -55.159470 9.753905 0.000000
v -62.731941 17.367565 4.750000
v -55.079758 9.750969 0.000000
v -55.000000 9.749990 2.100000
v -62.736172 17.321739 4.750000
v -54.920242 9.750969 2.100000
v -62.739838 17.275867 4.750000
v -54.840530 9.753905 2.100000
v -62.742943 17.229952 4.750000
v -54.760914 9.758797 2.100000
v -62.745483 17.184004 4.750000
v -54.681446 9.765640 2.100000
v -62.747459 17.138027 4.750000
v -54.602165 9.774432 2.100000
v -62.748871 17.092030 4.750000
v -62.749718 17.046019 4.750000
v -54.523125 9.785167 2.100000
v -54.444374 9.797838 2.100000
v -62.750000 17.000000 4.750000
v -54.365955 9.812439 2.100000
v -24.980360 18.599838 2.600000
v -25.006594 18.600000 2.600000
v -54.287922 9.828959 2.100000
v -54.210316 9.847389 2.100000
v -24.960726 18.599478 2.600000
v -24.941107 18.598875 2.600000
v -54.133183 9.867718 2.100000
v -54.056576 9.889935 2.100000
v -24.921509 18.598034 2.600000
v -53.980534 9.914024 2.100000
v -24.901892 18.596949 2.600000
v -53.905109 9.939972 2.100000
v -24.882311 18.595625 2.600000
v -53.830341 9.967764 2.100000
v -24.862726 18.594059 2.600000
v -53.756279 9.997382 2.100000
v -24.843143 18.592253 2.600000
v -53.682964 10.028809 2.100000
v -24.823668 18.590214 2.600000
v -24.804163 18.587929 2.600000
v -53.610447 10.062025 2.100000
v -24.784674 18.585403 2.600000
v -53.538765 10.097012 2.100000
v -24.765221 18.582640 2.600000
v -53.467960 10.133746 2.100000
v -53.398083 10.172208 2.100000
v -24.745811 18.579639 2.600000
v -53.329166 10.212373 2.100000
v -24.726490 18.576408 2.600000
v -24.707176 18.572935 2.600000
v -53.261257 10.254216 2.100000
v -24.687866 18.569216 2.600000
v -53.194397 10.297714 2.100000
v -24.668629 18.565268 2.600000
v -53.128624 10.342840 2.100000
v -24.649429 18.561079 2.600000
v -53.063976 10.389566 2.100000
v -53.000496 10.437864 2.100000
v -24.630308 18.556664 2.600000
v -24.611261 18.552015 2.600000
v -52.938221 10.487707 2.100000
v -24.592209 18.547119 2.600000
v -52.877190 10.539062 2.100000
v -24.573273 18.542004 2.600000
v -52.817432 10.591900 2.100000
v -52.758995 10.646187 2.100000
v -24.554399 18.536655 2.600000
v -52.701904 10.701894 2.100000
v -24.535542 18.531061 2.600000
v -52.646198 10.758984 2.100000
v -24.516813 18.525253 2.600000
v -52.591911 10.817424 2.100000
v -24.498114 18.519203 2.600000
v -52.539070 10.877178 2.100000
v -24.479502 18.512928 2.600000
v -52.487717 10.938212 2.100000
v -24.460983 18.506430 2.600000
v -52.437874 11.000487 2.100000
v -24.442566 18.499712 2.600000
v -24.424217 18.492764 2.600000
v -52.389576 11.063968 2.100000
v -52.342850 11.128613 2.100000
v -24.405890 18.485565 2.600000
v -52.297726 11.194387 2.100000
v -24.387720 18.478168 2.600000
v -52.254227 11.261248 2.100000
v -24.369600 18.470533 2.600000
v -52.212383 11.329157 2.100000
v -24.351616 18.462692 2.600000
v -52.172218 11.398071 2.100000
v -24.333752 18.454643 2.600000
v -52.133759 11.467951 2.100000
v -24.315922 18.446342 2.600000
v -24.298243 18.437849 2.600000
v -52.097023 11.538754 2.100000
v -52.062035 11.610436 2.100000
v -24.280668 18.429136 2.600000
v -52.028820 11.682956 2.100000
v -24.263130 18.420174 2.600000
v -24.245762 18.411026 2.600000
v -51.997391 11.756269 2.100000
v -24.228533 18.401680 2.600000
v -51.967773 11.830332 2.100000
v -51.939983 11.905098 2.100000
v -24.211376 18.392101 2.600000
v -24.194370 18.382328 2.600000
v -51.914036 11.980525 2.100000
v -51.889946 12.056565 2.100000
v -24.177488 18.372351 2.600000
v -24.160666 18.362125 2.600000
v -51.867729 12.133174 2.100000
v -51.847401 12.210305 2.100000
v -24.144012 18.351723 2.600000
v -51.828968 12.287911 2.100000
v -24.127493 18.341120 2.600000
v -24.111120 18.330324 2.600000
v -51.812450 12.365947 2.100000
v -24.094873 18.319323 2.600000
v -51.797848 12.444365 2.100000
v -24.078714 18.308090 2.600000
v -51.785175 12.523116 2.100000
v -24.062763 18.296709 2.600000
v -51.774441 12.602156 2.100000
v -51.765652 12.681435 2.100000
v -24.046909 18.285101 2.600000
v -51.758808 12.760905 2.100000
v -24.031204 18.273304 2.600000
v -24.015642 18.261312 2.600000
v -51.753914 12.840521 2.100000
v -51.750980 12.920232 2.100000
v -24.000244 18.249144 2.600000
v -23.985014 18.236799 2.600000
v -51.750000 12.999990 2.100000
v -23.969893 18.224234 2.600000
v -51.750980 13.079749 2.100000
v -23.954952 18.211506 2.600000
v -51.753914 13.159460 2.100000
v -23.940153 18.198580 2.600000
v -51.758808 13.239076 2.100000
v -23.925520 18.185480 2.600000
v -51.765652 13.318546 2.100000
v -23.911060 18.172211 2.600000
v -51.774441 13.397825 2.100000
v -23.896757 18.158760 2.600000
v -51.785175 13.476865 2.100000
v -51.797848 13.555616 2.100000
v -23.882658 18.145172 2.600000
v -23.868658 18.131342 2.600000
v -51.812450 13.634034 2.100000
v -51.828968 13.712070 2.100000
v -23.854828 18.117342 2.600000
v -51.847401 13.789676 2.100000
v -23.841240 18.103243 2.600000
v -51.867729 13.866807 2.100000
v -23.827789 18.088940 2.600000
v -51.889946 13.943416 2.100000
v -23.814520 18.074480 2.600000
v -23.801420 18.059847 2.600000
v -51.914036 14.019456 2.100000
v -23.788494 18.045048 2.600000
v -51.939983 14.094883 2.100000
v -51.967773 14.169649 2.100000
v -23.775766 18.030107 2.600000
v -23.763201 18.014986 2.600000
v -51.997391 14.243711 2.100000
v -52.028820 14.317025 2.100000
v -23.750856 17.999756 2.600000
v -23.738689 17.984358 2.600000
v -52.062035 14.389544 2.100000
v -23.726696 17.968796 2.600000
v -52.097023 14.461227 2.100000
v -23.714899 17.953091 2.600000
v -52.133759 14.532030 2.100000
v -23.703291 17.937237 2.600000
v -52.172218 14.601910 2.100000
v -23.691908 17.921286 2.600000
v -52.212383 14.670824 2.100000
v -52.254227 14.738733 2.100000
v -23.680677 17.905127 2.600000
v -23.669676 17.888880 2.600000
v -52.297726 14.805593 2.100000
v -23.658880 17.872507 2.600000
v -52.342850 14.871367 2.100000
v -23.648277 17.855988 2.600000
v -52.389576 14.936013 2.100000
v -52.437874 14.999494 2.100000
v -23.637875 17.839334 2.600000
v -52.487717 15.061769 2.100000
v -23.627649 17.822512 2.600000
v -23.617672 17.805630 2.600000
v -52.539070 15.122803 2.100000
v -23.607899 17.788624 2.600000
v -52.591911 15.182557 2.100000
v -23.598320 17.771467 2.600000
v -52.646198 15.240997 2.100000
v -52.701904 15.298087 2.100000
v -23.588974 17.754238 2.600000
v -52.758995 15.353794 2.100000
v -23.579826 17.736870 2.600000
v -52.817432 15.408081 2.100000
v -23.570864 17.719332 2.600000
v -23.562151 17.701757 2.600000
v -52.877190 15.460919 2.100000
v -52.938221 15.512274 2.100000
v -23.553658 17.684078 2.600000
v -23.545357 17.666248 2.600000
v -53.000496 15.562117 2.100000
v -23.537308 17.648384 2.600000
v -53.063976 15.610415 2.100000
v -53.128624 15.657141 2.100000
v -23.529467 17.630400 2.600000
v -53.194397 15.702267 2.100000
v -23.521832 17.612280 2.600000
v -23.514437 17.594110 2.600000
v -53.261257 15.745765 2.100000
v -23.507236 17.575783 2.600000
v -53.329166 15.787609 2.100000
v -23.500288 17.557434 2.600000
v -53.398083 15.827772 2.100000
v -53.467960 15.866234 2.100000
v -23.493570 17.539017 2.600000
v -53.538765 15.902969 2.100000
v -23.487072 17.520500 2.600000
v -53.610447 15.937956 2.100000
v -23.480797 17.501886 2.600000
v -23.474747 17.483187 2.600000
v -53.682964 15.971172 2.100000
v -23.468939 17.464458 2.600000
v -53.756279 16.002600 2.100000
v -23.463345 17.445601 2.600000
v -53.830341 16.032217 2.100000
v -23.457996 17.426727 2.600000
v -53.905109 16.060009 2.100000
v -53.980534 16.085957 2.100000
v -23.452881 17.407791 2.600000
v -54.056576 16.110046 2.100000
v -23.447985 17.388739 2.600000
v -23.443336 17.369692 2.600000
v -54.133183 16.132263 2.100000
v -23.438921 17.350571 2.600000
v -54.210316 16.152592 2.100000
v -23.434732 17.331371 2.600000
v -54.287922 16.171022 2.100000
v -54.365955 16.187542 2.100000
v -23.430782 17.312134 2.600000
v -54.444374 16.202143 2.100000
v -23.427065 17.292824 2.600000
v -23.423592 17.273510 2.600000
v -54.523125 16.214815 2.100000
v -54.602165 16.225550 2.100000
v -23.420361 17.254189 2.600000
v -23.417360 17.234779 2.600000
v -54.681446 16.234341 2.100000
v -23.414597 17.215326 2.600000
v -54.760914 16.241184 2.100000
v -54.840530 16.246077 2.100000
v -23.412071 17.195837 2.600000
v -54.920242 16.249012 2.100000
v -23.409786 17.176332 2.600000
v -23.407747 17.156857 2.600000
v -55.000000 16.249990 2.100000
v -55.079758 16.249012 2.100000
v -23.405941 17.137274 2.600000
v -23.404375 17.117689 2.600000
v -55.159470 16.246077 2.100000
v -23.403051 17.098108 2.600000
v -55.239086 16.241184 2.100000
v -55.318558 16.234341 2.100000
v -23.401966 17.078491 2.600000
v -23.401125 17.058893 2.600000
v -55.397835 16.225550 2.100000
v -55.476875 16.214815 2.100000
v -23.400522 17.039274 2.600000
v -23.400162 17.019640 2.600000
v -55.555626 16.202143 2.100000
v -23.400000 16.993406 2.600000
v -55.634045 16.187542 2.100000
v -25.006594 -18.600000 2.600000
v -55.712078 16.171022 2.100000
v -55.789684 16.152592 2.100000
v -24.980360 -18.599838 2.600000
v -24.960726 -18.599478 2.600000
v -55.866817 16.132263 2.100000
v -24.941107 -18.598875 2.600000
v -55.943424 16.110046 2.100000
v -56.019466 16.085957 2.100000
v -24.921509 -18.598034 2.600000
v -24.901892 -18.596949 2.600000
v -56.094894 16.060009 2.100000
v -24.882311 -18.595625 2.600000
v -56.169659 16.032217 2.100000
v -24.862726 -18.594059 2.600000
v -56.243721 16.002600 2.100000
v -56.317036 15.971172 2.100000
v -24.843143 -18.592253 2.600000
v -24.823668 -18.590214 2.600000
v -56.389553 15.937956 2.100000
v -56.461239 15.902969 2.100000
v -24.804163 -18.587929 2.600000
v -24.784674 -18.585403 2.600000
v -56.532040 15.866234 2.100000
v -56.601921 15.827772 2.100000
v -24.765221 -18.582640 2.600000
v -56.670834 15.787609 2.100000
v -24.745811 -18.579639 2.600000
v -56.738743 15.745765 2.100000
v -24.726490 -18.576408 2.600000
v -56.805603 15.702267 2.100000
v -24.707176 -18.572935 2.600000
v -56.871376 15.657141 2.100000
v -24.687866 -18.569216 2.600000
v -56.936024 15.610415 2.100000
v -24.668629 -18.565268 2.600000
v -56.999504 15.562117 2.100000
v -24.649429 -18.561079 2.600000
v -57.061779 15.512274 2.100000
v -24.630308 -18.556664 2.600000
v -57.122814 15.460919 2.100000
v -24.611261 -18.552015 2.600000
v -24.592209 -18.547119 2.600000
v -57.182568 15.408081 2.100000
v -57.241009 15.353794 2.100000
v -24.573273 -18.542004 2.600000
v -57.298096 15.298087 2.100000
v -24.554399 -18.536655 2.600000
v -57.353806 15.240997 2.100000
v -24.535542 -18.531061 2.600000
v -57.408092 15.182557 2.100000
v -24.516813 -18.525253 2.600000
v -57.460930 15.122803 2.100000
v -24.498114 -18.519203 2.600000
v -57.512283 15.061769 2.100000
v -24.479502 -18.512928 2.600000
v -57.562126 14.999494 2.100000
v -24.460983 -18.506430 2.600000
v -24.442566 -18.499712 2.600000
v -57.610424 14.936013 2.100000
v -57.657150 14.871367 2.100000
v -24.424217 -18.492764 2.600000
v -24.405890 -18.485565 2.600000
v -57.702278 14.805593 2.100000
v -57.745773 14.738733 2.100000
v -24.387720 -18.478168 2.600000
v -24.369600 -18.470533 2.600000
v -57.787617 14.670824 2.100000
v -57.827782 14.601910 2.100000
v -24.351616 -18.462692 2.600000
v -24.333752 -18.454643 2.600000
v -57.866245 14.532030 2.100000
v -24.315922 -18.446342 2.600000
v -57.902981 14.461227 2.100000
v -57.937965 14.389544 2.100000
v -24.298243 -18.437849 2.600000
v -24.280668 -18.429136 2.600000
v -57.971184 14.317025 2.100000
v -24.263130 -18.420174 2.600000
v -58.002609 14.243711 2.100000
v -58.032227 14.169649 2.100000
v -24.245762 -18.411026 2.600000
v -24.228533 -18.401680 2.600000
v -58.060020 14.094883 2.100000
v -24.211376 -18.392101 2.600000
v -58.085968 14.019456 2.100000
v -24.194370 -18.382328 2.600000
v -58.110058 13.943416 2.100000
v -24.177488 -18.372351 2.600000
v -58.132275 13.866807 2.100000
v -58.152603 13.789676 2.100000
v -24.160666 -18.362125 2.600000
v -24.144012 -18.351723 2.600000
v -58.171032 13.712070 2.100000
v -58.187553 13.634034 2.100000
v -24.127493 -18.341120 2.600000
v -58.202152 13.555616 2.100000
v -24.111120 -18.330324 2.600000
v -24.094873 -18.319323 2.600000
v -58.214825 13.476865 2.100000
v -58.225559 13.397825 2.100000
v -24.078714 -18.308090 2.600000
v -58.234352 13.318546 2.100000
v -24.062763 -18.296709 2.600000
v -24.046909 -18.285101 2.600000
v -58.241196 13.239076 2.100000
v -24.031204 -18.273304 2.600000
v -58.246086 13.159460 2.100000
v -24.015642 -18.261312 2.600000
v -58.249023 13.079749 2.100000
v -24.000244 -18.249144 2.600000
v -58.250000 12.999990 2.100000
v -23.985014 -18.236799 2.600000
v -58.249023 12.920232 2.100000
v -58.246086 12.840521 2.100000
v -23.969893 -18.224234 2.600000
v -58.241196 12.760905 2.100000
v -23.954952 -18.211506 2.600000
v -23.940153 -18.198580 2.600000
v -58.234352 12.681435 2.100000
v -23.925520 -18.185480 2.600000
v -58.225559 12.602156 2.100000
v -58.214825 12.523116 2.100000
v -23.911060 -18.172211 2.600000
v -23.896757 -18.158760 2.600000
v -58.202152 12.444365 2.100000
v -23.882658 -18.145172 2.600000
v -58.187553 12.365947 2.100000
v -58.171032 12.287911 2.100000
v -23.868658 -18.131342 2.600000
v -23.854828 -18.117342 2.600000
v -58.152603 12.210305 2.100000
v -58.132275 12.133174 2.100000
v -23.841240 -18.103243 2.600000
v -58.110058 12.056565 2.100000
v -23.827789 -18.088940 2.600000
v -58.085968 11.980525 2.100000
v -23.814520 -18.074480 2.600000
v -58.060020 11.905098 2.100000
v -23.801420 -18.059847 2.600000
v -23.788494 -18.045048 2.600000
v -58.032227 11.830332 2.100000
v -58.002609 11.756269 2.100000
v -23.775766 -18.030107 2.600000
v -57.971184 11.682956 2.100000
v -23.763201 -18.014986 2.600000
v -23.750856 -17.999756 2.600000
v -57.937965 11.610436 2.100000
v -57.902981 11.538754 2.100000
v -23.738689 -17.984358 2.600000
v -23.726696 -17.968796 2.600000
v -57.866245 11.467951 2.100000
v -57.827782 11.398071 2.100000
v -23.714899 -17.953091 2.600000
v -57.787617 11.329157 2.100000
v -23.703291 -17.937237 2.600000
v -57.745773 11.261248 2.100000
v -23.691908 -17.921286 2.600000
v -57.702278 11.194387 2.100000
v -23.680677 -17.905127 2.600000
v -57.657150 11.128613 2.100000
v -23.669676 -17.888880 2.600000
v -23.658880 -17.872507 2.600000
v -57.610424 11.063968 2.100000
v -23.648277 -17.855988 2.600000
v -57.562126 11.000487 2.100000
v -23.637875 -17.839334 2.600000
v -57.512283 10.938212 2.100000
v -23.627649 -17.822512 2.600000
v -57.460930 10.877178 2.100000
v -57.408092 10.817424 2.100000
v -23.617672 -17.805630 2.600000
v -57.353806 10.758984 2.100000
v -23.607899 -17.788624 2.600000
v -57.298096 10.701894 2.100000
v -23.598320 -17.771467 2.600000
v -57.241009 10.646187 2.100000
v -23.588974 -17.754238 2.600000
v -57.182568 10.591900 2.100000
v -23.579826 -17.736870 2.600000
v -57.122814 10.539062 2.100000
v -23.570864 -17.719332 2.600000
v -23.562151 -17.701757 2.600000
v -57.061779 10.487707 2.100000
v -56.999504 10.437864 2.100000
v -23.553658 -17.684078 2.600000
v -56.936024 10.389566 2.100000
v -23.545357 -17.666248 2.600000
v -56.871376 10.342840 2.100000
v -23.537308 -17.648384 2.600000
v -56.805603 10.297714 2.100000
v -23.529467 -17.630400 2.600000
v -23.521832 -17.612280 2.600000
v -56.738743 10.254216 2.100000
v -56.670834 10.212373 2.100000
v -23.514437 -17.594110 2.600000
v -23.507236 -17.575783 2.600000
v -56.601921 10.172208 2.100000
v -23.500288 -17.557434 2.600000
v -56.532040 10.133746 2.100000
v -23.493570 -17.539017 2.600000
v -56.461239 10.097012 2.100000
v -56.389553 10.062025 2.100000
v -23.487072 -17.520500 2.600000
v -56.317036 10.028809 2.100000
v -23.480797 -17.501886 2.600000
v -56.243721 9.997382 2.100000
v -23.474747 -17.483187 2.600000
v -56.169659 9.967764 2.100000
v -23.468939 -17.464458 2.600000
v -56.094894 9.939972 2.100000
v -23.463345 -17.445601 2.600000
v -56.019466 9.914024 2.100000
v -23.457996 -17.426727 2.600000
v -55.943424 9.889935 2.100000
v -23.452881 -17.407791 2.600000
v -23.447985 -17.388739 2.600000
v -55.866817 9.867718 2.100000
v -23.443336 -17.369692 2.600000
v -55.789684 9.847389 2.100000
v -55.712078 9.828959 2.100000
v -23.438921 -17.350571 2.600000
v -55.634045 9.812439 2.100000
v -23.434732 -17.331371 2.600000
v -55.555626 9.797838 2.100000
v -23.430782 -17.312134 2.600000
v -55.476875 9.785167 2.100000
v -23.427065 -17.292824 2.600000
v -55.397835 9.774432 2.100000
v -23.423592 -17.273510 2.600000
v -55.318558 9.765640 2.100000
v -23.420361 -17.254189 2.600000
v -55.239086 9.758797 2.100000
v -23.417360 -17.234779 2.600000
v -55.159470 9.753905 2.100000
v -23.414597 -17.215326 2.600000
v -23.412071 -17.195837 2.600000
v -55.079758 9.750969 2.100000
v -23.409786 -17.176332 2.600000
v -23.407747 -17.156857 2.600000
v -23.405941 -17.137274 2.600000
v -23.404375 -17.117689 2.600000
v -23.403051 -17.098108 2.600000
v -23.401966 -17.078491 2.600000
v -23.401125 -17.058893 2.600000
v -23.400522 -17.039274 2.600000
v -23.400162 -17.019640 2.600000
v -23.400000 -16.993406 2.600000
v -60.599998 -16.993406 2.600000
v -60.599838 -17.019640 2.600000
v -60.599480 -17.039274 2.600000
v -60.598877 -17.058893 2.600000
v -60.598034 -17.078491 2.600000
v -60.596947 -17.098108 2.600000
v -60.595627 -17.117689 2.600000
v -60.594059 -17.137274 2.600000
v -60.592255 -17.156857 2.600000
v -60.590214 -17.176332 2.600000
v -60.587929 -17.195837 2.600000
v -60.585403 -17.215326 2.600000
v -60.582642 -17.234779 2.600000
v -60.579639 -17.254189 2.600000
v -60.576408 -17.273510 2.600000
v -60.572937 -17.292824 2.600000
v -60.569214 -17.312134 2.600000
v -60.565269 -17.331371 2.600000
v -60.561081 -17.350571 2.600000
v -60.556664 -17.369692 2.600000
v -60.552017 -17.388739 2.600000
v -60.547119 -17.407791 2.600000
v -60.542004 -17.426727 2.600000
v -60.536655 -17.445601 2.600000
v -60.531059 -17.464458 2.600000
v -60.525253 -17.483187 2.600000
v -60.519203 -17.501886 2.600000
v -60.512928 -17.520498 2.600000
v -60.506432 -17.539017 2.600000
v -60.499710 -17.557434 2.600000
v -60.492764 -17.575783 2.600000
v -60.485565 -17.594110 2.600000
v -60.478168 -17.612280 2.600000
v -60.470535 -17.630400 2.600000
v -60.462692 -17.648384 2.600000
v -60.454643 -17.666248 2.600000
v -60.446342 -17.684078 2.600000
v -60.437851 -17.701757 2.600000
v -60.429138 -17.719332 2.600000
v -60.420174 -17.736870 2.600000
v -60.411026 -17.754238 2.600000
v -60.401680 -17.771467 2.600000
v -60.392101 -17.788624 2.600000
v -60.382328 -17.805630 2.600000
v -60.372353 -17.822512 2.600000
v -60.362125 -17.839334 2.600000
v -60.351723 -17.855988 2.600000
v -60.341118 -17.872507 2.600000
v -60.330322 -17.888880 2.600000
v -60.319321 -17.905127 2.600000
v -60.308090 -17.921286 2.600000
v -60.296707 -17.937237 2.600000
v -60.285103 -17.953091 2.600000
v -60.273304 -17.968796 2.600000
v -60.261314 -17.984358 2.600000
v -60.249146 -17.999756 2.600000
v -60.236801 -18.014986 2.600000
v -60.224236 -18.030107 2.600000
v -60.211506 -18.045048 2.600000
v -60.198578 -18.059847 2.600000
v -60.185478 -18.074480 2.600000
v -60.172211 -18.088940 2.600000
v -60.158760 -18.103243 2.600000
v -60.145172 -18.117342 2.600000
v -60.131340 -18.131342 2.600000
v -60.117340 -18.145172 2.600000
v -60.103241 -18.158760 2.600000
v -60.088940 -18.172211 2.600000
v -60.074478 -18.185480 2.600000
v -60.059845 -18.198580 2.600000
v -60.045048 -18.211506 2.600000
v -60.030106 -18.224234 2.600000
v -60.014984 -18.236799 2.600000
v -59.999756 -18.249144 2.600000
v -59.984360 -18.261311 2.600000
v -59.968796 -18.273304 2.600000
v -59.953091 -18.285101 2.600000
v -59.937237 -18.296709 2.600000
v -59.921288 -18.308092 2.600000
v -59.905128 -18.319323 2.600000
v -59.888878 -18.330324 2.600000
v -59.872505 -18.341120 2.600000
v -59.855988 -18.351723 2.600000
v -59.839333 -18.362125 2.600000
v -59.822510 -18.372351 2.600000
v -59.805630 -18.382328 2.600000
v -59.788624 -18.392101 2.600000
v -59.771469 -18.401680 2.600000
v -59.754238 -18.411026 2.600000
v -59.736870 -18.420174 2.600000
v -59.719330 -18.429136 2.600000
v -59.701759 -18.437849 2.600000
v -59.684078 -18.446342 2.600000
v -59.666248 -18.454643 2.600000
v -59.648384 -18.462692 2.600000
v -59.630402 -18.470533 2.600000
v -59.612282 -18.478168 2.600000
v -59.594109 -18.485563 2.600000
v -59.575783 -18.492764 2.600000
v -59.557434 -18.499712 2.600000
v -59.539017 -18.506430 2.600000
v -59.520500 -18.512928 2.600000
v -59.501884 -18.519203 2.600000
v -59.483185 -18.525253 2.600000
v -59.464458 -18.531061 2.600000
v -59.445602 -18.536655 2.600000
v -59.426727 -18.542004 2.600000
v -59.407791 -18.547119 2.600000
v -59.388741 -18.552015 2.600000
v -59.369690 -18.556664 2.600000
v -59.350571 -18.561079 2.600000
v -59.331371 -18.565268 2.600000
v -59.312134 -18.569218 2.600000
v -59.292824 -18.572935 2.600000
v -59.273510 -18.576408 2.600000
v -59.254189 -18.579639 2.600000
v -59.234779 -18.582640 2.600000
v -59.215324 -18.585403 2.600000
v -59.195839 -18.587929 2.600000
v -59.176331 -18.590214 2.600000
v -59.156857 -18.592253 2.600000
v -59.137276 -18.594059 2.600000
v -59.117691 -18.595625 2.600000
v -59.098106 -18.596949 2.600000
v -59.078491 -18.598034 2.600000
v -59.058891 -18.598875 2.600000
v -59.039276 -18.599478 2.600000
v -59.019638 -18.599838 2.600000
v -58.993408 -18.600000 2.600000
v -58.993408 18.600000 2.600000
v -59.019638 18.599838 2.600000
v -59.039276 18.599478 2.600000
v -59.058891 18.598875 2.600000
v -59.078491 18.598034 2.600000
v -59.098106 18.596949 2.600000
v -59.117691 18.595625 2.600000
v -59.137276 18.594059 2.600000
v -59.156857 18.592253 2.600000
v -59.176331 18.590214 2.600000
v -59.195839 18.587929 2.600000
v -59.215324 18.585403 2.600000
v -59.234779 18.582640 2.600000
v -59.254189 18.579639 2.600000
v -59.273510 18.576408 2.600000
v -59.292824 18.572935 2.600000
v -59.312134 18.569216 2.600000
v -59.331371 18.565268 2.600000
v -59.350571 18.561079 2.600000
v -59.369690 18.556664 2.600000
v -59.388741 18.552015 2.600000
v -59.407791 18.547119 2.600000
v -59.426727 18.542004 2.600000
v -59.445602 18.536655 2.600000
v -59.464458 18.531061 2.600000
v -59.483185 18.525253 2.600000
v -59.501884 18.519203 2.600000
v -59.520500 18.512928 2.600000
v -59.539017 18.506430 2.600000
v -59.557434 18.499712 2.600000
v -59.575783 18.492764 2.600000
v -59.594109 18.485565 2.600000
v -59.612282 18.478168 2.600000
v -59.630402 18.470533 2.600000
v -59.648384 18.462692 2.600000
v -59.666248 18.454643 2.600000
v -59.684078 18.446342 2.600000
v -59.701759 18.437849 2.600000
v -59.719330 18.429136 2.600000
v -59.736870 18.420174 2.600000
v -59.754238 18.411026 2.600000
v -59.771469 18.401680 2.600000
v -59.788624 18.392101 2.600000
v -59.805630 18.382328 2.600000
v -59.822510 18.372351 2.600000
v -59.839333 18.362125 2.600000
v -59.855988 18.351723 2.600000
v -59.872505 18.341120 2.600000
v -59.888878 18.330324 2.600000
v -59.905128 18.319323 2.600000
v -59.921288 18.308090 2.600000
v -59.937237 18.296709 2.600000
v -59.953091 18.285101 2.600000
v -59.968796 18.273304 2.600000
v -59.984360 18.261312 2.600000
v -59.999756 18.249144 2.600000
v -60.014984 18.236799 2.600000
v -60.030106 18.224234 2.600000
v -60.045048 18.211506 2.600000
v -60.059845 18.198580 2.600000
v -60.074478 18.185480 2.600000
v -60.088940 18.172211 2.600000
v -60.103241 18.158760 2.600000
v -60.117340 18.145172 2.600000
v -60.131340 18.131342 2.600000
v -60.145172 18.117342 2.600000
v -60.158760 18.103243 2.600000
v -60.172211 18.088940 2.600000
v -60.185478 18.074480 2.600000
v -60.198578 18.059847 2.600000
v -60.211506 18.045048 2.600000
v -60.224236 18.030107 2.600000
v -60.236801 18.014986 2.600000
v -60.249146 17.999756 2.600000
v -60.261311 17.984358 2.600000
v -60.273304 17.968796 2.600000
v -60.285103 17.953091 2.600000
v -60.296707 17.937237 2.600000
v -60.308090 17.921286 2.600000
v -60.319321 17.905127 2.600000
v -60.330322 17.888880 2.600000
v -60.341118 17.872507 2.600000
v -60.351723 17.855988 2.600000
v -60.362125 17.839334 2.600000
v -60.372353 17.822512 2.600000
v -60.382328 17.805630 2.600000
v -60.392101 17.788624 2.600000
v -60.401680 17.771467 2.600000
v -60.411026 17.754238 2.600000
v -60.420174 17.736870 2.600000
v -60.429138 17.719332 2.600000
v -60.437851 17.701757 2.600000
v -60.446342 17.684078 2.600000
v -60.454643 17.666248 2.600000
v -60.462692 17.648384 2.600000
v -60.470535 17.630400 2.600000
v -60.478168 17.612280 2.600000
v -60.485565 17.594110 2.600000
v -60.492764 17.575783 2.600000
v -60.499710 17.557434 2.600000
v -60.506432 17.539017 2.600000
v -60.512928 17.520500 2.600000
v -60.519203 17.501886 2.600000
v -60.525253 17.483187 2.600000
v -60.531059 17.464458 2.600000
v -60.536655 17.445601 2.600000
v -60.542004 17.426727 2.600000
v -60.547119 17.407791 2.600000
v -60.552017 17.388739 2.600000
v -60.556664 17.369692 2.600000
v -60.561081 17.350571 2.600000
v -60.565269 17.331371 2.600000
v -60.569218 17.312134 2.600000
v -60.572937 17.292824 2.600000
v -60.576408 17.273510 2.600000
v -60.579639 17.254189 2.600000
v -60.582642 17.234779 2.600000
v -55.000000 -16.250006 0.000000
v -60.585403 17.215326 2.600000
v -54.920242 -16.249027 0.000000
v -60.587929 17.195837 2.600000
v -54.840530 -16.246092 0.000000
v -60.590214 17.176332 2.600000
v -60.592255 17.156857 2.600000
v -54.760914 -16.241199 0.000000
v -54.681446 -16.234356 0.000000
v -60.594059 17.137274 2.600000
v -54.602165 -16.225565 0.000000
v -60.595627 17.117689 2.600000
v -60.596947 17.098108 2.600000
v -54.523125 -16.214830 0.000000
v -60.598034 17.078491 2.600000
v -54.444374 -16.202158 0.000000
v -60.598877 17.058893 2.600000
v -54.365955 -16.187557 0.000000
v -60.599480 17.039274 2.600000
v -54.287922 -16.171038 0.000000
v -60.599838 17.019640 2.600000
v -54.210316 -16.152607 0.000000
v -60.599998 16.993406 2.600000
v -54.133183 -16.132278 0.000000
v -24.953981 20.749718 7.000000
v -54.056576 -16.110062 0.000000
v -53.980534 -16.085972 0.000000
v -25.000000 20.750000 7.000000
v -24.907970 20.748871 7.000000
v -53.905109 -16.060024 0.000000
v -24.861973 20.747459 7.000000
v -53.830341 -16.032232 0.000000
v -24.815996 20.745483 7.000000
v -53.756279 -16.002615 0.000000
v -53.682964 -15.971188 0.000000
v -24.770048 20.742943 7.000000
v -24.724133 20.739840 7.000000
v -53.610447 -15.937971 0.000000
v -24.678261 20.736172 7.000000
v -53.538765 -15.902985 0.000000
v -24.632435 20.731943 7.000000
v -53.467960 -15.866251 0.000000
v -24.586666 20.727152 7.000000
v -53.398083 -15.827787 0.000000
v -24.540960 20.721798 7.000000
v -53.329166 -15.787622 0.000000
v -53.261257 -15.745779 0.000000
v -24.495323 20.715885 7.000000
v -53.194397 -15.702282 0.000000
v -24.449760 20.709412 7.000000
v -53.128624 -15.657156 0.000000
v -24.404282 20.702381 7.000000
v -24.358892 20.694792 7.000000
v -53.063976 -15.610430 0.000000
v -53.000496 -15.562132 0.000000
v -24.313601 20.686646 7.000000
v -52.938221 -15.512289 0.000000
v -24.268412 20.677944 7.000000
v -52.877190 -15.460936 0.000000
v -24.223331 20.668690 7.000000
v -52.817432 -15.408096 0.000000
v -24.178370 20.658882 7.000000
v -52.758995 -15.353809 0.000000
v -24.133532 20.648525 7.000000
v -52.701904 -15.298101 0.000000
v -24.088825 20.637617 7.000000
v -24.044254 20.626162 7.000000
v -52.646198 -15.241013 0.000000
v -23.999826 20.614161 7.000000
v -52.591911 -15.182573 0.000000
v -23.955551 20.601614 7.000000
v -52.539070 -15.122818 0.000000
v -23.911432 20.588526 7.000000
v -52.487717 -15.061785 0.000000
v -23.867477 20.574898 7.000000
v -52.437874 -14.999510 0.000000
v -52.389576 -14.936029 0.000000
v -23.823694 20.560730 7.000000
v -52.342850 -14.871382 0.000000
v -23.780087 20.546028 7.000000
v -52.297726 -14.805609 0.000000
v -23.736664 20.530790 7.000000
v -52.254227 -14.738749 0.000000
v -23.693430 20.515022 7.000000
v -52.212383 -14.670839 0.000000
v -23.650394 20.498722 7.000000
v -23.607561 20.481897 7.000000
v -52.172218 -14.601925 0.000000
v -23.564938 20.464548 7.000000
v -52.133759 -14.532045 0.000000
v -52.097023 -14.461243 0.000000
v -23.522530 20.446676 7.000000
v -23.480345 20.428288 7.000000
v -52.062035 -14.389559 0.000000
v -23.438389 20.409380 7.000000
v -52.028820 -14.317041 0.000000
v -51.997391 -14.243727 0.000000
v -23.396667 20.389959 7.000000
v -23.355188 20.370029 7.000000
v -51.967773 -14.169664 0.000000
v -51.939983 -14.094898 0.000000
v -23.313957 20.349590 7.000000
v -23.272980 20.328648 7.000000
v -51.914036 -14.019472 0.000000
v -23.232262 20.307205 7.000000
v -51.889946 -13.943430 0.000000
v -23.191811 20.285263 7.000000
v -51.867729 -13.866823 0.000000
v -23.151632 20.262827 7.000000
v -51.847401 -13.789690 0.000000
v -23.111731 20.239899 7.000000
v -51.828968 -13.712084 0.000000
v -23.072115 20.216482 7.000000
v -51.812450 -13.634050 0.000000
v -51.797848 -13.555632 0.000000
v -23.032789 20.192581 7.000000
v -22.993759 20.168201 7.000000
v -51.785175 -13.476881 0.000000
v -22.955032 20.143343 7.000000
v -51.774441 -13.397840 0.000000
v -22.916611 20.118011 7.000000
v -51.765652 -13.318562 0.000000
v -22.878506 20.092209 7.000000
v -51.758808 -13.239092 0.000000
v -22.840719 20.065943 7.000000
v -51.753914 -13.159475 0.000000
v -22.803259 20.039215 7.000000
v -51.750980 -13.079763 0.000000
v -51.750000 -13.000006 0.000000
v -22.766129 20.012028 7.000000
v -51.750980 -12.920248 0.000000
v -22.729334 19.984388 7.000000
v -22.692883 19.956299 7.000000
v -51.753914 -12.840536 0.000000
v -22.656776 19.927765 7.000000
v -51.758808 -12.760920 0.000000
v -51.765652 -12.681450 0.000000
v -22.621025 19.898788 7.000000
v -51.774441 -12.602171 0.000000
v -22.585632 19.869377 7.000000
v -51.785175 -12.523130 0.000000
v -22.550602 19.839533 7.000000
v -51.797848 -12.444380 0.000000
v -22.515942 19.809261 7.000000
v -51.812450 -12.365961 0.000000
v -22.481653 19.778566 7.000000
v -51.828968 -12.287928 0.000000
v -22.447746 19.747454 7.000000
v -51.847401 -12.210321 0.000000
v -22.414223 19.715927 7.000000
v -51.867729 -12.133188 0.000000
v -22.381088 19.683990 7.000000
v -51.889946 -12.056581 0.000000
v -22.348351 19.651649 7.000000
v -22.316010 19.618912 7.000000
v -51.914036 -11.980539 0.000000
v -22.284073 19.585777 7.000000
v -51.939983 -11.905113 0.000000
v -51.967773 -11.830347 0.000000
v -22.252546 19.552254 7.000000
v -22.221434 19.518347 7.000000
v -51.997391 -11.756285 0.000000
v -52.028820 -11.682970 0.000000
v -22.190739 19.484058 7.000000
v -52.062035 -11.610453 0.000000
v -22.160467 19.449398 7.000000
v -52.097023 -11.538769 0.000000
v -22.130623 19.414368 7.000000
v -52.133759 -11.467966 0.000000
v -22.101212 19.378975 7.000000
v -52.172218 -11.398087 0.000000
v -22.072235 19.343224 7.000000
v -22.043701 19.307117 7.000000
v -52.212383 -11.329172 0.000000
v -22.015612 19.270666 7.000000
v -52.254227 -11.261263 0.000000
v -52.297726 -11.194403 0.000000
v -21.987972 19.233871 7.000000
v -21.960785 19.196741 7.000000
v -52.342850 -11.128630 0.000000
v -21.934057 19.159281 7.000000
v -52.389576 -11.063982 0.000000
v -52.437874 -11.000502 0.000000
v -21.907791 19.121494 7.000000
v -21.881989 19.083389 7.000000
v -52.487717 -10.938227 0.000000
v -52.539070 -10.877193 0.000000
v -21.856657 19.044968 7.000000
v -52.591911 -10.817438 0.000000
v -21.831799 19.006241 7.000000
v -52.646198 -10.758999 0.000000
v -21.807419 18.967211 7.000000
v -52.701904 -10.701910 0.000000
v -21.783518 18.927885 7.000000
v -52.758995 -10.646202 0.000000
v -21.760101 18.888269 7.000000
v -52.817432 -10.591915 0.000000
v -21.737173 18.848368 7.000000
v -21.714737 18.808189 7.000000
v -52.877190 -10.539076 0.000000
v -52.938221 -10.487722 0.000000
v -21.692795 18.767738 7.000000
v -53.000496 -10.437880 0.000000
v -21.671352 18.727020 7.000000
v -21.650410 18.686043 7.000000
v -53.063976 -10.389582 0.000000
v -21.629971 18.644812 7.000000
v -53.128624 -10.342855 0.000000
v -53.194397 -10.297729 0.000000
v -21.610041 18.603333 7.000000
v -53.261257 -10.254232 0.000000
v -21.590620 18.561611 7.000000
v -53.329166 -10.212387 0.000000
v -21.571712 18.519655 7.000000
v -53.398083 -10.172224 0.000000
v -21.553324 18.477470 7.000000
v -53.467960 -10.133762 0.000000
v -21.535452 18.435062 7.000000
v -53.538765 -10.097027 0.000000
v -21.518103 18.392439 7.000000
v -21.501278 18.349606 7.000000
v -53.610447 -10.062040 0.000000
v -21.484978 18.306570 7.000000
v -53.682964 -10.028824 0.000000
v -21.469210 18.263336 7.000000
v -53.756279 -9.997396 0.000000
v -53.830341 -9.967779 0.000000
v -21.453972 18.219913 7.000000
v -53.905109 -9.939987 0.000000
v -21.439270 18.176306 7.000000
v -21.425102 18.132523 7.000000
v -53.980534 -9.914040 0.000000
v -54.056576 -9.889950 0.000000
v -21.411474 18.088568 7.000000
v -54.133183 -9.867733 0.000000
v -21.398386 18.044449 7.000000
v -54.210316 -9.847404 0.000000
v -21.385839 18.000174 7.000000
v -54.287922 -9.828974 0.000000
v -21.373838 17.955746 7.000000
v -54.365955 -9.812454 0.000000
v -21.362383 17.911175 7.000000
v -54.444374 -9.797853 0.000000
v -21.351475 17.866468 7.000000
v -54.523125 -9.785181 0.000000
v -21.341118 17.821630 7.000000
v -54.602165 -9.774446 0.000000
v -21.331310 17.776669 7.000000
v -21.322056 17.731588 7.000000
v -54.681446 -9.765656 0.000000
v -54.760914 -9.758812 0.000000
v -21.313354 17.686399 7.000000
v -54.840530 -9.753920 0.000000
v -21.305208 17.641108 7.000000
v -54.920242 -9.750984 0.000000
v -21.297619 17.595718 7.000000
v -55.000000 -9.750006 0.000000
v -21.290588 17.550240 7.000000
v -55.079758 -9.750984 0.000000
v -21.284115 17.504677 7.000000
v -55.159470 -9.753920 0.000000
v -21.278202 17.459040 7.000000
v -55.239086 -9.758812 0.000000
v -21.272848 17.413334 7.000000
v -55.318558 -9.765656 0.000000
v -21.268057 17.367565 7.000000
v -55.397835 -9.774446 0.000000
v -21.263828 17.321739 7.000000
v -55.476875 -9.785181 0.000000
v -21.260160 17.275867 7.000000
v -55.555626 -9.797853 0.000000
v -21.257057 17.229952 7.000000
v -55.634045 -9.812454 0.000000
v -21.254517 17.184004 7.000000
v -55.712078 -9.828974 0.000000
v -21.252541 17.138027 7.000000
v -55.789684 -9.847404 0.000000
v -21.251129 17.092030 7.000000
v -55.866817 -9.867733 0.000000
v -21.250282 17.046019 7.000000
v -55.943424 -9.889950 0.000000
v -21.250000 17.000000 7.000000
v -25.000000 -20.750000 7.000000
v -56.019466 -9.914040 0.000000
v -56.094894 -9.939987 0.000000
v -24.953981 -20.749718 7.000000
v -56.169659 -9.967779 0.000000
v -24.907970 -20.748871 7.000000
v -56.243721 -9.997396 0.000000
v -24.861973 -20.747459 7.000000
v -24.815996 -20.745483 7.000000
v -56.317036 -10.028824 0.000000
v -24.770048 -20.742943 7.000000
v -56.389553 -10.062040 0.000000
v -24.724133 -20.739840 7.000000
v -56.461239 -10.097027 0.000000
v -24.678261 -20.736172 7.000000
v -56.532040 -10.133762 0.000000
v -24.632435 -20.731943 7.000000
v -56.601921 -10.172224 0.000000
v -24.586666 -20.727152 7.000000
v -56.670834 -10.212387 0.000000
v -24.540960 -20.721798 7.000000
v -56.738743 -10.254232 0.000000
v -24.495323 -20.715885 7.000000
v -56.805603 -10.297729 0.000000
v -24.449760 -20.709412 7.000000
v -56.871376 -10.342855 0.000000
v -24.404282 -20.702381 7.000000
v -56.936024 -10.389582 0.000000
v -24.358892 -20.694792 7.000000
v -56.999504 -10.437880 0.000000
v -24.313601 -20.686646 7.000000
v -57.061779 -10.487722 0.000000
v -24.268412 -20.677944 7.000000
v -57.122814 -10.539076 0.000000
v -57.182568 -10.591915 0.000000
v -24.223331 -20.668690 7.000000
v -57.241009 -10.646202 0.000000
v -24.178370 -20.658882 7.000000
v -57.298096 -10.701910 0.000000
v -24.133532 -20.648525 7.000000
v -57.353806 -10.758999 0.000000
v -24.088825 -20.637617 7.000000
v -57.408092 -10.817438 0.000000
v -24.044254 -20.626162 7.000000
v -57.460930 -10.877193 0.000000
v -23.999826 -20.614161 7.000000
v -23.955551 -20.601614 7.000000
v -57.512283 -10.938227 0.000000
v -57.562126 -11.000502 0.000000
v -23.911432 -20.588526 7.000000
v -57.610424 -11.063982 0.000000
v -23.867477 -20.574898 7.000000
v -57.657150 -11.128630 0.000000
v -23.823694 -20.560730 7.000000
v -57.702278 -11.194403 0.000000
v -23.780087 -20.546028 7.000000
v -57.745773 -11.261263 0.000000
v -23.736664 -20.530790 7.000000
v -57.787617 -11.329172 0.000000
v -23.693430 -20.515022 7.000000
v -57.827782 -11.398087 0.000000
v -23.650394 -20.498722 7.000000
v -57.866245 -11.467966 0.000000
v -23.607561 -20.481897 7.000000
v -57.902981 -11.538769 0.000000
v -23.564938 -20.464548 7.000000
v -23.522530 -20.446676 7.000000
v -57.937965 -11.610453 0.000000
v -23.480345 -20.428288 7.000000
v -57.971184 -11.682970 0.000000
v -23.438389 -20.409380 7.000000
v -58.002609 -11.756285 0.000000
v -58.032227 -11.830347 0.000000
v -23.396667 -20.389959 7.000000
v -23.355188 -20.370029 7.000000
v -58.060020 -11.905113 0.000000
v -23.313957 -20.349590 7.000000
v -58.085968 -11.980539 0.000000
v -23.272980 -20.328648 7.000000
v -58.110058 -12.056581 0.000000
v -23.232262 -20.307205 7.000000
v -58.132275 -12.133188 0.000000
v -58.152603 -12.210321 0.000000
v -23.191811 -20.285263 7.000000
v -58.171032 -12.287928 0.000000
v -23.151632 -20.262827 7.000000
v -58.187553 -12.365961 0.000000
v -23.111731 -20.239899 7.000000
v -58.202152 -12.444380 0.000000
v -23.072115 -20.216482 7.000000
v -58.214825 -12.523130 0.000000
v -23.032789 -20.192581 7.000000
v -58.225559 -12.602171 0.000000
v -22.993759 -20.168201 7.000000
v -58.234352 -12.681450 0.000000
v -22.955032 -20.143343 7.000000
v -58.241196 -12.760920 0.000000
v -22.916611 -20.118011 7.000000
v -58.246086 -12.840536 0.000000
v -22.878506 -20.092209 7.000000
v -58.249023 -12.920248 0.000000
v -22.840719 -20.065943 7.000000
v -22.803259 -20.039215 7.000000
v -58.250000 -13.000006 0.000000
v -58.249023 -13.079763 0.000000
v -22.766129 -20.012028 7.000000
v -58.246086 -13.159475 0.000000
v -22.729334 -19.984388 7.000000
v -58.241196 -13.239092 0.000000
v -22.692883 -19.956299 7.000000
v -58.234352 -13.318562 0.000000
v -22.656776 -19.927765 7.000000
v -58.225559 -13.397840 0.000000
v -22.621025 -19.898788 7.000000
v -58.214825 -13.476881 0.000000
v -22.585632 -19.869377 7.000000
v -58.202152 -13.555632 0.000000
v -22.550602 -19.839533 7.000000
v -22.515942 -19.809261 7.000000
v -58.187553 -13.634050 0.000000
v -22.481653 -19.778566 7.000000
v -58.171032 -13.712084 0.000000
v -22.447746 -19.747454 7.000000
v -58.152603 -13.789690 0.000000
v -22.414223 -19.715927 7.000000
v -58.132275 -13.866823 0.000000
v -58.110058 -13.943430 0.000000
v -22.381088 -19.683990 7.000000
v -22.348351 -19.651649 7.000000
v -58.085968 -14.019472 0.000000
v -58.060020 -14.094898 0.000000
v -22.316010 -19.618912 7.000000
v -22.284073 -19.585777 7.000000
v -58.032227 -14.169664 0.000000
v -58.002609 -14.243727 0.000000
v -22.252546 -19.552254 7.000000
v -57.971184 -14.317041 0.000000
v -22.221434 -19.518347 7.000000
v -22.190739 -19.484058 7.000000
v -57.937965 -14.389559 0.000000
v -57.902981 -14.461243 0.000000
v -22.160467 -19.449398 7.000000
v -22.130623 -19.414368 7.000000
v -57.866245 -14.532045 0.000000
v -22.101212 -19.378975 7.000000
v -57.827782 -14.601925 0.000000
v -22.072235 -19.343224 7.000000
v -57.787617 -14.670839 0.000000
v -57.745773 -14.738749 0.000000
v -22.043701 -19.307117 7.000000
v -22.015612 -19.270666 7.000000
v -57.702278 -14.805609 0.000000
v -21.987972 -19.233871 7.000000
v -57.657150 -14.871382 0.000000
v -21.960785 -19.196741 7.000000
v -57.610424 -14.936029 0.000000
v -21.934057 -19.159281 7.000000
v -57.562126 -14.999510 0.000000
v -57.512283 -15.061785 0.000000
v -21.907791 -19.121494 7.000000
v -57.460930 -15.122818 0.000000
v -21.881989 -19.083389 7.000000
v -57.408092 -15.182573 0.000000
v -21.856657 -19.044968 7.000000
v -57.353806 -15.241013 0.000000
v -21.831799 -19.006241 7.000000
v -57.298096 -15.298101 0.000000
v -21.807419 -18.967211 7.000000
v -57.241009 -15.353809 0.000000
v -21.783518 -18.927885 7.000000
v -57.182568 -15.408096 0.000000
v -21.760101 -18.888269 7.000000
v -57.122814 -15.460936 0.000000
v -21.737173 -18.848368 7.000000
v -57.061779 -15.512289 0.000000
v -21.714737 -18.808189 7.000000
v -21.692795 -18.767738 7.000000
v -56.999504 -15.562132 0.000000
v -56.936024 -15.610430 0.000000
v -21.671352 -18.727020 7.000000
v -56.871376 -15.657156 0.000000
v -21.650410 -18.686043 7.000000
v -56.805603 -15.702282 0.000000
v -21.629971 -18.644812 7.000000
v -56.738743 -15.745779 0.000000
v -21.610041 -18.603333 7.000000
v -56.670834 -15.787622 0.000000
v -21.590620 -18.561611 7.000000
v -56.601921 -15.827787 0.000000
v -21.571712 -18.519655 7.000000
v -56.532040 -15.866251 0.000000
v -21.553324 -18.477470 7.000000
v -56.461239 -15.902985 0.000000
v -21.535452 -18.435062 7.000000
v -56.389553 -15.937971 0.000000
v -21.518103 -18.392439 7.000000
v -56.317036 -15.971188 0.000000
v -21.501278 -18.349606 7.000000
v -56.243721 -16.002615 0.000000
v -21.484978 -18.306570 7.000000
v -56.169659 -16.032232 0.000000
v -21.469210 -18.263336 7.000000
v -56.094894 -16.060024 0.000000
v -21.453972 -18.219913 7.000000
v -56.019466 -16.085972 0.000000
v -21.439270 -18.176306 7.000000
v -55.943424 -16.110062 0.000000
v -21.425102 -18.132523 7.000000
v -55.866817 -16.132278 0.000000
v -21.411474 -18.088568 7.000000
v -55.789684 -16.152607 0.000000
v -21.398386 -18.044449 7.000000
v -55.712078 -16.171038 0.000000
v -21.385839 -18.000174 7.000000
v -55.634045 -16.187557 0.000000
v -21.373838 -17.955746 7.000000
v -55.555626 -16.202158 0.000000
v -21.362383 -17.911175 7.000000
v -55.476875 -16.214830 0.000000
v -21.351475 -17.866468 7.000000
v -55.397835 -16.225565 0.000000
v -21.341118 -17.821630 7.000000
v -21.331310 -17.776669 7.000000
v -55.318558 -16.234356 0.000000
v -55.239086 -16.241199 0.000000
v -21.322056 -17.731588 7.000000
v -55.159470 -16.246092 0.000000
v -21.313354 -17.686399 7.000000
v -21.305208 -17.641108 7.000000
v -55.079758 -16.249027 0.000000
v -55.000000 -16.250006 2.100000
v -21.297619 -17.595718 7.000000
v -54.920242 -16.249027 2.100000
v -21.290588 -17.550240 7.000000
v -54.840530 -16.246092 2.100000
v -21.284115 -17.504677 7.000000
v -54.760914 -16.241199 2.100000
v -21.278202 -17.459040 7.000000
v -54.681446 -16.234356 2.100000
v -21.272848 -17.413334 7.000000
v -21.268057 -17.367565 7.000000
v -54.602165 -16.225565 2.100000
v -21.263828 -17.321739 7.000000
v -54.523125 -16.214830 2.100000
v -21.260160 -17.275867 7.000000
v -54.444374 -16.202158 2.100000
v -54.365955 -16.187557 2.100000
v -21.257057 -17.229952 7.000000
v -54.287922 -16.171038 2.100000
v -21.254517 -17.184004 7.000000
v -54.210316 -16.152607 2.100000
v -21.252541 -17.138027 7.000000
v -54.133183 -16.132278 2.100000
v -21.251129 -17.092030 7.000000
v -54.056576 -16.110062 2.100000
v -21.250282 -17.046019 7.000000
v -53.980534 -16.085972 2.100000
v -21.250000 -17.000000 7.000000
v -62.750000 -17.000000 7.000000
v -53.905109 -16.060024 2.100000
v -62.749718 -17.046019 7.000000
v -53.830341 -16.032232 2.100000
v -62.748871 -17.092030 7.000000
v -53.756279 -16.002615 2.100000
v -62.747459 -17.138027 7.000000
v -53.682964 -15.971188 2.100000
v -53.610447 -15.937971 2.100000
v -62.745483 -17.184004 7.000000
v -53.538765 -15.902985 2.100000
v -62.742943 -17.229952 7.000000
v -53.467960 -15.866251 2.100000
v -62.739838 -17.275867 7.000000
v -62.736172 -17.321739 7.000000
v -53.398083 -15.827787 2.100000
v -53.329166 -15.787622 2.100000
v -62.731941 -17.367565 7.000000
v -62.727150 -17.413334 7.000000
v -53.261257 -15.745779 2.100000
v -53.194397 -15.702282 2.100000
v -62.721798 -17.459040 7.000000
v -53.128624 -15.657156 2.100000
v -62.715885 -17.504677 7.000000
v -53.063976 -15.610430 2.100000
v -62.709412 -17.550240 7.000000
v -53.000496 -15.562132 2.100000
v -62.702381 -17.595718 7.000000
v -52.938221 -15.512289 2.100000
v -62.694794 -17.641108 7.000000
v -52.877190 -15.460936 2.100000
v -62.686646 -17.686399 7.000000
v -52.817432 -15.408096 2.100000
v -62.677944 -17.731588 7.000000
v -52.758995 -15.353809 2.100000
v -62.668690 -17.776669 7.000000
v -52.701904 -15.298101 2.100000
v -62.658882 -17.821630 7.000000
v -52.646198 -15.241013 2.100000
v -62.648525 -17.866468 7.000000
v -52.591911 -15.182573 2.100000
v -62.637619 -17.911175 7.000000
v -52.539070 -15.122818 2.100000
v -62.626160 -17.955746 7.000000
v -62.614159 -18.000174 7.000000
v -52.487717 -15.061785 2.100000
v -52.437874 -14.999510 2.100000
v -62.601616 -18.044449 7.000000
v -62.588524 -18.088568 7.000000
v -52.389576 -14.936029 2.100000
v -62.574898 -18.132523 7.000000
v -52.342850 -14.871382 2.100000
v -62.560730 -18.176306 7.000000
v -52.297726 -14.805609 2.100000
v -52.254227 -14.738749 2.100000
v -62.546028 -18.219913 7.000000
v -62.530792 -18.263336 7.000000
v -52.212383 -14.670839 2.100000
v -62.515022 -18.306570 7.000000
v -52.172218 -14.601925 2.100000
v -62.498722 -18.349606 7.000000
v -52.133759 -14.532045 2.100000
v -62.481895 -18.392439 7.000000
v -52.097023 -14.461243 2.100000
v -62.464546 -18.435062 7.000000
v -52.062035 -14.389559 2.100000
v -62.446678 -18.477470 7.000000
v -52.028820 -14.317041 2.100000
v -62.428288 -18.519655 7.000000
v -51.997391 -14.243727 2.100000
v -62.409378 -18.561611 7.000000
v -51.967773 -14.169664 2.100000
v -62.389961 -18.603333 7.000000
v -51.939983 -14.094898 2.100000
v -62.370029 -18.644812 7.000000
v -51.914036 -14.019472 2.100000
v -51.889946 -13.943430 2.100000
v -62.349590 -18.686043 7.000000
v -51.867729 -13.866823 2.100000
v -62.328648 -18.727020 7.000000
v -51.847401 -13.789690 2.100000
v -62.307205 -18.767738 7.000000
v -51.828968 -13.712084 2.100000
v -62.285263 -18.808189 7.000000
v -51.812450 -13.634050 2.100000
v -62.262825 -18.848368 7.000000
v -62.239899 -18.888269 7.000000
v -51.797848 -13.555632 2.100000
v -51.785175 -13.476881 2.100000
v -62.216484 -18.927885 7.000000
v -51.774441 -13.397840 2.100000
v -62.192581 -18.967211 7.000000
v -62.168201 -19.006241 7.000000
v -51.765652 -13.318562 2.100000
v -62.143341 -19.044968 7.000000
v -51.758808 -13.239092 2.100000
v -62.118011 -19.083389 7.000000
v -51.753914 -13.159475 2.100000
v -62.092209 -19.121494 7.000000
v -51.750980 -13.079763 2.100000
v -62.065941 -19.159281 7.000000
v -51.750000 -13.000006 2.100000
v -62.039215 -19.196741 7.000000
v -51.750980 -12.920248 2.100000
v -62.012028 -19.233871 7.000000
v -51.753914 -12.840536 2.100000
v -61.984390 -19.270666 7.000000
v -51.758808 -12.760920 2.100000
v -61.956299 -19.307117 7.000000
v -51.765652 -12.681450 2.100000
v -61.927765 -19.343224 7.000000
v -51.774441 -12.602171 2.100000
v -51.785175 -12.523130 2.100000
v -61.898788 -19.378975 7.000000
v -61.869377 -19.414368 7.000000
v -51.797848 -12.444380 2.100000
v -61.839531 -19.449398 7.000000
v -51.812450 -12.365961 2.100000
v -61.809261 -19.484058 7.000000
v -51.828968 -12.287928 2.100000
v -61.778564 -19.518347 7.000000
v -51.847401 -12.210321 2.100000
v -51.867729 -12.133188 2.100000
v -61.747452 -19.552254 7.000000
v -51.889946 -12.056581 2.100000
v -61.715927 -19.585777 7.000000
v -51.914036 -11.980539 2.100000
v -61.683990 -19.618912 7.000000
v -51.939983 -11.905113 2.100000
v -61.651649 -19.651649 7.000000
v -51.967773 -11.830347 2.100000
v -61.618912 -19.683990 7.000000
v -51.997391 -11.756285 2.100000
v -61.585777 -19.715927 7.000000
v -52.028820 -11.682970 2.100000
v -61.552254 -19.747454 7.000000
v -52.062035 -11.610453 2.100000
v -61.518349 -19.778566 7.000000
v -61.484058 -19.809261 7.000000
v -52.097023 -11.538769 2.100000
v -61.449398 -19.839533 7.000000
v -52.133759 -11.467966 2.100000
v -61.414368 -19.869377 7.000000
v -52.172218 -11.398087 2.100000
v -61.378975 -19.898788 7.000000
v -52.212383 -11.329172 2.100000
v -61.343224 -19.927765 7.000000
v -52.254227 -11.261263 2.100000
v -61.307117 -19.956299 7.000000
v -52.297726 -11.194403 2.100000
v -61.270668 -19.984388 7.000000
v -52.342850 -11.128630 2.100000
v -61.233871 -20.012028 7.000000
v -52.389576 -11.063982 2.100000
v -61.196739 -20.039215 7.000000
v -52.437874 -11.000502 2.100000
v -61.159279 -20.065943 7.000000
v -52.487717 -10.938227 2.100000
v -52.539070 -10.877193 2.100000
v -61.121494 -20.092209 7.000000
v -52.591911 -10.817438 2.100000
v -61.083389 -20.118011 7.000000
v -52.646198 -10.758999 2.100000
v -61.044968 -20.143343 7.000000
v -52.701904 -10.701910 2.100000
v -61.006241 -20.168201 7.000000
v -52.758995 -10.646202 2.100000
v -60.967209 -20.192581 7.000000
v -52.817432 -10.591915 2.100000
v -60.927887 -20.216482 7.000000
v -60.888268 -20.239899 7.000000
v -52.877190 -10.539076 2.100000
v -60.848366 -20.262827 7.000000
v -52.938221 -10.487722 2.100000
v -53.000496 -10.437880 2.100000
v -60.808189 -20.285263 7.000000
v -53.063976 -10.389582 2.100000
v -60.767738 -20.307205 7.000000
v -53.128624 -10.342855 2.100000
v -60.727020 -20.328648 7.000000
v -53.194397 -10.297729 2.100000
v -60.686043 -20.349590 7.000000
v -53.261257 -10.254232 2.100000
v -60.644814 -20.370029 7.000000
v -53.329166 -10.212387 2.100000
v -60.603333 -20.389959 7.000000
v -60.561611 -20.409380 7.000000
v -53.398083 -10.172224 2.100000
v -53.467960 -10.133762 2.100000
v -60.519653 -20.428288 7.000000
v -53.538765 -10.097027 2.100000
v -60.477470 -20.446676 7.000000
v -60.435062 -20.464548 7.000000
v -53.610447 -10.062040 2.100000
v -60.392441 -20.481897 7.000000
v -53.682964 -10.028824 2.100000
v -60.349606 -20.498722 7.000000
v -53.756279 -9.997396 2.100000
v -60.306572 -20.515022 7.000000
v -53.830341 -9.967779 2.100000
v -60.263336 -20.530790 7.000000
v -53.905109 -9.939987 2.100000
v -60.219913 -20.546028 7.000000
v -53.980534 -9.914040 2.100000
v -60.176308 -20.560730 7.000000
v -54.056576 -9.889950 2.100000
v -54.133183 -9.867733 2.100000
v -60.132523 -20.574898 7.000000
v -60.088570 -20.588526 7.000000
v -54.210316 -9.847404 2.100000
v -60.044449 -20.601614 7.000000
v -54.287922 -9.828974 2.100000
v -54.365955 -9.812454 2.100000
v -60.000175 -20.614161 7.000000
v -54.444374 -9.797853 2.100000
v -59.955746 -20.626162 7.000000
v -54.523125 -9.785181 2.100000
v -59.911175 -20.637617 7.000000
v -54.602165 -9.774446 2.100000
v -59.866470 -20.648525 7.000000
v -59.821632 -20.658882 7.000000
v -54.681446 -9.765656 2.100000
v -54.760914 -9.758812 2.100000
v -59.776669 -20.668690 7.000000
v -54.840530 -9.753920 2.100000
v -59.731590 -20.677944 7.000000
v -54.920242 -9.750984 2.100000
v -59.686401 -20.686646 7.000000
v -59.641106 -20.694792 7.000000
v -55.000000 -9.750006 2.100000
v -59.595718 -20.702381 7.000000
v -55.079758 -9.750984 2.100000
v -59.550240 -20.709412 7.000000
v -55.159470 -9.753920 2.100000
v -59.504677 -20.715885 7.000000
v -55.239086 -9.758812 2.100000
v -59.459038 -20.721798 7.000000
v -55.318558 -9.765656 2.100000
v -59.413334 -20.727152 7.000000
v -55.397835 -9.774446 2.100000
v -59.367565 -20.731943 7.000000
v -55.476875 -9.785181 2.100000
v -59.321739 -20.736172 7.000000
v -55.555626 -9.797853 2.100000
v -55.634045 -9.812454 2.100000
v -59.275867 -20.739840 7.000000
v -55.712078 -9.828974 2.100000
v -59.229950 -20.742943 7.000000
v -55.789684 -9.847404 2.100000
v -59.184006 -20.745483 7.000000
v -55.866817 -9.867733 2.100000
v -59.138027 -20.747459 7.000000
v -55.943424 -9.889950 2.100000
v -59.092030 -20.748871 7.000000
v -56.019466 -9.914040 2.100000
v -59.046021 -20.749718 7.000000
v -59.000000 -20.750000 7.000000
v -56.094894 -9.939987 2.100000
v -59.000000 20.750000 7.000000
v -56.169659 -9.967779 2.100000
v -59.046021 20.749718 7.000000
v -56.243721 -9.997396 2.100000
v -59.092030 20.748871 7.000000
v -56.317036 -10.028824 2.100000
v -59.138027 20.747459 7.000000
v -56.389553 -10.062040 2.100000
v -59.184006 20.745483 7.000000
v -56.461239 -10.097027 2.100000
v -56.532040 -10.133762 2.100000
v -59.229950 20.742943 7.000000
v -56.601921 -10.172224 2.100000
v -59.275867 20.739840 7.000000
v -56.670834 -10.212387 2.100000
v -59.321739 20.736172 7.000000
v -56.738743 -10.254232 2.100000
v -59.367565 20.731943 7.000000
v -59.413334 20.727152 7.000000
v -56.805603 -10.297729 2.100000
v -59.459038 20.721798 7.000000
v -56.871376 -10.342855 2.100000
v -59.504677 20.715885 7.000000
v -56.936024 -10.389582 2.100000
v -59.550240 20.709412 7.000000
v -56.999504 -10.437880 2.100000
v -57.061779 -10.487722 2.100000
v -59.595718 20.702381 7.000000
v -57.122814 -10.539076 2.100000
v -59.641106 20.694792 7.000000
v -59.686401 20.686646 7.000000
v -57.182568 -10.591915 2.100000
v -57.241009 -10.646202 2.100000
v -59.731590 20.677944 7.000000
v -57.298096 -10.701910 2.100000
v -59.776669 20.668690 7.000000
v -57.353806 -10.758999 2.100000
v -59.821632 20.658882 7.000000
v -57.408092 -10.817438 2.100000
v -59.866470 20.648525 7.000000
v -57.460930 -10.877193 2.100000
v -59.911175 20.637617 7.000000
v -57.512283 -10.938227 2.100000
v -59.955746 20.626162 7.000000
v -57.562126 -11.000502 2.100000
v -60.000175 20.614161 7.000000
v -60.044449 20.601614 7.000000
v -57.610424 -11.063982 2.100000
v -57.657150 -11.128630 2.100000
v -60.088570 20.588526 7.000000
v -57.702278 -11.194403 2.100000
v -60.132523 20.574898 7.000000
v -57.745773 -11.261263 2.100000
v -60.176308 20.560730 7.000000
v -57.787617 -11.329172 2.100000
v -60.219913 20.546028 7.000000
v -57.827782 -11.398087 2.100000
v -60.263336 20.530790 7.000000
v -57.866245 -11.467966 2.100000
v -60.306572 20.515022 7.000000
v -60.349606 20.498722 7.000000
v -57.902981 -11.538769 2.100000
v -57.937965 -11.610453 2.100000
v -60.392441 20.481897 7.000000
v -57.971184 -11.682970 2.100000
v -60.435062 20.464548 7.000000
v -60.477470 20.446676 7.000000
v -58.002609 -11.756285 2.100000
v -58.032227 -11.830347 2.100000
v -60.519653 20.428288 7.000000
v -58.060020 -11.905113 2.100000
v -60.561611 20.409380 7.000000
v -58.085968 -11.980539 2.100000
v -60.603333 20.389959 7.000000
v -58.110058 -12.056581 2.100000
v -60.644814 20.370029 7.000000
v -58.132275 -12.133188 2.100000
v -60.686043 20.349590 7.000000
v -58.152603 -12.210321 2.100000
v -60.727020 20.328648 7.000000
v -58.171032 -12.287928 2.100000
v -60.767738 20.307205 7.000000
v -58.187553 -12.365961 2.100000
v -60.808189 20.285263 7.000000
v -60.848366 20.262827 7.000000
v -58.202152 -12.444380 2.100000
v -60.888268 20.239899 7.000000
v -58.214825 -12.523130 2.100000
v -60.927887 20.216482 7.000000
v -58.225559 -12.602171 2.100000
v -58.234352 -12.681450 2.100000
v -60.967209 20.192581 7.000000
v -61.006241 20.168201 7.000000
v -58.241196 -12.760920 2.100000
v -61.044968 20.143343 7.000000
v -58.246086 -12.840536 2.100000
v -61.083389 20.118011 7.000000
v -58.249023 -12.920248 2.100000
v -61.121494 20.092209 7.000000
v -58.250000 -13.000006 2.100000
v -61.159279 20.065943 7.000000
v -58.249023 -13.079763 2.100000
v -61.196739 20.039215 7.000000
v -58.246086 -13.159475 2.100000
v -61.233871 20.012028 7.000000
v -58.241196 -13.239092 2.100000
v -61.270668 19.984388 7.000000
v -58.234352 -13.318562 2.100000
v -61.307117 19.956299 7.000000
v -58.225559 -13.397840 2.100000
v -61.343224 19.927765 7.000000
v -58.214825 -13.476881 2.100000
v -61.378975 19.898788 7.000000
v -58.202152 -13.555632 2.100000
v -61.414368 19.869377 7.000000
v -58.187553 -13.634050 2.100000
v -58.171032 -13.712084 2.100000
v -61.449398 19.839533 7.000000
v -58.152603 -13.789690 2.100000
v -61.484058 19.809261 7.000000
v -58.132275 -13.866823 2.100000
v -61.518349 19.778566 7.000000
v -58.110058 -13.943430 2.100000
v -61.552254 19.747454 7.000000
v -58.085968 -14.019472 2.100000
v -61.585777 19.715927 7.000000
v -58.060020 -14.094898 2.100000
v -61.618912 19.683990 7.000000
v -58.032227 -14.169664 2.100000
v -61.651649 19.651649 7.000000
v -58.002609 -14.243727 2.100000
v -61.683990 19.618912 7.000000
v -57.971184 -14.317041 2.100000
v -61.715927 19.585777 7.000000
v -61.747452 19.552254 7.000000
v -57.937965 -14.389559 2.100000
v -61.778564 19.518347 7.000000
v -57.902981 -14.461243 2.100000
v -61.809261 19.484058 7.000000
v -57.866245 -14.532045 2.100000
v -61.839531 19.449398 7.000000
v -57.827782 -14.601925 2.100000
v -61.869377 19.414368 7.000000
v -57.787617 -14.670839 2.100000
v -61.898788 19.378975 7.000000
v -57.745773 -14.738749 2.100000
v -61.927765 19.343224 7.000000
v -57.702278 -14.805609 2.100000
v -61.956299 19.307117 7.000000
v -57.657150 -14.871382 2.100000
v -61.984390 19.270666 7.000000
v -57.610424 -14.936029 2.100000
v -62.012028 19.233871 7.000000
v -57.562126 -14.999510 2.100000
v -62.039215 19.196741 7.000000
v -57.512283 -15.061785 2.100000
v -62.065941 19.159281 7.000000
v -57.460930 -15.122818 2.100000
v -62.092209 19.121494 7.000000
v -57.408092 -15.182573 2.100000
v -62.118011 19.083389 7.000000
v -57.353806 -15.241013 2.100000
v -57.298096 -15.298101 2.100000
v -62.143341 19.044968 7.000000
v -57.241009 -15.353809 2.100000
v -62.168201 19.006241 7.000000
v -57.182568 -15.408096 2.100000
v -62.192581 18.967211 7.000000
v -62.216484 18.927885 7.000000
v -57.122814 -15.460936 2.100000
v -57.061779 -15.512289 2.100000
v -62.239899 18.888269 7.000000
v -62.262825 18.848368 7.000000
v -56.999504 -15.562132 2.100000
v -56.936024 -15.610430 2.100000
v -62.285263 18.808189 7.000000
v -56.871376 -15.657156 2.100000
v -62.307205 18.767738 7.000000
v -62.328648 18.727020 7.000000
v -56.805603 -15.702282 2.100000
v -62.349590 18.686043 7.000000
v -56.738743 -15.745779 2.100000
v -62.370029 18.644812 7.000000
v -56.670834 -15.787622 2.100000
v -62.389961 18.603333 7.000000
v -56.601921 -15.827787 2.100000
v -62.409378 18.561611 7.000000
v -56.532040 -15.866251 2.100000
v -62.428288 18.519655 7.000000
v -56.461239 -15.902985 2.100000
v -62.446678 18.477470 7.000000
v -56.389553 -15.937971 2.100000
v -62.464546 18.435062 7.000000
v -56.317036 -15.971188 2.100000
v -56.243721 -16.002615 2.100000
v -62.481895 18.392439 7.000000
v -56.169659 -16.032232 2.100000
v -62.498722 18.349606 7.000000
v -62.515022 18.306570 7.000000
v -56.094894 -16.060024 2.100000
v -56.019466 -16.085972 2.100000
v -62.530792 18.263336 7.000000
v -55.943424 -16.110062 2.100000
v -62.546028 18.219913 7.000000
v -55.866817 -16.132278 2.100000
v -62.560730 18.176306 7.000000
v -62.574898 18.132523 7.000000
v -55.789684 -16.152607 2.100000
v -55.712078 -16.171038 2.100000
v -62.588524 18.088568 7.000000
v -62.601616 18.044449 7.000000
v -55.634045 -16.187557 2.100000
v -55.555626 -16.202158 2.100000
v -62.614159 18.000174 7.000000
v -55.476875 -16.214830 2.100000
v -62.626160 17.955746 7.000000
v -55.397835 -16.225565 2.100000
v -62.637619 17.911175 7.000000
v -55.318558 -16.234356 2.100000
v -62.648525 17.866468 7.000000
v -55.239086 -16.241199 2.100000
v -62.658882 17.821630 7.000000
v -62.668690 17.776669 7.000000
v -55.159470 -16.246092 2.100000
v -55.079758 -16.249027 2.100000
v -62.677944 17.731588 7.000000
v -62.686646 17.686399 7.000000
v -62.694794 17.641108 7.000000
v -62.702381 17.595718 7.000000
v -62.709412 17.550240 7.000000
v -62.715885 17.504677 7.000000
v -62.721798 17.459040 7.000000
v -62.727150 17.413334 7.000000
v -62.731941 17.367565 7.000000
v -62.736172 17.321739 7.000000
v -62.739838 17.275867 7.000000
v -62.742943 17.229952 7.000000
v -62.745483 17.184004 7.000000
v -62.747459 17.138027 7.000000
v -62.748871 17.092030 7.000000
v -62.749718 17.046019 7.000000
v -62.750000 17.000000 7.000000
v -24.980360 18.599838 0.799999
v -25.006594 18.600000 0.799999
v -24.960726 18.599478 0.799999
v -24.941107 18.598875 0.799999
v -24.921509 18.598034 0.799999
v -24.901892 18.596949 0.799999
v -24.882311 18.595625 0.799999
v -24.862726 18.594059 0.799999
v -24.843143 18.592253 0.799999
v -24.823668 18.590214 0.799999
v -24.804163 18.587929 0.799999
v -24.784674 18.585403 0.799999
v -24.765221 18.582640 0.799999
v -24.745811 18.579639 0.799999
v -24.726490 18.576408 0.799999
v -24.707176 18.572935 0.799999
v -24.687866 18.569216 0.799999
v -24.668629 18.565268 0.799999
v -24.649429 18.561079 0.799999
v -24.630308 18.556664 0.799999
v -24.611261 18.552015 0.799999
v -24.592209 18.547119 0.799999
v -24.573273 18.542004 0.799999
v -24.554399 18.536655 0.799999
v -24.535542 18.531061 0.799999
v -24.516813 18.525253 0.799999
v -24.498114 18.519203 0.799999
v -24.479502 18.512928 0.799999
v -24.460983 18.506430 0.799999
v -24.442566 18.499712 0.799999
v -24.424217 18.492764 0.799999
v -24.405890 18.485565 0.799999
v -24.387720 18.478168 0.799999
v -24.369600 18.470533 0.799999
v -24.351616 18.462692 0.799999
v -24.333752 18.454643 0.799999
v -24.315922 18.446342 0.799999
v -24.298243 18.437849 0.799999
v -24.280668 18.429136 0.799999
v -24.263130 18.420174 0.799999
v -24.245762 18.411026 0.799999
v -24.228533 18.401680 0.799999
v -24.211376 18.392101 0.799999
v -24.194370 18.382328 0.799999
v -24.177488 18.372351 0.799999
v -24.160666 18.362125 0.799999
v -24.144012 18.351723 0.799999
v -24.127493 18.341120 0.799999
v -24.111120 18.330324 0.799999
v -24.094873 18.319323 0.799999
v -24.078714 18.308090 0.799999
v -24.062763 18.296709 0.799999
v -24.046909 18.285101 0.799999
v -24.031204 18.273304 0.799999
v -24.015642 18.261312 0.799999
v -24.000244 18.249144 0.799999
v -23.985014 18.236799 0.799999
v -23.969893 18.224234 0.799999
v -23.954952 18.211506 0.799999
v -23.940153 18.198580 0.799999
v -23.925520 18.185480 0.799999
v -23.911060 18.172211 0.799999
v -23.896757 18.158760 0.799999
v -23.882658 18.145172 0.799999
v -23.868658 18.131342 0.799999
v -23.854828 18.117342 0.799999
v -23.841240 18.103243 0.799999
v -23.827789 18.088940 0.799999
v -23.814520 18.074480 0.799999
v -23.801420 18.059847 0.799999
v -23.788494 18.045048 0.799999
v -23.775766 18.030107 0.799999
v -23.763201 18.014986 0.799999
v -23.750856 17.999756 0.799999
v -23.738689 17.984358 0.799999
v -23.726696 17.968796 0.799999
v -23.714899 17.953091 0.799999
v -23.703291 17.937237 0.799999
v -23.691908 17.921286 0.799999
v -23.680677 17.905127 0.799999
v -23.669676 17.888880 0.799999
v -23.658880 17.872507 0.799999
v -23.648277 17.855988 0.799999
v -23.637875 17.839334 0.799999
v -23.627649 17.822512 0.799999
v -23.617672 17.805630 0.799999
v -23.607899 17.788624 0.799999
v -23.598320 17.771467 0.799999
v -23.588974 17.754238 0.799999
v -23.579826 17.736870 0.799999
v -23.570864 17.719332 0.799999
v -23.562151 17.701757 0.799999
v -23.553658 17.684078 0.799999
v -23.545357 17.666248 0.799999
v -23.537308 17.648384 0.799999
v -23.529467 17.630400 0.799999
v -23.521832 17.612280 0.799999
v -23.514437 17.594110 0.799999
v -23.507236 17.575783 0.799999
v -23.500288 17.557434 0.799999
v -23.493570 17.539017 0.799999
v -23.487072 17.520500 0.799999
v -23.480797 17.501886 0.799999
v -23.474747 17.483187 0.799999
v -23.468939 17.464458 0.799999
v -23.463345 17.445601 0.799999
v -23.457996 17.426727 0.799999
v -23.452881 17.407791 0.799999
v -23.447985 17.388739 0.799999
v -23.443336 17.369692 0.799999
v -23.438921 17.350571 0.799999
v -23.434732 17.331371 0.799999
v -23.430782 17.312134 0.799999
v -23.427065 17.292824 0.799999
v -23.423592 17.273510 0.799999
v -23.420361 17.254189 0.799999
v -23.417360 17.234779 0.799999
v -23.414597 17.215326 0.799999
v -23.412071 17.195837 0.799999
v -23.409786 17.176332 0.799999
v -23.407747 17.156857 0.799999
v -23.405941 17.137274 0.799999
v -23.404375 17.117689 0.799999
v -23.403051 17.098108 0.799999
v -23.401966 17.078491 0.799999
v -23.401125 17.058893 0.799999
v -23.400522 17.039274 0.799999
v -23.400162 17.019640 0.799999
v -23.400000 16.993406 0.799999
v -25.006594 -18.600000 0.799999
v -24.980360 -18.599838 0.799999
v -24.960726 -18.599478 0.799999
v -24.941107 -18.598875 0.799999
v -24.921509 -18.598034 0.799999
v -24.901892 -18.596949 0.799999
v -24.882311 -18.595625 0.799999
v -24.862726 -18.594059 0.799999
v -24.843143 -18.592253 0.799999
v -24.823668 -18.590214 0.799999
v -24.804163 -18.587929 0.799999
v -24.784674 -18.585403 0.799999
v -24.765221 -18.582640 0.799999
v -24.745811 -18.579639 0.799999
v -24.726490 -18.576408 0.799999
v -24.707176 -18.572935 0.799999
v -24.687866 -18.569216 0.799999
v -24.668629 -18.565268 0.799999
v -24.649429 -18.561079 0.799999
v -24.630308 -18.556664 0.799999
v -24.611261 -18.552015 0.799999
v -24.592209 -18.547119 0.799999
v -24.573273 -18.542004 0.799999
v -24.554399 -18.536655 0.799999
v -24.535542 -18.531061 0.799999
v -24.516813 -18.525253 0.799999
v -24.498114 -18.519203 0.799999
v -24.479502 -18.512928 0.799999
v -24.460983 -18.506430 0.799999
v -24.442566 -18.499712 0.799999
v -24.424217 -18.492764 0.799999
v -24.405890 -18.485565 0.799999
v -24.387720 -18.478168 0.799999
v -24.369600 -18.470533 0.799999
v -24.351616 -18.462692 0.799999
v -24.333752 -18.454643 0.799999
v -24.315922 -18.446342 0.799999
v -24.298243 -18.437849 0.799999
v -24.280668 -18.429136 0.799999
v -24.263130 -18.420174 0.799999
v -24.245762 -18.411026 0.799999
v -24.228533 -18.401680 0.799999
v -24.211376 -18.392101 0.799999
v -24.194370 -18.382328 0.799999
v -24.177488 -18.372351 0.799999
v -24.160666 -18.362125 0.799999
v -24.144012 -18.351723 0.799999
v -24.127493 -18.341120 0.799999
v -24.111120 -18.330324 0.799999
v -24.094873 -18.319323 0.799999
v -24.078714 -18.308090 0.799999
v -24.062763 -18.296709 0.799999
v -24.046909 -18.285101 0.799999
v -24.031204 -18.273304 0.799999
v -24.015642 -18.261312 0.799999
v -24.000244 -18.249144 0.799999
v -23.985014 -18.236799 0.799999
v -23.969893 -18.224234 0.799999
v -23.954952 -18.211506 0.799999
v -23.940153 -18.198580 0.799999
v -23.925520 -18.185480 0.799999
v -23.911060 -18.172211 0.799999
v -23.896757 -18.158760 0.799999
v -23.882658 -18.145172 0.799999
v -23.868658 -18.131342 0.799999
v -23.854828 -18.117342 0.799999
v -23.841240 -18.103243 0.799999
v -23.827789 -18.088940 0.799999
v -23.814520 -18.074480 0.799999
v -23.801420 -18.059847 0.799999
v -23.788494 -18.045048 0.799999
v -23.775766 -18.030107 0.799999
v -23.763201 -18.014986 0.799999
v -23.750856 -17.999756 0.799999
v -23.738689 -17.984358 0.799999
v -23.726696 -17.968796 0.799999
v -23.714899 -17.953091 0.799999
v -23.703291 -17.937237 0.799999
v -23.691908 -17.921286 0.799999
v -23.680677 -17.905127 0.799999
v -23.669676 -17.888880 0.799999
v -23.658880 -17.872507 0.799999
v -23.648277 -17.855988 0.799999
v -23.637875 -17.839334 0.799999
v -23.627649 -17.822512 0.799999
v -23.617672 -17.805630 0.799999
v -23.607899 -17.788624 0.799999
v -23.598320 -17.771467 0.799999
v -23.588974 -17.754238 0.799999
v -23.579826 -17.736870 0.799999
v -23.570864 -17.719332 0.799999
v -23.562151 -17.701757 0.799999
v -23.553658 -17.684078 0.799999
v -23.545357 -17.666248 0.799999
v -23.537308 -17.648384 0.799999
v -23.529467 -17.630400 0.799999
v -23.521832 -17.612280 0.799999
v -23.514437 -17.594110 0.799999
v -23.507236 -17.575783 0.799999
v -23.500288 -17.557434 0.799999
v -23.493570 -17.539017 0.799999
v -23.487072 -17.520500 0.799999
v -23.480797 -17.501886 0.799999
v -23.474747 -17.483187 0.799999
v -23.468939 -17.464458 0.799999
v -23.463345 -17.445601 0.799999
v -23.457996 -17.426727 0.799999
v -23.452881 -17.407791 0.799999
v -23.447985 -17.388739 0.799999
v -23.443336 -17.369692 0.799999
v -23.438921 -17.350571 0.799999
v -28.999996 -16.250006 0.000000
v -23.434732 -17.331371 0.799999
v -28.920238 -16.249027 0.000000
v -23.430782 -17.312134 0.799999
v -28.840527 -16.246092 0.000000
v -23.427065 -17.292824 0.799999
v -28.760912 -16.241199 0.000000
v -23.423592 -17.273510 0.799999
v -28.681442 -16.234356 0.000000
v -23.420361 -17.254189 0.799999
v -28.602161 -16.225565 0.000000
v -23.417360 -17.234779 0.799999
v -28.523123 -16.214830 0.000000
v -23.414597 -17.215326 0.799999
v -28.444370 -16.202158 0.000000
v -23.412071 -17.195837 0.799999
v -28.365953 -16.187557 0.000000
v -23.409786 -17.176332 0.799999
v -28.287918 -16.171038 0.000000
v -23.407747 -17.156857 0.799999
v -28.210312 -16.152607 0.000000
v -23.405941 -17.137274 0.799999
v -28.133181 -16.132278 0.000000
v -23.404375 -17.117689 0.799999
v -28.056572 -16.110062 0.000000
v -23.403051 -17.098108 0.799999
v -23.401966 -17.078491 0.799999
v -27.980532 -16.085972 0.000000
v -27.905106 -16.060024 0.000000
v -23.401125 -17.058893 0.799999
v -23.400522 -17.039274 0.799999
v -27.830338 -16.032232 0.000000
v -23.400162 -17.019640 0.799999
v -27.756275 -16.002615 0.000000
v -23.400000 -16.993406 0.799999
v -27.682962 -15.971188 0.000000
v -60.599998 -16.993406 0.799999
v -27.610443 -15.937971 0.000000
v -60.599838 -17.019640 0.799999
v -27.538761 -15.902985 0.000000
v -60.599480 -17.039274 0.799999
v -27.467957 -15.866251 0.000000
v -60.598877 -17.058893 0.799999
v -27.398079 -15.827787 0.000000
v -27.329163 -15.787622 0.000000
v -60.598034 -17.078491 0.799999
v -60.596947 -17.098108 0.799999
v -27.261253 -15.745779 0.000000
v -27.194393 -15.702282 0.000000
v -60.595627 -17.117689 0.799999
v -60.594059 -17.137274 0.799999
v -27.128620 -15.657156 0.000000
v -60.592255 -17.156857 0.799999
v -27.063974 -15.610430 0.000000
v -60.590214 -17.176332 0.799999
v -27.000494 -15.562132 0.000000
v -60.587929 -17.195837 0.799999
v -26.938219 -15.512289 0.000000
v -60.585403 -17.215326 0.799999
v -26.877186 -15.460936 0.000000
v -60.582642 -17.234779 0.799999
v -26.817430 -15.408096 0.000000
v -60.579639 -17.254189 0.799999
v -26.758991 -15.353809 0.000000
v -60.576408 -17.273510 0.799999
v -26.701900 -15.298101 0.000000
v -60.572937 -17.292824 0.799999
v -26.646194 -15.241013 0.000000
v -60.569214 -17.312134 0.799999
v -26.591908 -15.182573 0.000000
v -60.565269 -17.331371 0.799999
v -26.539068 -15.122818 0.000000
v -60.561081 -17.350571 0.799999
v -26.487713 -15.061785 0.000000
v -60.556664 -17.369692 0.799999
v -26.437870 -14.999510 0.000000
v -60.552017 -17.388739 0.799999
v -26.389572 -14.936029 0.000000
v -60.547119 -17.407791 0.799999
v -26.342846 -14.871382 0.000000
v -60.542004 -17.426727 0.799999
v -26.297722 -14.805609 0.000000
v -26.254223 -14.738749 0.000000
v -60.536655 -17.445601 0.799999
v -26.212379 -14.670839 0.000000
v -60.531059 -17.464458 0.799999
v -26.172215 -14.601925 0.000000
v -60.525253 -17.483187 0.799999
v -26.133755 -14.532045 0.000000
v -60.519203 -17.501886 0.799999
v -60.512928 -17.520498 0.799999
v -26.097019 -14.461243 0.000000
v -26.062031 -14.389559 0.000000
v -60.506432 -17.539017 0.799999
v -60.499710 -17.557434 0.799999
v -26.028816 -14.317041 0.000000
v -60.492764 -17.575783 0.799999
v -25.997387 -14.243727 0.000000
v -25.967770 -14.169664 0.000000
v -60.485565 -17.594110 0.799999
v -25.939980 -14.094898 0.000000
v -60.478168 -17.612280 0.799999
v -60.470535 -17.630400 0.799999
v -25.914032 -14.019472 0.000000
v -60.462692 -17.648384 0.799999
v -25.889942 -13.943430 0.000000
v -25.867725 -13.866823 0.000000
v -60.454643 -17.666248 0.799999
v -60.446342 -17.684078 0.799999
v -25.847397 -13.789690 0.000000
v -60.437851 -17.701757 0.799999
v -25.828964 -13.712084 0.000000
v -60.429138 -17.719332 0.799999
v -25.812447 -13.634050 0.000000
v -25.797844 -13.555632 0.000000
v -60.420174 -17.736870 0.799999
v -60.411026 -17.754238 0.799999
v -25.785172 -13.476881 0.000000
v -60.401680 -17.771467 0.799999
v -25.774437 -13.397840 0.000000
v -60.392101 -17.788624 0.799999
v -25.765648 -13.318562 0.000000
v -25.758804 -13.239092 0.000000
v -60.382328 -17.805630 0.799999
v -25.753910 -13.159475 0.000000
v -60.372353 -17.822512 0.799999
v -60.362125 -17.839334 0.799999
v -25.750977 -13.079763 0.000000
v -25.749996 -13.000006 0.000000
v -60.351723 -17.855988 0.799999
v -25.750977 -12.920248 0.000000
v -60.341118 -17.872507 0.799999
v -25.753910 -12.840536 0.000000
v -60.330322 -17.888880 0.799999
v -25.758804 -12.760920 0.000000
v -60.319321 -17.905127 0.799999
v -25.765648 -12.681450 0.000000
v -60.308090 -17.921286 0.799999
v -60.296707 -17.937237 0.799999
v -25.774437 -12.602171 0.000000
v -25.785172 -12.523130 0.000000
v -60.285103 -17.953091 0.799999
v -25.797844 -12.444380 0.000000
v -60.273304 -17.968796 0.799999
v -25.812447 -12.365961 0.000000
v -60.261314 -17.984358 0.799999
v -60.249146 -17.999756 0.799999
v -25.828964 -12.287928 0.000000
v -60.236801 -18.014986 0.799999
v -25.847397 -12.210321 0.000000
v -60.224236 -18.030107 0.799999
v -25.867725 -12.133188 0.000000
v -60.211506 -18.045048 0.799999
v -25.889942 -12.056581 0.000000
v -60.198578 -18.059847 0.799999
v -25.914032 -11.980539 0.000000
v -60.185478 -18.074480 0.799999
v -25.939980 -11.905113 0.000000
v -60.172211 -18.088940 0.799999
v -25.967770 -11.830347 0.000000
v -60.158760 -18.103243 0.799999
v -25.997387 -11.756285 0.000000
v -60.145172 -18.117342 0.799999
v -26.028816 -11.682970 0.000000
v -60.131340 -18.131342 0.799999
v -26.062031 -11.610453 0.000000
v -60.117340 -18.145172 0.799999
v -26.097019 -11.538769 0.000000
v -60.103241 -18.158760 0.799999
v -26.133755 -11.467966 0.000000
v -60.088940 -18.172211 0.799999
v -26.172215 -11.398087 0.000000
v -60.074478 -18.185480 0.799999
v -26.212379 -11.329172 0.000000
v -60.059845 -18.198580 0.799999
v -26.254223 -11.261263 0.000000
v -60.045048 -18.211506 0.799999
v -26.297722 -11.194403 0.000000
v -60.030106 -18.224234 0.799999
v -26.342846 -11.128630 0.000000
v -60.014984 -18.236799 0.799999
v -26.389572 -11.063982 0.000000
v -59.999756 -18.249144 0.799999
v -26.437870 -11.000502 0.000000
v -59.984360 -18.261311 0.799999
v -26.487713 -10.938227 0.000000
v -59.968796 -18.273304 0.799999
v -26.539068 -10.877193 0.000000
v -59.953091 -18.285101 0.799999
v -26.591908 -10.817438 0.000000
v -59.937237 -18.296709 0.799999
v -26.646194 -10.758999 0.000000
v -59.921288 -18.308092 0.799999
v -26.701900 -10.701910 0.000000
v -26.758991 -10.646202 0.000000
v -59.905128 -18.319323 0.799999
v -26.817430 -10.591915 0.000000
v -59.888878 -18.330324 0.799999
v -26.877186 -10.539076 0.000000
v -59.872505 -18.341120 0.799999
v -26.938219 -10.487722 0.000000
v -59.855988 -18.351723 0.799999
v -27.000494 -10.437880 0.000000
v -59.839333 -18.362125 0.799999
v -27.063974 -10.389582 0.000000
v -59.822510 -18.372351 0.799999
v -27.128620 -10.342855 0.000000
v -59.805630 -18.382328 0.799999
v -27.194393 -10.297729 0.000000
v -59.788624 -18.392101 0.799999
v -27.261253 -10.254232 0.000000
v -59.771469 -18.401680 0.799999
v -27.329163 -10.212387 0.000000
v -59.754238 -18.411026 0.799999
v -27.398079 -10.172224 0.000000
v -59.736870 -18.420174 0.799999
v -27.467957 -10.133762 0.000000
v -59.719330 -18.429136 0.799999
v -27.538761 -10.097027 0.000000
v -59.701759 -18.437849 0.799999
v -27.610443 -10.062040 0.000000
v -59.684078 -18.446342 0.799999
v -27.682962 -10.028824 0.000000
v -59.666248 -18.454643 0.799999
v -27.756275 -9.997396 0.000000
v -59.648384 -18.462692 0.799999
v -27.830338 -9.967779 0.000000
v -59.630402 -18.470533 0.799999
v -27.905106 -9.939987 0.000000
v -59.612282 -18.478168 0.799999
v -27.980532 -9.914040 0.000000
v -59.594109 -18.485563 0.799999
v -28.056572 -9.889950 0.000000
v -59.575783 -18.492764 0.799999
v -28.133181 -9.867733 0.000000
v -59.557434 -18.499712 0.799999
v -28.210312 -9.847404 0.000000
v -59.539017 -18.506430 0.799999
v -28.287918 -9.828974 0.000000
v -59.520500 -18.512928 0.799999
v -28.365953 -9.812454 0.000000
v -59.501884 -18.519203 0.799999
v -28.444370 -9.797853 0.000000
v -59.483185 -18.525253 0.799999
v -28.523123 -9.785181 0.000000
v -59.464458 -18.531061 0.799999
v -28.602161 -9.774446 0.000000
v -59.445602 -18.536655 0.799999
v -28.681442 -9.765656 0.000000
v -59.426727 -18.542004 0.799999
v -28.760912 -9.758812 0.000000
v -59.407791 -18.547119 0.799999
v -28.840527 -9.753920 0.000000
v -59.388741 -18.552015 0.799999
v -59.369690 -18.556664 0.799999
v -28.920238 -9.750984 0.000000
v -28.999996 -9.750006 0.000000
v -59.350571 -18.561079 0.799999
v -59.331371 -18.565268 0.799999
v -29.079756 -9.750984 0.000000
v -29.159466 -9.753920 0.000000
v -59.312134 -18.569218 0.799999
v -29.239082 -9.758812 0.000000
v -59.292824 -18.572935 0.799999
v -29.318554 -9.765656 0.000000
v -59.273510 -18.576408 0.799999
v -29.397831 -9.774446 0.000000
v -59.254189 -18.579639 0.799999
v -29.476871 -9.785181 0.000000
v -59.234779 -18.582640 0.799999
v -29.555622 -9.797853 0.000000
v -59.215324 -18.585403 0.799999
v -29.634041 -9.812454 0.000000
v -59.195839 -18.587929 0.799999
v -29.712076 -9.828974 0.000000
v -59.176331 -18.590214 0.799999
v -29.789682 -9.847404 0.000000
v -59.156857 -18.592253 0.799999
v -29.866814 -9.867733 0.000000
v -59.137276 -18.594059 0.799999
v -29.943422 -9.889950 0.000000
v -59.117691 -18.595625 0.799999
v -30.019463 -9.914040 0.000000
v -59.098106 -18.596949 0.799999
v -30.094891 -9.939987 0.000000
v -59.078491 -18.598034 0.799999
v -30.169655 -9.967779 0.000000
v -59.058891 -18.598875 0.799999
v -30.243717 -9.997396 0.000000
v -59.039276 -18.599478 0.799999
v -59.019638 -18.599838 0.799999
v -30.317032 -10.028824 0.000000
v -58.993408 -18.600000 0.799999
v -30.389551 -10.062040 0.000000
v -58.993408 18.600000 0.799999
v -30.461235 -10.097027 0.000000
v -59.019638 18.599838 0.799999
v -30.532036 -10.133762 0.000000
v -59.039276 18.599478 0.799999
v -30.601917 -10.172224 0.000000
v -59.058891 18.598875 0.799999
v -30.670830 -10.212387 0.000000
v -59.078491 18.598034 0.799999
v -30.738739 -10.254232 0.000000
v -59.098106 18.596949 0.799999
v -30.805599 -10.297729 0.000000
v -30.871374 -10.342855 0.000000
v -59.117691 18.595625 0.799999
v -59.137276 18.594059 0.799999
v -30.936020 -10.389582 0.000000
v -30.999500 -10.437880 0.000000
v -59.156857 18.592253 0.799999
v -31.061775 -10.487722 0.000000
v -59.176331 18.590214 0.799999
v -31.122810 -10.539076 0.000000
v -59.195839 18.587929 0.799999
v -31.182564 -10.591915 0.000000
v -59.215324 18.585403 0.799999
v -59.234779 18.582640 0.799999
v -31.241005 -10.646202 0.000000
v -31.298094 -10.701910 0.000000
v -59.254189 18.579639 0.799999
v -31.353802 -10.758999 0.000000
v -59.273510 18.576408 0.799999
v -31.408089 -10.817438 0.000000
v -59.292824 18.572935 0.799999
v -31.460926 -10.877193 0.000000
v -59.312134 18.569216 0.799999
v -31.512280 -10.938227 0.000000
v -59.331371 18.565268 0.799999
v -31.562122 -11.000502 0.000000
v -59.350571 18.561079 0.799999
v -31.610420 -11.063982 0.000000
v -59.369690 18.556664 0.799999
v -59.388741 18.552015 0.799999
v -31.657146 -11.128630 0.000000
v -59.407791 18.547119 0.799999
v -31.702274 -11.194403 0.000000
v -59.426727 18.542004 0.799999
v -31.745771 -11.261263 0.000000
v -59.445602 18.536655 0.799999
v -31.787615 -11.329172 0.000000
v -59.464458 18.531061 0.799999
v -31.827780 -11.398087 0.000000
v -31.866241 -11.467966 0.000000
v -59.483185 18.525253 0.799999
v -59.501884 18.519203 0.799999
v -31.902977 -11.538769 0.000000
v -59.520500 18.512928 0.799999
v -31.937962 -11.610453 0.000000
v -59.539017 18.506430 0.799999
v -31.971180 -11.682970 0.000000
v -59.557434 18.499712 0.799999
v -32.002605 -11.756285 0.000000
v -59.575783 18.492764 0.799999
v -32.032223 -11.830347 0.000000
v -32.060017 -11.905113 0.000000
v -59.594109 18.485565 0.799999
v -32.085964 -11.980539 0.000000
v -59.612282 18.478168 0.799999
v -32.110054 -12.056581 0.000000
v -59.630402 18.470533 0.799999
v -59.648384 18.462692 0.799999
v -32.132271 -12.133188 0.000000
v -32.152599 -12.210321 0.000000
v -59.666248 18.454643 0.799999
v -32.171028 -12.287928 0.000000
v -59.684078 18.446342 0.799999
v -32.187550 -12.365961 0.000000
v -59.701759 18.437849 0.799999
v -32.202148 -12.444380 0.000000
v -59.719330 18.429136 0.799999
v -32.214821 -12.523130 0.000000
v -59.736870 18.420174 0.799999
v -32.225555 -12.602171 0.000000
v -59.754238 18.411026 0.799999
v -32.234348 -12.681450 0.000000
v -59.771469 18.401680 0.799999
v -32.241192 -12.760920 0.000000
v -59.788624 18.392101 0.799999
v -32.246082 -12.840536 0.000000
v -59.805630 18.382328 0.799999
v -59.822510 18.372351 0.799999
v -32.249020 -12.920248 0.000000
v -59.839333 18.362125 0.799999
v -32.249996 -13.000006 0.000000
v -32.249020 -13.079763 0.000000
v -59.855988 18.351723 0.799999
v -59.872505 18.341120 0.799999
v -32.246082 -13.159475 0.000000
v -59.888878 18.330324 0.799999
v -32.241192 -13.239092 0.000000
v -32.234348 -13.318562 0.000000
v -59.905128 18.319323 0.799999
v -32.225555 -13.397840 0.000000
v -59.921288 18.308090 0.799999
v -32.214821 -13.476881 0.000000
v -59.937237 18.296709 0.799999
v -32.202148 -13.555632 0.000000
v -59.953091 18.285101 0.799999
v -32.187550 -13.634050 0.000000
v -59.968796 18.273304 0.799999
v -32.171028 -13.712084 0.000000
v -59.984360 18.261312 0.799999
v -32.152599 -13.789690 0.000000
v -59.999756 18.249144 0.799999
v -32.132271 -13.866823 0.000000
v -60.014984 18.236799 0.799999
v -32.110054 -13.943430 0.000000
v -60.030106 18.224234 0.799999
v -32.085964 -14.019472 0.000000
v -60.045048 18.211506 0.799999
v -32.060017 -14.094898 0.000000
v -60.059845 18.198580 0.799999
v -32.032223 -14.169664 0.000000
v -60.074478 18.185480 0.799999
v -32.002605 -14.243727 0.000000
v -60.088940 18.172211 0.799999
v -31.971180 -14.317041 0.000000
v -60.103241 18.158760 0.799999
v -31.937962 -14.389559 0.000000
v -60.117340 18.145172 0.799999
v -31.902977 -14.461243 0.000000
v -60.131340 18.131342 0.799999
v -31.866241 -14.532045 0.000000
v -60.145172 18.117342 0.799999
v -31.827780 -14.601925 0.000000
v -60.158760 18.103243 0.799999
v -60.172211 18.088940 0.799999
v -31.787615 -14.670839 0.000000
v -60.185478 18.074480 0.799999
v -31.745771 -14.738749 0.000000
v -60.198578 18.059847 0.799999
v -31.702274 -14.805609 0.000000
v -60.211506 18.045048 0.799999
v -31.657146 -14.871382 0.000000
v -60.224236 18.030107 0.799999
v -31.610420 -14.936029 0.000000
v -31.562122 -14.999510 0.000000
v -60.236801 18.014986 0.799999
v -31.512280 -15.061785 0.000000
v -60.249146 17.999756 0.799999
v -31.460926 -15.122818 0.000000
v -60.261311 17.984358 0.799999
v -31.408089 -15.182573 0.000000
v -60.273304 17.968796 0.799999
v -60.285103 17.953091 0.799999
v -31.353802 -15.241013 0.000000
v -31.298094 -15.298101 0.000000
v -60.296707 17.937237 0.799999
v -60.308090 17.921286 0.799999
v -31.241005 -15.353809 0.000000
v -60.319321 17.905127 0.799999
v -31.182564 -15.408096 0.000000
v -31.122810 -15.460936 0.000000
v -60.330322 17.888880 0.799999
v -31.061775 -15.512289 0.000000
v -60.341118 17.872507 0.799999
v -30.999500 -15.562132 0.000000
v -60.351723 17.855988 0.799999
v -30.936020 -15.610430 0.000000
v -60.362125 17.839334 0.799999
v -60.372353 17.822512 0.799999
v -30.871374 -15.657156 0.000000
v -60.382328 17.805630 0.799999
v -30.805599 -15.702282 0.000000
v -60.392101 17.788624 0.799999
v -30.738739 -15.745779 0.000000
v -30.670830 -15.787622 0.000000
v -60.401680 17.771467 0.799999
v -30.601917 -15.827787 0.000000
v -60.411026 17.754238 0.799999
v -30.532036 -15.866251 0.000000
v -60.420174 17.736870 0.799999
v -30.461235 -15.902985 0.000000
v -60.429138 17.719332 0.799999
v -30.389551 -15.937971 0.000000
v -60.437851 17.701757 0.799999
v -30.317032 -15.971188 0.000000
v -60.446342 17.684078 0.799999
v -30.243717 -16.002615 0.000000
v -60.454643 17.666248 0.799999
v -30.169655 -16.032232 0.000000
v -60.462692 17.648384 0.799999
v -60.470535 17.630400 0.799999
v -30.094891 -16.060024 0.000000
v -30.019463 -16.085972 0.000000
v -60.478168 17.612280 0.799999
v -60.485565 17.594110 0.799999
v -29.943422 -16.110062 0.000000
v -29.866814 -16.132278 0.000000
v -60.492764 17.575783 0.799999
v -60.499710 17.557434 0.799999
v -29.789682 -16.152607 0.000000
v -60.506432 17.539017 0.799999
v -29.712076 -16.171038 0.000000
v -60.512928 17.520500 0.799999
v -29.634041 -16.187557 0.000000
v -60.519203 17.501886 0.799999
v -29.555622 -16.202158 0.000000
v -60.525253 17.483187 0.799999
v -29.476871 -16.214830 0.000000
v -60.531059 17.464458 0.799999
v -29.397831 -16.225565 0.000000
v -29.318554 -16.234356 0.000000
v -60.536655 17.445601 0.799999
v -29.239082 -16.241199 0.000000
v -60.542004 17.426727 0.799999
v -60.547119 17.407791 0.799999
v -29.159466 -16.246092 0.000000
v -60.552017 17.388739 0.799999
v -29.079756 -16.249027 0.000000
v -60.556664 17.369692 0.799999
v -28.999996 -16.250006 2.100000
v -60.561081 17.350571 0.799999
v -28.920238 -16.249027 2.100000
v -60.565269 17.331371 0.799999
v -28.840527 -16.246092 2.100000
v -60.569218 17.312134 0.799999
v -28.760912 -16.241199 2.100000
v -60.572937 17.292824 0.799999
v -28.681442 -16.234356 2.100000
v -60.576408 17.273510 0.799999
v -28.602161 -16.225565 2.100000
v -60.579639 17.254189 0.799999
v -28.523123 -16.214830 2.100000
v -60.582642 17.234779 0.799999
v -28.444370 -16.202158 2.100000
v -60.585403 17.215326 0.799999
v -28.365953 -16.187557 2.100000
v -60.587929 17.195837 0.799999
v -28.287918 -16.171038 2.100000
v -28.210312 -16.152607 2.100000
v -60.590214 17.176332 0.799999
v -28.133181 -16.132278 2.100000
v -60.592255 17.156857 0.799999
v -28.056572 -16.110062 2.100000
v -60.594059 17.137274 0.799999
v -60.595627 17.117689 0.799999
v -27.980532 -16.085972 2.100000
v -27.905106 -16.060024 2.100000
v -60.596947 17.098108 0.799999
v -60.598034 17.078491 0.799999
v -27.830338 -16.032232 2.100000
v -60.598877 17.058893 0.799999
v -27.756275 -16.002615 2.100000
v -60.599480 17.039274 0.799999
v -27.682962 -15.971188 2.100000
v -60.599838 17.019640 0.799999
v -27.610443 -15.937971 2.100000
v -60.599998 16.993406 0.799999
v -27.538761 -15.902985 2.100000
v -27.467957 -15.866251 2.100000
v -27.398079 -15.827787 2.100000
v -27.329163 -15.787622 2.100000
v -27.261253 -15.745779 2.100000
v -27.194393 -15.702282 2.100000
v -27.128620 -15.657156 2.100000
v -27.063974 -15.610430 2.100000
v -27.000494 -15.562132 2.100000
v -26.938219 -15.512289 2.100000
v -26.877186 -15.460936 2.100000
v -26.817430 -15.408096 2.100000
v -26.758991 -15.353809 2.100000
v -26.701900 -15.298101 2.100000
v -26.646194 -15.241013 2.100000
v -26.591908 -15.182573 2.100000
v -26.539068 -15.122818 2.100000
v -26.487713 -15.061785 2.100000
v -26.437870 -14.999510 2.100000
v -26.389572 -14.936029 2.100000
v -26.342846 -14.871382 2.100000
v -26.297722 -14.805609 2.100000
v -26.254223 -14.738749 2.100000
v -26.212379 -14.670839 2.100000
v -26.172215 -14.601925 2.100000
v -26.133755 -14.532045 2.100000
v -26.097019 -14.461243 2.100000
v -26.062031 -14.389559 2.100000
v -26.028816 -14.317041 2.100000
v -25.997387 -14.243727 2.100000
v -25.967770 -14.169664 2.100000
v -25.939980 -14.094898 2.100000
v -25.914032 -14.019472 2.100000
v -25.889942 -13.943430 2.100000
v -25.867725 -13.866823 2.100000
v -25.847397 -13.789690 2.100000
v -25.828964 -13.712084 2.100000
v -25.812447 -13.634050 2.100000
v -25.797844 -13.555632 2.100000
v -25.785172 -13.476881 2.100000
v -25.774437 -13.397840 2.100000
v -25.765648 -13.318562 2.100000
v -25.758804 -13.239092 2.100000
v -25.753910 -13.159475 2.100000
v -25.750977 -13.079763 2.100000
v -25.749996 -13.000006 2.100000
v -25.750977 -12.920248 2.100000
v -25.753910 -12.840536 2.100000
v -25.758804 -12.760920 2.100000
v -25.765648 -12.681450 2.100000
v -25.774437 -12.602171 2.100000
v -25.785172 -12.523130 2.100000
v -25.797844 -12.444380 2.100000
v -25.812447 -12.365961 2.100000
v -25.828964 -12.287928 2.100000
v -25.847397 -12.210321 2.100000
v -25.867725 -12.133188 2.100000
v -25.889942 -12.056581 2.100000
v -25.914032 -11.980539 2.100000
v -25.939980 -11.905113 2.100000
v -25.967770 -11.830347 2.100000
v -25.997387 -11.756285 2.100000
v -26.028816 -11.682970 2.100000
v -26.062031 -11.610453 2.100000
v -26.097019 -11.538769 2.100000
v -26.133755 -11.467966 2.100000
v -26.172215 -11.398087 2.100000
v -26.212379 -11.329172 2.100000
v -26.254223 -11.261263 2.100000
v -26.297722 -11.194403 2.100000
v -26.342846 -11.128630 2.100000
v -26.389572 -11.063982 2.100000
v -26.437870 -11.000502 2.100000
v -26.487713 -10.938227 2.100000
v -26.539068 -10.877193 2.100000
v -26.591908 -10.817438 2.100000
v -26.646194 -10.758999 2.100000
v -26.701900 -10.701910 2.100000
v -26.758991 -10.646202 2.100000
v -26.817430 -10.591915 2.100000
v -26.877186 -10.539076 2.100000
v -26.938219 -10.487722 2.100000
v -27.000494 -10.437880 2.100000
v -27.063974 -10.389582 2.100000
v -27.128620 -10.342855 2.100000
v -27.194393 -10.297729 2.100000
v -27.261253 -10.254232 2.100000
v -27.329163 -10.212387 2.100000
v -27.398079 -10.172224 2.100000
v -27.467957 -10.133762 2.100000
v -27.538761 -10.097027 2.100000
v -27.610443 -10.062040 2.100000
v -27.682962 -10.028824 2.100000
v -27.756275 -9.997396 2.100000
v -27.830338 -9.967779 2.100000
v -27.905106 -9.939987 2.100000
v -27.980532 -9.914040 2.100000
v -28.056572 -9.889950 2.100000
v -28.133181 -9.867733 2.100000
v -28.210312 -9.847404 2.100000
v -28.287918 -9.828974 2.100000
v -28.365953 -9.812454 2.100000
v -28.444370 -9.797853 2.100000
v -28.523123 -9.785181 2.100000
v -28.602161 -9.774446 2.100000
v -28.681442 -9.765656 2.100000
v -28.760912 -9.758812 2.100000
v -28.840527 -9.753920 2.100000
v -28.920238 -9.750984 2.100000
v -28.999996 -9.750006 2.100000
v -29.079756 -9.750984 2.100000
v -29.159466 -9.753920 2.100000
v -29.239082 -9.758812 2.100000
v -29.318554 -9.765656 2.100000
v -29.397831 -9.774446 2.100000
v -29.476871 -9.785181 2.100000
v -29.555622 -9.797853 2.100000
v -29.634041 -9.812454 2.100000
v -29.712076 -9.828974 2.100000
v -29.789682 -9.847404 2.100000
v -29.866814 -9.867733 2.100000
v -29.943422 -9.889950 2.100000
v -30.019463 -9.914040 2.100000
v -30.094891 -9.939987 2.100000
v -30.169655 -9.967779 2.100000
v -30.243717 -9.997396 2.100000
v -30.317032 -10.028824 2.100000
v -30.389551 -10.062040 2.100000
v -30.461235 -10.097027 2.100000
v -30.532036 -10.133762 2.100000
v -30.601917 -10.172224 2.100000
v -30.670830 -10.212387 2.100000
v -30.738739 -10.254232 2.100000
v -30.805599 -10.297729 2.100000
v -30.871374 -10.342855 2.100000
v -30.936020 -10.389582 2.100000
v -30.999500 -10.437880 2.100000
v -31.061775 -10.487722 2.100000
v -31.122810 -10.539076 2.100000
v -31.182564 -10.591915 2.100000
v -31.241005 -10.646202 2.100000
v -31.298094 -10.701910 2.100000
v -31.353802 -10.758999 2.100000
v -31.408089 -10.817438 2.100000
v -31.460926 -10.877193 2.100000
v -31.512280 -10.938227 2.100000
v -31.562122 -11.000502 2.100000
v -31.610420 -11.063982 2.100000
v -31.657146 -11.128630 2.100000
v -31.702274 -11.194403 2.100000
v -31.745771 -11.261263 2.100000
v -31.787615 -11.329172 2.100000
v -31.827780 -11.398087 2.100000
v -31.866241 -11.467966 2.100000
v -31.902977 -11.538769 2.100000
v -31.937962 -11.610453 2.100000
v -31.971180 -11.682970 2.100000
v -32.002605 -11.756285 2.100000
v -32.032223 -11.830347 2.100000
v -32.060017 -11.905113 2.100000
v -32.085964 -11.980539 2.100000
v -32.110054 -12.056581 2.100000
v -32.132271 -12.133188 2.100000
v -32.152599 -12.210321 2.100000
v -32.171028 -12.287928 2.100000
v -32.187550 -12.365961 2.100000
v -32.202148 -12.444380 2.100000
v -32.214821 -12.523130 2.100000
v -32.225555 -12.602171 2.100000
v -32.234348 -12.681450 2.100000
v -32.241192 -12.760920 2.100000
v -32.246082 -12.840536 2.100000
v -32.249020 -12.920248 2.100000
v -32.249996 -13.000006 2.100000
v -32.249020 -13.079763 2.100000
v -32.246082 -13.159475 2.100000
v -32.241192 -13.239092 2.100000
v -32.234348 -13.318562 2.100000
v -32.225555 -13.397840 2.100000
v -32.214821 -13.476881 2.100000
v -32.202148 -13.555632 2.100000
v -32.187550 -13.634050 2.100000
v -32.171028 -13.712084 2.100000
v -32.152599 -13.789690 2.100000
v -32.132271 -13.866823 2.100000
v -32.110054 -13.943430 2.100000
v -32.085964 -14.019472 2.100000
v -32.060017 -14.094898 2.100000
v -32.032223 -14.169664 2.100000
v -32.002605 -14.243727 2.100000
v -31.971180 -14.317041 2.100000
v -31.937962 -14.389559 2.100000
v -31.902977 -14.461243 2.100000
v -31.866241 -14.532045 2.100000
v -31.827780 -14.601925 2.100000
v -31.787615 -14.670839 2.100000
v -31.745771 -14.738749 2.100000
v -31.702274 -14.805609 2.100000
v -31.657146 -14.871382 2.100000
v -31.610420 -14.936029 2.100000
v -31.562122 -14.999510 2.100000
v -31.512280 -15.061785 2.100000
v -31.460926 -15.122818 2.100000
v -31.408089 -15.182573 2.100000
v -31.353802 -15.241013 2.100000
v -31.298094 -15.298101 2.100000
v -31.241005 -15.353809 2.100000
v -31.182564 -15.408096 2.100000
v -31.122810 -15.460936 2.100000
v -31.061775 -15.512289 2.100000
v -30.999500 -15.562132 2.100000
v -30.936020 -15.610430 2.100000
v -30.871374 -15.657156 2.100000
v -30.805599 -15.702282 2.100000
v -30.738739 -15.745779 2.100000
v -30.670830 -15.787622 2.100000
v -30.601917 -15.827787 2.100000
v -30.532036 -15.866251 2.100000
v -30.461235 -15.902985 2.100000
v -30.389551 -15.937971 2.100000
v -30.317032 -15.971188 2.100000
v -30.243717 -16.002615 2.100000
v -30.169655 -16.032232 2.100000
v -30.094891 -16.060024 2.100000
v -30.019463 -16.085972 2.100000
v -29.943422 -16.110062 2.100000
v -29.866814 -16.132278 2.100000
v -29.789682 -16.152607 2.100000
v -29.712076 -16.171038 2.100000
v -29.634041 -16.187557 2.100000
v -29.555622 -16.202158 2.100000
v -29.476871 -16.214830 2.100000
v -29.397831 -16.225565 2.100000
v -29.318554 -16.234356 2.100000
v -29.239082 -16.241199 2.100000
v -29.159466 -16.246092 2.100000
v -29.079756 -16.249027 2.100000
v -30.000000 9.600000 8.700001
v -29.531784 9.646115 8.700001
v -29.081560 9.782689 8.700001
v -28.666632 10.004473 8.700001
v -28.302944 10.302944 8.700001
v -28.004473 10.666632 8.700001
v -27.782688 11.081560 8.700001
v -27.646114 11.531783 8.700001
v -27.600000 12.000000 8.700001
v -27.646114 12.468217 8.700001
v -27.782688 12.918440 8.700001
v -28.004473 13.333368 8.700001
v -28.302944 13.697056 8.700001
v -28.666632 13.995527 8.700001
v -29.081560 14.217311 8.700001
v -29.531784 14.353885 8.700001
v -30.000000 14.400000 8.700001
v -30.468216 14.353885 8.700001
v -30.918440 14.217311 8.700001
v -31.333368 13.995527 8.700001
v -31.697056 13.697056 8.700001
v -31.995527 13.333368 8.700001
v -32.217312 12.918440 8.700001
v -32.353886 12.468217 8.700001
v -32.400002 12.000000 8.700001
v -32.353886 11.531783 8.700001
v -32.217312 11.081560 8.700001
v -31.995527 10.666632 8.700001
v -31.697056 10.302944 8.700001
v -31.333368 10.004473 8.700001
v -30.918440 9.782689 8.700001
v -30.468216 9.646115 8.700001
v -30.000000 9.600000 7.000000
v -29.531784 9.646115 7.000000
v -29.081560 9.782689 7.000000
v -28.666632 10.004473 7.000000
v -28.302944 10.302944 7.000000
v -28.004473 10.666632 7.000000
v -27.782688 11.081560 7.000000
v -27.646114 11.531783 7.000000
v -27.600000 12.000000 7.000000
v -27.646114 12.468217 7.000000
v -27.782688 12.918440 7.000000
v -28.004473 13.333368 7.000000
v -28.302944 13.697056 7.000000
v -28.666632 13.995527 7.000000
v -29.081560 14.217311 7.000000
v -29.531784 14.353885 7.000000
v -30.000000 14.400000 7.000000
v -30.468216 14.353885 7.000000
v -30.918440 14.217311 7.000000
v -31.333368 13.995527 7.000000
v -31.697056 13.697056 7.000000
v -31.995527 13.333368 7.000000
v -32.217312 12.918440 7.000000
v -32.353886 12.468217 7.000000
v -32.400002 12.000000 7.000000
v -32.353886 11.531783 7.000000
v -32.217312 11.081560 7.000000
v -31.995527 10.666632 7.000000
v -31.697056 10.302944 7.000000
v -31.333368 10.004473 7.000000
v -30.918440 9.782689 7.000000
v -30.468216 9.646115 7.000000
v -38.000000 9.600000 8.700001
v -37.531784 9.646115 8.700001
v -37.081558 9.782689 8.700001
v -36.666630 10.004473 8.700001
v -36.302944 10.302944 8.700001
v -36.004471 10.666632 8.700001
v -35.782688 11.081560 8.700001
v -35.646114 11.531783 8.700001
v -35.599998 12.000000 8.700001
v -35.646114 12.468217 8.700001
v -35.782688 12.918440 8.700001
v -36.004471 13.333368 8.700001
v -36.302944 13.697056 8.700001
v -36.666630 13.995527 8.700001
v -37.081558 14.217311 8.700001
v -37.531784 14.353885 8.700001
v -38.000000 14.400000 8.700001
v -38.468216 14.353885 8.700001
v -38.918442 14.217311 8.700001
v -39.333366 13.995527 8.700001
v -39.697056 13.697056 8.700001
v -39.995529 13.333368 8.700001
v -40.217312 12.918440 8.700001
v -40.353886 12.468217 8.700001
v -40.400002 12.000000 8.700001
v -40.353886 11.531783 8.700001
v -40.217312 11.081560 8.700001
v -39.995529 10.666632 8.700001
v -39.697056 10.302944 8.700001
v -39.333366 10.004473 8.700001
v -38.918442 9.782689 8.700001
v -38.468216 9.646115 8.700001
v -38.000000 9.600000 7.000000
v -37.531784 9.646115 7.000000
v -37.081558 9.782689 7.000000
v -36.666630 10.004473 7.000000
v -36.302944 10.302944 7.000000
v -36.004471 10.666632 7.000000
v -35.782688 11.081560 7.000000
v -35.646114 11.531783 7.000000
v -35.599998 12.000000 7.000000
v -35.646114 12.468217 7.000000
v -35.782688 12.918440 7.000000
v -36.004471 13.333368 7.000000
v -36.302944 13.697056 7.000000
v -36.666630 13.995527 7.000000
v -37.081558 14.217311 7.000000
v -37.531784 14.353885 7.000000
v -38.000000 14.400000 7.000000
v -38.468216 14.353885 7.000000
v -38.918442 14.217311 7.000000
v -39.333366 13.995527 7.000000
v -39.697056 13.697056 7.000000
v -39.995529 13.333368 7.000000
v -40.217312 12.918440 7.000000
v -40.353886 12.468217 7.000000
v -40.400002 12.000000 7.000000
v -40.353886 11.531783 7.000000
v -40.217312 11.081560 7.000000
v -39.995529 10.666632 7.000000
v -39.697056 10.302944 7.000000
v -39.333366 10.004473 7.000000
v -38.918442 9.782689 7.000000
v -38.468216 9.646115 7.000000
v -46.000000 9.600000 8.700001
v -45.531784 9.646115 8.700001
v -45.081558 9.782689 8.700001
v -44.666634 10.004473 8.700001
v -44.302944 10.302944 8.700001
v -44.004471 10.666632 8.700001
v -43.782688 11.081560 8.700001
v -43.646114 11.531783 8.700001
v -43.599998 12.000000 8.700001
v -43.646114 12.468217 8.700001
v -43.782688 12.918440 8.700001
v -44.004471 13.333368 8.700001
v -44.302944 13.697056 8.700001
v -44.666634 13.995527 8.700001
v -45.081558 14.217311 8.700001
v -45.531784 14.353885 8.700001
v -46.000000 14.400000 8.700001
v -46.468216 14.353885 8.700001
v -46.918442 14.217311 8.700001
v -47.333366 13.995527 8.700001
v -47.697056 13.697056 8.700001
v -47.995529 13.333368 8.700001
v -48.217312 12.918440 8.700001
v -48.353886 12.468217 8.700001
v -48.400002 12.000000 8.700001
v -48.353886 11.531783 8.700001
v -48.217312 11.081560 8.700001
v -47.995529 10.666632 8.700001
v -47.697056 10.302944 8.700001
v -47.333366 10.004473 8.700001
v -46.918442 9.782689 8.700001
v -46.468216 9.646115 8.700001
v -46.000000 9.600000 7.000000
v -45.531784 9.646115 7.000000
v -45.081558 9.782689 7.000000
v -44.666634 10.004473 7.000000
v -44.302944 10.302944 7.000000
v -44.004471 10.666632 7.000000
v -43.782688 11.081560 7.000000
v -43.646114 11.531783 7.000000
v -43.599998 12.000000 7.000000
v -43.646114 12.468217 7.000000
v -43.782688 12.918440 7.000000
v -44.004471 13.333368 7.000000
v -44.302944 13.697056 7.000000
v -44.666634 13.995527 7.000000
v -45.081558 14.217311 7.000000
v -45.531784 14.353885 7.000000
v -46.000000 14.400000 7.000000
v -46.468216 14.353885 7.000000
v -46.918442 14.217311 7.000000
v -47.333366 13.995527 7.000000
v -47.697056 13.697056 7.000000
v -47.995529 13.333368 7.000000
v -48.217312 12.918440 7.000000
v -48.353886 12.468217 7.000000
v -48.400002 12.000000 7.000000
v -48.353886 11.531783 7.000000
v -48.217312 11.081560 7.000000
v -47.995529 10.666632 7.000000
v -47.697056 10.302944 7.000000
v -47.333366 10.004473 7.000000
v -46.918442 9.782689 7.000000
v -46.468216 9.646115 7.000000
v -54.000000 9.600000 8.700001
v -53.531784 9.646115 8.700001
v -53.081558 9.782689 8.700001
v -52.666634 10.004473 8.700001
v -52.302944 10.302944 8.700001
v -52.004471 10.666632 8.700001
v -51.782688 11.081560 8.700001
v -51.646114 11.531783 8.700001
v -51.599998 12.000000 8.700001
v -51.646114 12.468217 8.700001
v -51.782688 12.918440 8.700001
v -52.004471 13.333368 8.700001
v -52.302944 13.697056 8.700001
v -52.666634 13.995527 8.700001
v -53.081558 14.217311 8.700001
v -53.531784 14.353885 8.700001
v -54.000000 14.400000 8.700001
v -54.468216 14.353885 8.700001
v -54.918442 14.217311 8.700001
v -55.333366 13.995527 8.700001
v -55.697056 13.697056 8.700001
v -55.995529 13.333368 8.700001
v -56.217312 12.918440 8.700001
v -56.353886 12.468217 8.700001
v -56.400002 12.000000 8.700001
v -56.353886 11.531783 8.700001
v -56.217312 11.081560 8.700001
v -55.995529 10.666632 8.700001
v -55.697056 10.302944 8.700001
v -55.333366 10.004473 8.700001
v -54.918442 9.782689 8.700001
v -54.468216 9.646115 8.700001
v -54.000000 9.600000 7.000000
v -53.531784 9.646115 7.000000
v -53.081558 9.782689 7.000000
v -52.666634 10.004473 7.000000
v -52.302944 10.302944 7.000000
v -52.004471 10.666632 7.000000
v -51.782688 11.081560 7.000000
v -51.646114 11.531783 7.000000
v -51.599998 12.000000 7.000000
v -51.646114 12.468217 7.000000
v -51.782688 12.918440 7.000000
v -52.004471 13.333368 7.000000
v -52.302944 13.697056 7.000000
v -52.666634 13.995527 7.000000
v -53.081558 14.217311 7.000000
v -53.531784 14.353885 7.000000
v -54.000000 14.400000 7.000000
v -54.468216 14.353885 7.000000
v -54.918442 14.217311 7.000000
v -55.333366 13.995527 7.000000
v -55.697056 13.697056 7.000000
v -55.995529 13.333368 7.000000
v -56.217312 12.918440 7.000000
v -56.353886 12.468217 7.000000
v -56.400002 12.000000 7.000000
v -56.353886 11.531783 7.000000
v -56.217312 11.081560 7.000000
v -55.995529 10.666632 7.000000
v -55.697056 10.302944 7.000000
v -55.333366 10.004473 7.000000
v -54.918442 9.782689 7.000000
v -54.468216 9.646115 7.000000
v -30.000000 1.600000 8.700001
v -29.531784 1.646115 8.700001
v -29.081560 1.782689 8.700001
v -28.666632 2.004473 8.700001
v -28.302944 2.302944 8.700001
v -28.004473 2.666632 8.700001
v -27.782688 3.081560 8.700001
v -27.646114 3.531783 8.700001
v -27.600000 4.000000 8.700001
v -27.646114 4.468217 8.700001
v -27.782688 4.918440 8.700001
v -28.004473 5.333369 8.700001
v -28.302944 5.697056 8.700001
v -28.666632 5.995527 8.700001
v -29.081560 6.217311 8.700001
v -29.531784 6.353885 8.700001
v -30.000000 6.400000 8.700001
v -30.468216 6.353885 8.700001
v -30.918440 6.217311 8.700001
v -31.333368 5.995527 8.700001
v -31.697056 5.697056 8.700001
v -31.995527 5.333369 8.700001
v -32.217312 4.918440 8.700001
v -32.353886 4.468217 8.700001
v -32.400002 4.000000 8.700001
v -32.353886 3.531783 8.700001
v -32.217312 3.081560 8.700001
v -31.995527 2.666632 8.700001
v -31.697056 2.302944 8.700001
v -31.333368 2.004473 8.700001
v -30.918440 1.782689 8.700001
v -30.468216 1.646115 8.700001
v -30.000000 1.600000 7.000000
v -29.531784 1.646115 7.000000
v -29.081560 1.782689 7.000000
v -28.666632 2.004473 7.000000
v -28.302944 2.302944 7.000000
v -28.004473 2.666632 7.000000
v -27.782688 3.081560 7.000000
v -27.646114 3.531783 7.000000
v -27.600000 4.000000 7.000000
v -27.646114 4.468217 7.000000
v -27.782688 4.918440 7.000000
v -28.004473 5.333369 7.000000
v -28.302944 5.697056 7.000000
v -28.666632 5.995527 7.000000
v -29.081560 6.217311 7.000000
v -29.531784 6.353885 7.000000
v -30.000000 6.400000 7.000000
v -30.468216 6.353885 7.000000
v -30.918440 6.217311 7.000000
v -31.333368 5.995527 7.000000
v -31.697056 5.697056 7.000000
v -31.995527 5.333369 7.000000
v -32.217312 4.918440 7.000000
v -32.353886 4.468217 7.000000
v -32.400002 4.000000 7.000000
v -32.353886 3.531783 7.000000
v -32.217312 3.081560 7.000000
v -31.995527 2.666632 7.000000
v -31.697056 2.302944 7.000000
v -31.333368 2.004473 7.000000
v -30.918440 1.782689 7.000000
v -30.468216 1.646115 7.000000
v -38.000000 1.600000 8.700001
v -37.531784 1.646115 8.700001
v -37.081558 1.782689 8.700001
v -36.666630 2.004473 8.700001
v -36.302944 2.302944 8.700001
v -36.004471 2.666632 8.700001
v -35.782688 3.081560 8.700001
v -35.646114 3.531783 8.700001
v -35.599998 4.000000 8.700001
v -35.646114 4.468217 8.700001
v -35.782688 4.918440 8.700001
v -36.004471 5.333369 8.700001
v -36.302944 5.697056 8.700001
v -36.666630 5.995527 8.700001
v -37.081558 6.217311 8.700001
v -37.531784 6.353885 8.700001
v -38.000000 6.400000 8.700001
v -38.468216 6.353885 8.700001
v -38.918442 6.217311 8.700001
v -39.333366 5.995527 8.700001
v -39.697056 5.697056 8.700001
v -39.995529 5.333369 8.700001
v -40.217312 4.918440 8.700001
v -40.353886 4.468217 8.700001
v -40.400002 4.000000 8.700001
v -40.353886 3.531783 8.700001
v -40.217312 3.081560 8.700001
v -39.995529 2.666632 8.700001
v -39.697056 2.302944 8.700001
v -39.333366 2.004473 8.700001
v -38.918442 1.782689 8.700001
v -38.468216 1.646115 8.700001
v -38.000000 1.600000 7.000000
v -37.531784 1.646115 7.000000
v -37.081558 1.782689 7.000000
v -36.666630 2.004473 7.000000
v -36.302944 2.302944 7.000000
v -36.004471 2.666632 7.000000
v -35.782688 3.081560 7.000000
v -35.646114 3.531783 7.000000
v -35.599998 4.000000 7.000000
v -35.646114 4.468217 7.000000
v -35.782688 4.918440 7.000000
v -36.004471 5.333369 7.000000
v -36.302944 5.697056 7.000000
v -36.666630 5.995527 7.000000
v -37.081558 6.217311 7.000000
v -37.531784 6.353885 7.000000
v -38.000000 6.400000 7.000000
v -38.468216 6.353885 7.000000
v -38.918442 6.217311 7.000000
v -39.333366 5.995527 7.000000
v -39.697056 5.697056 7.000000
v -39.995529 5.333369 7.000000
v -40.217312 4.918440 7.000000
v -40.353886 4.468217 7.000000
v -40.400002 4.000000 7.000000
v -40.353886 3.531783 7.000000
v -40.217312 3.081560 7.000000
v -39.995529 2.666632 7.000000
v -39.697056 2.302944 7.000000
v -39.333366 2.004473 7.000000
v -38.918442 1.782689 7.000000
v -38.468216 1.646115 7.000000
v -46.000000 1.600000 8.700001
v -45.531784 1.646115 8.700001
v -45.081558 1.782689 8.700001
v -44.666634 2.004473 8.700001
v -44.302944 2.302944 8.700001
v -44.004471 2.666632 8.700001
v -43.782688 3.081560 8.700001
v -43.646114 3.531783 8.700001
v -43.599998 4.000000 8.700001
v -43.646114 4.468217 8.700001
v -43.782688 4.918440 8.700001
v -44.004471 5.333369 8.700001
v -44.302944 5.697056 8.700001
v -44.666634 5.995527 8.700001
v -45.081558 6.217311 8.700001
v -45.531784 6.353885 8.700001
v -46.000000 6.400000 8.700001
v -46.468216 6.353885 8.700001
v -46.918442 6.217311 8.700001
v -47.333366 5.995527 8.700001
v -47.697056 5.697056 8.700001
v -47.995529 5.333369 8.700001
v -48.217312 4.918440 8.700001
v -48.353886 4.468217 8.700001
v -48.400002 4.000000 8.700001
v -48.353886 3.531783 8.700001
v -48.217312 3.081560 8.700001
v -47.995529 2.666632 8.700001
v -47.697056 2.302944 8.700001
v -47.333366 2.004473 8.700001
v -46.918442 1.782689 8.700001
v -46.468216 1.646115 8.700001
v -46.000000 1.600000 7.000000
v -45.531784 1.646115 7.000000
v -45.081558 1.782689 7.000000
v -44.666634 2.004473 7.000000
v -44.302944 2.302944 7.000000
v -44.004471 2.666632 7.000000
v -43.782688 3.081560 7.000000
v -43.646114 3.531783 7.000000
v -43.599998 4.000000 7.000000
v -43.646114 4.468217 7.000000
v -43.782688 4.918440 7.000000
v -44.004471 5.333369 7.000000
v -44.302944 5.697056 7.000000
v -44.666634 5.995527 7.000000
v -45.081558 6.217311 7.000000
v -45.531784 6.353885 7.000000
v -46.000000 6.400000 7.000000
v -46.468216 6.353885 7.000000
v -46.918442 6.217311 7.000000
v -47.333366 5.995527 7.000000
v -47.697056 5.697056 7.000000
v -47.995529 5.333369 7.000000
v -48.217312 4.918440 7.000000
v -48.353886 4.468217 7.000000
v -48.400002 4.000000 7.000000
v -48.353886 3.531783 7.000000
v -48.217312 3.081560 7.000000
v -47.995529 2.666632 7.000000
v -47.697056 2.302944 7.000000
v -47.333366 2.004473 7.000000
v -46.918442 1.782689 7.000000
v -46.468216 1.646115 7.000000
v -54.000000 1.600000 8.700001
v -53.531784 1.646115 8.700001
v -53.081558 1.782689 8.700001
v -52.666634 2.004473 8.700001
v -52.302944 2.302944 8.700001
v -52.004471 2.666632 8.700001
v -51.782688 3.081560 8.700001
v -51.646114 3.531783 8.700001
v -51.599998 4.000000 8.700001
v -51.646114 4.468217 8.700001
v -51.782688 4.918440 8.700001
v -52.004471 5.333369 8.700001
v -52.302944 5.697056 8.700001
v -52.666634 5.995527 8.700001
v -53.081558 6.217311 8.700001
v -53.531784 6.353885 8.700001
v -54.000000 6.400000 8.700001
v -54.468216 6.353885 8.700001
v -54.918442 6.217311 8.700001
v -55.333366 5.995527 8.700001
v -55.697056 5.697056 8.700001
v -55.995529 5.333369 8.700001
v -56.217312 4.918440 8.700001
v -56.353886 4.468217 8.700001
v -56.400002 4.000000 8.700001
v -56.353886 3.531783 8.700001
v -56.217312 3.081560 8.700001
v -55.995529 2.666632 8.700001
v -55.697056 2.302944 8.700001
v -55.333366 2.004473 8.700001
v -54.918442 1.782689 8.700001
v -54.468216 1.646115 8.700001
v -54.000000 1.600000 7.000000
v -53.531784 1.646115 7.000000
v -53.081558 1.782689 7.000000
v -52.666634 2.004473 7.000000
v -52.302944 2.302944 7.000000
v -52.004471 2.666632 7.000000
v -51.782688 3.081560 7.000000
v -51.646114 3.531783 7.000000
v -51.599998 4.000000 7.000000
v -51.646114 4.468217 7.000000
v -51.782688 4.918440 7.000000
v -52.004471 5.333369 7.000000
v -52.302944 5.697056 7.000000
v -52.666634 5.995527 7.000000
v -53.081558 6.217311 7.000000
v -53.531784 6.353885 7.000000
v -54.000000 6.400000 7.000000
v -54.468216 6.353885 7.000000
v -54.918442 6.217311 7.000000
v -55.333366 5.995527 7.000000
v -55.697056 5.697056 7.000000
v -55.995529 5.333369 7.000000
v -56.217312 4.918440 7.000000
v -56.353886 4.468217 7.000000
v -56.400002 4.000000 7.000000
v -56.353886 3.531783 7.000000
v -56.217312 3.081560 7.000000
v -55.995529 2.666632 7.000000
v -55.697056 2.302944 7.000000
v -55.333366 2.004473 7.000000
v -54.918442 1.782689 7.000000
v -54.468216 1.646115 7.000000
v -30.000000 -6.400000 8.700001
v -29.531784 -6.353886 8.700001
v -29.081560 -6.217312 8.700001
v -28.666632 -5.995527 8.700001
v -28.302944 -5.697056 8.700001
v -28.004473 -5.333368 8.700001
v -27.782688 -4.918440 8.700001
v -27.646114 -4.468216 8.700001
v -27.600000 -4.000000 8.700001
v -27.646114 -3.531783 8.700001
v -27.782688 -3.081560 8.700001
v -28.004473 -2.666632 8.700001
v -28.302944 -2.302944 8.700001
v -28.666632 -2.004473 8.700001
v -29.081560 -1.782689 8.700001
v -29.531784 -1.646115 8.700001
v -30.000000 -1.600000 8.700001
v -30.468216 -1.646115 8.700001
v -30.918440 -1.782689 8.700001
v -31.333368 -2.004473 8.700001
v -31.697056 -2.302944 8.700001
v -31.995527 -2.666632 8.700001
v -32.217312 -3.081560 8.700001
v -32.353886 -3.531783 8.700001
v -32.400002 -4.000000 8.700001
v -32.353886 -4.468216 8.700001
v -32.217312 -4.918440 8.700001
v -31.995527 -5.333368 8.700001
v -31.697056 -5.697056 8.700001
v -31.333368 -5.995527 8.700001
v -30.918440 -6.217312 8.700001
v -30.468216 -6.353886 8.700001
v -30.000000 -6.400000 7.000000
v -29.531784 -6.353886 7.000000
v -29.081560 -6.217312 7.000000
v -28.666632 -5.995527 7.000000
v -28.302944 -5.697056 7.000000
v -28.004473 -5.333368 7.000000
v -27.782688 -4.918440 7.000000
v -27.646114 -4.468216 7.000000
v -27.600000 -4.000000 7.000000
v -27.646114 -3.531783 7.000000
v -27.782688 -3.081560 7.000000
v -28.004473 -2.666632 7.000000
v -28.302944 -2.302944 7.000000
v -28.666632 -2.004473 7.000000
v -29.081560 -1.782689 7.000000
v -29.531784 -1.646115 7.000000
v -30.000000 -1.600000 7.000000
v -30.468216 -1.646115 7.000000
v -30.918440 -1.782689 7.000000
v -31.333368 -2.004473 7.000000
v -31.697056 -2.302944 7.000000
v -31.995527 -2.666632 7.000000
v -32.217312 -3.081560 7.000000
v -32.353886 -3.531783 7.000000
v -32.400002 -4.000000 7.000000
v -32.353886 -4.468216 7.000000
v -32.217312 -4.918440 7.000000
v -31.995527 -5.333368 7.000000
v -31.697056 -5.697056 7.000000
v -31.333368 -5.995527 7.000000
v -30.918440 -6.217312 7.000000
v -30.468216 -6.353886 7.000000
v -38.000000 -6.400000 8.700001
v -37.531784 -6.353886 8.700001
v -37.081558 -6.217312 8.700001
v -36.666630 -5.995527 8.700001
v -36.302944 -5.697056 8.700001
v -36.004471 -5.333368 8.700001
v -35.782688 -4.918440 8.700001
v -35.646114 -4.468216 8.700001
v -35.599998 -4.000000 8.700001
v -35.646114 -3.531783 8.700001
v -35.782688 -3.081560 8.700001
v -36.004471 -2.666632 8.700001
v -36.302944 -2.302944 8.700001
v -36.666630 -2.004473 8.700001
v -37.081558 -1.782689 8.700001
v -37.531784 -1.646115 8.700001
v -38.000000 -1.600000 8.700001
v -38.468216 -1.646115 8.700001
v -38.918442 -1.782689 8.700001
v -39.333366 -2.004473 8.700001
v -39.697056 -2.302944 8.700001
v -39.995529 -2.666632 8.700001
v -40.217312 -3.081560 8.700001
v -40.353886 -3.531783 8.700001
v -40.400002 -4.000000 8.700001
v -40.353886 -4.468216 8.700001
v -40.217312 -4.918440 8.700001
v -39.995529 -5.333368 8.700001
v -39.697056 -5.697056 8.700001
v -39.333366 -5.995527 8.700001
v -38.918442 -6.217312 8.700001
v -38.468216 -6.353886 8.700001
v -38.000000 -6.400000 7.000000
v -37.531784 -6.353886 7.000000
v -37.081558 -6.217312 7.000000
v -36.666630 -5.995527 7.000000
v -36.302944 -5.697056 7.000000
v -36.004471 -5.333368 7.000000
v -35.782688 -4.918440 7.000000
v -35.646114 -4.468216 7.000000
v -35.599998 -4.000000 7.000000
v -35.646114 -3.531783 7.000000
v -35.782688 -3.081560 7.000000
v -36.004471 -2.666632 7.000000
v -36.302944 -2.302944 7.000000
v -36.666630 -2.004473 7.000000
v -37.081558 -1.782689 7.000000
v -37.531784 -1.646115 7.000000
v -38.000000 -1.600000 7.000000
v -38.468216 -1.646115 7.000000
v -38.918442 -1.782689 7.000000
v -39.333366 -2.004473 7.000000
v -39.697056 -2.302944 7.000000
v -39.995529 -2.666632 7.000000
v -40.217312 -3.081560 7.000000
v -40.353886 -3.531783 7.000000
v -40.400002 -4.000000 7.000000
v -40.353886 -4.468216 7.000000
v -40.217312 -4.918440 7.000000
v -39.995529 -5.333368 7.000000
v -39.697056 -5.697056 7.000000
v -39.333366 -5.995527 7.000000
v -38.918442 -6.217312 7.000000
v -38.468216 -6.353886 7.000000
v -46.000000 -6.400000 8.700001
v -45.531784 -6.353886 8.700001
v -45.081558 -6.217312 8.700001
v -44.666634 -5.995527 8.700001
v -44.302944 -5.697056 8.700001
v -44.004471 -5.333368 8.700001
v -43.782688 -4.918440 8.700001
v -43.646114 -4.468216 8.700001
v -43.599998 -4.000000 8.700001
v -43.646114 -3.531783 8.700001
v -43.782688 -3.081560 8.700001
v -44.004471 -2.666632 8.700001
v -44.302944 -2.302944 8.700001
v -44.666634 -2.004473 8.700001
v -45.081558 -1.782689 8.700001
v -45.531784 -1.646115 8.700001
v -46.000000 -1.600000 8.700001
v -46.468216 -1.646115 8.700001
v -46.918442 -1.782689 8.700001
v -47.333366 -2.004473 8.700001
v -47.697056 -2.302944 8.700001
v -47.995529 -2.666632 8.700001
v -48.217312 -3.081560 8.700001
v -48.353886 -3.531783 8.700001
v -48.400002 -4.000000 8.700001
v -48.353886 -4.468216 8.700001
v -48.217312 -4.918440 8.700001
v -47.995529 -5.333368 8.700001
v -47.697056 -5.697056 8.700001
v -47.333366 -5.995527 8.700001
v -46.918442 -6.217312 8.700001
v -46.468216 -6.353886 8.700001
v -46.000000 -6.400000 7.000000
v -45.531784 -6.353886 7.000000
v -45.081558 -6.217312 7.000000
v -44.666634 -5.995527 7.000000
v -44.302944 -5.697056 7.000000
v -44.004471 -5.333368 7.000000
v -43.782688 -4.918440 7.000000
v -43.646114 -4.468216 7.000000
v -43.599998 -4.000000 7.000000
v -43.646114 -3.531783 7.000000
v -43.782688 -3.081560 7.000000
v -44.004471 -2.666632 7.000000
v -44.302944 -2.302944 7.000000
v -44.666634 -2.004473 7.000000
v -45.081558 -1.782689 7.000000
v -45.531784 -1.646115 7.000000
v -46.000000 -1.600000 7.000000
v -46.468216 -1.646115 7.000000
v -46.918442 -1.782689 7.000000
v -47.333366 -2.004473 7.000000
v -47.697056 -2.302944 7.000000
v -47.995529 -2.666632 7.000000
v -48.217312 -3.081560 7.000000
v -48.353886 -3.531783 7.000000
v -48.400002 -4.000000 7.000000
v -48.353886 -4.468216 7.000000
v -48.217312 -4.918440 7.000000
v -47.995529 -5.333368 7.000000
v -47.697056 -5.697056 7.000000
v -47.333366 -5.995527 7.000000
v -46.918442 -6.217312 7.000000
v -46.468216 -6.353886 7.000000
v -54.000000 -6.400000 8.700001
v -53.531784 -6.353886 8.700001
v -53.081558 -6.217312 8.700001
v -52.666634 -5.995527 8.700001
v -52.302944 -5.697056 8.700001
v -52.004471 -5.333368 8.700001
v -51.782688 -4.918440 8.700001
v -51.646114 -4.468216 8.700001
v -51.599998 -4.000000 8.700001
v -51.646114 -3.531783 8.700001
v -51.782688 -3.081560 8.700001
v -52.004471 -2.666632 8.700001
v -52.302944 -2.302944 8.700001
v -52.666634 -2.004473 8.700001
v -53.081558 -1.782689 8.700001
v -53.531784 -1.646115 8.700001
v -54.000000 -1.600000 8.700001
v -54.468216 -1.646115 8.700001
v -54.918442 -1.782689 8.700001
v -55.333366 -2.004473 8.700001
v -55.697056 -2.302944 8.700001
v -55.995529 -2.666632 8.700001
v -56.217312 -3.081560 8.700001
v -56.353886 -3.531783 8.700001
v -56.400002 -4.000000 8.700001
v -56.353886 -4.468216 8.700001
v -56.217312 -4.918440 8.700001
v -55.995529 -5.333368 8.700001
v -55.697056 -5.697056 8.700001
v -55.333366 -5.995527 8.700001
v -54.918442 -6.217312 8.700001
v -54.468216 -6.353886 8.700001
v -54.000000 -6.400000 7.000000
v -53.531784 -6.353886 7.000000
v -53.081558 -6.217312 7.000000
v -52.666634 -5.995527 7.000000
v -52.302944 -5.697056 7.000000
v -52.004471 -5.333368 7.000000
v -51.782688 -4.918440 7.000000
v -51.646114 -4.468216 7.000000
v -51.599998 -4.000000 7.000000
v -51.646114 -3.531783 7.000000
v -51.782688 -3.081560 7.000000
v -52.004471 -2.666632 7.000000
v -52.302944 -2.302944 7.000000
v -52.666634 -2.004473 7.000000
v -53.081558 -1.782689 7.000000
v -53.531784 -1.646115 7.000000
v -54.000000 -1.600000 7.000000
v -54.468216 -1.646115 7.000000
v -54.918442 -1.782689 7.000000
v -55.333366 -2.004473 7.000000
v -55.697056 -2.302944 7.000000
v -55.995529 -2.666632 7.000000
v -56.217312 -3.081560 7.000000
v -56.353886 -3.531783 7.000000
v -56.400002 -4.000000 7.000000
v -56.353886 -4.468216 7.000000
v -56.217312 -4.918440 7.000000
v -55.995529 -5.333368 7.000000
v -55.697056 -5.697056 7.000000
v -55.333366 -5.995527 7.000000
v -54.918442 -6.217312 7.000000
v -54.468216 -6.353886 7.000000
v -30.000000 -14.400000 8.700001
v -29.531784 -14.353886 8.700001
v -29.081560 -14.217312 8.700001
v -28.666632 -13.995527 8.700001
v -28.302944 -13.697056 8.700001
v -28.004473 -13.333368 8.700001
v -27.782688 -12.918440 8.700001
v -27.646114 -12.468216 8.700001
v -27.600000 -12.000000 8.700001
v -27.646114 -11.531784 8.700001
v -27.782688 -11.081560 8.700001
v -28.004473 -10.666632 8.700001
v -28.302944 -10.302944 8.700001
v -28.666632 -10.004473 8.700001
v -29.081560 -9.782688 8.700001
v -29.531784 -9.646114 8.700001
v -30.000000 -9.600000 8.700001
v -30.468216 -9.646114 8.700001
v -30.918440 -9.782688 8.700001
v -31.333368 -10.004473 8.700001
v -31.697056 -10.302944 8.700001
v -31.995527 -10.666632 8.700001
v -32.217312 -11.081560 8.700001
v -32.353886 -11.531784 8.700001
v -32.400002 -12.000000 8.700001
v -32.353886 -12.468216 8.700001
v -32.217312 -12.918440 8.700001
v -31.995527 -13.333368 8.700001
v -31.697056 -13.697056 8.700001
v -31.333368 -13.995527 8.700001
v -30.918440 -14.217312 8.700001
v -30.468216 -14.353886 8.700001
v -30.000000 -14.400000 7.000000
v -29.531784 -14.353886 7.000000
v -29.081560 -14.217312 7.000000
v -28.666632 -13.995527 7.000000
v -28.302944 -13.697056 7.000000
v -28.004473 -13.333368 7.000000
v -27.782688 -12.918440 7.000000
v -27.646114 -12.468216 7.000000
v -27.600000 -12.000000 7.000000
v -27.646114 -11.531784 7.000000
v -27.782688 -11.081560 7.000000
v -28.004473 -10.666632 7.000000
v -28.302944 -10.302944 7.000000
v -28.666632 -10.004473 7.000000
v -29.081560 -9.782688 7.000000
v -29.531784 -9.646114 7.000000
v -30.000000 -9.600000 7.000000
v -30.468216 -9.646114 7.000000
v -30.918440 -9.782688 7.000000
v -31.333368 -10.004473 7.000000
v -31.697056 -10.302944 7.000000
v -31.995527 -10.666632 7.000000
v -32.217312 -11.081560 7.000000
v -32.353886 -11.531784 7.000000
v -32.400002 -12.000000 7.000000
v -32.353886 -12.468216 7.000000
v -32.217312 -12.918440 7.000000
v -31.995527 -13.333368 7.000000
v -31.697056 -13.697056 7.000000
v -31.333368 -13.995527 7.000000
v -30.918440 -14.217312 7.000000
v -30.468216 -14.353886 7.000000
v -38.000000 -14.400000 8.700001
v -37.531784 -14.353886 8.700001
v -37.081558 -14.217312 8.700001
v -36.666630 -13.995527 8.700001
v -36.302944 -13.697056 8.700001
v -36.004471 -13.333368 8.700001
v -35.782688 -12.918440 8.700001
v -35.646114 -12.468216 8.700001
v -35.599998 -12.000000 8.700001
v -35.646114 -11.531784 8.700001
v -35.782688 -11.081560 8.700001
v -36.004471 -10.666632 8.700001
v -36.302944 -10.302944 8.700001
v -36.666630 -10.004473 8.700001
v -37.081558 -9.782688 8.700001
v -37.531784 -9.646114 8.700001
v -38.000000 -9.600000 8.700001
v -38.468216 -9.646114 8.700001
v -38.918442 -9.782688 8.700001
v -39.333366 -10.004473 8.700001
v -39.697056 -10.302944 8.700001
v -39.995529 -10.666632 8.700001
v -40.217312 -11.081560 8.700001
v -40.353886 -11.531784 8.700001
v -40.400002 -12.000000 8.700001
v -40.353886 -12.468216 8.700001
v -40.217312 -12.918440 8.700001
v -39.995529 -13.333368 8.700001
v -39.697056 -13.697056 8.700001
v -39.333366 -13.995527 8.700001
v -38.918442 -14.217312 8.700001
v -38.468216 -14.353886 8.700001
v -38.000000 -14.400000 7.000000
v -37.531784 -14.353886 7.000000
v -37.081558 -14.217312 7.000000
v -36.666630 -13.995527 7.000000
v -36.302944 -13.697056 7.000000
v -36.004471 -13.333368 7.000000
v -35.782688 -12.918440 7.000000
v -35.646114 -12.468216 7.000000
v -35.599998 -12.000000 7.000000
v -35.646114 -11.531784 7.000000
v -35.782688 -11.081560 7.000000
v -36.004471 -10.666632 7.000000
v -36.302944 -10.302944 7.000000
v -36.666630 -10.004473 7.000000
v -37.081558 -9.782688 7.000000
v -37.531784 -9.646114 7.000000
v -38.000000 -9.600000 7.000000
v -38.468216 -9.646114 7.000000
v -38.918442 -9.782688 7.000000
v -39.333366 -10.004473 7.000000
v -39.697056 -10.302944 7.000000
v -39.995529 -10.666632 7.000000
v -40.217312 -11.081560 7.000000
v -40.353886 -11.531784 7.000000
v -40.400002 -12.000000 7.000000
v -40.353886 -12.468216 7.000000
v -40.217312 -12.918440 7.000000
v -39.995529 -13.333368 7.000000
v -39.697056 -13.697056 7.000000
v -39.333366 -13.995527 7.000000
v -38.918442 -14.217312 7.000000
v -38.468216 -14.353886 7.000000
v -46.000000 -14.400000 8.700001
v -45.531784 -14.353886 8.700001
v -45.081558 -14.217312 8.700001
v -44.666634 -13.995527 8.700001
v -44.302944 -13.697056 8.700001
v -44.004471 -13.333368 8.700001
v -43.782688 -12.918440 8.700001
v -43.646114 -12.468216 8.700001
v -43.599998 -12.000000 8.700001
v -43.646114 -11.531784 8.700001
v -43.782688 -11.081560 8.700001
v -44.004471 -10.666632 8.700001
v -44.302944 -10.302944 8.700001
v -44.666634 -10.004473 8.700001
v -45.081558 -9.782688 8.700001
v -45.531784 -9.646114 8.700001
v -46.000000 -9.600000 8.700001
v -46.468216 -9.646114 8.700001
v -46.918442 -9.782688 8.700001
v -47.333366 -10.004473 8.700001
v -47.697056 -10.302944 8.700001
v -47.995529 -10.666632 8.700001
v -48.217312 -11.081560 8.700001
v -48.353886 -11.531784 8.700001
v -48.400002 -12.000000 8.700001
v -48.353886 -12.468216 8.700001
v -48.217312 -12.918440 8.700001
v -47.995529 -13.333368 8.700001
v -47.697056 -13.697056 8.700001
v -47.333366 -13.995527 8.700001
v -46.918442 -14.217312 8.700001
v -46.468216 -14.353886 8.700001
v -46.000000 -14.400000 7.000000
v -45.531784 -14.353886 7.000000
v -45.081558 -14.217312 7.000000
v -44.666634 -13.995527 7.000000
v -44.302944 -13.697056 7.000000
v -44.004471 -13.333368 7.000000
v -43.782688 -12.918440 7.000000
v -43.646114 -12.468216 7.000000
v -43.599998 -12.000000 7.000000
v -43.646114 -11.531784 7.000000
v -43.782688 -11.081560 7.000000
v -44.004471 -10.666632 7.000000
v -44.302944 -10.302944 7.000000
v -44.666634 -10.004473 7.000000
v -45.081558 -9.782688 7.000000
v -45.531784 -9.646114 7.000000
v -46.000000 -9.600000 7.000000
v -46.468216 -9.646114 7.000000
v -46.918442 -9.782688 7.000000
v -47.333366 -10.004473 7.000000
v -47.697056 -10.302944 7.000000
v -47.995529 -10.666632 7.000000
v -48.217312 -11.081560 7.000000
v -48.353886 -11.531784 7.000000
v -48.400002 -12.000000 7.000000
v -48.353886 -12.468216 7.000000
v -48.217312 -12.918440 7.000000
v -47.995529 -13.333368 7.000000
v -47.697056 -13.697056 7.000000
v -47.333366 -13.995527 7.000000
v -46.918442 -14.217312 7.000000
v -46.468216 -14.353886 7.000000
v -54.000000 -14.400000 8.700001
v -53.531784 -14.353886 8.700001
v -53.081558 -14.217312 8.700001
v -52.666634 -13.995527 8.700001
v -52.302944 -13.697056 8.700001
v -52.004471 -13.333368 8.700001
v -51.782688 -12.918440 8.700001
v -51.646114 -12.468216 8.700001
v -51.599998 -12.000000 8.700001
v -51.646114 -11.531784 8.700001
v -51.782688 -11.081560 8.700001
v -52.004471 -10.666632 8.700001
v -52.302944 -10.302944 8.700001
v -52.666634 -10.004473 8.700001
v -53.081558 -9.782688 8.700001
v -53.531784 -9.646114 8.700001
v -54.000000 -9.600000 8.700001
v -54.468216 -9.646114 8.700001
v -54.918442 -9.782688 8.700001
v -55.333366 -10.004473 8.700001
v -55.697056 -10.302944 8.700001
v -55.995529 -10.666632 8.700001
v -56.217312 -11.081560 8.700001
v -56.353886 -11.531784 8.700001
v -56.400002 -12.000000 8.700001
v -56.353886 -12.468216 8.700001
v -56.217312 -12.918440 8.700001
v -55.995529 -13.333368 8.700001
v -55.697056 -13.697056 8.700001
v -55.333366 -13.995527 8.700001
v -54.918442 -14.217312 8.700001
v -54.468216 -14.353886 8.700001
v -54.000000 -14.400000 7.000000
v -53.531784 -14.353886 7.000000
v -53.081558 -14.217312 7.000000
v -52.666634 -13.995527 7.000000
v -52.302944 -13.697056 7.000000
v -52.004471 -13.333368 7.000000
v -51.782688 -12.918440 7.000000
v -51.646114 -12.468216 7.000000
v -51.599998 -12.000000 7.000000
v -51.646114 -11.531784 7.000000
v -51.782688 -11.081560 7.000000
v -52.004471 -10.666632 7.000000
v -52.302944 -10.302944 7.000000
v -52.666634 -10.004473 7.000000
v -53.081558 -9.782688 7.000000
v -53.531784 -9.646114 7.000000
v -54.000000 -9.600000 7.000000
v -54.468216 -9.646114 7.000000
v -54.918442 -9.782688 7.000000
v -55.333366 -10.004473 7.000000
v -55.697056 -10.302944 7.000000
v -55.995529 -10.666632 7.000000
v -56.217312 -11.081560 7.000000
v -56.353886 -11.531784 7.000000
v -56.400002 -12.000000 7.000000
v -56.353886 -12.468216 7.000000
v -56.217312 -12.918440 7.000000
v -55.995529 -13.333368 7.000000
v -55.697056 -13.697056 7.000000
v -55.333366 -13.995527 7.000000
v -54.918442 -14.217312 7.000000
v -54.468216 -14.353886 7.000000
vn 0.4875 0.8731 -0.0000
vn -0.0000 -0.0000 -1.0000
vn -0.5402 0.8415 -0.0000
vn -0.5298 0.8481 -0.0000
vn -0.5194 0.8545 -0.0000
vn -0.5088 0.8609 -0.0000
vn -0.4983 0.8670 -0.0000
vn -0.4875 0.8731 -0.0000
vn -0.4769 0.8790 -0.0000
vn -0.4660 0.8848 -0.0000
vn -0.4551 0.8904 -0.0000
vn -0.4442 0.8959 -0.0000
vn -0.4331 0.9014 -0.0000
vn -0.4221 0.9066 -0.0000
vn -0.4108 0.9117 -0.0000
vn -0.3996 0.9167 -0.0000
vn -0.3883 0.9215 -0.0000
vn -0.3770 0.9262 -0.0000
vn -0.3656 0.9308 -0.0000
vn -0.3541 0.9352 -0.0000
vn -0.3426 0.9395 -0.0000
vn -0.3311 0.9436 -0.0000
vn -0.3195 0.9476 -0.0000
vn -0.3078 0.9514 -0.0000
vn -0.2962 0.9551 -0.0000
vn -0.2844 0.9587 -0.0000
vn -0.2726 0.9621 -0.0000
vn -0.2608 0.9654 -0.0000
vn -0.2489 0.9685 -0.0000
vn -0.2371 0.9715 -0.0000
vn -0.2250 0.9744 -0.0000
vn -0.2131 0.9770 -0.0000
vn -0.2011 0.9796 -0.0000
vn -0.1891 0.9820 -0.0000
vn -0.1770 0.9842 -0.0000
vn -0.1649 0.9863 -0.0000
vn -0.1528 0.9883 -0.0000
vn -0.1407 0.9901 -0.0000
vn -0.1285 0.9917 -0.0000
vn -0.1163 0.9932 -0.0000
vn -0.1041 0.9946 -0.0000
vn -0.0919 0.9958 -0.0000
vn -0.0797 0.9968 -0.0000
vn -0.0675 0.9977 -0.0000
vn -0.0552 0.9985 -0.0000
vn -0.0429 0.9991 -0.0000
vn -0.0307 0.9995 -0.0000
vn -0.0184 0.9998 -0.0000
vn -0.0062 1.0000 -0.0000
vn -0.0062 -1.0000 -0.0000
vn -0.0184 -0.9998 -0.0000
vn -0.0307 -0.9995 -0.0000
vn -0.0429 -0.9991 -0.0000
vn -0.0552 -0.9985 -0.0000
vn -0.0675 -0.9977 -0.0000
vn -0.0797 -0.9968 -0.0000
vn -0.0918 -0.9958 -0.0000
vn -0.1041 -0.9946 -0.0000
vn -0.1164 -0.9932 -0.0000
vn -0.1285 -0.9917 -0.0000
vn -0.1406 -0.9901 -0.0000
vn -0.1528 -0.9883 -0.0000
vn -0.1649 -0.9863 -0.0000
vn -0.1770 -0.9842 -0.0000
vn -0.1890 -0.9820 -0.0000
vn -0.2011 -0.9796 -0.0000
vn -0.2132 -0.9770 -0.0000
vn -0.2250 -0.9744 -0.0000
vn -0.2371 -0.9715 -0.0000
vn -0.2489 -0.9685 -0.0000
vn -0.2608 -0.9654 -0.0000
vn -0.2727 -0.9621 -0.0000
vn -0.2844 -0.9587 -0.0000
vn -0.2962 -0.9551 -0.0000
vn -0.3078 -0.9514 -0.0000
vn -0.3194 -0.9476 -0.0000
vn -0.3312 -0.9436 -0.0000
vn -0.3427 -0.9395 -0.0000
vn -0.3541 -0.9352 -0.0000
vn -0.3656 -0.9308 -0.0000
vn -0.3770 -0.9262 -0.0000
vn -0.3883 -0.9215 -0.0000
vn -0.3997 -0.9166 -0.0000
vn -0.4108 -0.9117 -0.0000
vn -0.4220 -0.9066 -0.0000
vn -0.4330 -0.9014 -0.0000
vn -0.4442 -0.8959 -0.0000
vn -0.4550 -0.8905 -0.0000
vn -0.4660 -0.8848 -0.0000
vn -0.4768 -0.8790 -0.0000
vn -0.4875 -0.8731 -0.0000
vn -0.4982 -0.8671 -0.0000
vn -0.5089 -0.8608 -0.0000
vn -0.5194 -0.8545 -0.0000
vn -0.5298 -0.8481 -0.0000
vn -0.5401 -0.8416 -0.0000
vn -0.5505 -0.8349 -0.0000
vn -0.5607 -0.8280 -0.0000
vn -0.5706 -0.8212 -0.0000
vn -0.5808 -0.8140 -0.0000
vn -0.5908 -0.8068 -0.0000
vn -0.6006 -0.7995 -0.0000
vn -0.6105 -0.7920 -0.0000
vn -0.6200 -0.7846 -0.0000
vn -0.6297 -0.7768 -0.0000
vn -0.6391 -0.7691 -0.0000
vn -0.6486 -0.7611 -0.0000
vn -0.6579 -0.7531 -0.0000
vn -0.6670 -0.7450 -0.0000
vn -0.6762 -0.7367 -0.0000
vn -0.6851 -0.7284 -0.0000
vn -0.6940 -0.7200 -0.0000
vn -0.7028 -0.7114 -0.0000
vn -0.7113 -0.7029 -0.0000
vn -0.7201 -0.6938 -0.0000
vn -0.7285 -0.6850 -0.0000
vn -0.7366 -0.6763 -0.0000
vn -0.7450 -0.6670 -0.0000
vn -0.7532 -0.6578 -0.0000
vn -0.7611 -0.6486 -0.0000
vn -0.7691 -0.6392 -0.0000
vn -0.7768 -0.6297 -0.0000
vn -0.7846 -0.6200 -0.0000
vn -0.7920 -0.6105 -0.0000
vn -0.7995 -0.6007 -0.0000
vn -0.8068 -0.5908 -0.0000
vn -0.8141 -0.5808 -0.0000
vn -0.8211 -0.5708 -0.0000
vn -0.8280 -0.5608 -0.0000
vn -0.8349 -0.5505 -0.0000
vn -0.8415 -0.5402 -0.0000
vn -0.8482 -0.5298 -0.0000
vn -0.8545 -0.5195 -0.0000
vn -0.8609 -0.5088 -0.0000
vn -0.8670 -0.4983 -0.0000
vn -0.8731 -0.4875 -0.0000
vn -0.8790 -0.4768 -0.0000
vn -0.8848 -0.4660 -0.0000
vn -0.8905 -0.4550 -0.0000
vn -0.8960 -0.4441 -0.0000
vn -0.9014 -0.4329 -0.0000
vn -0.9065 -0.4222 -0.0000
vn -0.9117 -0.4108 -0.0000
vn -0.9167 -0.3997 -0.0000
vn -0.9216 -0.3882 -0.0000
vn -0.9261 -0.3772 -0.0000
vn -0.9308 -0.3655 -0.0000
vn -0.9352 -0.3541 -0.0000
vn -0.9395 -0.3427 -0.0000
vn -0.9435 -0.3313 -0.0000
vn -0.9476 -0.3196 -0.0000
vn -0.9514 -0.3079 -0.0000
vn -0.9551 -0.2961 -0.0000
vn -0.9588 -0.2842 -0.0000
vn -0.9621 -0.2727 -0.0000
vn -0.9654 -0.2608 -0.0000
vn -0.9685 -0.2489 -0.0000
vn -0.9715 -0.2370 -0.0000
vn -0.9744 -0.2248 -0.0000
vn -0.9770 -0.2131 -0.0000
vn -0.9796 -0.2011 -0.0000
vn -0.9819 -0.1892 -0.0000
vn -0.9842 -0.1769 -0.0000
vn -0.9863 -0.1649 -0.0000
vn -0.9883 -0.1528 -0.0000
vn -0.9901 -0.1404 -0.0000
vn -0.9917 -0.1285 -0.0000
vn -0.9932 -0.1163 -0.0000
vn -0.9946 -0.1041 -0.0000
vn -0.9958 -0.0918 -0.0000
vn -0.9968 -0.0798 -0.0000
vn -0.9977 -0.0674 -0.0000
vn -0.9985 -0.0552 -0.0000
vn -0.9991 -0.0430 -0.0000
vn -0.9995 -0.0307 -0.0000
vn -0.9998 -0.0181 -0.0000
vn -1.0000 -0.0063 -0.0000
vn 1.0000 -0.0061 -0.0000
vn 0.9998 -0.0186 -0.0000
vn 0.9995 -0.0307 -0.0000
vn 0.9991 -0.0428 -0.0000
vn 0.9985 -0.0552 -0.0000
vn 0.9977 -0.0676 -0.0000
vn 0.9968 -0.0796 -0.0000
vn 0.9958 -0.0918 -0.0000
vn 0.9946 -0.1041 -0.0000
vn 0.9932 -0.1163 -0.0000
vn 0.9917 -0.1285 -0.0000
vn 0.9900 -0.1409 -0.0000
vn 0.9883 -0.1528 -0.0000
vn 0.9863 -0.1649 -0.0000
vn 0.9842 -0.1771 -0.0000
vn 0.9820 -0.1888 -0.0000
vn 0.9796 -0.2009 -0.0000
vn 0.9770 -0.2133 -0.0000
vn 0.9743 -0.2251 -0.0000
vn 0.9715 -0.2372 -0.0000
vn 0.9685 -0.2491 -0.0000
vn 0.9654 -0.2606 -0.0000
vn 0.9621 -0.2727 -0.0000
vn 0.9586 -0.2846 -0.0000
vn 0.9551 -0.2961 -0.0000
vn 0.9515 -0.3078 -0.0000
vn 0.9476 -0.3194 -0.0000
vn 0.9437 -0.3309 -0.0000
vn 0.9395 -0.3427 -0.0000
vn 0.9351 -0.3543 -0.0000
vn 0.9308 -0.3655 -0.0000
vn 0.9262 -0.3770 -0.0000
vn 0.9216 -0.3882 -0.0000
vn 0.9167 -0.3997 -0.0000
vn 0.9117 -0.4108 -0.0000
vn 0.9066 -0.4220 -0.0000
vn 0.9013 -0.4332 -0.0000
vn 0.8959 -0.4442 -0.0000
vn 0.8904 -0.4551 -0.0000
vn 0.8848 -0.4660 -0.0000
vn 0.8790 -0.4768 -0.0000
vn 0.8731 -0.4875 -0.0000
vn 0.8670 -0.4983 -0.0000
vn 0.8609 -0.5088 -0.0000
vn 0.8546 -0.5193 -0.0000
vn 0.8482 -0.5298 -0.0000
vn 0.8416 -0.5401 -0.0000
vn 0.8349 -0.5505 -0.0000
vn 0.8280 -0.5608 -0.0000
vn 0.8211 -0.5708 -0.0000
vn 0.8139 -0.5809 -0.0000
vn 0.8069 -0.5907 -0.0000
vn 0.7996 -0.6006 -0.0000
vn 0.7921 -0.6104 -0.0000
vn 0.7847 -0.6199 -0.0000
vn 0.7769 -0.6296 -0.0000
vn 0.7692 -0.6390 -0.0000
vn 0.7613 -0.6484 -0.0000
vn 0.7531 -0.6579 -0.0000
vn 0.7451 -0.6669 -0.0000
vn 0.7368 -0.6761 -0.0000
vn 0.7284 -0.6851 -0.0000
vn 0.7200 -0.6940 -0.0000
vn 0.7115 -0.7027 -0.0000
vn 0.7028 -0.7114 -0.0000
vn 0.6939 -0.7201 -0.0000
vn 0.6850 -0.7285 -0.0000
vn 0.6761 -0.7368 -0.0000
vn 0.6669 -0.7451 -0.0000
vn 0.6578 -0.7532 -0.0000
vn 0.6485 -0.7612 -0.0000
vn 0.6391 -0.7691 -0.0000
vn 0.6297 -0.7768 -0.0000
vn 0.8905 0.4550 -0.0000
vn 0.6200 -0.7846 -0.0000
vn 0.8848 0.4660 -0.0000
vn 0.6103 -0.7922 -0.0000
vn 0.8790 0.4768 -0.0000
vn 0.6005 -0.7996 -0.0000
vn 0.8731 0.4875 -0.0000
vn 0.5908 -0.8068 -0.0000
vn 0.8670 0.4983 -0.0000
vn 0.5809 -0.8140 -0.0000
vn 0.8609 0.5088 -0.0000
vn 0.5708 -0.8211 -0.0000
vn 0.8545 0.5195 -0.0000
vn 0.5607 -0.8280 -0.0000
vn 0.8482 0.5298 -0.0000
vn 0.5505 -0.8349 -0.0000
vn 0.8415 0.5402 -0.0000
vn 0.5402 -0.8415 -0.0000
vn 0.8349 0.5505 -0.0000
vn 0.5298 -0.8481 -0.0000
vn 0.8280 0.5608 -0.0000
vn 0.5194 -0.8545 -0.0000
vn 0.8212 0.5706 -0.0000
vn 0.5088 -0.8609 -0.0000
vn 0.8141 0.5808 -0.0000
vn 0.4983 -0.8670 -0.0000
vn 0.8068 0.5908 -0.0000
vn 0.4875 -0.8731 -0.0000
vn 0.7995 0.6007 -0.0000
vn 0.4769 -0.8790 -0.0000
vn 0.7920 0.6105 -0.0000
vn 0.4660 -0.8848 -0.0000
vn 0.7846 0.6200 -0.0000
vn 0.4551 -0.8904 -0.0000
vn 0.7768 0.6297 -0.0000
vn 0.4442 -0.8959 -0.0000
vn 0.7691 0.6392 -0.0000
vn 0.4331 -0.9014 -0.0000
vn 0.7611 0.6486 -0.0000
vn 0.4221 -0.9066 -0.0000
vn 0.7532 0.6578 -0.0000
vn 0.4108 -0.9117 -0.0000
vn 0.7450 0.6670 -0.0000
vn 0.3996 -0.9167 -0.0000
vn 0.7366 0.6763 -0.0000
vn 0.3883 -0.9215 -0.0000
vn 0.7285 0.6850 -0.0000
vn 0.3770 -0.9262 -0.0000
vn 0.7201 0.6938 -0.0000
vn 0.3656 -0.9308 -0.0000
vn 0.7113 0.7029 -0.0000
vn 0.3541 -0.9352 -0.0000
vn 0.7028 0.7114 -0.0000
vn 0.3426 -0.9395 -0.0000
vn 0.6940 0.7200 -0.0000
vn 0.3311 -0.9436 -0.0000
vn 0.6851 0.7284 -0.0000
vn 0.3195 -0.9476 -0.0000
vn 0.6762 0.7367 -0.0000
vn 0.3078 -0.9514 -0.0000
vn 0.6670 0.7450 -0.0000
vn 0.2962 -0.9551 -0.0000
vn 0.6579 0.7531 -0.0000
vn 0.2844 -0.9587 -0.0000
vn 0.6486 0.7611 -0.0000
vn 0.2726 -0.9621 -0.0000
vn 0.6391 0.7691 -0.0000
vn 0.2608 -0.9654 -0.0000
vn 0.6297 0.7768 -0.0000
vn 0.2489 -0.9685 -0.0000
vn 0.6200 0.7846 -0.0000
vn 0.2371 -0.9715 -0.0000
vn 0.6104 0.7921 -0.0000
vn 0.2250 -0.9744 -0.0000
vn 0.6006 0.7995 -0.0000
vn 0.2131 -0.9770 -0.0000
vn 0.5908 0.8068 -0.0000
vn 0.2011 -0.9796 -0.0000
vn 0.5807 0.8141 -0.0000
vn 0.1891 -0.9820 -0.0000
vn 0.5707 0.8212 -0.0000
vn 0.1770 -0.9842 -0.0000
vn 0.5607 0.8280 -0.0000
vn 0.1649 -0.9863 -0.0000
vn 0.5505 0.8349 -0.0000
vn 0.1528 -0.9883 -0.0000
vn 0.5401 0.8416 -0.0000
vn 0.1407 -0.9901 -0.0000
vn 0.5298 0.8481 -0.0000
vn 0.1285 -0.9917 -0.0000
vn 0.5194 0.8545 -0.0000
vn 0.1163 -0.9932 -0.0000
vn 0.5089 0.8608 -0.0000
vn 0.1041 -0.9946 -0.0000
vn 0.4982 0.8671 -0.0000
vn 0.0919 -0.9958 -0.0000
vn 0.0797 -0.9968 -0.0000
vn 0.4768 0.8790 -0.0000
vn 0.0675 -0.9977 -0.0000
vn 0.4660 0.8848 -0.0000
vn 0.0552 -0.9985 -0.0000
vn 0.4550 0.8905 -0.0000
vn 0.0429 -0.9991 -0.0000
vn 0.4442 0.8959 -0.0000
vn 0.0307 -0.9995 -0.0000
vn 0.4330 0.9014 -0.0000
vn 0.0184 -0.9998 -0.0000
vn 0.4220 0.9066 -0.0000
vn 0.0062 -1.0000 -0.0000
vn 0.4108 0.9117 -0.0000
vn 1.0000 0.0063 -0.0000
vn 0.3997 0.9166 -0.0000
vn 0.9998 0.0181 -0.0000
vn 0.3883 0.9215 -0.0000
vn 0.9995 0.0307 -0.0000
vn 0.3771 0.9262 -0.0000
vn 0.9991 0.0430 -0.0000
vn 0.3655 0.9308 -0.0000
vn 0.9985 0.0552 -0.0000
vn 0.3541 0.9352 -0.0000
vn 0.9977 0.0674 -0.0000
vn 0.3427 0.9395 -0.0000
vn 0.9968 0.0798 -0.0000
vn 0.3312 0.9436 -0.0000
vn 0.9958 0.0918 -0.0000
vn 0.3195 0.9476 -0.0000
vn 0.9946 0.1041 -0.0000
vn 0.3078 0.9514 -0.0000
vn 0.9932 0.1163 -0.0000
vn 0.2962 0.9551 -0.0000
vn 0.9917 0.1285 -0.0000
vn 0.2844 0.9587 -0.0000
vn 0.9901 0.1404 -0.0000
vn 0.2727 0.9621 -0.0000
vn 0.9883 0.1528 -0.0000
vn 0.2608 0.9654 -0.0000
vn 0.9863 0.1649 -0.0000
vn 0.2489 0.9685 -0.0000
vn 0.9842 0.1769 -0.0000
vn 0.2371 0.9715 -0.0000
vn 0.9819 0.1892 -0.0000
vn 0.2250 0.9744 -0.0000
vn 0.9795 0.2014 -0.0000
vn 0.2132 0.9770 -0.0000
vn 0.9770 0.2131 -0.0000
vn 0.2011 0.9796 -0.0000
vn 0.9744 0.2248 -0.0000
vn 0.1891 0.9820 -0.0000
vn 0.9715 0.2370 -0.0000
vn 0.1770 0.9842 -0.0000
vn 0.9685 0.2489 -0.0000
vn 0.1649 0.9863 -0.0000
vn 0.9654 0.2608 -0.0000
vn 0.1528 0.9883 -0.0000
vn 0.9621 0.2727 -0.0000
vn -0.0000 1.0000 -0.0000
vn 0.1406 0.9901 -0.0000
vn 0.9588 0.2842 -0.0000
vn -1.0000 -0.0000 -0.0000
vn 0.1285 0.9917 -0.0000
vn 0.9551 0.2961 -0.0000
vn -0.0000 -1.0000 -0.0000
vn 0.1164 0.9932 -0.0000
vn 0.9514 0.3079 -0.0000
vn 1.0000 -0.0000 -0.0000
vn 0.1041 0.9946 -0.0000
vn 0.9476 0.3196 -0.0000
vn -1.0000 0.0061 -0.0000
vn 0.0918 0.9958 -0.0000
vn 0.9435 0.3313 -0.0000
vn -0.9998 0.0186 -0.0000
vn 0.0797 0.9968 -0.0000
vn 0.9395 0.3427 -0.0000
vn -0.9995 0.0307 -0.0000
vn 0.0675 0.9977 -0.0000
vn 0.9352 0.3541 -0.0000
vn -0.9991 0.0428 -0.0000
vn 0.0552 0.9985 -0.0000
vn 0.9307 0.3657 -0.0000
vn -0.9985 0.0552 -0.0000
vn 0.0429 0.9991 -0.0000
vn 0.9262 0.3770 -0.0000
vn -0.9977 0.0676 -0.0000
vn 0.0307 0.9995 -0.0000
vn 0.9216 0.3882 -0.0000
vn -0.9968 0.0796 -0.0000
vn 0.0184 0.9998 -0.0000
vn 0.9167 0.3997 -0.0000
vn -0.9958 0.0918 -0.0000
vn 0.0062 1.0000 -0.0000
vn 0.9117 0.4108 -0.0000
vn -0.9946 0.1041 -0.0000
vn 0.9065 0.4222 -0.0000
vn -0.9932 0.1163 -0.0000
vn 0.9014 0.4329 -0.0000
vn -0.9917 0.1285 -0.0000
vn 0.8960 0.4441 -0.0000
vn -0.9900 0.1409 -0.0000
vn -0.9883 0.1528 -0.0000
vn -0.9863 0.1649 -0.0000
vn -0.9842 0.1771 -0.0000
vn -0.9820 0.1888 -0.0000
vn -0.9796 0.2009 -0.0000
vn -0.9770 0.2133 -0.0000
vn -0.9743 0.2251 -0.0000
vn -0.9715 0.2372 -0.0000
vn -0.9685 0.2491 -0.0000
vn -0.9654 0.2606 -0.0000
vn -0.9621 0.2727 -0.0000
vn -0.9586 0.2846 -0.0000
vn -0.9551 0.2961 -0.0000
vn -0.9515 0.3078 -0.0000
vn -0.9476 0.3194 -0.0000
vn -0.9437 0.3309 -0.0000
vn -0.9395 0.3427 -0.0000
vn -0.9351 0.3543 -0.0000
vn -0.9308 0.3655 -0.0000
vn -0.9262 0.3770 -0.0000
vn -0.9216 0.3882 -0.0000
vn -0.9167 0.3997 -0.0000
vn -0.9117 0.4108 -0.0000
vn -0.9066 0.4220 -0.0000
vn -0.9013 0.4332 -0.0000
vn -0.8959 0.4442 -0.0000
vn -0.8904 0.4551 -0.0000
vn -0.8848 0.4660 -0.0000
vn -0.8790 0.4768 -0.0000
vn -0.8731 0.4875 -0.0000
vn -0.8670 0.4983 -0.0000
vn -0.8609 0.5088 -0.0000
vn -0.8546 0.5193 -0.0000
vn -0.8482 0.5298 -0.0000
vn -0.8416 0.5401 -0.0000
vn -0.8349 0.5505 -0.0000
vn -0.8280 0.5608 -0.0000
vn -0.8211 0.5708 -0.0000
vn -0.8139 0.5809 -0.0000
vn -0.8069 0.5907 -0.0000
vn -0.7996 0.6006 -0.0000
vn -0.7921 0.6104 -0.0000
vn -0.7847 0.6199 -0.0000
vn -0.7769 0.6296 -0.0000
vn -0.7692 0.6390 -0.0000
vn -0.7613 0.6484 -0.0000
vn -0.7531 0.6579 -0.0000
vn -0.7451 0.6669 -0.0000
vn -0.7368 0.6761 -0.0000
vn -0.7284 0.6851 -0.0000
vn -0.7200 0.6940 -0.0000
vn -0.7115 0.7027 -0.0000
vn -0.7028 0.7114 -0.0000
vn -0.6939 0.7201 -0.0000
vn -0.6850 0.7285 -0.0000
vn -0.6761 0.7368 -0.0000
vn -0.6669 0.7451 -0.0000
vn -0.6578 0.7532 -0.0000
vn -0.6485 0.7612 -0.0000
vn -0.6391 0.7691 -0.0000
vn -0.6297 0.7768 -0.0000
vn -0.6200 0.7846 -0.0000
vn -0.6103 0.7922 -0.0000
vn -0.6005 0.7996 -0.0000
vn -0.5908 0.8068 -0.0000
vn -0.5809 0.8140 -0.0000
vn -0.5708 0.8211 -0.0000
vn -0.5607 0.8280 -0.0000
vn -0.5505 0.8349 -0.0000
vn 0.0043 0.7071 -0.7071
vn 0.0130 0.7070 -0.7071
vn 0.0217 0.7069 -0.7070
vn 0.0304 0.7065 -0.7071
vn 0.0390 0.7060 -0.7071
vn 0.0477 0.7054 -0.7072
vn 0.0564 0.7049 -0.7071
vn 0.0650 0.7041 -0.7071
vn 0.0736 0.7033 -0.7071
vn 0.0823 0.7023 -0.7071
vn 0.0909 0.7012 -0.7072
vn 0.0995 0.7002 -0.7070
vn 0.1080 0.6988 -0.7071
vn 0.1166 0.6975 -0.7070
vn 0.1252 0.6960 -0.7070
vn 0.1337 0.6944 -0.7071
vn 0.1422 0.6927 -0.7071
vn 0.1507 0.6910 -0.7070
vn 0.1591 0.6889 -0.7071
vn 0.1676 0.6869 -0.7071
vn 0.1760 0.6849 -0.7071
vn 0.1844 0.6826 -0.7071
vn 0.1928 0.6803 -0.7071
vn 0.2011 0.6779 -0.7071
vn 0.2094 0.6754 -0.7071
vn 0.2177 0.6728 -0.7071
vn 0.2259 0.6700 -0.7071
vn 0.2341 0.6672 -0.7071
vn 0.2423 0.6643 -0.7071
vn 0.2504 0.6613 -0.7071
vn 0.2585 0.6582 -0.7071
vn 0.2666 0.6548 -0.7072
vn 0.2746 0.6516 -0.7071
vn 0.2825 0.6482 -0.7071
vn 0.2905 0.6447 -0.7071
vn 0.2984 0.6411 -0.7071
vn 0.3062 0.6374 -0.7071
vn 0.3141 0.6335 -0.7072
vn 0.3218 0.6297 -0.7071
vn 0.3295 0.6256 -0.7071
vn 0.3371 0.6216 -0.7071
vn 0.3447 0.6174 -0.7071
vn 0.3523 0.6131 -0.7071
vn 0.3598 0.6087 -0.7071
vn 0.3673 0.6043 -0.7071
vn 0.3746 0.5997 -0.7071
vn 0.3820 0.5950 -0.7071
vn 0.3892 0.5904 -0.7071
vn 0.3965 0.5855 -0.7071
vn 0.4036 0.5806 -0.7071
vn 0.4107 0.5756 -0.7071
vn 0.4177 0.5705 -0.7071
vn 0.4247 0.5654 -0.7071
vn 0.4316 0.5601 -0.7071
vn 0.4384 0.5548 -0.7071
vn 0.4453 0.5493 -0.7071
vn 0.4520 0.5438 -0.7071
vn 0.4586 0.5383 -0.7071
vn 0.4652 0.5326 -0.7071
vn 0.4716 0.5269 -0.7071
vn 0.4781 0.5210 -0.7071
vn 0.4844 0.5151 -0.7071
vn 0.4907 0.5091 -0.7071
vn 0.4969 0.5030 -0.7071
vn 0.5030 0.4969 -0.7071
vn 0.5092 0.4907 -0.7071
vn 0.5151 0.4844 -0.7071
vn 0.5210 0.4781 -0.7071
vn 0.5268 0.4717 -0.7071
vn 0.5326 0.4652 -0.7071
vn 0.5383 0.4586 -0.7071
vn 0.5438 0.4519 -0.7071
vn 0.5493 0.4452 -0.7071
vn 0.5548 0.4383 -0.7072
vn 0.5601 0.4316 -0.7071
vn 0.5654 0.4246 -0.7071
vn 0.5706 0.4176 -0.7071
vn 0.5756 0.4107 -0.7071
vn 0.5806 0.4034 -0.7072
vn 0.5855 0.3964 -0.7072
vn 0.5903 0.3892 -0.7071
vn 0.5952 0.3820 -0.7070
vn 0.5998 0.3746 -0.7071
vn 0.6042 0.3673 -0.7071
vn 0.6088 0.3597 -0.7071
vn 0.6131 0.3523 -0.7071
vn 0.6174 0.3447 -0.7071
vn 0.6216 0.3371 -0.7071
vn 0.6256 0.3295 -0.7071
vn 0.6296 0.3217 -0.7072
vn 0.6335 0.3141 -0.7071
vn 0.6373 0.3062 -0.7071
vn 0.6411 0.2984 -0.7071
vn 0.6446 0.2904 -0.7072
vn 0.6482 0.2827 -0.7070
vn 0.6516 0.2746 -0.7072
vn 0.6549 0.2666 -0.7071
vn 0.6581 0.2587 -0.7071
vn 0.6613 0.2504 -0.7071
vn 0.6643 0.2423 -0.7071
vn 0.6672 0.2341 -0.7071
vn 0.6700 0.2260 -0.7071
vn 0.6727 0.2177 -0.7071
vn 0.6754 0.2094 -0.7071
vn 0.6779 0.2010 -0.7071
vn 0.6803 0.1929 -0.7071
vn 0.6827 0.1842 -0.7071
vn 0.6848 0.1760 -0.7071
vn 0.6870 0.1676 -0.7071
vn 0.6890 0.1592 -0.7071
vn 0.6908 0.1507 -0.7071
vn 0.6927 0.1423 -0.7070
vn 0.6944 0.1338 -0.7071
vn 0.6959 0.1252 -0.7071
vn 0.6974 0.1167 -0.7071
vn 0.6988 0.1081 -0.7071
vn 0.7001 0.0996 -0.7071
vn 0.7012 0.0909 -0.7071
vn 0.7023 0.0824 -0.7071
vn 0.7033 0.0736 -0.7071
vn 0.7041 0.0651 -0.7071
vn 0.7048 0.0564 -0.7072
vn 0.7055 0.0476 -0.7071
vn 0.7061 0.0390 -0.7071
vn 0.7065 0.0303 -0.7070
vn 0.7068 0.0217 -0.7071
vn 0.7070 0.0129 -0.7071
vn 0.7071 0.0043 -0.7071
vn 0.0044 -0.7071 -0.7071
vn 0.0130 -0.7070 -0.7071
vn 0.0217 -0.7068 -0.7071
vn 0.0303 -0.7064 -0.7072
vn 0.0390 -0.7060 -0.7071
vn 0.0477 -0.7055 -0.7071
vn 0.0564 -0.7049 -0.7071
vn 0.0649 -0.7041 -0.7071
vn 0.0736 -0.7033 -0.7071
vn 0.0823 -0.7022 -0.7072
vn 0.0909 -0.7012 -0.7071
vn 0.0994 -0.7001 -0.7070
vn 0.1080 -0.6988 -0.7071
vn 0.1166 -0.6974 -0.7071
vn 0.1252 -0.6959 -0.7071
vn 0.1337 -0.6943 -0.7071
vn 0.1422 -0.6926 -0.7072
vn 0.1507 -0.6909 -0.7071
vn 0.1591 -0.6889 -0.7072
vn 0.1676 -0.6870 -0.7071
vn 0.1760 -0.6849 -0.7071
vn 0.1844 -0.6826 -0.7071
vn 0.1928 -0.6803 -0.7071
vn 0.2011 -0.6779 -0.7071
vn 0.2094 -0.6754 -0.7071
vn 0.2177 -0.6728 -0.7071
vn 0.2259 -0.6701 -0.7071
vn 0.2341 -0.6673 -0.7071
vn 0.2423 -0.6643 -0.7071
vn 0.2505 -0.6613 -0.7071
vn 0.2585 -0.6582 -0.7071
vn 0.2666 -0.6549 -0.7071
vn 0.2746 -0.6516 -0.7071
vn 0.2826 -0.6481 -0.7071
vn 0.2905 -0.6448 -0.7071
vn 0.2984 -0.6411 -0.7071
vn 0.3062 -0.6373 -0.7071
vn 0.3141 -0.6335 -0.7071
vn 0.3218 -0.6297 -0.7070
vn 0.3295 -0.6256 -0.7071
vn 0.3371 -0.6216 -0.7071
vn 0.3447 -0.6173 -0.7072
vn 0.3523 -0.6131 -0.7071
vn 0.3598 -0.6086 -0.7072
vn 0.3673 -0.6042 -0.7071
vn 0.3746 -0.5997 -0.7071
vn 0.3820 -0.5951 -0.7071
vn 0.3892 -0.5903 -0.7071
vn 0.3965 -0.5856 -0.7071
vn 0.4036 -0.5806 -0.7071
vn 0.4107 -0.5756 -0.7071
vn 0.4178 -0.5706 -0.7070
vn 0.4247 -0.5653 -0.7071
vn 0.4316 -0.5601 -0.7071
vn 0.4384 -0.5548 -0.7071
vn 0.4452 -0.5493 -0.7071
vn 0.4519 -0.5438 -0.7071
vn 0.4585 -0.5383 -0.7071
vn 0.4651 -0.5326 -0.7071
vn 0.4716 -0.5269 -0.7071
vn 0.4781 -0.5210 -0.7071
vn 0.4844 -0.5151 -0.7071
vn 0.4906 -0.5092 -0.7071
vn 0.4969 -0.5031 -0.7071
vn 0.5030 -0.4970 -0.7071
vn 0.5091 -0.4907 -0.7071
vn 0.5151 -0.4844 -0.7071
vn 0.5209 -0.4781 -0.7071
vn 0.5269 -0.4716 -0.7071
vn 0.5326 -0.4651 -0.7072
vn 0.5383 -0.4586 -0.7071
vn 0.5439 -0.4519 -0.7071
vn 0.5493 -0.4453 -0.7071
vn 0.5548 -0.4384 -0.7071
vn 0.5601 -0.4317 -0.7071
vn 0.5653 -0.4247 -0.7071
vn 0.5705 -0.4179 -0.7070
vn 0.5755 -0.4107 -0.7071
vn 0.5806 -0.4036 -0.7071
vn 0.5855 -0.3965 -0.7071
vn 0.5903 -0.3892 -0.7071
vn 0.5951 -0.3820 -0.7071
vn 0.5997 -0.3745 -0.7072
vn 0.6043 -0.3672 -0.7071
vn 0.6087 -0.3599 -0.7071
vn 0.6130 -0.3523 -0.7072
vn 0.6174 -0.3447 -0.7071
vn 0.6215 -0.3372 -0.7071
vn 0.6256 -0.3295 -0.7071
vn 0.6296 -0.3217 -0.7072
vn 0.6336 -0.3141 -0.7070
vn 0.6374 -0.3063 -0.7071
vn 0.6410 -0.2984 -0.7071
vn 0.6447 -0.2906 -0.7071
vn 0.6482 -0.2826 -0.7071
vn 0.6516 -0.2745 -0.7071
vn 0.6549 -0.2666 -0.7071
vn 0.6582 -0.2585 -0.7071
vn 0.6613 -0.2505 -0.7071
vn 0.6643 -0.2423 -0.7071
vn 0.6672 -0.2341 -0.7071
vn 0.6701 -0.2259 -0.7071
vn 0.6728 -0.2177 -0.7071
vn 0.6754 -0.2094 -0.7071
vn 0.6779 -0.2012 -0.7071
vn 0.6803 -0.1928 -0.7071
vn 0.6826 -0.1844 -0.7071
vn 0.6849 -0.1761 -0.7071
vn 0.6870 -0.1677 -0.7070
vn 0.6890 -0.1592 -0.7071
vn 0.6908 -0.1507 -0.7072
vn 0.6926 -0.1422 -0.7071
vn 0.6943 -0.1336 -0.7071
vn 0.6959 -0.1250 -0.7072
vn 0.6973 -0.1165 -0.7072
vn 0.6988 -0.1080 -0.7071
vn 0.7000 -0.0995 -0.7072
vn 0.7013 -0.0908 -0.7070
vn 0.7022 -0.0823 -0.7072
vn 0.7033 -0.0736 -0.7071
vn 0.7041 -0.0649 -0.7071
vn 0.7049 -0.0563 -0.7071
vn 0.7055 -0.0477 -0.7071
vn 0.7060 -0.0391 -0.7071
vn 0.7065 -0.0304 -0.7071
vn 0.7067 -0.0217 -0.7072
vn 0.7070 -0.0130 -0.7071
vn 0.7071 -0.0043 -0.7071
vn -0.7071 -0.0043 -0.7071
vn -0.7070 -0.0129 -0.7071
vn -0.7068 -0.0217 -0.7071
vn -0.7065 -0.0303 -0.7070
vn -0.7061 -0.0390 -0.7071
vn -0.7055 -0.0476 -0.7071
vn -0.7048 -0.0564 -0.7072
vn -0.7041 -0.0651 -0.7071
vn -0.7033 -0.0736 -0.7071
vn -0.7023 -0.0824 -0.7071
vn -0.7012 -0.0909 -0.7071
vn -0.7001 -0.0996 -0.7071
vn -0.6988 -0.1081 -0.7071
vn -0.6974 -0.1167 -0.7071
vn -0.6959 -0.1252 -0.7071
vn -0.6944 -0.1338 -0.7071
vn -0.6927 -0.1423 -0.7070
vn -0.6908 -0.1507 -0.7071
vn -0.6890 -0.1592 -0.7071
vn -0.6870 -0.1676 -0.7071
vn -0.6848 -0.1760 -0.7071
vn -0.6827 -0.1842 -0.7071
vn -0.6803 -0.1929 -0.7071
vn -0.6779 -0.2010 -0.7071
vn -0.6754 -0.2094 -0.7071
vn -0.6727 -0.2177 -0.7071
vn -0.6700 -0.2260 -0.7071
vn -0.6672 -0.2341 -0.7071
vn -0.6643 -0.2423 -0.7071
vn -0.6613 -0.2504 -0.7071
vn -0.6582 -0.2586 -0.7071
vn -0.6549 -0.2666 -0.7071
vn -0.6516 -0.2746 -0.7072
vn -0.6482 -0.2827 -0.7070
vn -0.6446 -0.2904 -0.7072
vn -0.6411 -0.2984 -0.7071
vn -0.6373 -0.3062 -0.7071
vn -0.6335 -0.3141 -0.7071
vn -0.6296 -0.3217 -0.7072
vn -0.6256 -0.3295 -0.7071
vn -0.6216 -0.3371 -0.7071
vn -0.6174 -0.3447 -0.7071
vn -0.6131 -0.3523 -0.7071
vn -0.6088 -0.3597 -0.7071
vn -0.6042 -0.3673 -0.7071
vn -0.5998 -0.3746 -0.7071
vn -0.5952 -0.3820 -0.7070
vn -0.5903 -0.3892 -0.7071
vn -0.5855 -0.3964 -0.7072
vn -0.5806 -0.4035 -0.7071
vn -0.5756 -0.4105 -0.7072
vn -0.5706 -0.4176 -0.7071
vn -0.5654 -0.4246 -0.7071
vn -0.5602 -0.4316 -0.7071
vn -0.5547 -0.4384 -0.7072
vn -0.5493 -0.4452 -0.7071
vn -0.5438 -0.4519 -0.7071
vn -0.5383 -0.4586 -0.7071
vn -0.5326 -0.4652 -0.7071
vn -0.5268 -0.4717 -0.7071
vn -0.5210 -0.4781 -0.7071
vn -0.5151 -0.4844 -0.7071
vn -0.5092 -0.4907 -0.7071
vn -0.5030 -0.4969 -0.7071
vn -0.4969 -0.5030 -0.7071
vn -0.4907 -0.5091 -0.7071
vn -0.4844 -0.5151 -0.7071
vn -0.4781 -0.5210 -0.7071
vn -0.4716 -0.5269 -0.7071
vn -0.4652 -0.5326 -0.7071
vn -0.4586 -0.5383 -0.7071
vn -0.4520 -0.5438 -0.7071
vn -0.4453 -0.5493 -0.7071
vn -0.4384 -0.5548 -0.7071
vn -0.4317 -0.5600 -0.7071
vn -0.4247 -0.5654 -0.7071
vn -0.4177 -0.5705 -0.7071
vn -0.4107 -0.5756 -0.7071
vn -0.4036 -0.5806 -0.7071
vn -0.3965 -0.5855 -0.7071
vn -0.3892 -0.5904 -0.7071
vn -0.3820 -0.5950 -0.7071
vn -0.3746 -0.5997 -0.7071
vn -0.3673 -0.6043 -0.7071
vn -0.3598 -0.6087 -0.7071
vn -0.3523 -0.6131 -0.7071
vn -0.3447 -0.6174 -0.7071
vn -0.3371 -0.6216 -0.7071
vn -0.3295 -0.6256 -0.7071
vn -0.3218 -0.6297 -0.7071
vn -0.3141 -0.6335 -0.7072
vn -0.3062 -0.6374 -0.7071
vn -0.2984 -0.6411 -0.7071
vn -0.2905 -0.6447 -0.7071
vn -0.2825 -0.6482 -0.7071
vn -0.2746 -0.6516 -0.7071
vn -0.2666 -0.6549 -0.7071
vn -0.2585 -0.6582 -0.7071
vn -0.2504 -0.6613 -0.7071
vn -0.2423 -0.6643 -0.7071
vn -0.2341 -0.6672 -0.7071
vn -0.2259 -0.6700 -0.7071
vn -0.2177 -0.6728 -0.7071
vn -0.2094 -0.6754 -0.7071
vn -0.2011 -0.6779 -0.7071
vn -0.1928 -0.6803 -0.7071
vn -0.1844 -0.6826 -0.7071
vn -0.1760 -0.6849 -0.7071
vn -0.1676 -0.6869 -0.7071
vn -0.1591 -0.6889 -0.7071
vn -0.1507 -0.6910 -0.7070
vn -0.1422 -0.6927 -0.7071
vn -0.1337 -0.6944 -0.7071
vn -0.1252 -0.6960 -0.7070
vn -0.1166 -0.6975 -0.7070
vn -0.1080 -0.6988 -0.7071
vn -0.0995 -0.7002 -0.7070
vn -0.0909 -0.7012 -0.7072
vn -0.0823 -0.7023 -0.7071
vn -0.0736 -0.7033 -0.7071
vn -0.0650 -0.7041 -0.7071
vn -0.0564 -0.7049 -0.7071
vn -0.0477 -0.7054 -0.7072
vn -0.0390 -0.7060 -0.7071
vn -0.0304 -0.7065 -0.7071
vn -0.0217 -0.7069 -0.7070
vn -0.0130 -0.7070 -0.7071
vn -0.0043 -0.7071 -0.7071
vn -0.0044 0.7071 -0.7071
vn -0.0130 0.7070 -0.7071
vn -0.0217 0.7068 -0.7071
vn -0.0303 0.7064 -0.7072
vn -0.0390 0.7060 -0.7071
vn -0.0477 0.7055 -0.7071
vn -0.0564 0.7049 -0.7071
vn -0.0649 0.7041 -0.7071
vn -0.0736 0.7033 -0.7071
vn -0.0823 0.7022 -0.7072
vn -0.0909 0.7012 -0.7071
vn -0.0994 0.7001 -0.7070
vn -0.1080 0.6988 -0.7071
vn -0.1166 0.6974 -0.7071
vn -0.1252 0.6959 -0.7071
vn -0.1337 0.6943 -0.7071
vn -0.1422 0.6926 -0.7072
vn -0.1507 0.6909 -0.7071
vn -0.1591 0.6889 -0.7072
vn -0.1676 0.6870 -0.7071
vn -0.1760 0.6849 -0.7071
vn -0.1844 0.6826 -0.7071
vn -0.1928 0.6803 -0.7071
vn -0.2011 0.6779 -0.7071
vn -0.2094 0.6754 -0.7071
vn -0.2177 0.6728 -0.7071
vn -0.2259 0.6701 -0.7071
vn -0.2341 0.6673 -0.7071
vn -0.2423 0.6643 -0.7071
vn -0.2505 0.6613 -0.7071
vn -0.2585 0.6582 -0.7071
vn -0.2666 0.6549 -0.7071
vn -0.2746 0.6516 -0.7071
vn -0.2826 0.6481 -0.7071
vn -0.2905 0.6448 -0.7071
vn -0.2984 0.6411 -0.7071
vn -0.3062 0.6373 -0.7071
vn -0.3141 0.6335 -0.7071
vn -0.3218 0.6297 -0.7070
vn -0.3295 0.6256 -0.7071
vn -0.3371 0.6216 -0.7071
vn -0.3447 0.6173 -0.7072
vn -0.3523 0.6131 -0.7071
vn -0.3598 0.6086 -0.7072
vn -0.3673 0.6042 -0.7071
vn -0.3746 0.5997 -0.7071
vn -0.3820 0.5951 -0.7071
vn -0.3892 0.5903 -0.7071
vn -0.3965 0.5856 -0.7071
vn -0.4036 0.5806 -0.7071
vn -0.4107 0.5756 -0.7071
vn -0.4178 0.5706 -0.7070
vn -0.4247 0.5653 -0.7071
vn -0.4316 0.5601 -0.7071
vn -0.4384 0.5548 -0.7071
vn -0.4452 0.5493 -0.7071
vn -0.4519 0.5438 -0.7071
vn -0.4585 0.5383 -0.7071
vn -0.4651 0.5326 -0.7071
vn -0.4716 0.5269 -0.7071
vn -0.4781 0.5210 -0.7071
vn -0.4844 0.5151 -0.7071
vn -0.4906 0.5092 -0.7071
vn -0.4969 0.5031 -0.7071
vn -0.5030 0.4970 -0.7071
vn -0.5091 0.4907 -0.7071
vn -0.5151 0.4844 -0.7071
vn -0.5209 0.4781 -0.7071
vn -0.5269 0.4716 -0.7071
vn -0.5326 0.4651 -0.7072
vn -0.5383 0.4586 -0.7071
vn -0.5439 0.4519 -0.7071
vn -0.5493 0.4453 -0.7071
vn -0.5548 0.4384 -0.7071
vn -0.5601 0.4317 -0.7071
vn -0.5653 0.4247 -0.7071
vn -0.5705 0.4179 -0.7070
vn -0.5755 0.4107 -0.7071
vn -0.5806 0.4036 -0.7071
vn -0.5855 0.3965 -0.7071
vn -0.5903 0.3892 -0.7071
vn -0.5951 0.3820 -0.7071
vn -0.5997 0.3745 -0.7072
vn -0.6043 0.3672 -0.7071
vn -0.6087 0.3599 -0.7071
vn -0.6130 0.3523 -0.7072
vn -0.6174 0.3447 -0.7071
vn -0.6215 0.3372 -0.7071
vn -0.6256 0.3295 -0.7071
vn -0.6296 0.3217 -0.7072
vn -0.6336 0.3141 -0.7070
vn -0.6374 0.3063 -0.7071
vn -0.6410 0.2984 -0.7071
vn -0.6447 0.2906 -0.7071
vn -0.6482 0.2826 -0.7071
vn -0.6516 0.2745 -0.7071
vn -0.6549 0.2666 -0.7071
vn -0.6582 0.2585 -0.7071
vn -0.6613 0.2505 -0.7071
vn -0.6643 0.2423 -0.7071
vn -0.6672 0.2341 -0.7071
vn -0.6701 0.2259 -0.7071
vn -0.6728 0.2177 -0.7071
vn -0.6754 0.2094 -0.7071
vn -0.6779 0.2012 -0.7071
vn -0.6803 0.1928 -0.7071
vn -0.6826 0.1844 -0.7071
vn -0.6849 0.1761 -0.7071
vn -0.6870 0.1677 -0.7070
vn -0.6890 0.1592 -0.7071
vn -0.6908 0.1507 -0.7072
vn -0.6926 0.1422 -0.7071
vn -0.6943 0.1336 -0.7071
vn -0.6959 0.1250 -0.7072
vn -0.6973 0.1165 -0.7072
vn -0.6988 0.1080 -0.7071
vn -0.7000 0.0995 -0.7072
vn -0.7013 0.0908 -0.7070
vn -0.7022 0.0823 -0.7072
vn -0.7033 0.0736 -0.7071
vn -0.7041 0.0649 -0.7071
vn -0.7049 0.0563 -0.7071
vn -0.7055 0.0477 -0.7071
vn -0.7060 0.0391 -0.7071
vn -0.7065 0.0304 -0.7071
vn -0.7067 0.0217 -0.7072
vn -0.7070 0.0130 -0.7071
vn -0.7071 0.0043 -0.7071
vn 0.7071 -0.0000 -0.7071
vn -0.0000 -0.7071 -0.7071
vn -0.7071 -0.0000 -0.7071
vn -0.0000 0.7071 -0.7071
vn -0.7612 0.6485 -0.0000
vn 0.9958 -0.0919 -0.0000
vn -0.7691 0.6391 -0.0000
vn 0.9968 -0.0797 -0.0000
vn 0.5089 0.8609 -0.0000
vn 0.9977 -0.0674 -0.0000
vn 0.5194 0.8546 -0.0000
vn -0.7846 0.6200 -0.0000
vn 0.9991 -0.0430 -0.0000
vn 0.5402 0.8415 -0.0000
vn -0.7996 0.6005 -0.0000
vn 0.5504 0.8349 -0.0000
vn -0.8068 0.5908 -0.0000
vn 0.9998 -0.0184 -0.0000
vn -0.8140 0.5808 -0.0000
vn 0.5708 0.8211 -0.0000
vn -0.8212 0.5707 -0.0000
vn -1.0000 -0.0061 -0.0000
vn 0.5808 0.8141 -0.0000
vn -0.8280 0.5607 -0.0000
vn -0.9998 -0.0184 -0.0000
vn 0.5907 0.8069 -0.0000
vn -0.8349 0.5504 -0.0000
vn -0.8415 0.5402 -0.0000
vn -0.8481 0.5298 -0.0000
vn -0.8545 0.5194 -0.0000
vn -0.9977 -0.0675 -0.0000
vn 0.6297 0.7769 -0.0000
vn -0.8608 0.5089 -0.0000
vn -0.9968 -0.0797 -0.0000
vn -0.8671 0.4982 -0.0000
vn -0.9958 -0.0919 -0.0000
vn 0.6485 0.7612 -0.0000
vn 0.6578 0.7532 -0.0000
vn 0.6670 0.7451 -0.0000
vn 0.6762 0.7368 -0.0000
vn -0.8905 0.4551 -0.0000
vn -0.9901 -0.1407 -0.0000
vn 0.6851 0.7285 -0.0000
vn -0.8960 0.4441 -0.0000
vn -0.9883 -0.1527 -0.0000
vn -0.9014 0.4330 -0.0000
vn -0.9863 -0.1650 -0.0000
vn -0.9842 -0.1770 -0.0000
vn 0.7114 0.7028 -0.0000
vn -0.9117 0.4109 -0.0000
vn -0.9820 -0.1891 -0.0000
vn 0.7200 0.6940 -0.0000
vn -0.9167 0.3996 -0.0000
vn 0.7285 0.6851 -0.0000
vn -0.9215 0.3884 -0.0000
vn 0.7368 0.6761 -0.0000
vn -0.9744 -0.2250 -0.0000
vn 0.7451 0.6670 -0.0000
vn -0.9308 0.3656 -0.0000
vn -0.9715 -0.2371 -0.0000
vn -0.9352 0.3542 -0.0000
vn 0.7612 0.6485 -0.0000
vn -0.9394 0.3427 -0.0000
vn 0.7691 0.6391 -0.0000
vn -0.9436 0.3311 -0.0000
vn 0.7769 0.6297 -0.0000
vn -0.9476 0.3195 -0.0000
vn -0.9587 -0.2844 -0.0000
vn -0.9514 0.3079 -0.0000
vn -0.9551 -0.2962 -0.0000
vn 0.7921 0.6104 -0.0000
vn 0.7995 0.6006 -0.0000
vn -0.9587 0.2843 -0.0000
vn -0.9476 -0.3195 -0.0000
vn -0.9621 0.2726 -0.0000
vn -0.9436 -0.3311 -0.0000
vn 0.8140 0.5808 -0.0000
vn -0.9654 0.2608 -0.0000
vn -0.9395 -0.3426 -0.0000
vn 0.8211 0.5708 -0.0000
vn -0.9685 0.2490 -0.0000
vn -0.9352 -0.3542 -0.0000
vn 0.8280 0.5607 -0.0000
vn -0.9715 0.2370 -0.0000
vn -0.9308 -0.3656 -0.0000
vn -0.9744 0.2250 -0.0000
vn -0.9262 -0.3770 -0.0000
vn 0.8416 0.5401 -0.0000
vn -0.9770 0.2132 -0.0000
vn -0.9215 -0.3884 -0.0000
vn 0.8481 0.5298 -0.0000
vn -0.9796 0.2011 -0.0000
vn -0.9167 -0.3996 -0.0000
vn 0.8546 0.5193 -0.0000
vn -0.9820 0.1891 -0.0000
vn -0.9066 -0.4220 -0.0000
vn -0.9863 0.1648 -0.0000
vn -0.9013 -0.4331 -0.0000
vn 0.8731 0.4876 -0.0000
vn -0.8959 -0.4442 -0.0000
vn -0.9901 0.1407 -0.0000
vn -0.8904 -0.4551 -0.0000
vn 0.8848 0.4659 -0.0000
vn -0.8848 -0.4659 -0.0000
vn 0.8904 0.4551 -0.0000
vn 0.8959 0.4442 -0.0000
vn -0.8731 -0.4876 -0.0000
vn 0.9013 0.4331 -0.0000
vn -0.9958 0.0919 -0.0000
vn 0.9066 0.4220 -0.0000
vn -0.9968 0.0797 -0.0000
vn -0.9977 0.0674 -0.0000
vn -0.8546 -0.5193 -0.0000
vn 0.9167 0.3996 -0.0000
vn -0.8481 -0.5298 -0.0000
vn 0.9215 0.3884 -0.0000
vn -0.9991 0.0430 -0.0000
vn -0.8416 -0.5401 -0.0000
vn 0.9308 0.3656 -0.0000
vn -0.9998 0.0184 -0.0000
vn -0.8280 -0.5607 -0.0000
vn 0.9352 0.3542 -0.0000
vn 0.9395 0.3426 -0.0000
vn -0.8140 -0.5808 -0.0000
vn 0.9436 0.3311 -0.0000
vn 0.9476 0.3195 -0.0000
vn -0.7995 -0.6006 -0.0000
vn -0.7921 -0.6104 -0.0000
vn 0.9551 0.2962 -0.0000
vn 0.9587 0.2844 -0.0000
vn -0.7769 -0.6297 -0.0000
vn -0.7691 -0.6391 -0.0000
vn -0.7612 -0.6485 -0.0000
vn 0.9715 0.2371 -0.0000
vn -0.7451 -0.6670 -0.0000
vn 0.9744 0.2250 -0.0000
vn -0.7368 -0.6761 -0.0000
vn -0.7285 -0.6851 -0.0000
vn 0.9796 0.2011 -0.0000
vn -0.7200 -0.6940 -0.0000
vn 0.9820 0.1891 -0.0000
vn -0.7114 -0.7028 -0.0000
vn 0.9842 0.1770 -0.0000
vn 0.9863 0.1650 -0.0000
vn 0.9883 0.1527 -0.0000
vn -0.6851 -0.7285 -0.0000
vn 0.9901 0.1407 -0.0000
vn -0.6762 -0.7368 -0.0000
vn -0.6670 -0.7451 -0.0000
vn -0.6578 -0.7532 -0.0000
vn -0.6485 -0.7612 -0.0000
vn 0.9958 0.0919 -0.0000
vn 0.9968 0.0797 -0.0000
vn -0.6297 -0.7769 -0.0000
vn 0.9977 0.0675 -0.0000
vn -0.6104 -0.7921 -0.0000
vn -0.5907 -0.8069 -0.0000
vn 0.9998 0.0184 -0.0000
vn -0.5808 -0.8141 -0.0000
vn 1.0000 0.0061 -0.0000
vn -0.5708 -0.8211 -0.0000
vn 0.0061 -1.0000 -0.0000
vn -0.5504 -0.8349 -0.0000
vn -0.5402 -0.8415 -0.0000
vn -0.5194 -0.8546 -0.0000
vn 0.0674 -0.9977 -0.0000
vn -0.5089 -0.8609 -0.0000
vn -0.4551 -0.8905 -0.0000
vn -0.4331 -0.9013 -0.0000
vn -0.4109 -0.9117 -0.0000
vn -0.3996 -0.9167 -0.0000
vn 0.2250 -0.9743 -0.0000
vn 0.2370 -0.9715 -0.0000
vn -0.3542 -0.9352 -0.0000
vn -0.3311 -0.9436 -0.0000
vn -0.3195 -0.9476 -0.0000
vn -0.3079 -0.9514 -0.0000
vn 0.2961 -0.9552 -0.0000
vn 0.3079 -0.9514 -0.0000
vn -0.2726 -0.9621 -0.0000
vn 0.3542 -0.9352 -0.0000
vn -0.2370 -0.9715 -0.0000
vn -0.2251 -0.9743 -0.0000
vn -0.2131 -0.9770 -0.0000
vn -0.1891 -0.9820 -0.0000
vn 0.4220 -0.9066 -0.0000
vn 0.4441 -0.8960 -0.0000
vn -0.1407 -0.9901 -0.0000
vn 0.4551 -0.8905 -0.0000
vn -0.1163 -0.9932 -0.0000
vn 0.4768 -0.8790 -0.0000
vn 0.4876 -0.8731 -0.0000
vn -0.0919 -0.9958 -0.0000
vn 0.4982 -0.8670 -0.0000
vn 0.5089 -0.8609 -0.0000
vn -0.0674 -0.9977 -0.0000
vn 0.5504 -0.8349 -0.0000
vn -0.0061 -1.0000 -0.0000
vn -0.0061 1.0000 -0.0000
vn 0.5808 -0.8140 -0.0000
vn 0.6006 -0.7996 -0.0000
vn 0.6104 -0.7921 -0.0000
vn -0.0674 0.9977 -0.0000
vn 0.6297 -0.7769 -0.0000
vn 0.6670 -0.7451 -0.0000
vn 0.6760 -0.7369 -0.0000
vn 0.6851 -0.7285 -0.0000
vn 0.6940 -0.7200 -0.0000
vn 0.7114 -0.7028 -0.0000
vn 0.7285 -0.6851 -0.0000
vn -0.2250 0.9743 -0.0000
vn 0.7450 -0.6670 -0.0000
vn -0.2370 0.9715 -0.0000
vn 0.7532 -0.6578 -0.0000
vn 0.7612 -0.6485 -0.0000
vn 0.7691 -0.6391 -0.0000
vn 0.7846 -0.6200 -0.0000
vn -0.2961 0.9552 -0.0000
vn -0.3079 0.9514 -0.0000
vn 0.7996 -0.6005 -0.0000
vn 0.8068 -0.5908 -0.0000
vn 0.8140 -0.5808 -0.0000
vn 0.8212 -0.5707 -0.0000
vn 0.0061 1.0000 -0.0000
vn -0.3542 0.9352 -0.0000
vn 0.8280 -0.5607 -0.0000
vn 0.8349 -0.5504 -0.0000
vn 0.8415 -0.5402 -0.0000
vn 0.8481 -0.5298 -0.0000
vn 0.8545 -0.5194 -0.0000
vn 0.0674 0.9977 -0.0000
vn 0.8608 -0.5089 -0.0000
vn -0.4220 0.9066 -0.0000
vn 0.8671 -0.4982 -0.0000
vn 0.0919 0.9958 -0.0000
vn -0.4441 0.8960 -0.0000
vn 0.1163 0.9932 -0.0000
vn -0.4551 0.8905 -0.0000
vn 0.8905 -0.4551 -0.0000
vn 0.1407 0.9901 -0.0000
vn -0.4768 0.8790 -0.0000
vn 0.8960 -0.4441 -0.0000
vn -0.4876 0.8731 -0.0000
vn 0.9014 -0.4330 -0.0000
vn -0.4982 0.8670 -0.0000
vn -0.5089 0.8609 -0.0000
vn 0.9117 -0.4109 -0.0000
vn 0.9167 -0.3996 -0.0000
vn 0.9215 -0.3884 -0.0000
vn 0.2131 0.9770 -0.0000
vn 0.2251 0.9743 -0.0000
vn -0.5504 0.8349 -0.0000
vn 0.9308 -0.3656 -0.0000
vn 0.2370 0.9715 -0.0000
vn 0.9352 -0.3542 -0.0000
vn 0.9394 -0.3427 -0.0000
vn -0.5808 0.8140 -0.0000
vn 0.9436 -0.3311 -0.0000
vn 0.2726 0.9621 -0.0000
vn 0.9476 -0.3195 -0.0000
vn -0.6006 0.7996 -0.0000
vn 0.9514 -0.3079 -0.0000
vn -0.6104 0.7921 -0.0000
vn 0.3079 0.9514 -0.0000
vn 0.9587 -0.2843 -0.0000
vn -0.6297 0.7769 -0.0000
vn 0.9621 -0.2726 -0.0000
vn 0.3311 0.9436 -0.0000
vn 0.9654 -0.2608 -0.0000
vn 0.9685 -0.2490 -0.0000
vn 0.3542 0.9352 -0.0000
vn 0.9715 -0.2370 -0.0000
vn 0.3656 0.9308 -0.0000
vn -0.6670 0.7451 -0.0000
vn 0.9744 -0.2250 -0.0000
vn 0.3770 0.9262 -0.0000
vn -0.6760 0.7369 -0.0000
vn 0.9770 -0.2132 -0.0000
vn -0.6851 0.7285 -0.0000
vn 0.9796 -0.2011 -0.0000
vn 0.3996 0.9167 -0.0000
vn -0.6940 0.7200 -0.0000
vn 0.9820 -0.1891 -0.0000
vn 0.4109 0.9117 -0.0000
vn -0.7114 0.7028 -0.0000
vn 0.9863 -0.1648 -0.0000
vn 0.4331 0.9013 -0.0000
vn -0.7285 0.6851 -0.0000
vn 0.9901 -0.1407 -0.0000
vn 0.4551 0.8905 -0.0000
vn -0.7450 0.6670 -0.0000
vn -0.7532 0.6578 -0.0000
vn 0.0044 0.7071 -0.7071
vn 0.0217 0.7067 -0.7071
vn 0.0303 0.7064 -0.7071
vn 0.0391 0.7059 -0.7072
vn 0.0649 0.7041 -0.7071
vn 0.0736 0.7034 -0.7070
vn 0.0823 0.7024 -0.7071
vn 0.0995 0.7001 -0.7071
vn 0.1167 0.6974 -0.7072
vn 0.1252 0.6959 -0.7071
vn 0.1338 0.6944 -0.7071
vn 0.1422 0.6926 -0.7071
vn 0.1507 0.6909 -0.7071
vn 0.1677 0.6869 -0.7072
vn 0.1843 0.6826 -0.7071
vn 0.2011 0.6780 -0.7070
vn 0.2094 0.6755 -0.7070
vn 0.2259 0.6701 -0.7070
vn 0.2343 0.6672 -0.7071
vn 0.2585 0.6581 -0.7071
vn 0.2666 0.6549 -0.7071
vn 0.2826 0.6481 -0.7072
vn 0.2985 0.6411 -0.7070
vn 0.3140 0.6335 -0.7071
vn 0.3447 0.6173 -0.7072
vn 0.3523 0.6133 -0.7069
vn 0.3673 0.6042 -0.7071
vn 0.3746 0.5997 -0.7072
vn 0.3892 0.5903 -0.7072
vn 0.3964 0.5853 -0.7073
vn 0.4036 0.5807 -0.7071
vn 0.4177 0.5706 -0.7071
vn 0.4247 0.5653 -0.7072
vn 0.4317 0.5600 -0.7072
vn 0.4385 0.5548 -0.7071
vn 0.4519 0.5439 -0.7071
vn 0.4651 0.5326 -0.7071
vn 0.4717 0.5268 -0.7071
vn 0.4781 0.5208 -0.7072
vn 0.4844 0.5152 -0.7071
vn 0.4907 0.5091 -0.7072
vn 0.4971 0.5028 -0.7072
vn 0.5031 0.4969 -0.7071
vn 0.5092 0.4909 -0.7070
vn 0.5151 0.4842 -0.7072
vn 0.5210 0.4780 -0.7071
vn 0.5267 0.4716 -0.7072
vn 0.5326 0.4653 -0.7070
vn 0.5383 0.4585 -0.7071
vn 0.5438 0.4520 -0.7071
vn 0.5493 0.4453 -0.7071
vn 0.5547 0.4385 -0.7071
vn 0.5600 0.4318 -0.7071
vn 0.5652 0.4248 -0.7072
vn 0.5706 0.4179 -0.7069
vn 0.5755 0.4105 -0.7073
vn 0.5806 0.4037 -0.7071
vn 0.5855 0.3964 -0.7071
vn 0.5950 0.3820 -0.7071
vn 0.5997 0.3744 -0.7073
vn 0.6042 0.3674 -0.7071
vn 0.6175 0.3444 -0.7072
vn 0.6216 0.3372 -0.7071
vn 0.6256 0.3294 -0.7072
vn 0.6297 0.3218 -0.7070
vn 0.6335 0.3140 -0.7071
vn 0.6375 0.3062 -0.7070
vn 0.6446 0.2906 -0.7071
vn 0.6482 0.2826 -0.7071
vn 0.6517 0.2746 -0.7070
vn 0.6549 0.2666 -0.7072
vn 0.6581 0.2585 -0.7072
vn 0.6614 0.2501 -0.7071
vn 0.6672 0.2343 -0.7071
vn 0.6700 0.2259 -0.7071
vn 0.6730 0.2176 -0.7070
vn 0.6754 0.2095 -0.7071
vn 0.6779 0.2011 -0.7072
vn 0.6803 0.1927 -0.7071
vn 0.6826 0.1845 -0.7071
vn 0.6849 0.1761 -0.7071
vn 0.6869 0.1677 -0.7071
vn 0.6889 0.1592 -0.7072
vn 0.6909 0.1507 -0.7070
vn 0.6927 0.1420 -0.7072
vn 0.6944 0.1336 -0.7071
vn 0.6959 0.1249 -0.7072
vn 0.6975 0.1166 -0.7070
vn 0.6987 0.1082 -0.7072
vn 0.7001 0.0995 -0.7071
vn 0.7012 0.0907 -0.7072
vn 0.7024 0.0823 -0.7070
vn 0.7032 0.0735 -0.7072
vn 0.7040 0.0652 -0.7072
vn 0.7049 0.0563 -0.7071
vn 0.7054 0.0476 -0.7073
vn 0.7060 0.0391 -0.7071
vn 0.7064 0.0303 -0.7072
vn 0.7071 0.0125 -0.7071
vn 0.7071 0.0045 -0.7071
vn 0.0129 -0.7070 -0.7071
vn 0.0217 -0.7067 -0.7071
vn 0.0303 -0.7066 -0.7069
vn 0.0391 -0.7061 -0.7071
vn 0.0477 -0.7056 -0.7070
vn 0.0650 -0.7041 -0.7071
vn 0.0908 -0.7014 -0.7070
vn 0.0995 -0.7001 -0.7071
vn 0.1251 -0.6960 -0.7070
vn 0.1337 -0.6944 -0.7071
vn 0.1421 -0.6927 -0.7071
vn 0.1591 -0.6891 -0.7070
vn 0.1676 -0.6869 -0.7071
vn 0.1928 -0.6804 -0.7070
vn 0.2095 -0.6753 -0.7072
vn 0.2259 -0.6699 -0.7073
vn 0.2341 -0.6672 -0.7071
vn 0.2504 -0.6613 -0.7071
vn 0.2585 -0.6581 -0.7072
vn 0.2666 -0.6550 -0.7070
vn 0.2904 -0.6448 -0.7071
vn 0.2984 -0.6410 -0.7071
vn 0.3062 -0.6373 -0.7072
vn 0.3218 -0.6295 -0.7072
vn 0.3295 -0.6257 -0.7071
vn 0.3372 -0.6215 -0.7072
vn 0.3447 -0.6175 -0.7070
vn 0.3597 -0.6087 -0.7071
vn 0.3673 -0.6042 -0.7072
vn 0.3746 -0.5999 -0.7070
vn 0.3819 -0.5951 -0.7071
vn 0.3892 -0.5904 -0.7071
vn 0.4036 -0.5806 -0.7072
vn 0.4108 -0.5755 -0.7072
vn 0.4177 -0.5704 -0.7072
vn 0.4247 -0.5656 -0.7069
vn 0.4316 -0.5602 -0.7071
vn 0.4384 -0.5549 -0.7071
vn 0.4452 -0.5493 -0.7072
vn 0.4519 -0.5439 -0.7071
vn 0.4586 -0.5383 -0.7070
vn 0.4651 -0.5325 -0.7072
vn 0.4717 -0.5268 -0.7071
vn 0.4781 -0.5211 -0.7070
vn 0.4844 -0.5152 -0.7071
vn 0.4906 -0.5091 -0.7072
vn 0.4970 -0.5031 -0.7070
vn 0.5029 -0.4971 -0.7070
vn 0.5210 -0.4782 -0.7070
vn 0.5268 -0.4715 -0.7073
vn 0.5325 -0.4652 -0.7071
vn 0.5383 -0.4585 -0.7071
vn 0.5494 -0.4451 -0.7071
vn 0.5549 -0.4383 -0.7071
vn 0.5601 -0.4316 -0.7071
vn 0.5654 -0.4246 -0.7071
vn 0.5707 -0.4176 -0.7070
vn 0.5756 -0.4107 -0.7071
vn 0.5807 -0.4036 -0.7071
vn 0.5855 -0.3966 -0.7071
vn 0.5904 -0.3892 -0.7071
vn 0.5997 -0.3748 -0.7070
vn 0.6042 -0.3674 -0.7071
vn 0.6088 -0.3597 -0.7071
vn 0.6130 -0.3522 -0.7073
vn 0.6174 -0.3448 -0.7070
vn 0.6214 -0.3374 -0.7071
vn 0.6296 -0.3217 -0.7071
vn 0.6334 -0.3143 -0.7071
vn 0.6374 -0.3062 -0.7071
vn 0.6409 -0.2984 -0.7072
vn 0.6447 -0.2905 -0.7071
vn 0.6549 -0.2667 -0.7071
vn 0.6582 -0.2584 -0.7071
vn 0.6642 -0.2425 -0.7071
vn 0.6672 -0.2340 -0.7072
vn 0.6730 -0.2176 -0.7070
vn 0.6753 -0.2094 -0.7072
vn 0.6779 -0.2011 -0.7072
vn 0.6803 -0.1927 -0.7071
vn 0.6826 -0.1843 -0.7072
vn 0.6848 -0.1759 -0.7071
vn 0.6870 -0.1674 -0.7072
vn 0.6890 -0.1590 -0.7071
vn 0.6908 -0.1507 -0.7071
vn 0.6926 -0.1423 -0.7072
vn 0.6944 -0.1340 -0.7071
vn 0.6960 -0.1253 -0.7071
vn 0.6974 -0.1169 -0.7070
vn 0.7000 -0.0991 -0.7072
vn 0.7013 -0.0909 -0.7070
vn 0.7022 -0.0824 -0.7072
vn 0.7032 -0.0735 -0.7072
vn 0.7042 -0.0649 -0.7071
vn 0.7048 -0.0564 -0.7071
vn 0.7056 -0.0478 -0.7070
vn 0.7061 -0.0390 -0.7070
vn 0.7065 -0.0303 -0.7071
vn 0.7068 -0.0218 -0.7071
vn 0.7071 -0.0044 -0.7071
vn -0.7071 -0.0045 -0.7071
vn -0.7071 -0.0125 -0.7071
vn -0.7064 -0.0303 -0.7072
vn -0.7060 -0.0391 -0.7071
vn -0.7054 -0.0476 -0.7073
vn -0.7049 -0.0563 -0.7071
vn -0.7040 -0.0652 -0.7072
vn -0.7032 -0.0735 -0.7072
vn -0.7024 -0.0823 -0.7070
vn -0.7012 -0.0907 -0.7072
vn -0.7001 -0.0995 -0.7071
vn -0.6987 -0.1082 -0.7072
vn -0.6975 -0.1166 -0.7070
vn -0.6958 -0.1250 -0.7072
vn -0.6944 -0.1337 -0.7071
vn -0.6926 -0.1421 -0.7072
vn -0.6909 -0.1507 -0.7071
vn -0.6889 -0.1592 -0.7072
vn -0.6869 -0.1677 -0.7071
vn -0.6849 -0.1761 -0.7071
vn -0.6826 -0.1845 -0.7071
vn -0.6803 -0.1927 -0.7071
vn -0.6779 -0.2011 -0.7072
vn -0.6754 -0.2095 -0.7071
vn -0.6727 -0.2178 -0.7071
vn -0.6702 -0.2257 -0.7070
vn -0.6672 -0.2343 -0.7071
vn -0.6644 -0.2423 -0.7071
vn -0.6613 -0.2503 -0.7071
vn -0.6583 -0.2583 -0.7071
vn -0.6549 -0.2665 -0.7072
vn -0.6515 -0.2748 -0.7071
vn -0.6482 -0.2826 -0.7071
vn -0.6446 -0.2906 -0.7071
vn -0.6375 -0.3062 -0.7070
vn -0.6335 -0.3140 -0.7071
vn -0.6297 -0.3218 -0.7070
vn -0.6256 -0.3294 -0.7072
vn -0.6216 -0.3372 -0.7071
vn -0.6175 -0.3444 -0.7072
vn -0.6042 -0.3674 -0.7071
vn -0.5997 -0.3744 -0.7073
vn -0.5950 -0.3820 -0.7071
vn -0.5855 -0.3964 -0.7071
vn -0.5806 -0.4036 -0.7071
vn -0.5755 -0.4108 -0.7071
vn -0.5706 -0.4179 -0.7069
vn -0.5653 -0.4246 -0.7073
vn -0.5601 -0.4315 -0.7071
vn -0.5547 -0.4383 -0.7072
vn -0.5494 -0.4453 -0.7070
vn -0.5438 -0.4520 -0.7071
vn -0.5383 -0.4585 -0.7071
vn -0.5326 -0.4653 -0.7070
vn -0.5267 -0.4716 -0.7072
vn -0.5210 -0.4780 -0.7071
vn -0.5151 -0.4842 -0.7072
vn -0.5092 -0.4909 -0.7070
vn -0.5031 -0.4969 -0.7071
vn -0.4971 -0.5028 -0.7072
vn -0.4907 -0.5091 -0.7072
vn -0.4844 -0.5152 -0.7071
vn -0.4781 -0.5208 -0.7072
vn -0.4717 -0.5268 -0.7071
vn -0.4651 -0.5326 -0.7071
vn -0.4519 -0.5439 -0.7071
vn -0.4453 -0.5492 -0.7071
vn -0.4384 -0.5547 -0.7071
vn -0.4316 -0.5601 -0.7071
vn -0.4178 -0.5703 -0.7072
vn -0.4035 -0.5807 -0.7071
vn -0.3892 -0.5903 -0.7072
vn -0.3746 -0.5997 -0.7072
vn -0.3673 -0.6042 -0.7071
vn -0.3523 -0.6133 -0.7069
vn -0.3447 -0.6173 -0.7072
vn -0.3140 -0.6335 -0.7071
vn -0.2985 -0.6411 -0.7070
vn -0.2826 -0.6481 -0.7072
vn -0.2666 -0.6550 -0.7071
vn -0.2586 -0.6581 -0.7071
vn -0.2424 -0.6643 -0.7071
vn -0.2342 -0.6673 -0.7071
vn -0.2177 -0.6726 -0.7073
vn -0.2094 -0.6755 -0.7070
vn -0.2011 -0.6780 -0.7070
vn -0.1843 -0.6826 -0.7071
vn -0.1677 -0.6869 -0.7072
vn -0.1507 -0.6909 -0.7071
vn -0.1338 -0.6943 -0.7071
vn -0.1252 -0.6959 -0.7071
vn -0.1167 -0.6974 -0.7072
vn -0.0995 -0.7001 -0.7071
vn -0.0823 -0.7024 -0.7071
vn -0.0736 -0.7034 -0.7070
vn -0.0649 -0.7041 -0.7071
vn -0.0391 -0.7059 -0.7072
vn -0.0303 -0.7064 -0.7071
vn -0.0217 -0.7067 -0.7071
vn -0.0044 -0.7071 -0.7071
vn -0.0129 0.7070 -0.7071
vn -0.0217 0.7067 -0.7071
vn -0.0303 0.7066 -0.7069
vn -0.0391 0.7061 -0.7071
vn -0.0477 0.7056 -0.7070
vn -0.0650 0.7041 -0.7071
vn -0.0908 0.7014 -0.7070
vn -0.0995 0.7001 -0.7071
vn -0.1251 0.6960 -0.7070
vn -0.1337 0.6944 -0.7071
vn -0.1421 0.6927 -0.7071
vn -0.1591 0.6891 -0.7070
vn -0.1676 0.6869 -0.7071
vn -0.1928 0.6804 -0.7070
vn -0.2095 0.6753 -0.7072
vn -0.2259 0.6699 -0.7073
vn -0.2341 0.6672 -0.7071
vn -0.2504 0.6613 -0.7071
vn -0.2585 0.6581 -0.7072
vn -0.2666 0.6550 -0.7070
vn -0.2904 0.6448 -0.7071
vn -0.2984 0.6410 -0.7071
vn -0.3062 0.6373 -0.7072
vn -0.3218 0.6295 -0.7072
vn -0.3295 0.6257 -0.7071
vn -0.3372 0.6215 -0.7072
vn -0.3447 0.6175 -0.7070
vn -0.3597 0.6087 -0.7071
vn -0.3673 0.6042 -0.7072
vn -0.3746 0.5999 -0.7070
vn -0.3819 0.5951 -0.7071
vn -0.3892 0.5904 -0.7071
vn -0.4036 0.5806 -0.7072
vn -0.4108 0.5755 -0.7072
vn -0.4177 0.5704 -0.7072
vn -0.4247 0.5656 -0.7069
vn -0.4316 0.5602 -0.7071
vn -0.4384 0.5549 -0.7071
vn -0.4452 0.5493 -0.7072
vn -0.4519 0.5439 -0.7071
vn -0.4586 0.5383 -0.7070
vn -0.4651 0.5325 -0.7072
vn -0.4717 0.5268 -0.7071
vn -0.4781 0.5211 -0.7070
vn -0.4844 0.5152 -0.7071
vn -0.4906 0.5091 -0.7072
vn -0.4970 0.5031 -0.7070
vn -0.5029 0.4971 -0.7070
vn -0.5210 0.4782 -0.7070
vn -0.5268 0.4715 -0.7073
vn -0.5325 0.4652 -0.7071
vn -0.5383 0.4585 -0.7071
vn -0.5494 0.4451 -0.7071
vn -0.5549 0.4383 -0.7071
vn -0.5601 0.4316 -0.7071
vn -0.5654 0.4246 -0.7071
vn -0.5707 0.4176 -0.7070
vn -0.5756 0.4107 -0.7071
vn -0.5807 0.4036 -0.7071
vn -0.5855 0.3966 -0.7071
vn -0.5904 0.3892 -0.7071
vn -0.5997 0.3748 -0.7070
vn -0.6042 0.3674 -0.7071
vn -0.6088 0.3597 -0.7071
vn -0.6130 0.3522 -0.7073
vn -0.6174 0.3448 -0.7070
vn -0.6214 0.3374 -0.7071
vn -0.6296 0.3217 -0.7071
vn -0.6334 0.3143 -0.7071
vn -0.6374 0.3062 -0.7071
vn -0.6409 0.2984 -0.7072
vn -0.6447 0.2905 -0.7071
vn -0.6549 0.2667 -0.7071
vn -0.6582 0.2584 -0.7071
vn -0.6642 0.2425 -0.7071
vn -0.6672 0.2340 -0.7072
vn -0.6730 0.2176 -0.7070
vn -0.6753 0.2094 -0.7072
vn -0.6779 0.2011 -0.7072
vn -0.6803 0.1927 -0.7071
vn -0.6826 0.1843 -0.7072
vn -0.6848 0.1759 -0.7071
vn -0.6870 0.1674 -0.7072
vn -0.6890 0.1590 -0.7071
vn -0.6908 0.1507 -0.7071
vn -0.6926 0.1423 -0.7072
vn -0.6944 0.1340 -0.7071
vn -0.6960 0.1253 -0.7071
vn -0.6974 0.1169 -0.7070
vn -0.7000 0.0991 -0.7072
vn -0.7013 0.0909 -0.7070
vn -0.7022 0.0824 -0.7072
vn -0.7032 0.0735 -0.7072
vn -0.7042 0.0649 -0.7071
vn -0.7048 0.0564 -0.7071
vn -0.7056 0.0478 -0.7070
vn -0.7061 0.0390 -0.7070
vn -0.7065 0.0303 -0.7071
vn -0.7068 0.0218 -0.7071
vn -0.7071 0.0044 -0.7071
vn 0.2549 0.9670 -0.0000
vn 0.3253 -0.9456 -0.0000
vn -0.7958 0.6055 -0.0000
vn 0.2311 0.9729 -0.0000
vn 0.3484 -0.9373 -0.0000
vn -0.8104 0.5858 -0.0000
vn 0.2071 0.9783 -0.0000
vn 0.3713 -0.9285 -0.0000
vn -0.8246 0.5657 -0.0000
vn 0.1830 0.9831 -0.0000
vn 0.3940 -0.9191 -0.0000
vn -0.8382 0.5454 -0.0000
vn 0.1589 0.9873 -0.0000
vn 0.4164 -0.9092 -0.0000
vn -0.8514 0.5246 -0.0000
vn 0.1346 0.9909 -0.0000
vn 0.4386 -0.8987 -0.0000
vn -0.8640 0.5035 -0.0000
vn 0.1102 0.9939 -0.0000
vn 0.4605 -0.8876 -0.0000
vn -0.8761 0.4822 -0.0000
vn 0.0858 0.9963 -0.0000
vn 0.4822 -0.8761 -0.0000
vn -0.8876 0.4606 -0.0000
vn 0.0613 0.9981 -0.0000
vn 0.5035 -0.8640 -0.0000
vn -0.8987 0.4387 -0.0000
vn 0.0368 0.9993 -0.0000
vn 0.5246 -0.8514 -0.0000
vn -0.9092 0.4164 -0.0000
vn 0.0123 0.9999 -0.0000
vn 0.5453 -0.8382 -0.0000
vn -0.9191 0.3940 -0.0000
vn 0.5657 -0.8246 -0.0000
vn -0.9285 0.3713 -0.0000
vn 0.5858 -0.8105 -0.0000
vn -0.9373 0.3484 -0.0000
vn 0.6055 -0.7958 -0.0000
vn -0.9456 0.3253 -0.0000
vn 0.6249 -0.7807 -0.0000
vn -0.9533 0.3020 -0.0000
vn 0.6438 -0.7652 -0.0000
vn -0.9604 0.2785 -0.0000
vn 0.6624 -0.7491 -0.0000
vn -0.9670 0.2548 -0.0000
vn 0.6806 -0.7327 -0.0000
vn -0.9729 0.2311 -0.0000
vn 0.6984 -0.7157 -0.0000
vn -0.9783 0.2071 -0.0000
vn 0.7157 -0.6984 -0.0000
vn -0.9831 0.1831 -0.0000
vn 0.7327 -0.6806 -0.0000
vn -0.9873 0.1589 -0.0000
vn 0.7491 -0.6624 -0.0000
vn -0.9909 0.1346 -0.0000
vn 0.7652 -0.6438 -0.0000
vn -0.9939 0.1102 -0.0000
vn 0.7807 -0.6249 -0.0000
vn -0.9963 0.0858 -0.0000
vn 0.7958 -0.6055 -0.0000
vn -0.9981 0.0614 -0.0000
vn 0.8105 -0.5858 -0.0000
vn -0.9993 0.0368 -0.0000
vn 0.8246 -0.5657 -0.0000
vn -0.9999 0.0123 -0.0000
vn 0.8382 -0.5453 -0.0000
vn -0.9999 -0.0123 -0.0000
vn 0.8514 -0.5246 -0.0000
vn -0.9993 -0.0368 -0.0000
vn 0.8640 -0.5035 -0.0000
vn -0.9981 -0.0614 -0.0000
vn 0.8761 -0.4822 -0.0000
vn -0.9963 -0.0858 -0.0000
vn 0.8876 -0.4605 -0.0000
vn -0.9939 -0.1102 -0.0000
vn 0.8987 -0.4386 -0.0000
vn -0.9909 -0.1346 -0.0000
vn 0.9092 -0.4164 -0.0000
vn -0.9873 -0.1589 -0.0000
vn 0.9191 -0.3940 -0.0000
vn -0.9831 -0.1831 -0.0000
vn 0.9285 -0.3713 -0.0000
vn -0.9783 -0.2071 -0.0000
vn 0.9373 -0.3484 -0.0000
vn -0.9729 -0.2311 -0.0000
vn 0.9456 -0.3253 -0.0000
vn -0.9670 -0.2549 -0.0000
vn 0.9533 -0.3020 -0.0000
vn -0.9604 -0.2785 -0.0000
vn 0.9604 -0.2785 -0.0000
vn -0.9533 -0.3020 -0.0000
vn 0.9670 -0.2549 -0.0000
vn -0.9456 -0.3253 -0.0000
vn 0.9729 -0.2311 -0.0000
vn -0.9373 -0.3484 -0.0000
vn 0.9783 -0.2071 -0.0000
vn -0.9285 -0.3713 -0.0000
vn 0.9831 -0.1831 -0.0000
vn -0.9191 -0.3940 -0.0000
vn 0.9873 -0.1588 -0.0000
vn -0.9092 -0.4164 -0.0000
vn 0.9909 -0.1346 -0.0000
vn -0.8987 -0.4386 -0.0000
vn 0.9939 -0.1102 -0.0000
vn -0.8876 -0.4605 -0.0000
vn 0.9963 -0.0858 -0.0000
vn -0.8761 -0.4822 -0.0000
vn 0.9981 -0.0613 -0.0000
vn -0.8640 -0.5036 -0.0000
vn 0.9993 -0.0368 -0.0000
vn -0.8514 -0.5246 -0.0000
vn 0.9999 -0.0123 -0.0000
vn -0.8382 -0.5453 -0.0000
vn 0.9999 0.0123 -0.0000
vn -0.8246 -0.5657 -0.0000
vn 0.9993 0.0368 -0.0000
vn -0.8105 -0.5858 -0.0000
vn 0.9981 0.0613 -0.0000
vn -0.7958 -0.6055 -0.0000
vn 0.9963 0.0858 -0.0000
vn -0.7807 -0.6249 -0.0000
vn 0.9939 0.1102 -0.0000
vn -0.7652 -0.6438 -0.0000
vn 0.9909 0.1346 -0.0000
vn -0.7491 -0.6624 -0.0000
vn 0.9873 0.1589 -0.0000
vn -0.7327 -0.6806 -0.0000
vn 0.9831 0.1830 -0.0000
vn -0.7157 -0.6984 -0.0000
vn 0.9783 0.2071 -0.0000
vn -0.6984 -0.7157 -0.0000
vn 0.9729 0.2311 -0.0000
vn -0.6806 -0.7327 -0.0000
vn 0.9670 0.2548 -0.0000
vn -0.6624 -0.7491 -0.0000
vn 0.9604 0.2785 -0.0000
vn -0.6438 -0.7652 -0.0000
vn 0.9533 0.3020 -0.0000
vn -0.6249 -0.7807 -0.0000
vn 0.9456 0.3253 -0.0000
vn -0.6055 -0.7958 -0.0000
vn 0.9373 0.3484 -0.0000
vn -0.5858 -0.8105 -0.0000
vn 0.9285 0.3713 -0.0000
vn -0.5657 -0.8246 -0.0000
vn 0.9191 0.3940 -0.0000
vn -0.5453 -0.8382 -0.0000
vn -0.0123 0.9999 -0.0000
vn 0.9092 0.4164 -0.0000
vn -0.5246 -0.8514 -0.0000
vn -0.0368 0.9993 -0.0000
vn 0.8987 0.4386 -0.0000
vn -0.5035 -0.8640 -0.0000
vn -0.0613 0.9981 -0.0000
vn 0.8876 0.4605 -0.0000
vn -0.4822 -0.8761 -0.0000
vn -0.0858 0.9963 -0.0000
vn 0.8761 0.4822 -0.0000
vn -0.4605 -0.8876 -0.0000
vn -0.1102 0.9939 -0.0000
vn 0.8640 0.5035 -0.0000
vn -0.4386 -0.8987 -0.0000
vn -0.1346 0.9909 -0.0000
vn 0.8514 0.5246 -0.0000
vn -0.4164 -0.9092 -0.0000
vn -0.1589 0.9873 -0.0000
vn 0.8382 0.5453 -0.0000
vn -0.3940 -0.9191 -0.0000
vn -0.1830 0.9831 -0.0000
vn 0.8246 0.5657 -0.0000
vn -0.3713 -0.9285 -0.0000
vn -0.2071 0.9783 -0.0000
vn 0.8105 0.5858 -0.0000
vn -0.3484 -0.9373 -0.0000
vn -0.2311 0.9729 -0.0000
vn 0.7958 0.6055 -0.0000
vn -0.3253 -0.9456 -0.0000
vn -0.2549 0.9670 -0.0000
vn 0.7807 0.6249 -0.0000
vn -0.3020 -0.9533 -0.0000
vn -0.2785 0.9604 -0.0000
vn 0.7652 0.6438 -0.0000
vn -0.2785 -0.9604 -0.0000
vn -0.3020 0.9533 -0.0000
vn 0.7491 0.6624 -0.0000
vn -0.2549 -0.9670 -0.0000
vn -0.3253 0.9456 -0.0000
vn 0.7327 0.6806 -0.0000
vn -0.2311 -0.9729 -0.0000
vn -0.3484 0.9373 -0.0000
vn 0.7157 0.6984 -0.0000
vn -0.2071 -0.9783 -0.0000
vn -0.3713 0.9285 -0.0000
vn 0.6984 0.7157 -0.0000
vn -0.1830 -0.9831 -0.0000
vn -0.3940 0.9191 -0.0000
vn 0.6806 0.7327 -0.0000
vn -0.1589 -0.9873 -0.0000
vn -0.4164 0.9092 -0.0000
vn 0.6624 0.7491 -0.0000
vn -0.1346 -0.9909 -0.0000
vn -0.4386 0.8987 -0.0000
vn 0.6438 0.7652 -0.0000
vn -0.1102 -0.9939 -0.0000
vn -0.4605 0.8876 -0.0000
vn 0.6249 0.7807 -0.0000
vn -0.0858 -0.9963 -0.0000
vn -0.4822 0.8761 -0.0000
vn 0.6055 0.7958 -0.0000
vn -0.0613 -0.9981 -0.0000
vn -0.5035 0.8640 -0.0000
vn 0.5858 0.8105 -0.0000
vn -0.0368 -0.9993 -0.0000
vn -0.5246 0.8514 -0.0000
vn 0.5657 0.8246 -0.0000
vn -0.0123 -0.9999 -0.0000
vn -0.5453 0.8382 -0.0000
vn 0.5453 0.8382 -0.0000
vn 0.0123 -0.9999 -0.0000
vn -0.5657 0.8246 -0.0000
vn 0.5246 0.8514 -0.0000
vn 0.0368 -0.9993 -0.0000
vn -0.5858 0.8105 -0.0000
vn 0.5035 0.8640 -0.0000
vn 0.0613 -0.9981 -0.0000
vn -0.6055 0.7958 -0.0000
vn 0.4822 0.8761 -0.0000
vn 0.0858 -0.9963 -0.0000
vn -0.6249 0.7807 -0.0000
vn 0.4605 0.8876 -0.0000
vn 0.1102 -0.9939 -0.0000
vn -0.6438 0.7652 -0.0000
vn 0.4386 0.8987 -0.0000
vn 0.1346 -0.9909 -0.0000
vn -0.6624 0.7491 -0.0000
vn 0.4164 0.9092 -0.0000
vn 0.1589 -0.9873 -0.0000
vn -0.6806 0.7327 -0.0000
vn 0.3940 0.9191 -0.0000
vn 0.1830 -0.9831 -0.0000
vn -0.6984 0.7157 -0.0000
vn 0.3713 0.9285 -0.0000
vn 0.2071 -0.9783 -0.0000
vn -0.7157 0.6984 -0.0000
vn 0.3484 0.9373 -0.0000
vn 0.2311 -0.9729 -0.0000
vn -0.7327 0.6806 -0.0000
vn 0.3253 0.9456 -0.0000
vn 0.2549 -0.9670 -0.0000
vn -0.7491 0.6624 -0.0000
vn 0.3020 0.9533 -0.0000
vn 0.2785 -0.9604 -0.0000
vn -0.7652 0.6438 -0.0000
vn 0.2785 0.9604 -0.0000
vn 0.3020 -0.9533 -0.0000
vn -0.7807 0.6249 -0.0000
vn 0.2548 0.9670 -0.0000
vn -0.8105 0.5858 -0.0000
vn -0.8382 0.5453 -0.0000
vn -0.8513 0.5246 -0.0000
vn -0.8876 0.4605 -0.0000
vn -0.8987 0.4386 -0.0000
vn -0.9670 0.2549 -0.0000
vn -0.9981 0.0613 -0.0000
vn -0.9981 -0.0613 -0.0000
vn 0.8760 -0.4822 -0.0000
vn -0.9831 -0.1830 -0.0000
vn 0.9831 -0.1830 -0.0000
vn 0.9873 -0.1589 -0.0000
vn -0.8640 -0.5035 -0.0000
vn -0.8513 -0.5246 -0.0000
vn 0.9729 0.2310 -0.0000
vn 0.9191 0.3939 -0.0000
vn 0.9091 0.4165 -0.0000
vn 0.8876 0.4606 -0.0000
vn 0.8513 0.5246 -0.0000
vn 0.8104 0.5858 -0.0000
vn -0.2548 0.9670 -0.0000
vn -0.2548 -0.9670 -0.0000
vn 0.2548 -0.9670 -0.0000
vn 0.5246 -0.8513 -0.0000
vn -0.9831 0.1830 -0.0000
vn 0.9783 -0.2072 -0.0000
vn 0.9783 0.2072 -0.0000
vn -0.5246 -0.8513 -0.0000
vn 0.7326 0.6806 -0.0000
vn -0.8640 0.5036 -0.0000
vn -0.9909 -0.1345 -0.0000
vn 0.9670 0.2549 -0.0000
vn 0.8382 0.5454 -0.0000
vn -0.7326 0.6806 -0.0000
vn -0.0000 -0.0000 1.0000
vn -0.8819 -0.4714 -0.0000
vn 0.4714 0.8819 -0.0000
vn 0.0980 -0.9952 -0.0000
vn -0.7730 -0.6344 -0.0000
vn 0.2903 0.9569 -0.0000
vn 0.2903 -0.9569 -0.0000
vn -0.6344 -0.7730 -0.0000
vn 0.0980 0.9952 -0.0000
vn 0.4714 -0.8819 -0.0000
vn -0.4714 -0.8819 -0.0000
vn -0.0980 0.9952 -0.0000
vn 0.6344 -0.7730 -0.0000
vn -0.2903 -0.9569 -0.0000
vn -0.2903 0.9569 -0.0000
vn 0.7730 -0.6344 -0.0000
vn -0.0980 -0.9952 -0.0000
vn -0.4714 0.8819 -0.0000
vn 0.8819 -0.4714 -0.0000
vn -0.6344 0.7730 -0.0000
vn 0.9569 -0.2903 -0.0000
vn -0.7730 0.6344 -0.0000
vn 0.9952 -0.0980 -0.0000
vn -0.8819 0.4714 -0.0000
vn 0.9952 0.0980 -0.0000
vn -0.9569 0.2903 -0.0000
vn 0.9569 0.2903 -0.0000
vn -0.9952 0.0980 -0.0000
vn 0.8819 0.4714 -0.0000
vn -0.9952 -0.0980 -0.0000
vn 0.7730 0.6344 -0.0000
vn -0.9569 -0.2903 -0.0000
vn 0.6344 0.7730 -0.0000
vn 0.4876 0.8731 -0.0000
vn -0.5401 0.8416 -0.0000
vn -0.5089 0.8608 -0.0000
vn -0.4982 0.8671 -0.0000
vn -0.4550 0.8905 -0.0000
vn -0.4330 0.9014 -0.0000
vn -0.3997 0.9166 -0.0000
vn -0.3771 0.9262 -0.0000
vn -0.3655 0.9308 -0.0000
vn -0.3427 0.9395 -0.0000
vn -0.3312 0.9436 -0.0000
vn -0.2727 0.9621 -0.0000
vn -0.2132 0.9770 -0.0000
vn -0.1406 0.9901 -0.0000
vn -0.1164 0.9932 -0.0000
vn -0.0918 0.9958 -0.0000
vn -0.3426 -0.9395 -0.0000
vn -0.3657 -0.9307 -0.0000
vn -0.3769 -0.9262 -0.0000
vn -0.4221 -0.9066 -0.0000
vn -0.4331 -0.9014 -0.0000
vn -0.4551 -0.8904 -0.0000
vn -0.4769 -0.8790 -0.0000
vn -0.4983 -0.8670 -0.0000
vn -0.5088 -0.8609 -0.0000
vn -0.5707 -0.8211 -0.0000
vn -0.5809 -0.8140 -0.0000
vn -0.6005 -0.7996 -0.0000
vn -0.6669 -0.7451 -0.0000
vn -0.6761 -0.7368 -0.0000
vn -0.6850 -0.7285 -0.0000
vn -0.6939 -0.7201 -0.0000
vn -0.7115 -0.7027 -0.0000
vn -0.7284 -0.6851 -0.0000
vn -0.7451 -0.6669 -0.0000
vn -0.7531 -0.6579 -0.0000
vn -0.7613 -0.6484 -0.0000
vn -0.7692 -0.6390 -0.0000
vn -0.7769 -0.6296 -0.0000
vn -0.7922 -0.6102 -0.0000
vn -0.7996 -0.6006 -0.0000
vn -0.8069 -0.5907 -0.0000
vn -0.9013 -0.4332 -0.0000
vn -0.9351 -0.3543 -0.0000
vn -0.9437 -0.3309 -0.0000
vn -0.9476 -0.3194 -0.0000
vn -0.9515 -0.3078 -0.0000
vn -0.9586 -0.2846 -0.0000
vn -0.9654 -0.2606 -0.0000
vn -0.9685 -0.2491 -0.0000
vn -0.9715 -0.2372 -0.0000
vn -0.9743 -0.2251 -0.0000
vn -0.9770 -0.2133 -0.0000
vn -0.9796 -0.2009 -0.0000
vn -0.9820 -0.1890 -0.0000
vn -0.9842 -0.1771 -0.0000
vn -0.9900 -0.1409 -0.0000
vn -0.9968 -0.0796 -0.0000
vn -0.9977 -0.0676 -0.0000
vn -0.9991 -0.0428 -0.0000
vn -0.9998 -0.0186 -0.0000
vn 1.0000 -0.0063 -0.0000
vn 0.9998 -0.0181 -0.0000
vn 0.9968 -0.0798 -0.0000
vn 0.9901 -0.1404 -0.0000
vn 0.9842 -0.1769 -0.0000
vn 0.9819 -0.1892 -0.0000
vn 0.9795 -0.2014 -0.0000
vn 0.9770 -0.2131 -0.0000
vn 0.9744 -0.2248 -0.0000
vn 0.9685 -0.2489 -0.0000
vn 0.9588 -0.2842 -0.0000
vn 0.9476 -0.3196 -0.0000
vn 0.9435 -0.3313 -0.0000
vn 0.9352 -0.3541 -0.0000
vn 0.9307 -0.3657 -0.0000
vn 0.9065 -0.4222 -0.0000
vn 0.9014 -0.4329 -0.0000
vn 0.8905 -0.4550 -0.0000
vn 0.8545 -0.5195 -0.0000
vn 0.8212 -0.5706 -0.0000
vn 0.8141 -0.5808 -0.0000
vn 0.7995 -0.6007 -0.0000
vn 0.7920 -0.6105 -0.0000
vn 0.7768 -0.6297 -0.0000
vn 0.7691 -0.6392 -0.0000
vn 0.7611 -0.6486 -0.0000
vn 0.7366 -0.6763 -0.0000
vn 0.7285 -0.6850 -0.0000
vn 0.7201 -0.6938 -0.0000
vn 0.7113 -0.7029 -0.0000
vn 0.6851 -0.7284 -0.0000
vn 0.6762 -0.7367 -0.0000
vn 0.6670 -0.7450 -0.0000
vn 0.6579 -0.7531 -0.0000
vn 0.6486 -0.7611 -0.0000
vn 0.6006 -0.7995 -0.0000
vn 0.5807 -0.8141 -0.0000
vn 0.5707 -0.8212 -0.0000
vn 0.5401 -0.8416 -0.0000
vn 0.5089 -0.8608 -0.0000
vn 0.8139 0.5809 -0.0000
vn 0.4982 -0.8671 -0.0000
vn 0.8069 0.5907 -0.0000
vn 0.7996 0.6006 -0.0000
vn 0.7847 0.6199 -0.0000
vn 0.4550 -0.8905 -0.0000
vn 0.7769 0.6296 -0.0000
vn 0.7692 0.6390 -0.0000
vn 0.4330 -0.9014 -0.0000
vn 0.7613 0.6484 -0.0000
vn 0.7531 0.6579 -0.0000
vn 0.7451 0.6669 -0.0000
vn 0.3997 -0.9166 -0.0000
vn 0.7284 0.6851 -0.0000
vn 0.3771 -0.9262 -0.0000
vn 0.3655 -0.9308 -0.0000
vn 0.7115 0.7027 -0.0000
vn 0.3427 -0.9395 -0.0000
vn 0.6939 0.7201 -0.0000
vn 0.3312 -0.9436 -0.0000
vn 0.6850 0.7285 -0.0000
vn 0.6761 0.7368 -0.0000
vn 0.6669 0.7451 -0.0000
vn 0.2727 -0.9621 -0.0000
vn 0.6103 0.7922 -0.0000
vn 0.6005 0.7996 -0.0000
vn 0.2132 -0.9770 -0.0000
vn 0.5809 0.8140 -0.0000
vn 0.1406 -0.9901 -0.0000
vn 0.1164 -0.9932 -0.0000
vn 0.5088 0.8609 -0.0000
vn 0.4983 0.8670 -0.0000
vn 0.0918 -0.9958 -0.0000
vn 0.4769 0.8790 -0.0000
vn 0.4551 0.8904 -0.0000
vn 0.4331 0.9014 -0.0000
vn 0.4221 0.9066 -0.0000
vn 0.9998 0.0186 -0.0000
vn 0.9991 0.0428 -0.0000
vn 0.9977 0.0676 -0.0000
vn 0.3426 0.9395 -0.0000
vn 0.9968 0.0796 -0.0000
vn 0.9900 0.1409 -0.0000
vn 0.9842 0.1771 -0.0000
vn 0.9820 0.1888 -0.0000
vn 0.9796 0.2009 -0.0000
vn 0.9770 0.2133 -0.0000
vn 0.9743 0.2251 -0.0000
vn 0.9715 0.2372 -0.0000
vn 0.9685 0.2491 -0.0000
vn 0.9654 0.2606 -0.0000
vn 0.9586 0.2846 -0.0000
vn 0.9515 0.3078 -0.0000
vn 0.9476 0.3194 -0.0000
vn -1.0000 0.0063 -0.0000
vn 0.9437 0.3309 -0.0000
vn -0.9998 0.0181 -0.0000
vn 0.9351 0.3543 -0.0000
vn 0.9308 0.3655 -0.0000
vn -0.9968 0.0798 -0.0000
vn 0.9013 0.4332 -0.0000
vn -0.9901 0.1404 -0.0000
vn -0.9842 0.1769 -0.0000
vn -0.9819 0.1892 -0.0000
vn -0.9795 0.2014 -0.0000
vn -0.9770 0.2131 -0.0000
vn -0.9744 0.2248 -0.0000
vn -0.9685 0.2489 -0.0000
vn -0.9588 0.2842 -0.0000
vn -0.9476 0.3196 -0.0000
vn -0.9435 0.3313 -0.0000
vn -0.9352 0.3541 -0.0000
vn -0.9307 0.3657 -0.0000
vn -0.9065 0.4222 -0.0000
vn -0.9014 0.4329 -0.0000
vn -0.8905 0.4550 -0.0000
vn -0.8545 0.5195 -0.0000
vn -0.8212 0.5706 -0.0000
vn -0.8141 0.5808 -0.0000
vn -0.7995 0.6007 -0.0000
vn -0.7920 0.6105 -0.0000
vn -0.7768 0.6297 -0.0000
vn -0.7691 0.6392 -0.0000
vn -0.7611 0.6486 -0.0000
vn -0.7366 0.6763 -0.0000
vn -0.7285 0.6850 -0.0000
vn -0.7201 0.6938 -0.0000
vn -0.7113 0.7029 -0.0000
vn -0.6851 0.7284 -0.0000
vn -0.6762 0.7367 -0.0000
vn -0.6670 0.7450 -0.0000
vn -0.6579 0.7531 -0.0000
vn -0.6486 0.7611 -0.0000
vn -0.6006 0.7995 -0.0000
vn -0.5807 0.8141 -0.0000
vn -0.5707 0.8212 -0.0000
vn 0.0217 0.7068 -0.7071
vn 0.0303 0.7064 -0.7072
vn 0.0477 0.7055 -0.7071
vn 0.0909 0.7013 -0.7071
vn 0.1166 0.6974 -0.7071
vn 0.1337 0.6943 -0.7071
vn 0.1422 0.6926 -0.7072
vn 0.1591 0.6889 -0.7072
vn 0.1676 0.6870 -0.7071
vn 0.2259 0.6701 -0.7071
vn 0.2341 0.6673 -0.7071
vn 0.2505 0.6613 -0.7071
vn 0.2826 0.6481 -0.7071
vn 0.2905 0.6448 -0.7071
vn 0.3062 0.6373 -0.7071
vn 0.3141 0.6335 -0.7071
vn 0.3295 0.6257 -0.7071
vn 0.3598 0.6086 -0.7072
vn 0.3820 0.5951 -0.7071
vn 0.3892 0.5903 -0.7071
vn 0.3965 0.5856 -0.7071
vn 0.4178 0.5705 -0.7071
vn 0.4247 0.5653 -0.7071
vn 0.4452 0.5493 -0.7071
vn 0.4519 0.5438 -0.7071
vn 0.4585 0.5383 -0.7071
vn 0.4716 0.5268 -0.7071
vn 0.4906 0.5092 -0.7071
vn 0.4969 0.5031 -0.7071
vn 0.5030 0.4970 -0.7071
vn 0.5091 0.4907 -0.7071
vn 0.5209 0.4781 -0.7071
vn 0.5269 0.4716 -0.7071
vn 0.5326 0.4651 -0.7072
vn 0.5439 0.4519 -0.7071
vn 0.5548 0.4384 -0.7071
vn 0.5601 0.4317 -0.7071
vn 0.5653 0.4247 -0.7071
vn 0.5705 0.4178 -0.7071
vn 0.5755 0.4107 -0.7071
vn 0.5806 0.4036 -0.7071
vn 0.5855 0.3965 -0.7071
vn 0.5951 0.3820 -0.7071
vn 0.5997 0.3745 -0.7072
vn 0.6043 0.3672 -0.7071
vn 0.6087 0.3599 -0.7071
vn 0.6130 0.3523 -0.7072
vn 0.6215 0.3372 -0.7071
vn 0.6257 0.3295 -0.7071
vn 0.6296 0.3218 -0.7071
vn 0.6336 0.3141 -0.7070
vn 0.6374 0.3063 -0.7071
vn 0.6410 0.2984 -0.7071
vn 0.6447 0.2906 -0.7071
vn 0.6516 0.2745 -0.7071
vn 0.6582 0.2585 -0.7071
vn 0.6613 0.2505 -0.7071
vn 0.6701 0.2259 -0.7071
vn 0.6728 0.2177 -0.7071
vn 0.6779 0.2012 -0.7071
vn 0.6803 0.1928 -0.7071
vn 0.6826 0.1844 -0.7071
vn 0.6870 0.1677 -0.7070
vn 0.6909 0.1507 -0.7071
vn 0.6926 0.1422 -0.7071
vn 0.6943 0.1336 -0.7071
vn 0.6959 0.1250 -0.7072
vn 0.6974 0.1166 -0.7071
vn 0.6988 0.1080 -0.7071
vn 0.7001 0.0994 -0.7071
vn 0.7013 0.0908 -0.7071
vn 0.7023 0.0822 -0.7071
vn 0.7041 0.0649 -0.7071
vn 0.7055 0.0477 -0.7071
vn 0.7065 0.0304 -0.7071
vn 0.7067 0.0217 -0.7072
vn 0.7070 0.0130 -0.7071
vn 0.0043 -0.7071 -0.7071
vn 0.0217 -0.7069 -0.7070
vn 0.0304 -0.7065 -0.7071
vn 0.0823 -0.7023 -0.7071
vn 0.1166 -0.6975 -0.7071
vn 0.1252 -0.6960 -0.7070
vn 0.1422 -0.6927 -0.7071
vn 0.1591 -0.6889 -0.7071
vn 0.2259 -0.6700 -0.7071
vn 0.2825 -0.6482 -0.7071
vn 0.2905 -0.6447 -0.7071
vn 0.3062 -0.6374 -0.7071
vn 0.3141 -0.6335 -0.7072
vn 0.3218 -0.6296 -0.7071
vn 0.3447 -0.6174 -0.7071
vn 0.3598 -0.6087 -0.7071
vn 0.3673 -0.6043 -0.7071
vn 0.3820 -0.5950 -0.7071
vn 0.3965 -0.5855 -0.7071
vn 0.4177 -0.5705 -0.7071
vn 0.4247 -0.5654 -0.7071
vn 0.4453 -0.5493 -0.7071
vn 0.4520 -0.5438 -0.7071
vn 0.4586 -0.5383 -0.7071
vn 0.4652 -0.5326 -0.7071
vn 0.4716 -0.5268 -0.7071
vn 0.4907 -0.5091 -0.7071
vn 0.4969 -0.5030 -0.7071
vn 0.5030 -0.4969 -0.7071
vn 0.5092 -0.4907 -0.7071
vn 0.5210 -0.4781 -0.7071
vn 0.5268 -0.4717 -0.7071
vn 0.5326 -0.4652 -0.7071
vn 0.5438 -0.4519 -0.7071
vn 0.5493 -0.4452 -0.7071
vn 0.5548 -0.4383 -0.7072
vn 0.5706 -0.4177 -0.7071
vn 0.5806 -0.4034 -0.7072
vn 0.5855 -0.3964 -0.7072
vn 0.5952 -0.3820 -0.7070
vn 0.5998 -0.3746 -0.7071
vn 0.6042 -0.3673 -0.7071
vn 0.6131 -0.3523 -0.7071
vn 0.6216 -0.3371 -0.7071
vn 0.6257 -0.3295 -0.7071
vn 0.6296 -0.3218 -0.7071
vn 0.6335 -0.3141 -0.7071
vn 0.6373 -0.3062 -0.7071
vn 0.6411 -0.2984 -0.7071
vn 0.6446 -0.2904 -0.7072
vn 0.6482 -0.2827 -0.7070
vn 0.6516 -0.2746 -0.7072
vn 0.6581 -0.2587 -0.7071
vn 0.6613 -0.2504 -0.7071
vn 0.6700 -0.2260 -0.7071
vn 0.6727 -0.2177 -0.7071
vn 0.6779 -0.2010 -0.7071
vn 0.6803 -0.1929 -0.7071
vn 0.6827 -0.1842 -0.7071
vn 0.6848 -0.1760 -0.7071
vn 0.6870 -0.1676 -0.7071
vn 0.6909 -0.1507 -0.7071
vn 0.6927 -0.1423 -0.7070
vn 0.6944 -0.1338 -0.7071
vn 0.6959 -0.1252 -0.7071
vn 0.6974 -0.1166 -0.7071
vn 0.6988 -0.1081 -0.7071
vn 0.7001 -0.0995 -0.7071
vn 0.7012 -0.0909 -0.7071
vn 0.7023 -0.0823 -0.7071
vn 0.7041 -0.0651 -0.7071
vn 0.7048 -0.0564 -0.7072
vn 0.7061 -0.0390 -0.7071
vn 0.7065 -0.0303 -0.7070
vn 0.7068 -0.0217 -0.7071
vn 0.7070 -0.0129 -0.7071
vn -0.7070 -0.0130 -0.7071
vn -0.7067 -0.0217 -0.7072
vn -0.7065 -0.0304 -0.7071
vn -0.7055 -0.0477 -0.7071
vn -0.7041 -0.0649 -0.7071
vn -0.7023 -0.0822 -0.7071
vn -0.7013 -0.0908 -0.7071
vn -0.7001 -0.0994 -0.7071
vn -0.6988 -0.1080 -0.7071
vn -0.6974 -0.1166 -0.7071
vn -0.6959 -0.1250 -0.7072
vn -0.6943 -0.1336 -0.7071
vn -0.6926 -0.1422 -0.7071
vn -0.6870 -0.1677 -0.7070
vn -0.6826 -0.1844 -0.7071
vn -0.6803 -0.1928 -0.7071
vn -0.6779 -0.2012 -0.7071
vn -0.6728 -0.2177 -0.7071
vn -0.6700 -0.2259 -0.7071
vn -0.6673 -0.2341 -0.7071
vn -0.6613 -0.2505 -0.7071
vn -0.6582 -0.2585 -0.7071
vn -0.6516 -0.2745 -0.7071
vn -0.6447 -0.2906 -0.7071
vn -0.6410 -0.2984 -0.7071
vn -0.6374 -0.3063 -0.7071
vn -0.6336 -0.3141 -0.7070
vn -0.6296 -0.3218 -0.7071
vn -0.6257 -0.3295 -0.7071
vn -0.6215 -0.3372 -0.7071
vn -0.6130 -0.3523 -0.7072
vn -0.6087 -0.3599 -0.7071
vn -0.6043 -0.3672 -0.7071
vn -0.5997 -0.3745 -0.7072
vn -0.5951 -0.3820 -0.7071
vn -0.5855 -0.3965 -0.7071
vn -0.5806 -0.4037 -0.7071
vn -0.5756 -0.4107 -0.7071
vn -0.5705 -0.4178 -0.7071
vn -0.5653 -0.4247 -0.7071
vn -0.5601 -0.4316 -0.7071
vn -0.5548 -0.4384 -0.7071
vn -0.5493 -0.4453 -0.7071
vn -0.5439 -0.4519 -0.7071
vn -0.5326 -0.4651 -0.7072
vn -0.5269 -0.4716 -0.7071
vn -0.5209 -0.4781 -0.7071
vn -0.5091 -0.4907 -0.7071
vn -0.5030 -0.4970 -0.7071
vn -0.4969 -0.5031 -0.7071
vn -0.4906 -0.5092 -0.7071
vn -0.4716 -0.5268 -0.7071
vn -0.4585 -0.5383 -0.7071
vn -0.4519 -0.5438 -0.7071
vn -0.4452 -0.5493 -0.7071
vn -0.4384 -0.5549 -0.7071
vn -0.4247 -0.5653 -0.7071
vn -0.4178 -0.5705 -0.7071
vn -0.3965 -0.5856 -0.7071
vn -0.3892 -0.5903 -0.7071
vn -0.3820 -0.5951 -0.7071
vn -0.3598 -0.6086 -0.7072
vn -0.3295 -0.6257 -0.7071
vn -0.3141 -0.6335 -0.7071
vn -0.3062 -0.6373 -0.7071
vn -0.2905 -0.6448 -0.7071
vn -0.2826 -0.6481 -0.7071
vn -0.2585 -0.6581 -0.7071
vn -0.2505 -0.6613 -0.7071
vn -0.2259 -0.6701 -0.7071
vn -0.1676 -0.6870 -0.7071
vn -0.1591 -0.6889 -0.7072
vn -0.1423 -0.6926 -0.7072
vn -0.1337 -0.6943 -0.7071
vn -0.1166 -0.6974 -0.7071
vn -0.0909 -0.7013 -0.7071
vn -0.0477 -0.7055 -0.7071
vn -0.0303 -0.7064 -0.7072
vn -0.0217 -0.7068 -0.7071
vn -0.0043 0.7071 -0.7071
vn -0.0217 0.7069 -0.7070
vn -0.0304 0.7065 -0.7071
vn -0.0823 0.7023 -0.7071
vn -0.1166 0.6975 -0.7071
vn -0.1252 0.6960 -0.7070
vn -0.1422 0.6927 -0.7071
vn -0.1591 0.6889 -0.7071
vn -0.2259 0.6700 -0.7071
vn -0.2825 0.6482 -0.7071
vn -0.2905 0.6447 -0.7071
vn -0.3062 0.6374 -0.7071
vn -0.3141 0.6335 -0.7072
vn -0.3218 0.6296 -0.7071
vn -0.3447 0.6174 -0.7071
vn -0.3598 0.6087 -0.7071
vn -0.3673 0.6043 -0.7071
vn -0.3820 0.5950 -0.7071
vn -0.3965 0.5855 -0.7071
vn -0.4177 0.5705 -0.7071
vn -0.4247 0.5654 -0.7071
vn -0.4453 0.5493 -0.7071
vn -0.4520 0.5438 -0.7071
vn -0.4586 0.5383 -0.7071
vn -0.4652 0.5326 -0.7071
vn -0.4716 0.5268 -0.7071
vn -0.4907 0.5091 -0.7071
vn -0.4969 0.5030 -0.7071
vn -0.5030 0.4969 -0.7071
vn -0.5092 0.4907 -0.7071
vn -0.5210 0.4781 -0.7071
vn -0.5268 0.4717 -0.7071
vn -0.5326 0.4652 -0.7071
vn -0.5438 0.4519 -0.7071
vn -0.5493 0.4452 -0.7071
vn -0.5548 0.4383 -0.7072
vn -0.5706 0.4177 -0.7071
vn -0.5806 0.4034 -0.7072
vn -0.5855 0.3964 -0.7072
vn -0.5952 0.3820 -0.7070
vn -0.5998 0.3746 -0.7071
vn -0.6042 0.3673 -0.7071
vn -0.6131 0.3523 -0.7071
vn -0.6216 0.3371 -0.7071
vn -0.6257 0.3295 -0.7071
vn -0.6296 0.3218 -0.7071
vn -0.6335 0.3141 -0.7071
vn -0.6373 0.3062 -0.7071
vn -0.6411 0.2984 -0.7071
vn -0.6446 0.2904 -0.7072
vn -0.6482 0.2827 -0.7070
vn -0.6516 0.2746 -0.7072
vn -0.6581 0.2587 -0.7071
vn -0.6613 0.2504 -0.7071
vn -0.6700 0.2260 -0.7071
vn -0.6727 0.2177 -0.7071
vn -0.6779 0.2010 -0.7071
vn -0.6803 0.1929 -0.7071
vn -0.6827 0.1842 -0.7071
vn -0.6848 0.1760 -0.7071
vn -0.6870 0.1676 -0.7071
vn -0.6909 0.1507 -0.7071
vn -0.6927 0.1423 -0.7070
vn -0.6944 0.1338 -0.7071
vn -0.6959 0.1252 -0.7071
vn -0.6974 0.1166 -0.7071
vn -0.6988 0.1081 -0.7071
vn -0.7001 0.0995 -0.7071
vn -0.7012 0.0909 -0.7071
vn -0.7023 0.0823 -0.7071
vn -0.7041 0.0651 -0.7071
vn -0.7048 0.0564 -0.7072
vn -0.7061 0.0390 -0.7071
vn -0.7065 0.0303 -0.7070
vn -0.7068 0.0217 -0.7071
vn -0.7070 0.0129 -0.7071
vn 0.4982 0.8670 -0.0000
vn -0.7769 0.6297 -0.0000
vn 0.9977 -0.0675 -0.0000
vn -0.7995 0.6006 -0.0000
vn 0.5808 0.8140 -0.0000
vn 0.6006 0.7996 -0.0000
vn -0.8731 0.4876 -0.0000
vn -0.8848 0.4659 -0.0000
vn 0.6760 0.7369 -0.0000
vn -0.9013 0.4331 -0.0000
vn -0.9863 -0.1648 -0.0000
vn -0.9770 -0.2132 -0.0000
vn -0.9685 -0.2490 -0.0000
vn -0.9395 0.3426 -0.0000
vn -0.9621 -0.2726 -0.0000
vn -0.9587 -0.2843 -0.0000
vn -0.9551 0.2962 -0.0000
vn 0.7996 0.6005 -0.0000
vn -0.9587 0.2844 -0.0000
vn -0.9394 -0.3427 -0.0000
vn 0.8212 0.5707 -0.0000
vn -0.9715 0.2371 -0.0000
vn 0.8349 0.5504 -0.0000
vn 0.8545 0.5194 -0.0000
vn -0.9117 -0.4109 -0.0000
vn 0.8608 0.5089 -0.0000
vn -0.9842 0.1770 -0.0000
vn 0.8671 0.4982 -0.0000
vn -0.9863 0.1650 -0.0000
vn -0.9014 -0.4330 -0.0000
vn -0.9883 0.1527 -0.0000
vn -0.8905 -0.4551 -0.0000
vn 0.8905 0.4551 -0.0000
vn 0.9014 0.4330 -0.0000
vn -0.8671 -0.4982 -0.0000
vn -0.8608 -0.5089 -0.0000
vn 0.9117 0.4109 -0.0000
vn -0.9977 0.0675 -0.0000
vn -0.8545 -0.5194 -0.0000
vn -0.8349 -0.5504 -0.0000
vn -0.8212 -0.5707 -0.0000
vn 0.9394 0.3427 -0.0000
vn -0.7996 -0.6005 -0.0000
vn 0.9587 0.2843 -0.0000
vn 0.9621 0.2726 -0.0000
vn 0.9685 0.2490 -0.0000
vn 0.9770 0.2132 -0.0000
vn 0.9863 0.1648 -0.0000
vn -0.6760 -0.7369 -0.0000
vn -0.6006 -0.7996 -0.0000
vn -0.4982 -0.8670 -0.0000
vn -0.4876 -0.8731 -0.0000
vn -0.4441 -0.8960 -0.0000
vn 0.2251 -0.9743 -0.0000
vn -0.2961 -0.9552 -0.0000
vn -0.2250 -0.9743 -0.0000
vn 0.4109 -0.9117 -0.0000
vn 0.4331 -0.9013 -0.0000
vn 0.5194 -0.8546 -0.0000
vn 0.5808 -0.8141 -0.0000
vn 0.5907 -0.8069 -0.0000
vn 0.6762 -0.7368 -0.0000
vn -0.2251 0.9743 -0.0000
vn 0.7451 -0.6670 -0.0000
vn 0.7769 -0.6297 -0.0000
vn 0.7995 -0.6006 -0.0000
vn -0.4109 0.9117 -0.0000
vn -0.4331 0.9013 -0.0000
vn 0.8731 -0.4876 -0.0000
vn 0.8848 -0.4659 -0.0000
vn 0.9013 -0.4331 -0.0000
vn -0.5194 0.8546 -0.0000
vn 0.2250 0.9743 -0.0000
vn 0.9395 -0.3426 -0.0000
vn -0.5808 0.8141 -0.0000
vn -0.5907 0.8069 -0.0000
vn 0.2961 0.9552 -0.0000
vn 0.9551 -0.2962 -0.0000
vn 0.9587 -0.2844 -0.0000
vn 0.9715 -0.2371 -0.0000
vn -0.6762 0.7368 -0.0000
vn 0.9842 -0.1770 -0.0000
vn 0.9863 -0.1650 -0.0000
vn 0.9883 -0.1527 -0.0000
vn 0.4441 0.8960 -0.0000
vn -0.7451 0.6670 -0.0000
vn 0.0129 0.7070 -0.7071
vn 0.0303 0.7066 -0.7069
vn 0.0391 0.7061 -0.7071
vn 0.0477 0.7056 -0.7070
vn 0.0823 0.7022 -0.7072
vn 0.0908 0.7014 -0.7070
vn 0.1251 0.6960 -0.7070
vn 0.1421 0.6927 -0.7071
vn 0.1591 0.6891 -0.7070
vn 0.2095 0.6753 -0.7072
vn 0.2259 0.6699 -0.7073
vn 0.2585 0.6581 -0.7072
vn 0.2666 0.6550 -0.7070
vn 0.2904 0.6448 -0.7071
vn 0.2984 0.6410 -0.7071
vn 0.3062 0.6373 -0.7072
vn 0.3218 0.6295 -0.7072
vn 0.3372 0.6215 -0.7072
vn 0.3447 0.6175 -0.7070
vn 0.3597 0.6087 -0.7071
vn 0.3673 0.6042 -0.7072
vn 0.3746 0.5999 -0.7070
vn 0.3819 0.5951 -0.7071
vn 0.4036 0.5806 -0.7072
vn 0.4108 0.5755 -0.7072
vn 0.4177 0.5704 -0.7072
vn 0.4247 0.5656 -0.7069
vn 0.4316 0.5602 -0.7071
vn 0.4452 0.5493 -0.7072
vn 0.4586 0.5383 -0.7070
vn 0.4651 0.5325 -0.7072
vn 0.4781 0.5211 -0.7070
vn 0.4906 0.5091 -0.7072
vn 0.4970 0.5031 -0.7070
vn 0.5029 0.4971 -0.7070
vn 0.5210 0.4782 -0.7070
vn 0.5325 0.4652 -0.7071
vn 0.5494 0.4451 -0.7071
vn 0.5549 0.4383 -0.7071
vn 0.5706 0.4176 -0.7072
vn 0.5807 0.4036 -0.7071
vn 0.5855 0.3966 -0.7071
vn 0.5904 0.3892 -0.7071
vn 0.5951 0.3819 -0.7071
vn 0.5997 0.3748 -0.7070
vn 0.6130 0.3522 -0.7073
vn 0.6174 0.3448 -0.7070
vn 0.6214 0.3374 -0.7071
vn 0.6296 0.3217 -0.7071
vn 0.6334 0.3143 -0.7071
vn 0.6374 0.3062 -0.7071
vn 0.6409 0.2984 -0.7072
vn 0.6447 0.2905 -0.7071
vn 0.6549 0.2667 -0.7071
vn 0.6582 0.2584 -0.7071
vn 0.6642 0.2425 -0.7071
vn 0.6672 0.2340 -0.7072
vn 0.6753 0.2094 -0.7072
vn 0.6778 0.2011 -0.7072
vn 0.6804 0.1928 -0.7070
vn 0.6826 0.1843 -0.7072
vn 0.6848 0.1759 -0.7071
vn 0.6870 0.1674 -0.7072
vn 0.6890 0.1590 -0.7071
vn 0.6926 0.1423 -0.7072
vn 0.6944 0.1340 -0.7071
vn 0.6960 0.1253 -0.7071
vn 0.6974 0.1169 -0.7070
vn 0.7000 0.0991 -0.7072
vn 0.7013 0.0909 -0.7070
vn 0.7022 0.0824 -0.7072
vn 0.7032 0.0737 -0.7071
vn 0.7042 0.0649 -0.7071
vn 0.7048 0.0564 -0.7071
vn 0.7056 0.0478 -0.7070
vn 0.7061 0.0390 -0.7070
vn 0.7065 0.0303 -0.7071
vn 0.7068 0.0218 -0.7071
vn 0.7071 0.0044 -0.7071
vn 0.0303 -0.7064 -0.7071
vn 0.0391 -0.7059 -0.7072
vn 0.0477 -0.7054 -0.7072
vn 0.0823 -0.7024 -0.7071
vn 0.0909 -0.7012 -0.7072
vn 0.1167 -0.6974 -0.7072
vn 0.1338 -0.6944 -0.7071
vn 0.1422 -0.6926 -0.7071
vn 0.1677 -0.6869 -0.7072
vn 0.1843 -0.6826 -0.7071
vn 0.2011 -0.6780 -0.7070
vn 0.2094 -0.6755 -0.7070
vn 0.2259 -0.6701 -0.7070
vn 0.2343 -0.6672 -0.7071
vn 0.2585 -0.6581 -0.7071
vn 0.2826 -0.6481 -0.7072
vn 0.2985 -0.6411 -0.7070
vn 0.3140 -0.6335 -0.7071
vn 0.3218 -0.6297 -0.7071
vn 0.3523 -0.6133 -0.7069
vn 0.3746 -0.5997 -0.7072
vn 0.3892 -0.5903 -0.7072
vn 0.3964 -0.5853 -0.7073
vn 0.4036 -0.5807 -0.7071
vn 0.4177 -0.5706 -0.7071
vn 0.4247 -0.5653 -0.7072
vn 0.4317 -0.5600 -0.7072
vn 0.4385 -0.5548 -0.7071
vn 0.4518 -0.5438 -0.7072
vn 0.4781 -0.5208 -0.7072
vn 0.4907 -0.5091 -0.7072
vn 0.4971 -0.5028 -0.7072
vn 0.5031 -0.4969 -0.7071
vn 0.5092 -0.4909 -0.7070
vn 0.5151 -0.4842 -0.7072
vn 0.5210 -0.4780 -0.7071
vn 0.5326 -0.4653 -0.7070
vn 0.5438 -0.4521 -0.7071
vn 0.5547 -0.4385 -0.7071
vn 0.5600 -0.4318 -0.7071
vn 0.5652 -0.4248 -0.7072
vn 0.5705 -0.4177 -0.7071
vn 0.5755 -0.4105 -0.7073
vn 0.5806 -0.4037 -0.7071
vn 0.5855 -0.3964 -0.7071
vn 0.5951 -0.3818 -0.7072
vn 0.5997 -0.3744 -0.7073
vn 0.6175 -0.3444 -0.7072
vn 0.6216 -0.3372 -0.7071
vn 0.6256 -0.3294 -0.7072
vn 0.6297 -0.3218 -0.7070
vn 0.6335 -0.3140 -0.7071
vn 0.6375 -0.3062 -0.7070
vn 0.6446 -0.2906 -0.7071
vn 0.6517 -0.2746 -0.7070
vn 0.6549 -0.2666 -0.7072
vn 0.6581 -0.2585 -0.7072
vn 0.6614 -0.2501 -0.7071
vn 0.6672 -0.2343 -0.7071
vn 0.6700 -0.2259 -0.7071
vn 0.6754 -0.2095 -0.7071
vn 0.6778 -0.2011 -0.7072
vn 0.6804 -0.1928 -0.7070
vn 0.6826 -0.1845 -0.7071
vn 0.6869 -0.1677 -0.7071
vn 0.6889 -0.1592 -0.7072
vn 0.6909 -0.1507 -0.7070
vn 0.6927 -0.1420 -0.7072
vn 0.6944 -0.1336 -0.7071
vn 0.6959 -0.1249 -0.7072
vn 0.6975 -0.1166 -0.7070
vn 0.6987 -0.1082 -0.7072
vn 0.7012 -0.0907 -0.7072
vn 0.7024 -0.0823 -0.7070
vn 0.7032 -0.0737 -0.7071
vn 0.7040 -0.0652 -0.7072
vn 0.7054 -0.0476 -0.7073
vn 0.7064 -0.0303 -0.7072
vn 0.7071 -0.0125 -0.7071
vn 0.7071 -0.0045 -0.7071
vn -0.7071 -0.0044 -0.7071
vn -0.7068 -0.0218 -0.7071
vn -0.7065 -0.0303 -0.7071
vn -0.7061 -0.0390 -0.7070
vn -0.7056 -0.0478 -0.7070
vn -0.7048 -0.0564 -0.7071
vn -0.7042 -0.0649 -0.7071
vn -0.7032 -0.0737 -0.7071
vn -0.7022 -0.0824 -0.7072
vn -0.7013 -0.0909 -0.7070
vn -0.7000 -0.0991 -0.7072
vn -0.6974 -0.1169 -0.7070
vn -0.6960 -0.1251 -0.7071
vn -0.6943 -0.1338 -0.7071
vn -0.6927 -0.1422 -0.7071
vn -0.6908 -0.1507 -0.7072
vn -0.6890 -0.1590 -0.7071
vn -0.6870 -0.1674 -0.7072
vn -0.6848 -0.1759 -0.7071
vn -0.6826 -0.1843 -0.7072
vn -0.6804 -0.1928 -0.7070
vn -0.6778 -0.2011 -0.7072
vn -0.6753 -0.2094 -0.7072
vn -0.6700 -0.2259 -0.7072
vn -0.6673 -0.2340 -0.7071
vn -0.6643 -0.2424 -0.7071
vn -0.6612 -0.2504 -0.7072
vn -0.6582 -0.2587 -0.7070
vn -0.6550 -0.2667 -0.7071
vn -0.6447 -0.2905 -0.7071
vn -0.6409 -0.2984 -0.7072
vn -0.6374 -0.3062 -0.7071
vn -0.6334 -0.3143 -0.7071
vn -0.6296 -0.3217 -0.7071
vn -0.6214 -0.3374 -0.7071
vn -0.6174 -0.3448 -0.7070
vn -0.6130 -0.3522 -0.7073
vn -0.5997 -0.3748 -0.7070
vn -0.5951 -0.3819 -0.7071
vn -0.5904 -0.3892 -0.7071
vn -0.5855 -0.3967 -0.7070
vn -0.5756 -0.4106 -0.7072
vn -0.5706 -0.4176 -0.7072
vn -0.5654 -0.4248 -0.7070
vn -0.5600 -0.4318 -0.7071
vn -0.5494 -0.4450 -0.7072
vn -0.5325 -0.4652 -0.7071
vn -0.5210 -0.4782 -0.7070
vn -0.5029 -0.4971 -0.7070
vn -0.4970 -0.5031 -0.7070
vn -0.4906 -0.5091 -0.7072
vn -0.4781 -0.5211 -0.7070
vn -0.4651 -0.5325 -0.7072
vn -0.4586 -0.5383 -0.7070
vn -0.4452 -0.5494 -0.7071
vn -0.4315 -0.5601 -0.7072
vn -0.4108 -0.5756 -0.7071
vn -0.4035 -0.5804 -0.7073
vn -0.3819 -0.5951 -0.7071
vn -0.3746 -0.5999 -0.7070
vn -0.3673 -0.6042 -0.7072
vn -0.3597 -0.6087 -0.7071
vn -0.3447 -0.6175 -0.7070
vn -0.3372 -0.6215 -0.7072
vn -0.3218 -0.6295 -0.7072
vn -0.3062 -0.6373 -0.7072
vn -0.2984 -0.6410 -0.7071
vn -0.2904 -0.6448 -0.7071
vn -0.2745 -0.6516 -0.7072
vn -0.2665 -0.6550 -0.7071
vn -0.2586 -0.6582 -0.7071
vn -0.2504 -0.6612 -0.7072
vn -0.2258 -0.6701 -0.7070
vn -0.2095 -0.6753 -0.7072
vn -0.1591 -0.6891 -0.7070
vn -0.1507 -0.6908 -0.7072
vn -0.1422 -0.6926 -0.7072
vn -0.1250 -0.6961 -0.7070
vn -0.0908 -0.7014 -0.7070
vn -0.0823 -0.7022 -0.7072
vn -0.0477 -0.7056 -0.7070
vn -0.0391 -0.7061 -0.7071
vn -0.0303 -0.7066 -0.7069
vn -0.0129 -0.7070 -0.7071
vn -0.0303 0.7064 -0.7071
vn -0.0391 0.7059 -0.7072
vn -0.0477 0.7054 -0.7072
vn -0.0823 0.7024 -0.7071
vn -0.0909 0.7012 -0.7072
vn -0.1167 0.6974 -0.7072
vn -0.1338 0.6944 -0.7071
vn -0.1422 0.6926 -0.7071
vn -0.1677 0.6869 -0.7072
vn -0.1843 0.6826 -0.7071
vn -0.2011 0.6780 -0.7070
vn -0.2094 0.6755 -0.7070
vn -0.2259 0.6701 -0.7070
vn -0.2343 0.6672 -0.7071
vn -0.2585 0.6581 -0.7071
vn -0.2826 0.6481 -0.7072
vn -0.2985 0.6411 -0.7070
vn -0.3140 0.6335 -0.7071
vn -0.3218 0.6297 -0.7071
vn -0.3523 0.6133 -0.7069
vn -0.3746 0.5997 -0.7072
vn -0.3892 0.5903 -0.7072
vn -0.3964 0.5853 -0.7073
vn -0.4036 0.5807 -0.7071
vn -0.4177 0.5706 -0.7071
vn -0.4247 0.5653 -0.7072
vn -0.4317 0.5600 -0.7072
vn -0.4385 0.5548 -0.7071
vn -0.4518 0.5438 -0.7072
vn -0.4781 0.5208 -0.7072
vn -0.4907 0.5091 -0.7072
vn -0.4971 0.5028 -0.7072
vn -0.5031 0.4969 -0.7071
vn -0.5092 0.4909 -0.7070
vn -0.5151 0.4842 -0.7072
vn -0.5210 0.4780 -0.7071
vn -0.5326 0.4653 -0.7070
vn -0.5438 0.4521 -0.7071
vn -0.5547 0.4385 -0.7071
vn -0.5600 0.4318 -0.7071
vn -0.5652 0.4248 -0.7072
vn -0.5705 0.4177 -0.7071
vn -0.5755 0.4105 -0.7073
vn -0.5806 0.4037 -0.7071
vn -0.5855 0.3964 -0.7071
vn -0.5951 0.3818 -0.7072
vn -0.5997 0.3744 -0.7073
vn -0.6175 0.3444 -0.7072
vn -0.6216 0.3372 -0.7071
vn -0.6256 0.3294 -0.7072
vn -0.6297 0.3218 -0.7070
vn -0.6335 0.3140 -0.7071
vn -0.6375 0.3062 -0.7070
vn -0.6446 0.2906 -0.7071
vn -0.6517 0.2746 -0.7070
vn -0.6549 0.2666 -0.7072
vn -0.6581 0.2585 -0.7072
vn -0.6614 0.2501 -0.7071
vn -0.6672 0.2343 -0.7071
vn -0.6700 0.2259 -0.7071
vn -0.6754 0.2095 -0.7071
vn -0.6778 0.2011 -0.7072
vn -0.6804 0.1928 -0.7070
vn -0.6826 0.1845 -0.7071
vn -0.6869 0.1677 -0.7071
vn -0.6889 0.1592 -0.7072
vn -0.6909 0.1507 -0.7070
vn -0.6927 0.1420 -0.7072
vn -0.6944 0.1336 -0.7071
vn -0.6959 0.1249 -0.7072
vn -0.6975 0.1166 -0.7070
vn -0.6987 0.1082 -0.7072
vn -0.7012 0.0907 -0.7072
vn -0.7024 0.0823 -0.7070
vn -0.7032 0.0737 -0.7071
vn -0.7040 0.0652 -0.7072
vn -0.7054 0.0476 -0.7073
vn -0.7064 0.0303 -0.7072
vn -0.7071 0.0125 -0.7071
vn -0.7071 0.0045 -0.7071
vn 0.0002 -0.0000 -1.0000
vn -0.0002 -0.0000 -1.0000
vn 0.0001 -0.0000 -1.0000
vn -0.0001 -0.0000 -1.0000
vn -0.9670 -0.2548 -0.0000
vn 0.9670 -0.2548 -0.0000
vn -0.8987 -0.4387 -0.0000
vn -0.8876 -0.4606 -0.0000
vn -0.8382 -0.5454 -0.0000
vn -0.8104 -0.5858 -0.0000
vn 0.9873 0.1588 -0.0000
vn 0.9831 0.1831 -0.0000
vn 0.8104 -0.5858 -0.0000
vn 0.8513 -0.5246 -0.0000
vn 0.8876 -0.4606 -0.0000
vn 0.9091 -0.4165 -0.0000
vn 0.9191 -0.3939 -0.0000
vn 0.9729 -0.2310 -0.0000
vn 0.8760 0.4822 -0.0000
vn 0.7326 -0.6806 -0.0000
vn 0.6055 -0.7959 -0.0000
vn -0.9909 0.1345 -0.0000
vn 0.8382 -0.5454 -0.0000
vn -0.7326 -0.6806 -0.0000
vn -0.1831 0.9831 -0.0000
vn -0.1831 -0.9831 -0.0000
vn 0.6055 0.7959 -0.0000
vn -0.0028 -0.0000 1.0000
vn 0.0028 -0.0000 1.0000
vn 0.0004 -0.0000 1.0000
vn -0.0016 -0.0000 1.0000
vn 0.0002 -0.0000 1.0000
vt 0.171131 0.684524
vt 0.000000 0.000000
vt 0.147375 0.732441
vt 0.142560 0.727625
vt 0.170656 0.684530
vt 0.000000 0.000000
vt 0.147263 0.732440
vt 0.170182 0.684548
vt 0.000000 0.000000
vt 0.169708 0.684576
vt 0.000000 0.000000
vt 0.147205 0.732439
vt 0.169235 0.684617
vt 0.000000 0.000000
vt 0.147146 0.732437
vt 0.168763 0.684669
vt 0.000000 0.000000
vt 0.147088 0.732434
vt 0.168292 0.684733
vt 0.000000 0.000000
vt 0.147030 0.732431
vt 0.167824 0.684809
vt 0.000000 0.000000
vt 0.146971 0.732427
vt 0.167357 0.684895
vt 0.000000 0.000000
vt 0.146913 0.732422
vt 0.166892 0.684994
vt 0.000000 0.000000
vt 0.146854 0.732418
vt 0.166431 0.685104
vt 0.000000 0.000000
vt 0.146797 0.732411
vt 0.165971 0.685225
vt 0.000000 0.000000
vt 0.146739 0.732405
vt 0.165515 0.685357
vt 0.000000 0.000000
vt 0.146681 0.732397
vt 0.165063 0.685501
vt 0.000000 0.000000
vt 0.146623 0.732389
vt 0.164614 0.685654
vt 0.000000 0.000000
vt 0.146565 0.732380
vt 0.164169 0.685820
vt 0.000000 0.000000
vt 0.146508 0.732370
vt 0.163728 0.685996
vt 0.000000 0.000000
vt 0.146450 0.732360
vt 0.163292 0.686184
vt 0.000000 0.000000
vt 0.146393 0.732349
vt 0.162860 0.686381
vt 0.000000 0.000000
vt 0.146335 0.732338
vt 0.146278 0.732325
vt 0.162433 0.686590
vt 0.000000 0.000000
vt 0.146221 0.732311
vt 0.162012 0.686807
vt 0.000000 0.000000
vt 0.161596 0.687038
vt 0.000000 0.000000
vt 0.146165 0.732297
vt 0.161185 0.687276
vt 0.000000 0.000000
vt 0.146108 0.732283
vt 0.160781 0.687525
vt 0.000000 0.000000
vt 0.146052 0.732268
vt 0.160383 0.687784
vt 0.000000 0.000000
vt 0.145995 0.732252
vt 0.159992 0.688053
vt 0.000000 0.000000
vt 0.145939 0.732235
vt 0.159607 0.688331
vt 0.000000 0.000000
vt 0.145884 0.732218
vt 0.159229 0.688618
vt 0.000000 0.000000
vt 0.145828 0.732200
vt 0.158858 0.688915
vt 0.000000 0.000000
vt 0.145772 0.732181
vt 0.158495 0.689221
vt 0.000000 0.000000
vt 0.145717 0.732162
vt 0.158139 0.689535
vt 0.000000 0.000000
vt 0.145663 0.732142
vt 0.157792 0.689859
vt 0.000000 0.000000
vt 0.145608 0.732121
vt 0.157452 0.690189
vt 0.000000 0.000000
vt 0.145553 0.732100
vt 0.157120 0.690530
vt 0.000000 0.000000
vt 0.145499 0.732078
vt 0.156797 0.690878
vt 0.000000 0.000000
vt 0.145445 0.732055
vt 0.156483 0.691233
vt 0.000000 0.000000
vt 0.145392 0.732032
vt 0.156177 0.691597
vt 0.000000 0.000000
vt 0.145339 0.732008
vt 0.155880 0.691968
vt 0.000000 0.000000
vt 0.145286 0.731983
vt 0.155593 0.692346
vt 0.000000 0.000000
vt 0.145233 0.731957
vt 0.155315 0.692730
vt 0.000000 0.000000
vt 0.145181 0.731932
vt 0.155046 0.693122
vt 0.000000 0.000000
vt 0.145128 0.731905
vt 0.154787 0.693519
vt 0.000000 0.000000
vt 0.145077 0.731878
vt 0.154538 0.693923
vt 0.000000 0.000000
vt 0.145025 0.731850
vt 0.154299 0.694333
vt 0.000000 0.000000
vt 0.144974 0.731821
vt 0.154070 0.694749
vt 0.000000 0.000000
vt 0.144924 0.731792
vt 0.153851 0.695171
vt 0.000000 0.000000
vt 0.144874 0.731763
vt 0.153643 0.695598
vt 0.000000 0.000000
vt 0.144824 0.731732
vt 0.153445 0.696030
vt 0.000000 0.000000
vt 0.144774 0.731702
vt 0.153258 0.696466
vt 0.000000 0.000000
vt 0.144725 0.731670
vt 0.153082 0.696907
vt 0.000000 0.000000
vt 0.144676 0.731638
vt 0.152917 0.697352
vt 0.000000 0.000000
vt 0.144628 0.731605
vt 0.152762 0.697801
vt 0.000000 0.000000
vt 0.144580 0.731571
vt 0.152619 0.698253
vt 0.000000 0.000000
vt 0.144532 0.731538
vt 0.152486 0.698709
vt 0.000000 0.000000
vt 0.144485 0.731503
vt 0.152366 0.699169
vt 0.000000 0.000000
vt 0.144438 0.731468
vt 0.152256 0.699630
vt 0.000000 0.000000
vt 0.144392 0.731432
vt 0.144346 0.731396
vt 0.152157 0.700094
vt 0.000000 0.000000
vt 0.144301 0.731359
vt 0.152071 0.700562
vt 0.000000 0.000000
vt 0.151995 0.701030
vt 0.000000 0.000000
vt 0.144256 0.731322
vt 0.151931 0.701501
vt 0.000000 0.000000
vt 0.144211 0.731284
vt 0.151879 0.701972
vt 0.000000 0.000000
vt 0.144167 0.731246
vt 0.151838 0.702446
vt 0.000000 0.000000
vt 0.144124 0.731207
vt 0.144081 0.731167
vt 0.151809 0.702919
vt 0.000000 0.000000
vt 0.144038 0.731127
vt 0.151792 0.703395
vt 0.000000 0.000000
vt 0.151786 0.703870
vt 0.000000 0.000000
vt 0.143996 0.731087
vt 0.151792 0.704345
vt 0.000000 0.000000
vt 0.143955 0.731046
vt 0.143913 0.731004
vt 0.151809 0.704819
vt 0.000000 0.000000
vt 0.143873 0.730962
vt 0.151838 0.705292
vt 0.000000 0.000000
vt 0.143833 0.730919
vt 0.151879 0.705765
vt 0.000000 0.000000
vt 0.143793 0.730876
vt 0.151931 0.706237
vt 0.000000 0.000000
vt 0.151995 0.706707
vt 0.000000 0.000000
vt 0.143754 0.730833
vt 0.152070 0.707176
vt 0.000000 0.000000
vt 0.143716 0.730788
vt 0.152157 0.707642
vt 0.000000 0.000000
vt 0.143678 0.730744
vt 0.143641 0.730699
vt 0.152256 0.708107
vt 0.000000 0.000000
vt 0.143604 0.730654
vt 0.152365 0.708569
vt 0.000000 0.000000
vt 0.143568 0.730609
vt 0.152486 0.709028
vt 0.000000 0.000000
vt 0.143532 0.730562
vt 0.152619 0.709485
vt 0.000000 0.000000
vt 0.143497 0.730515
vt 0.152762 0.709938
vt 0.000000 0.000000
vt 0.143462 0.730468
vt 0.152917 0.710386
vt 0.000000 0.000000
vt 0.143429 0.730420
vt 0.153082 0.710832
vt 0.000000 0.000000
vt 0.143395 0.730372
vt 0.153258 0.711272
vt 0.000000 0.000000
vt 0.153446 0.711709
vt 0.000000 0.000000
vt 0.143362 0.730324
vt 0.143330 0.730276
vt 0.153643 0.712140
vt 0.000000 0.000000
vt 0.143299 0.730226
vt 0.153851 0.712567
vt 0.000000 0.000000
vt 0.143268 0.730177
vt 0.154070 0.712989
vt 0.000000 0.000000
vt 0.154299 0.713404
vt 0.000000 0.000000
vt 0.143237 0.730127
vt 0.143208 0.730076
vt 0.154538 0.713814
vt 0.000000 0.000000
vt 0.143178 0.730026
vt 0.154787 0.714219
vt 0.000000 0.000000
vt 0.143150 0.729975
vt 0.155046 0.714617
vt 0.000000 0.000000
vt 0.143122 0.729923
vt 0.155315 0.715008
vt 0.000000 0.000000
vt 0.143095 0.729871
vt 0.155593 0.715393
vt 0.000000 0.000000
vt 0.155880 0.715771
vt 0.000000 0.000000
vt 0.143068 0.729819
vt 0.143042 0.729767
vt 0.156177 0.716141
vt 0.000000 0.000000
vt 0.156483 0.716505
vt 0.000000 0.000000
vt 0.143017 0.729714
vt 0.142992 0.729661
vt 0.156797 0.716861
vt 0.000000 0.000000
vt 0.157120 0.717208
vt 0.000000 0.000000
vt 0.142968 0.729608
vt 0.157452 0.717548
vt 0.000000 0.000000
vt 0.142945 0.729555
vt 0.157792 0.717880
vt 0.000000 0.000000
vt 0.142922 0.729501
vt 0.142900 0.729447
vt 0.158140 0.718203
vt 0.000000 0.000000
vt 0.158495 0.718517
vt 0.000000 0.000000
vt 0.142879 0.729392
vt 0.142858 0.729337
vt 0.158859 0.718823
vt 0.000000 0.000000
vt 0.142838 0.729282
vt 0.159229 0.719120
vt 0.000000 0.000000
vt 0.159607 0.719408
vt 0.000000 0.000000
vt 0.142819 0.729228
vt 0.142800 0.729172
vt 0.159992 0.719686
vt 0.000000 0.000000
vt 0.142782 0.729116
vt 0.160383 0.719954
vt 0.000000 0.000000
vt 0.160781 0.720213
vt 0.000000 0.000000
vt 0.142765 0.729061
vt 0.142748 0.729005
vt 0.161185 0.720462
vt 0.000000 0.000000
vt 0.142732 0.728949
vt 0.161596 0.720701
vt 0.000000 0.000000
vt 0.142717 0.728892
vt 0.162012 0.720930
vt 0.000000 0.000000
vt 0.162433 0.721149
vt 0.000000 0.000000
vt 0.142703 0.728835
vt 0.162860 0.721357
vt 0.000000 0.000000
vt 0.142689 0.728779
vt 0.163292 0.721555
vt 0.000000 0.000000
vt 0.142676 0.728722
vt 0.142663 0.728664
vt 0.163728 0.721742
vt 0.000000 0.000000
vt 0.164169 0.721918
vt 0.000000 0.000000
vt 0.142651 0.728607
vt 0.164614 0.722084
vt 0.000000 0.000000
vt 0.142640 0.728550
vt 0.165063 0.722238
vt 0.000000 0.000000
vt 0.142630 0.728492
vt 0.165515 0.722382
vt 0.000000 0.000000
vt 0.142620 0.728435
vt 0.165971 0.722513
vt 0.000000 0.000000
vt 0.142611 0.728377
vt 0.166430 0.722634
vt 0.000000 0.000000
vt 0.142603 0.728319
vt 0.166892 0.722744
vt 0.000000 0.000000
vt 0.142596 0.728261
vt 0.167357 0.722843
vt 0.000000 0.000000
vt 0.142589 0.728203
vt 0.142583 0.728146
vt 0.167824 0.722930
vt 0.000000 0.000000
vt 0.142577 0.728087
vt 0.168292 0.723005
vt 0.000000 0.000000
vt 0.142573 0.728028
vt 0.168763 0.723069
vt 0.000000 0.000000
vt 0.142569 0.727970
vt 0.169235 0.723121
vt 0.000000 0.000000
vt 0.142566 0.727912
vt 0.169708 0.723162
vt 0.000000 0.000000
vt 0.170182 0.723191
vt 0.000000 0.000000
vt 0.142563 0.727854
vt 0.170656 0.723209
vt 0.000000 0.000000
vt 0.142561 0.727796
vt 0.171131 0.723214
vt 0.000000 0.000000
vt 0.142560 0.727737
vt 0.171606 0.723208
vt 0.000000 0.000000
vt 0.142559 0.522375
vt 0.172080 0.723191
vt 0.000000 0.000000
vt 0.147375 0.517559
vt 0.172554 0.723162
vt 0.000000 0.000000
vt 0.142560 0.522263
vt 0.173027 0.723121
vt 0.000000 0.000000
vt 0.142561 0.522204
vt 0.173499 0.723070
vt 0.000000 0.000000
vt 0.142563 0.522146
vt 0.173969 0.723005
vt 0.000000 0.000000
vt 0.142565 0.522088
vt 0.174438 0.722930
vt 0.000000 0.000000
vt 0.142569 0.522030
vt 0.174905 0.722842
vt 0.000000 0.000000
vt 0.142573 0.521971
vt 0.175370 0.722745
vt 0.000000 0.000000
vt 0.142577 0.521913
vt 0.175831 0.722635
vt 0.000000 0.000000
vt 0.142583 0.521854
vt 0.142589 0.521796
vt 0.176291 0.722514
vt 0.000000 0.000000
vt 0.142596 0.521738
vt 0.176747 0.722382
vt 0.000000 0.000000
vt 0.177199 0.722238
vt 0.000000 0.000000
vt 0.142603 0.521680
vt 0.177648 0.722084
vt 0.000000 0.000000
vt 0.142611 0.521622
vt 0.178093 0.721918
vt 0.000000 0.000000
vt 0.142620 0.521565
vt 0.178534 0.721742
vt 0.000000 0.000000
vt 0.142630 0.521508
vt 0.178970 0.721555
vt 0.000000 0.000000
vt 0.142640 0.521450
vt 0.179402 0.721356
vt 0.000000 0.000000
vt 0.142651 0.521393
vt 0.179829 0.721149
vt 0.000000 0.000000
vt 0.142663 0.521336
vt 0.180250 0.720930
vt 0.000000 0.000000
vt 0.142676 0.521279
vt 0.142689 0.521221
vt 0.180666 0.720701
vt 0.000000 0.000000
vt 0.142702 0.521165
vt 0.181076 0.720462
vt 0.000000 0.000000
vt 0.142717 0.521108
vt 0.181480 0.720213
vt 0.000000 0.000000
vt 0.142732 0.521052
vt 0.181879 0.719954
vt 0.000000 0.000000
vt 0.142748 0.520995
vt 0.182270 0.719686
vt 0.000000 0.000000
vt 0.182655 0.719408
vt 0.000000 0.000000
vt 0.142765 0.520939
vt 0.142782 0.520884
vt 0.183033 0.719120
vt 0.000000 0.000000
vt 0.183404 0.718824
vt 0.000000 0.000000
vt 0.142800 0.520827
vt 0.142819 0.520772
vt 0.183767 0.718518
vt 0.000000 0.000000
vt 0.142838 0.520717
vt 0.184122 0.718204
vt 0.000000 0.000000
vt 0.184470 0.717880
vt 0.000000 0.000000
vt 0.142858 0.520662
vt 0.184810 0.717548
vt 0.000000 0.000000
vt 0.142879 0.520608
vt 0.185142 0.717209
vt 0.000000 0.000000
vt 0.142900 0.520553
vt 0.185465 0.716861
vt 0.000000 0.000000
vt 0.142923 0.520499
vt 0.185779 0.716505
vt 0.000000 0.000000
vt 0.142945 0.520445
vt 0.142968 0.520392
vt 0.186085 0.716141
vt 0.000000 0.000000
vt 0.142992 0.520339
vt 0.186382 0.715771
vt 0.000000 0.000000
vt 0.186669 0.715393
vt 0.000000 0.000000
vt 0.143017 0.520286
vt 0.186947 0.715009
vt 0.000000 0.000000
vt 0.143042 0.520234
vt 0.187216 0.714617
vt 0.000000 0.000000
vt 0.143068 0.520182
vt 0.187475 0.714219
vt 0.000000 0.000000
vt 0.143095 0.520129
vt 0.187724 0.713815
vt 0.000000 0.000000
vt 0.143122 0.520077
vt 0.187963 0.713405
vt 0.000000 0.000000
vt 0.143150 0.520026
vt 0.188192 0.712989
vt 0.000000 0.000000
vt 0.143179 0.519975
vt 0.188411 0.712567
vt 0.000000 0.000000
vt 0.143208 0.519924
vt 0.188619 0.712141
vt 0.000000 0.000000
vt 0.143237 0.519874
vt 0.188816 0.711708
vt 0.000000 0.000000
vt 0.143268 0.519824
vt 0.189004 0.711272
vt 0.000000 0.000000
vt 0.143299 0.519774
vt 0.189180 0.710831
vt 0.000000 0.000000
vt 0.143330 0.519725
vt 0.189345 0.710387
vt 0.000000 0.000000
vt 0.143362 0.519676
vt 0.143395 0.519628
vt 0.189500 0.709937
vt 0.000000 0.000000
vt 0.143429 0.519580
vt 0.189643 0.709485
vt 0.000000 0.000000
vt 0.143462 0.519533
vt 0.189775 0.709029
vt 0.000000 0.000000
vt 0.143497 0.519485
vt 0.189897 0.708570
vt 0.000000 0.000000
vt 0.143532 0.519439
vt 0.190006 0.708108
vt 0.000000 0.000000
vt 0.143568 0.519392
vt 0.190105 0.707643
vt 0.000000 0.000000
vt 0.143604 0.519346
vt 0.190191 0.707176
vt 0.000000 0.000000
vt 0.190267 0.706707
vt 0.000000 0.000000
vt 0.143641 0.519301
vt 0.190331 0.706237
vt 0.000000 0.000000
vt 0.143678 0.519256
vt 0.190383 0.705765
vt 0.000000 0.000000
vt 0.143716 0.519212
vt 0.190424 0.705292
vt 0.000000 0.000000
vt 0.143754 0.519168
vt 0.190453 0.704819
vt 0.000000 0.000000
vt 0.143793 0.519124
vt 0.190470 0.704344
vt 0.000000 0.000000
vt 0.143833 0.519081
vt 0.190476 0.703869
vt 0.000000 0.000000
vt 0.143873 0.519038
vt 0.190470 0.703395
vt 0.000000 0.000000
vt 0.143913 0.518997
vt 0.143955 0.518955
vt 0.190453 0.702920
vt 0.000000 0.000000
vt 0.190424 0.702446
vt 0.000000 0.000000
vt 0.143996 0.518914
vt 0.144038 0.518873
vt 0.190383 0.701973
vt 0.000000 0.000000
vt 0.144081 0.518833
vt 0.190331 0.701501
vt 0.000000 0.000000
vt 0.144124 0.518794
vt 0.190267 0.701031
vt 0.000000 0.000000
vt 0.144167 0.518755
vt 0.190191 0.700562
vt 0.000000 0.000000
vt 0.190105 0.700095
vt 0.000000 0.000000
vt 0.144211 0.518716
vt 0.190006 0.699630
vt 0.000000 0.000000
vt 0.144256 0.518678
vt 0.189896 0.699169
vt 0.000000 0.000000
vt 0.144301 0.518641
vt 0.189775 0.698710
vt 0.000000 0.000000
vt 0.144346 0.518604
vt 0.189643 0.698254
vt 0.000000 0.000000
vt 0.144392 0.518568
vt 0.189500 0.697801
vt 0.000000 0.000000
vt 0.144438 0.518532
vt 0.189345 0.697352
vt 0.000000 0.000000
vt 0.144485 0.518497
vt 0.189180 0.696907
vt 0.000000 0.000000
vt 0.144532 0.518463
vt 0.189004 0.696466
vt 0.000000 0.000000
vt 0.144580 0.518429
vt 0.188817 0.696029
vt 0.000000 0.000000
vt 0.144628 0.518395
vt 0.188619 0.695598
vt 0.000000 0.000000
vt 0.144676 0.518362
vt 0.188411 0.695171
vt 0.000000 0.000000
vt 0.144725 0.518330
vt 0.188192 0.694750
vt 0.000000 0.000000
vt 0.144774 0.518299
vt 0.187963 0.694334
vt 0.000000 0.000000
vt 0.144824 0.518268
vt 0.187724 0.693924
vt 0.000000 0.000000
vt 0.144874 0.518238
vt 0.187475 0.693519
vt 0.000000 0.000000
vt 0.144924 0.518208
vt 0.187216 0.693122
vt 0.000000 0.000000
vt 0.144975 0.518179
vt 0.186947 0.692730
vt 0.000000 0.000000
vt 0.145025 0.518151
vt 0.145077 0.518123
vt 0.186669 0.692344
vt 0.000000 0.000000
vt 0.145128 0.518096
vt 0.186382 0.691967
vt 0.000000 0.000000
vt 0.186085 0.691597
vt 0.000000 0.000000
vt 0.145181 0.518069
vt 0.145233 0.518043
vt 0.185779 0.691234
vt 0.000000 0.000000
vt 0.145286 0.518018
vt 0.185465 0.690877
vt 0.000000 0.000000
vt 0.145339 0.517993
vt 0.185142 0.690530
vt 0.000000 0.000000
vt 0.145392 0.517969
vt 0.184810 0.690190
vt 0.000000 0.000000
vt 0.184471 0.689859
vt 0.000000 0.000000
vt 0.145445 0.517945
vt 0.184123 0.689535
vt 0.000000 0.000000
vt 0.145499 0.517923
vt 0.183767 0.689221
vt 0.000000 0.000000
vt 0.145553 0.517901
vt 0.183404 0.688916
vt 0.000000 0.000000
vt 0.145608 0.517879
vt 0.145663 0.517858
vt 0.183033 0.688619
vt 0.000000 0.000000
vt 0.182655 0.688331
vt 0.000000 0.000000
vt 0.145718 0.517838
vt 0.182270 0.688053
vt 0.000000 0.000000
vt 0.145773 0.517818
vt 0.181879 0.687784
vt 0.000000 0.000000
vt 0.145828 0.517800
vt 0.181481 0.687525
vt 0.000000 0.000000
vt 0.145884 0.517782
vt 0.181076 0.687276
vt 0.000000 0.000000
vt 0.145939 0.517765
vt 0.180666 0.687037
vt 0.000000 0.000000
vt 0.145995 0.517748
vt 0.180250 0.686808
vt 0.000000 0.000000
vt 0.146051 0.517733
vt 0.179829 0.686589
vt 0.000000 0.000000
vt 0.146108 0.517717
vt 0.179402 0.686381
vt 0.000000 0.000000
vt 0.146165 0.517703
vt 0.178970 0.686184
vt 0.000000 0.000000
vt 0.146221 0.517689
vt 0.178534 0.685996
vt 0.000000 0.000000
vt 0.146278 0.517676
vt 0.178093 0.685820
vt 0.000000 0.000000
vt 0.146335 0.517663
vt 0.177648 0.685655
vt 0.000000 0.000000
vt 0.146393 0.517652
vt 0.177199 0.685501
vt 0.000000 0.000000
vt 0.146450 0.517641
vt 0.176747 0.685357
vt 0.000000 0.000000
vt 0.146508 0.517630
vt 0.176291 0.685225
vt 0.000000 0.000000
vt 0.146565 0.517620
vt 0.175831 0.685104
vt 0.000000 0.000000
vt 0.146623 0.517611
vt 0.175370 0.684994
vt 0.000000 0.000000
vt 0.146681 0.517603
vt 0.174905 0.684895
vt 0.000000 0.000000
vt 0.146739 0.517595
vt 0.174438 0.684809
vt 0.000000 0.000000
vt 0.146797 0.517589
vt 0.146854 0.517583
vt 0.173969 0.684733
vt 0.000000 0.000000
vt 0.146913 0.517578
vt 0.173499 0.684669
vt 0.000000 0.000000
vt 0.146971 0.517573
vt 0.173027 0.684617
vt 0.000000 0.000000
vt 0.172554 0.684576
vt 0.000000 0.000000
vt 0.147030 0.517569
vt 0.147088 0.517565
vt 0.172080 0.684547
vt 0.000000 0.000000
vt 0.171606 0.684530
vt 0.000000 0.000000
vt 0.147146 0.517563
vt 0.147204 0.517561
vt 0.000000 0.000000
vt 0.147263 0.517560
vt 0.000000 0.000000
vt 0.000000 0.000000
vt 0.357441 0.727625
vt 0.352625 0.732441
vt 0.000000 0.000000
vt 0.000000 0.000000
vt 0.357440 0.727737
vt 0.000000 0.000000
vt 0.357439 0.727796
vt 0.000000 0.000000
vt 0.357437 0.727854
vt 0.000000 0.000000
vt 0.357434 0.727912
vt 0.000000 0.000000
vt 0.357431 0.727970
vt 0.000000 0.000000
vt 0.357427 0.728028
vt 0.000000 0.000000
vt 0.357422 0.728087
vt 0.000000 0.000000
vt 0.357417 0.728146
vt 0.000000 0.000000
vt 0.357411 0.728203
vt 0.000000 0.000000
vt 0.357404 0.728262
vt 0.000000 0.000000
vt 0.357397 0.728320
vt 0.000000 0.000000
vt 0.357389 0.728377
vt 0.357380 0.728435
vt 0.000000 0.000000
vt 0.357370 0.728492
vt 0.000000 0.000000
vt 0.357360 0.728550
vt 0.000000 0.000000
vt 0.000000 0.000000
vt 0.357349 0.728607
vt 0.357337 0.728665
vt 0.000000 0.000000
vt 0.357325 0.728722
vt 0.000000 0.000000
vt 0.357311 0.728779
vt 0.000000 0.000000
vt 0.000000 0.000000
vt 0.357297 0.728835
vt 0.357283 0.728892
vt 0.000000 0.000000
vt 0.357268 0.728949
vt 0.000000 0.000000
vt 0.357252 0.729005
vt 0.000000 0.000000
vt 0.000000 0.000000
vt 0.357235 0.729061
vt 0.000000 0.000000
vt 0.357218 0.729117
vt 0.000000 0.000000
vt 0.357200 0.729172
vt 0.000000 0.000000
vt 0.357181 0.729228
vt 0.000000 0.000000
vt 0.357162 0.729283
vt 0.000000 0.000000
vt 0.357142 0.729338
vt 0.000000 0.000000
vt 0.357121 0.729392
vt 0.000000 0.000000
vt 0.357100 0.729447
vt 0.357078 0.729501
vt 0.000000 0.000000
vt 0.357055 0.729554
vt 0.000000 0.000000
vt 0.000000 0.000000
vt 0.357032 0.729608
vt 0.357008 0.729661
vt 0.000000 0.000000
vt 0.356983 0.729714
vt 0.000000 0.000000
vt 0.356957 0.729767
vt 0.000000 0.000000
vt 0.356932 0.729819
vt 0.000000 0.000000
vt 0.356905 0.729872
vt 0.000000 0.000000
vt 0.356878 0.729923
vt 0.000000 0.000000
vt 0.356850 0.729975
vt 0.000000 0.000000
vt 0.356821 0.730026
vt 0.000000 0.000000
vt 0.356792 0.730077
vt 0.000000 0.000000
vt 0.356763 0.730127
vt 0.000000 0.000000
vt 0.356732 0.730177
vt 0.000000 0.000000
vt 0.356701 0.730227
vt 0.000000 0.000000
vt 0.000000 0.000000
vt 0.356670 0.730275
vt 0.356638 0.730324
vt 0.000000 0.000000
vt 0.356605 0.730373
vt 0.000000 0.000000
vt 0.356571 0.730421
vt 0.000000 0.000000
vt 0.000000 0.000000
vt 0.356538 0.730468
vt 0.000000 0.000000
vt 0.356503 0.730515
vt 0.356468 0.730562
vt 0.000000 0.000000
vt 0.000000 0.000000
vt 0.356432 0.730609
vt 0.000000 0.000000
vt 0.356396 0.730654
vt 0.356359 0.730699
vt 0.000000 0.000000
vt 0.356322 0.730744
vt 0.000000 0.000000
vt 0.356284 0.730789
vt 0.000000 0.000000
vt 0.356245 0.730832
vt 0.000000 0.000000
vt 0.356207 0.730876
vt 0.000000 0.000000
vt 0.356167 0.730919
vt 0.000000 0.000000
vt 0.356127 0.730962
vt 0.000000 0.000000
vt 0.000000 0.000000
vt 0.356087 0.731004
vt 0.356046 0.731046
vt 0.000000 0.000000
vt 0.356004 0.731087
vt 0.000000 0.000000
vt 0.000000 0.000000
vt 0.355962 0.731127
vt 0.000000 0.000000
vt 0.355919 0.731167
vt 0.000000 0.000000
vt 0.355876 0.731207
vt 0.355833 0.731245
vt 0.000000 0.000000
vt 0.000000 0.000000
vt 0.355789 0.731284
vt 0.000000 0.000000
vt 0.355744 0.731322
vt 0.000000 0.000000
vt 0.355699 0.731360
vt 0.000000 0.000000
vt 0.355654 0.731396
vt 0.000000 0.000000
vt 0.355608 0.731433
vt 0.000000 0.000000
vt 0.355562 0.731468
vt 0.000000 0.000000
vt 0.355515 0.731503
vt 0.355468 0.731538
vt 0.000000 0.000000
vt 0.000000 0.000000
vt 0.355421 0.731572
vt 0.000000 0.000000
vt 0.355372 0.731605
vt 0.000000 0.000000
vt 0.355324 0.731638
vt 0.355275 0.731670
vt 0.000000 0.000000
vt 0.000000 0.000000
vt 0.355226 0.731701
vt 0.000000 0.000000
vt 0.355177 0.731732
vt 0.000000 0.000000
vt 0.355126 0.731763
vt 0.000000 0.000000
vt 0.355076 0.731793
vt 0.000000 0.000000
vt 0.355026 0.731822
vt 0.354975 0.731850
vt 0.000000 0.000000
vt 0.354923 0.731878
vt 0.000000 0.000000
vt 0.354872 0.731905
vt 0.000000 0.000000
vt 0.354819 0.731932
vt 0.000000 0.000000
vt 0.354767 0.731958
vt 0.000000 0.000000
vt 0.354715 0.731983
vt 0.000000 0.000000
vt 0.000000 0.000000
vt 0.354661 0.732008
vt 0.000000 0.000000
vt 0.354608 0.732032
vt 0.000000 0.000000
vt 0.354555 0.732055
vt 0.000000 0.000000
vt 0.354501 0.732077
vt 0.000000 0.000000
vt 0.354447 0.732100
vt 0.000000 0.000000
vt 0.354392 0.732121
vt 0.000000 0.000000
vt 0.354338 0.732142
vt 0.000000 0.000000
vt 0.354283 0.732162
vt 0.000000 0.000000
vt 0.354228 0.732182
vt 0.000000 0.000000
vt 0.354172 0.732200
vt 0.354116 0.732218
vt 0.000000 0.000000
vt 0.000000 0.000000
vt 0.354061 0.732235
vt 0.000000 0.000000
vt 0.354005 0.732252
vt 0.353949 0.732267
vt 0.000000 0.000000
vt 0.353892 0.732283
vt 0.000000 0.000000
vt 0.353835 0.732298
vt 0.000000 0.000000
vt 0.353779 0.732312
vt 0.000000 0.000000
vt 0.353722 0.732325
vt 0.000000 0.000000
vt 0.353665 0.732337
vt 0.000000 0.000000
vt 0.353608 0.732349
vt 0.000000 0.000000
vt 0.353550 0.732360
vt 0.000000 0.000000
vt 0.000000 0.000000
vt 0.353493 0.732370
vt 0.000000 0.000000
vt 0.353435 0.732380
vt 0.353377 0.732389
vt 0.000000 0.000000
vt 0.353319 0.732397
vt 0.000000 0.000000
vt 0.000000 0.000000
vt 0.353261 0.732404
vt 0.000000 0.000000
vt 0.353203 0.732411
vt 0.000000 0.000000
vt 0.353146 0.732417
vt 0.353087 0.732423
vt 0.000000 0.000000
vt 0.353029 0.732427
vt 0.000000 0.000000
vt 0.352970 0.732431
vt 0.000000 0.000000
vt 0.352912 0.732435
vt 0.000000 0.000000
vt 0.352854 0.732437
vt 0.000000 0.000000
vt 0.000000 0.000000
vt 0.352795 0.732439
vt 0.352737 0.732439
vt 0.000000 0.000000
vt 0.000000 0.000000
vt 0.352625 0.517559
vt 0.357441 0.522375
vt 0.000000 0.000000
vt 0.352737 0.517560
vt 0.000000 0.000000
vt 0.000000 0.000000
vt 0.352796 0.517561
vt 0.000000 0.000000
vt 0.352854 0.517563
vt 0.000000 0.000000
vt 0.352912 0.517565
vt 0.000000 0.000000
vt 0.352970 0.517569
vt 0.000000 0.000000
vt 0.353029 0.517573
vt 0.000000 0.000000
vt 0.353087 0.517577
vt 0.000000 0.000000
vt 0.353146 0.517583
vt 0.000000 0.000000
vt 0.353204 0.517588
vt 0.000000 0.000000
vt 0.353262 0.517595
vt 0.353319 0.517603
vt 0.000000 0.000000
vt 0.000000 0.000000
vt 0.353377 0.517611
vt 0.353435 0.517620
vt 0.000000 0.000000
vt 0.353493 0.517630
vt 0.000000 0.000000
vt 0.353550 0.517640
vt 0.000000 0.000000
vt 0.353608 0.517651
vt 0.000000 0.000000
vt 0.000000 0.000000
vt 0.353665 0.517663
vt 0.000000 0.000000
vt 0.353722 0.517676
vt 0.000000 0.000000
vt 0.353779 0.517689
vt 0.000000 0.000000
vt 0.353835 0.517703
vt 0.353892 0.517717
vt 0.000000 0.000000
vt 0.353948 0.517733
vt 0.000000 0.000000
vt 0.354004 0.517749
vt 0.000000 0.000000
vt 0.000000 0.000000
vt 0.354060 0.517765
vt 0.354116 0.517782
vt 0.000000 0.000000
vt 0.354172 0.517800
vt 0.000000 0.000000
vt 0.354228 0.517819
vt 0.000000 0.000000
vt 0.354283 0.517838
vt 0.000000 0.000000
vt 0.354338 0.517858
vt 0.000000 0.000000
vt 0.000000 0.000000
vt 0.354392 0.517879
vt 0.000000 0.000000
vt 0.354447 0.517900
vt 0.000000 0.000000
vt 0.354501 0.517923
vt 0.000000 0.000000
vt 0.354555 0.517945
vt 0.000000 0.000000
vt 0.354608 0.517969
vt 0.354661 0.517993
vt 0.000000 0.000000
vt 0.354714 0.518017
vt 0.000000 0.000000
vt 0.354767 0.518043
vt 0.000000 0.000000
vt 0.354819 0.518069
vt 0.000000 0.000000
vt 0.354872 0.518096
vt 0.000000 0.000000
vt 0.354923 0.518123
vt 0.000000 0.000000
vt 0.000000 0.000000
vt 0.354975 0.518151
vt 0.355026 0.518179
vt 0.000000 0.000000
vt 0.355076 0.518208
vt 0.000000 0.000000
vt 0.355126 0.518238
vt 0.000000 0.000000
vt 0.355176 0.518268
vt 0.000000 0.000000
vt 0.355226 0.518299
vt 0.000000 0.000000
vt 0.355275 0.518330
vt 0.000000 0.000000
vt 0.000000 0.000000
vt 0.355324 0.518362
vt 0.355373 0.518395
vt 0.000000 0.000000
vt 0.355420 0.518429
vt 0.000000 0.000000
vt 0.355468 0.518462
vt 0.000000 0.000000
vt 0.355515 0.518497
vt 0.000000 0.000000
vt 0.355562 0.518532
vt 0.000000 0.000000
vt 0.000000 0.000000
vt 0.355608 0.518568
vt 0.000000 0.000000
vt 0.355654 0.518604
vt 0.000000 0.000000
vt 0.355699 0.518641
vt 0.000000 0.000000
vt 0.355744 0.518678
vt 0.000000 0.000000
vt 0.355789 0.518716
vt 0.000000 0.000000
vt 0.355833 0.518754
vt 0.000000 0.000000
vt 0.355876 0.518793
vt 0.000000 0.000000
vt 0.355919 0.518833
vt 0.000000 0.000000
vt 0.355962 0.518873
vt 0.000000 0.000000
vt 0.356004 0.518913
vt 0.000000 0.000000
vt 0.356046 0.518955
vt 0.000000 0.000000
vt 0.356087 0.518997
vt 0.000000 0.000000
vt 0.356127 0.519038
vt 0.000000 0.000000
vt 0.356167 0.519081
vt 0.000000 0.000000
vt 0.356207 0.519124
vt 0.000000 0.000000
vt 0.356246 0.519168
vt 0.000000 0.000000
vt 0.356284 0.519212
vt 0.000000 0.000000
vt 0.356322 0.519256
vt 0.356360 0.519301
vt 0.000000 0.000000
vt 0.356396 0.519347
vt 0.000000 0.000000
vt 0.356433 0.519392
vt 0.000000 0.000000
vt 0.356468 0.519438
vt 0.000000 0.000000
vt 0.356503 0.519485
vt 0.000000 0.000000
vt 0.356538 0.519532
vt 0.000000 0.000000
vt 0.356572 0.519580
vt 0.000000 0.000000
vt 0.000000 0.000000
vt 0.356605 0.519629
vt 0.000000 0.000000
vt 0.356638 0.519676
vt 0.000000 0.000000
vt 0.356670 0.519725
vt 0.000000 0.000000
vt 0.356701 0.519774
vt 0.000000 0.000000
vt 0.356733 0.519824
vt 0.000000 0.000000
vt 0.356763 0.519874
vt 0.000000 0.000000
vt 0.356793 0.519924
vt 0.000000 0.000000
vt 0.356821 0.519975
vt 0.000000 0.000000
vt 0.356850 0.520026
vt 0.000000 0.000000
vt 0.356878 0.520077
vt 0.000000 0.000000
vt 0.356905 0.520129
vt 0.000000 0.000000
vt 0.356932 0.520181
vt 0.000000 0.000000
vt 0.356958 0.520233
vt 0.000000 0.000000
vt 0.356983 0.520286
vt 0.000000 0.000000
vt 0.357008 0.520339
vt 0.000000 0.000000
vt 0.357032 0.520392
vt 0.000000 0.000000
vt 0.357055 0.520445
vt 0.000000 0.000000
vt 0.357078 0.520499
vt 0.357100 0.520553
vt 0.000000 0.000000
vt 0.357121 0.520608
vt 0.000000 0.000000
vt 0.357142 0.520662
vt 0.000000 0.000000
vt 0.357162 0.520717
vt 0.000000 0.000000
vt 0.357181 0.520772
vt 0.000000 0.000000
vt 0.357200 0.520827
vt 0.000000 0.000000
vt 0.357218 0.520884
vt 0.000000 0.000000
vt 0.357235 0.520939
vt 0.000000 0.000000
vt 0.357251 0.520996
vt 0.000000 0.000000
vt 0.000000 0.000000
vt 0.357267 0.521052
vt 0.357282 0.521108
vt 0.000000 0.000000
vt 0.357297 0.521165
vt 0.000000 0.000000
vt 0.357311 0.521222
vt 0.000000 0.000000
vt 0.357324 0.521278
vt 0.000000 0.000000
vt 0.357337 0.521335
vt 0.000000 0.000000
vt 0.357349 0.521393
vt 0.000000 0.000000
vt 0.000000 0.000000
vt 0.357360 0.521450
vt 0.357370 0.521508
vt 0.000000 0.000000
vt 0.000000 0.000000
vt 0.357380 0.521565
vt 0.000000 0.000000
vt 0.357389 0.521622
vt 0.357397 0.521680
vt 0.000000 0.000000
vt 0.357405 0.521738
vt 0.000000 0.000000
vt 0.357411 0.521796
vt 0.000000 0.000000
vt 0.000000 0.000000
vt 0.357417 0.521854
vt 0.000000 0.000000
vt 0.357423 0.521913
vt 0.357428 0.521971
vt 0.000000 0.000000
vt 0.357431 0.522030
vt 0.000000 0.000000
vt 0.357434 0.522088
vt 0.357437 0.522146
vt 0.357439 0.522204
vt 0.357440 0.522263
vt 0.147048 0.749998
vt 0.147321 0.750000
vt 0.146774 0.749993
vt 0.146500 0.749985
vt 0.146226 0.749973
vt 0.145953 0.749958
vt 0.145679 0.749940
vt 0.145406 0.749918
vt 0.145134 0.749893
vt 0.144861 0.749864
vt 0.144589 0.749832
vt 0.144317 0.749797
vt 0.144046 0.749758
vt 0.143775 0.749717
vt 0.143505 0.749671
vt 0.143236 0.749623
vt 0.142967 0.749571
vt 0.142698 0.749516
vt 0.142431 0.749458
vt 0.142164 0.749396
vt 0.141898 0.749331
vt 0.141632 0.749263
vt 0.141368 0.749191
vt 0.141104 0.749117
vt 0.140842 0.749039
vt 0.140580 0.748958
vt 0.140320 0.748873
vt 0.140060 0.748786
vt 0.139802 0.748695
vt 0.139544 0.748601
vt 0.139288 0.748504
vt 0.139033 0.748404
vt 0.138779 0.748301
vt 0.138527 0.748195
vt 0.138276 0.748085
vt 0.138026 0.747973
vt 0.137778 0.747857
vt 0.137531 0.747738
vt 0.137285 0.747617
vt 0.137042 0.747492
vt 0.136799 0.747364
vt 0.136558 0.747234
vt 0.136319 0.747100
vt 0.136082 0.746964
vt 0.135846 0.746824
vt 0.135612 0.746682
vt 0.135380 0.746537
vt 0.135149 0.746389
vt 0.134920 0.746238
vt 0.134693 0.746085
vt 0.134469 0.745928
vt 0.134246 0.745769
vt 0.134025 0.745607
vt 0.133806 0.745443
vt 0.133589 0.745276
vt 0.133374 0.745106
vt 0.133161 0.744933
vt 0.132950 0.744758
vt 0.132742 0.744581
vt 0.132535 0.744400
vt 0.132331 0.744218
vt 0.132129 0.744032
vt 0.131930 0.743845
vt 0.131733 0.743655
vt 0.131538 0.743462
vt 0.131345 0.743267
vt 0.131155 0.743070
vt 0.130968 0.742871
vt 0.130782 0.742669
vt 0.130600 0.742465
vt 0.130419 0.742258
vt 0.130242 0.742050
vt 0.130067 0.741839
vt 0.129894 0.741626
vt 0.129724 0.741411
vt 0.129557 0.741194
vt 0.129393 0.740975
vt 0.129231 0.740754
vt 0.129072 0.740531
vt 0.128915 0.740306
vt 0.128762 0.740080
vt 0.128611 0.739851
vt 0.128463 0.739621
vt 0.128318 0.739388
vt 0.128176 0.739154
vt 0.128036 0.738918
vt 0.127900 0.738681
vt 0.127766 0.738442
vt 0.127636 0.738201
vt 0.127508 0.737958
vt 0.127383 0.737715
vt 0.127262 0.737469
vt 0.127143 0.737222
vt 0.127028 0.736974
vt 0.126915 0.736724
vt 0.126805 0.736473
vt 0.126699 0.736221
vt 0.126596 0.735967
vt 0.126496 0.735712
vt 0.126399 0.735456
vt 0.126305 0.735198
vt 0.126214 0.734940
vt 0.126127 0.734680
vt 0.126042 0.734420
vt 0.125961 0.734158
vt 0.125883 0.733896
vt 0.125809 0.733632
vt 0.125737 0.733368
vt 0.125669 0.733102
vt 0.125604 0.732836
vt 0.125542 0.732569
vt 0.125484 0.732302
vt 0.125429 0.732033
vt 0.125377 0.731764
vt 0.125329 0.731495
vt 0.125283 0.731224
vt 0.125242 0.730954
vt 0.125203 0.730683
vt 0.125168 0.730411
vt 0.125136 0.730139
vt 0.125107 0.729866
vt 0.125082 0.729594
vt 0.125060 0.729321
vt 0.125042 0.729047
vt 0.125027 0.728774
vt 0.125015 0.728500
vt 0.125007 0.728226
vt 0.125002 0.727952
vt 0.125000 0.727679
vt 0.147321 0.500000
vt 0.147048 0.500002
vt 0.146774 0.500007
vt 0.146500 0.500015
vt 0.146226 0.500027
vt 0.145953 0.500042
vt 0.145679 0.500060
vt 0.145406 0.500082
vt 0.145134 0.500107
vt 0.144861 0.500136
vt 0.144589 0.500168
vt 0.144317 0.500203
vt 0.144046 0.500242
vt 0.143775 0.500283
vt 0.143505 0.500329
vt 0.143236 0.500377
vt 0.142967 0.500429
vt 0.142698 0.500484
vt 0.142431 0.500542
vt 0.142164 0.500604
vt 0.141898 0.500669
vt 0.141632 0.500737
vt 0.141368 0.500809
vt 0.141104 0.500883
vt 0.140842 0.500961
vt 0.140580 0.501042
vt 0.140320 0.501127
vt 0.140060 0.501214
vt 0.139802 0.501305
vt 0.139544 0.501399
vt 0.139288 0.501496
vt 0.139033 0.501596
vt 0.138779 0.501699
vt 0.138527 0.501805
vt 0.138276 0.501915
vt 0.138026 0.502028
vt 0.137778 0.502143
vt 0.137531 0.502262
vt 0.137285 0.502383
vt 0.137042 0.502508
vt 0.136799 0.502636
vt 0.136558 0.502766
vt 0.136319 0.502900
vt 0.136082 0.503036
vt 0.135846 0.503176
vt 0.135612 0.503318
vt 0.135380 0.503463
vt 0.135149 0.503611
vt 0.134920 0.503762
vt 0.134693 0.503915
vt 0.134469 0.504072
vt 0.134246 0.504231
vt 0.134025 0.504393
vt 0.133806 0.504557
vt 0.133589 0.504724
vt 0.133374 0.504894
vt 0.133161 0.505067
vt 0.132950 0.505242
vt 0.132742 0.505419
vt 0.132535 0.505600
vt 0.132331 0.505782
vt 0.132129 0.505968
vt 0.131930 0.506155
vt 0.131733 0.506345
vt 0.131538 0.506538
vt 0.131345 0.506733
vt 0.131155 0.506930
vt 0.130968 0.507129
vt 0.130782 0.507331
vt 0.130600 0.507535
vt 0.130419 0.507742
vt 0.130242 0.507950
vt 0.130067 0.508161
vt 0.129894 0.508374
vt 0.129724 0.508589
vt 0.129557 0.508806
vt 0.129393 0.509025
vt 0.129231 0.509246
vt 0.129072 0.509469
vt 0.128915 0.509694
vt 0.128762 0.509920
vt 0.128611 0.510149
vt 0.128463 0.510379
vt 0.128318 0.510612
vt 0.128176 0.510846
vt 0.128036 0.511082
vt 0.127900 0.511319
vt 0.127766 0.511558
vt 0.127636 0.511799
vt 0.127508 0.512042
vt 0.127383 0.512285
vt 0.127262 0.512531
vt 0.127143 0.512778
vt 0.127028 0.513026
vt 0.126915 0.513276
vt 0.126805 0.513527
vt 0.126699 0.513779
vt 0.126596 0.514033
vt 0.126496 0.514288
vt 0.126399 0.514544
vt 0.126305 0.514802
vt 0.126214 0.515060
vt 0.126127 0.515320
vt 0.126042 0.515580
vt 0.125961 0.515842
vt 0.125883 0.516104
vt 0.125809 0.516368
vt 0.125737 0.516632
vt 0.125669 0.516898
vt 0.125604 0.517164
vt 0.125542 0.517431
vt 0.125484 0.517698
vt 0.125429 0.517967
vt 0.125377 0.518236
vt 0.125329 0.518505
vt 0.125283 0.518775
vt 0.125242 0.519046
vt 0.125203 0.519317
vt 0.125168 0.519589
vt 0.125136 0.519861
vt 0.125107 0.520134
vt 0.125082 0.520406
vt 0.125060 0.520679
vt 0.125042 0.520953
vt 0.328869 0.684524
vt 0.000000 0.000000
vt 0.328395 0.684530
vt 0.000000 0.000000
vt 0.125027 0.521226
vt 0.327920 0.684547
vt 0.000000 0.000000
vt 0.125015 0.521500
vt 0.327446 0.684576
vt 0.000000 0.000000
vt 0.125007 0.521774
vt 0.326973 0.684617
vt 0.000000 0.000000
vt 0.125002 0.522047
vt 0.326501 0.684670
vt 0.000000 0.000000
vt 0.125000 0.522321
vt 0.326030 0.684733
vt 0.000000 0.000000
vt 0.375000 0.522321
vt 0.325562 0.684809
vt 0.000000 0.000000
vt 0.374998 0.522048
vt 0.374993 0.521774
vt 0.325095 0.684895
vt 0.000000 0.000000
vt 0.324630 0.684994
vt 0.000000 0.000000
vt 0.374985 0.521500
vt 0.324169 0.685104
vt 0.000000 0.000000
vt 0.374973 0.521226
vt 0.323709 0.685225
vt 0.000000 0.000000
vt 0.374958 0.520953
vt 0.323254 0.685357
vt 0.000000 0.000000
vt 0.374940 0.520679
vt 0.322801 0.685500
vt 0.000000 0.000000
vt 0.374918 0.520406
vt 0.322352 0.685654
vt 0.000000 0.000000
vt 0.374893 0.520134
vt 0.321907 0.685820
vt 0.000000 0.000000
vt 0.374864 0.519861
vt 0.321466 0.685996
vt 0.000000 0.000000
vt 0.374832 0.519589
vt 0.321029 0.686183
vt 0.000000 0.000000
vt 0.374797 0.519317
vt 0.320598 0.686382
vt 0.000000 0.000000
vt 0.374758 0.519046
vt 0.374717 0.518775
vt 0.320172 0.686590
vt 0.000000 0.000000
vt 0.374671 0.518505
vt 0.319750 0.686808
vt 0.000000 0.000000
vt 0.319334 0.687037
vt 0.000000 0.000000
vt 0.374623 0.518236
vt 0.374571 0.517967
vt 0.318924 0.687276
vt 0.000000 0.000000
vt 0.374516 0.517698
vt 0.318519 0.687524
vt 0.000000 0.000000
vt 0.374458 0.517431
vt 0.318122 0.687785
vt 0.000000 0.000000
vt 0.374396 0.517164
vt 0.317730 0.688052
vt 0.000000 0.000000
vt 0.374331 0.516898
vt 0.317345 0.688330
vt 0.000000 0.000000
vt 0.374263 0.516632
vt 0.316967 0.688618
vt 0.000000 0.000000
vt 0.374191 0.516368
vt 0.316597 0.688915
vt 0.000000 0.000000
vt 0.374117 0.516104
vt 0.316234 0.689221
vt 0.000000 0.000000
vt 0.374039 0.515842
vt 0.315877 0.689535
vt 0.000000 0.000000
vt 0.373958 0.515580
vt 0.315530 0.689859
vt 0.000000 0.000000
vt 0.373873 0.515320
vt 0.315190 0.690190
vt 0.000000 0.000000
vt 0.373786 0.515060
vt 0.314858 0.690530
vt 0.000000 0.000000
vt 0.373695 0.514802
vt 0.314535 0.690878
vt 0.000000 0.000000
vt 0.373601 0.514544
vt 0.314221 0.691234
vt 0.000000 0.000000
vt 0.373504 0.514288
vt 0.313915 0.691597
vt 0.000000 0.000000
vt 0.373404 0.514033
vt 0.313618 0.691967
vt 0.000000 0.000000
vt 0.373301 0.513779
vt 0.313331 0.692345
vt 0.000000 0.000000
vt 0.373194 0.513527
vt 0.313053 0.692730
vt 0.000000 0.000000
vt 0.373085 0.513276
vt 0.312784 0.693121
vt 0.000000 0.000000
vt 0.372973 0.513026
vt 0.312525 0.693520
vt 0.000000 0.000000
vt 0.372857 0.512778
vt 0.312276 0.693923
vt 0.000000 0.000000
vt 0.372738 0.512531
vt 0.312037 0.694333
vt 0.000000 0.000000
vt 0.372617 0.512285
vt 0.311808 0.694749
vt 0.000000 0.000000
vt 0.311589 0.695171
vt 0.000000 0.000000
vt 0.372492 0.512042
vt 0.311381 0.695598
vt 0.000000 0.000000
vt 0.372364 0.511799
vt 0.311183 0.696029
vt 0.000000 0.000000
vt 0.372234 0.511558
vt 0.372100 0.511319
vt 0.310996 0.696467
vt 0.000000 0.000000
vt 0.371964 0.511082
vt 0.310820 0.696906
vt 0.000000 0.000000
vt 0.371824 0.510846
vt 0.310655 0.697352
vt 0.000000 0.000000
vt 0.371682 0.510612
vt 0.310500 0.697801
vt 0.000000 0.000000
vt 0.371537 0.510379
vt 0.310357 0.698253
vt 0.000000 0.000000
vt 0.371389 0.510149
vt 0.310225 0.698710
vt 0.000000 0.000000
vt 0.371238 0.509920
vt 0.310104 0.699168
vt 0.000000 0.000000
vt 0.371085 0.509694
vt 0.309994 0.699631
vt 0.000000 0.000000
vt 0.370928 0.509469
vt 0.309896 0.700095
vt 0.000000 0.000000
vt 0.370769 0.509246
vt 0.309808 0.700562
vt 0.000000 0.000000
vt 0.370607 0.509025
vt 0.309733 0.701030
vt 0.000000 0.000000
vt 0.370443 0.508806
vt 0.309670 0.701501
vt 0.000000 0.000000
vt 0.370276 0.508589
vt 0.309617 0.701973
vt 0.000000 0.000000
vt 0.370106 0.508374
vt 0.309576 0.702446
vt 0.000000 0.000000
vt 0.369933 0.508161
vt 0.309547 0.702920
vt 0.000000 0.000000
vt 0.369758 0.507950
vt 0.309530 0.703394
vt 0.000000 0.000000
vt 0.369581 0.507742
vt 0.309524 0.703869
vt 0.000000 0.000000
vt 0.309529 0.704344
vt 0.000000 0.000000
vt 0.369400 0.507535
vt 0.309547 0.704819
vt 0.000000 0.000000
vt 0.369218 0.507331
vt 0.369032 0.507129
vt 0.309576 0.705292
vt 0.000000 0.000000
vt 0.309617 0.705765
vt 0.000000 0.000000
vt 0.368845 0.506930
vt 0.309669 0.706237
vt 0.000000 0.000000
vt 0.368655 0.506733
vt 0.309733 0.706707
vt 0.000000 0.000000
vt 0.368462 0.506538
vt 0.309809 0.707176
vt 0.000000 0.000000
vt 0.368267 0.506345
vt 0.309896 0.707643
vt 0.000000 0.000000
vt 0.368070 0.506155
vt 0.367871 0.505967
vt 0.309994 0.708107
vt 0.000000 0.000000
vt 0.310104 0.708569
vt 0.000000 0.000000
vt 0.367669 0.505782
vt 0.310225 0.709029
vt 0.000000 0.000000
vt 0.367465 0.505600
vt 0.310356 0.709484
vt 0.000000 0.000000
vt 0.367258 0.505419
vt 0.310500 0.709937
vt 0.000000 0.000000
vt 0.367050 0.505242
vt 0.366839 0.505067
vt 0.310655 0.710386
vt 0.000000 0.000000
vt 0.366626 0.504894
vt 0.310820 0.710832
vt 0.000000 0.000000
vt 0.366411 0.504724
vt 0.310996 0.711273
vt 0.000000 0.000000
vt 0.366194 0.504557
vt 0.311184 0.711709
vt 0.000000 0.000000
vt 0.365975 0.504393
vt 0.311381 0.712140
vt 0.000000 0.000000
vt 0.365754 0.504231
vt 0.311589 0.712567
vt 0.000000 0.000000
vt 0.311808 0.712988
vt 0.000000 0.000000
vt 0.365531 0.504072
vt 0.365307 0.503915
vt 0.312037 0.713404
vt 0.000000 0.000000
vt 0.365080 0.503762
vt 0.312276 0.713814
vt 0.000000 0.000000
vt 0.364851 0.503611
vt 0.312525 0.714219
vt 0.000000 0.000000
vt 0.364620 0.503463
vt 0.312784 0.714616
vt 0.000000 0.000000
vt 0.313053 0.715008
vt 0.000000 0.000000
vt 0.364388 0.503318
vt 0.364154 0.503176
vt 0.313331 0.715393
vt 0.000000 0.000000
vt 0.313618 0.715771
vt 0.000000 0.000000
vt 0.363918 0.503036
vt 0.313915 0.716142
vt 0.000000 0.000000
vt 0.363681 0.502900
vt 0.363442 0.502766
vt 0.314221 0.716505
vt 0.000000 0.000000
vt 0.314535 0.716861
vt 0.000000 0.000000
vt 0.363201 0.502636
vt 0.362958 0.502508
vt 0.314858 0.717209
vt 0.000000 0.000000
vt 0.362715 0.502383
vt 0.315190 0.717548
vt 0.000000 0.000000
vt 0.362469 0.502262
vt 0.315530 0.717880
vt 0.000000 0.000000
vt 0.362222 0.502143
vt 0.315877 0.718203
vt 0.000000 0.000000
vt 0.361974 0.502028
vt 0.316233 0.718518
vt 0.000000 0.000000
vt 0.361724 0.501915
vt 0.316597 0.718823
vt 0.000000 0.000000
vt 0.361473 0.501805
vt 0.316967 0.719120
vt 0.000000 0.000000
vt 0.361221 0.501699
vt 0.317345 0.719407
vt 0.000000 0.000000
vt 0.360967 0.501596
vt 0.317730 0.719685
vt 0.000000 0.000000
vt 0.360712 0.501496
vt 0.318121 0.719955
vt 0.000000 0.000000
vt 0.360456 0.501399
vt 0.318519 0.720213
vt 0.000000 0.000000
vt 0.360198 0.501305
vt 0.318924 0.720462
vt 0.000000 0.000000
vt 0.319334 0.720701
vt 0.000000 0.000000
vt 0.359940 0.501214
vt 0.319750 0.720930
vt 0.000000 0.000000
vt 0.359680 0.501127
vt 0.359420 0.501042
vt 0.320171 0.721149
vt 0.000000 0.000000
vt 0.359158 0.500961
vt 0.320598 0.721357
vt 0.000000 0.000000
vt 0.321030 0.721555
vt 0.000000 0.000000
vt 0.358896 0.500883
vt 0.321466 0.721741
vt 0.000000 0.000000
vt 0.358632 0.500809
vt 0.321907 0.721918
vt 0.000000 0.000000
vt 0.358368 0.500737
vt 0.322352 0.722084
vt 0.000000 0.000000
vt 0.358102 0.500669
vt 0.322801 0.722238
vt 0.000000 0.000000
vt 0.357836 0.500604
vt 0.323254 0.722382
vt 0.000000 0.000000
vt 0.357569 0.500542
vt 0.357302 0.500484
vt 0.323710 0.722513
vt 0.000000 0.000000
vt 0.324169 0.722635
vt 0.000000 0.000000
vt 0.357033 0.500429
vt 0.324631 0.722744
vt 0.000000 0.000000
vt 0.356764 0.500377
vt 0.325095 0.722842
vt 0.000000 0.000000
vt 0.356495 0.500329
vt 0.325562 0.722929
vt 0.000000 0.000000
vt 0.356225 0.500283
vt 0.355954 0.500242
vt 0.326031 0.723005
vt 0.000000 0.000000
vt 0.355683 0.500203
vt 0.326501 0.723069
vt 0.000000 0.000000
vt 0.355411 0.500168
vt 0.326973 0.723121
vt 0.000000 0.000000
vt 0.327446 0.723162
vt 0.000000 0.000000
vt 0.355139 0.500136
vt 0.354866 0.500107
vt 0.327920 0.723190
vt 0.000000 0.000000
vt 0.354594 0.500082
vt 0.328394 0.723209
vt 0.000000 0.000000
vt 0.354321 0.500060
vt 0.328869 0.723214
vt 0.000000 0.000000
vt 0.329344 0.723209
vt 0.000000 0.000000
vt 0.354047 0.500042
vt 0.329818 0.723191
vt 0.000000 0.000000
vt 0.353774 0.500027
vt 0.353500 0.500015
vt 0.330292 0.723161
vt 0.000000 0.000000
vt 0.353226 0.500007
vt 0.330765 0.723121
vt 0.000000 0.000000
vt 0.331237 0.723069
vt 0.000000 0.000000
vt 0.352952 0.500002
vt 0.352679 0.500000
vt 0.331707 0.723005
vt 0.000000 0.000000
vt 0.352679 0.750000
vt 0.332176 0.722929
vt 0.000000 0.000000
vt 0.332643 0.722842
vt 0.000000 0.000000
vt 0.352952 0.749998
vt 0.353226 0.749993
vt 0.333107 0.722744
vt 0.000000 0.000000
vt 0.333570 0.722635
vt 0.000000 0.000000
vt 0.353500 0.749985
vt 0.353774 0.749973
vt 0.334029 0.722514
vt 0.000000 0.000000
vt 0.354047 0.749958
vt 0.334485 0.722382
vt 0.000000 0.000000
vt 0.354321 0.749940
vt 0.334937 0.722238
vt 0.000000 0.000000
vt 0.335386 0.722083
vt 0.000000 0.000000
vt 0.354594 0.749918
vt 0.335831 0.721918
vt 0.000000 0.000000
vt 0.354866 0.749892
vt 0.336272 0.721741
vt 0.000000 0.000000
vt 0.355139 0.749864
vt 0.336708 0.721555
vt 0.000000 0.000000
vt 0.355411 0.749832
vt 0.337140 0.721357
vt 0.000000 0.000000
vt 0.355683 0.749797
vt 0.355954 0.749758
vt 0.337567 0.721148
vt 0.000000 0.000000
vt 0.337988 0.720930
vt 0.000000 0.000000
vt 0.356225 0.749717
vt 0.356495 0.749671
vt 0.338404 0.720701
vt 0.000000 0.000000
vt 0.356764 0.749623
vt 0.338814 0.720462
vt 0.000000 0.000000
vt 0.357033 0.749571
vt 0.339219 0.720213
vt 0.000000 0.000000
vt 0.357302 0.749516
vt 0.339617 0.719954
vt 0.000000 0.000000
vt 0.340008 0.719686
vt 0.000000 0.000000
vt 0.357569 0.749458
vt 0.340393 0.719407
vt 0.000000 0.000000
vt 0.357836 0.749396
vt 0.340771 0.719120
vt 0.000000 0.000000
vt 0.358102 0.749331
vt 0.358368 0.749263
vt 0.341141 0.718823
vt 0.000000 0.000000
vt 0.341505 0.718517
vt 0.000000 0.000000
vt 0.358632 0.749191
vt 0.341861 0.718203
vt 0.000000 0.000000
vt 0.358896 0.749117
vt 0.342208 0.717880
vt 0.000000 0.000000
vt 0.359158 0.749039
vt 0.342548 0.717548
vt 0.000000 0.000000
vt 0.359420 0.748958
vt 0.342880 0.717209
vt 0.000000 0.000000
vt 0.359680 0.748873
vt 0.343203 0.716860
vt 0.000000 0.000000
vt 0.359940 0.748786
vt 0.360198 0.748695
vt 0.343518 0.716505
vt 0.000000 0.000000
vt 0.343823 0.716141
vt 0.000000 0.000000
vt 0.360456 0.748601
vt 0.344120 0.715771
vt 0.000000 0.000000
vt 0.360712 0.748504
vt 0.344407 0.715393
vt 0.000000 0.000000
vt 0.360967 0.748404
vt 0.344686 0.715008
vt 0.000000 0.000000
vt 0.361221 0.748301
vt 0.344954 0.714617
vt 0.000000 0.000000
vt 0.361473 0.748194
vt 0.345213 0.714219
vt 0.000000 0.000000
vt 0.361724 0.748085
vt 0.345462 0.713814
vt 0.000000 0.000000
vt 0.361974 0.747973
vt 0.345701 0.713404
vt 0.000000 0.000000
vt 0.362222 0.747857
vt 0.345930 0.712988
vt 0.000000 0.000000
vt 0.362469 0.747738
vt 0.346149 0.712566
vt 0.000000 0.000000
vt 0.362715 0.747617
vt 0.346357 0.712141
vt 0.000000 0.000000
vt 0.362958 0.747492
vt 0.346555 0.711709
vt 0.000000 0.000000
vt 0.363201 0.747364
vt 0.363442 0.747234
vt 0.346742 0.711272
vt 0.000000 0.000000
vt 0.363681 0.747100
vt 0.346918 0.710831
vt 0.000000 0.000000
vt 0.363918 0.746964
vt 0.347084 0.710386
vt 0.000000 0.000000
vt 0.364154 0.746824
vt 0.347238 0.709937
vt 0.000000 0.000000
vt 0.364388 0.746682
vt 0.347381 0.709484
vt 0.000000 0.000000
vt 0.364620 0.746537
vt 0.347513 0.709028
vt 0.000000 0.000000
vt 0.364851 0.746389
vt 0.347635 0.708569
vt 0.000000 0.000000
vt 0.347744 0.708108
vt 0.000000 0.000000
vt 0.365080 0.746238
vt 0.347843 0.707643
vt 0.000000 0.000000
vt 0.365307 0.746085
vt 0.347930 0.707176
vt 0.000000 0.000000
vt 0.365531 0.745928
vt 0.348005 0.706708
vt 0.000000 0.000000
vt 0.365754 0.745769
vt 0.348069 0.706237
vt 0.000000 0.000000
vt 0.365975 0.745607
vt 0.348121 0.705765
vt 0.000000 0.000000
vt 0.366194 0.745443
vt 0.348162 0.705292
vt 0.000000 0.000000
vt 0.366411 0.745276
vt 0.348191 0.704818
vt 0.000000 0.000000
vt 0.366626 0.745106
vt 0.348209 0.704345
vt 0.000000 0.000000
vt 0.366839 0.744933
vt 0.348215 0.703870
vt 0.000000 0.000000
vt 0.367050 0.744758
vt 0.367258 0.744581
vt 0.348209 0.703394
vt 0.000000 0.000000
vt 0.348191 0.702919
vt 0.000000 0.000000
vt 0.367465 0.744400
vt 0.348162 0.702446
vt 0.000000 0.000000
vt 0.367669 0.744218
vt 0.348121 0.701972
vt 0.000000 0.000000
vt 0.367871 0.744032
vt 0.348069 0.701501
vt 0.000000 0.000000
vt 0.368070 0.743845
vt 0.348005 0.701030
vt 0.000000 0.000000
vt 0.368267 0.743655
vt 0.347929 0.700562
vt 0.000000 0.000000
vt 0.368462 0.743462
vt 0.347842 0.700094
vt 0.000000 0.000000
vt 0.368655 0.743267
vt 0.347744 0.699630
vt 0.000000 0.000000
vt 0.368845 0.743070
vt 0.347634 0.699168
vt 0.000000 0.000000
vt 0.369032 0.742871
vt 0.347514 0.698709
vt 0.000000 0.000000
vt 0.369218 0.742669
vt 0.347382 0.698254
vt 0.000000 0.000000
vt 0.369400 0.742465
vt 0.347238 0.697801
vt 0.000000 0.000000
vt 0.369581 0.742258
vt 0.347084 0.697352
vt 0.000000 0.000000
vt 0.369758 0.742050
vt 0.369933 0.741839
vt 0.346918 0.696907
vt 0.000000 0.000000
vt 0.346742 0.696466
vt 0.000000 0.000000
vt 0.370106 0.741626
vt 0.346555 0.696030
vt 0.000000 0.000000
vt 0.370276 0.741411
vt 0.346357 0.695598
vt 0.000000 0.000000
vt 0.370443 0.741194
vt 0.346149 0.695171
vt 0.000000 0.000000
vt 0.370607 0.740975
vt 0.345930 0.694750
vt 0.000000 0.000000
vt 0.370769 0.740754
vt 0.345701 0.694333
vt 0.000000 0.000000
vt 0.370928 0.740531
vt 0.345462 0.693923
vt 0.000000 0.000000
vt 0.371085 0.740306
vt 0.345213 0.693519
vt 0.000000 0.000000
vt 0.371238 0.740080
vt 0.344954 0.693121
vt 0.000000 0.000000
vt 0.371389 0.739851
vt 0.344686 0.692730
vt 0.000000 0.000000
vt 0.371537 0.739621
vt 0.371682 0.739388
vt 0.344408 0.692345
vt 0.000000 0.000000
vt 0.371824 0.739154
vt 0.344120 0.691967
vt 0.000000 0.000000
vt 0.371964 0.738918
vt 0.343823 0.691597
vt 0.000000 0.000000
vt 0.343518 0.691234
vt 0.000000 0.000000
vt 0.372100 0.738681
vt 0.372234 0.738442
vt 0.343203 0.690878
vt 0.000000 0.000000
vt 0.342880 0.690530
vt 0.000000 0.000000
vt 0.372364 0.738201
vt 0.342548 0.690190
vt 0.000000 0.000000
vt 0.372492 0.737958
vt 0.372617 0.737715
vt 0.342208 0.689858
vt 0.000000 0.000000
vt 0.372738 0.737469
vt 0.341861 0.689534
vt 0.000000 0.000000
vt 0.372857 0.737222
vt 0.341505 0.689221
vt 0.000000 0.000000
vt 0.372973 0.736974
vt 0.341141 0.688915
vt 0.000000 0.000000
vt 0.373085 0.736724
vt 0.340771 0.688618
vt 0.000000 0.000000
vt 0.373194 0.736473
vt 0.340393 0.688331
vt 0.000000 0.000000
vt 0.373301 0.736221
vt 0.340009 0.688053
vt 0.000000 0.000000
vt 0.373404 0.735967
vt 0.339617 0.687784
vt 0.000000 0.000000
vt 0.373504 0.735712
vt 0.339219 0.687525
vt 0.000000 0.000000
vt 0.338814 0.687276
vt 0.000000 0.000000
vt 0.373601 0.735456
vt 0.338405 0.687038
vt 0.000000 0.000000
vt 0.373695 0.735198
vt 0.337988 0.686808
vt 0.000000 0.000000
vt 0.373786 0.734940
vt 0.337567 0.686589
vt 0.000000 0.000000
vt 0.373873 0.734680
vt 0.337140 0.686381
vt 0.000000 0.000000
vt 0.373958 0.734420
vt 0.336709 0.686183
vt 0.000000 0.000000
vt 0.374039 0.734158
vt 0.336272 0.685996
vt 0.000000 0.000000
vt 0.374117 0.733895
vt 0.374191 0.733632
vt 0.335831 0.685820
vt 0.000000 0.000000
vt 0.374263 0.733368
vt 0.335387 0.685655
vt 0.000000 0.000000
vt 0.374331 0.733102
vt 0.334938 0.685501
vt 0.000000 0.000000
vt 0.334485 0.685356
vt 0.000000 0.000000
vt 0.374396 0.732836
vt 0.334029 0.685225
vt 0.000000 0.000000
vt 0.374458 0.732569
vt 0.374516 0.732302
vt 0.333570 0.685104
vt 0.000000 0.000000
vt 0.333108 0.684994
vt 0.000000 0.000000
vt 0.374571 0.732033
vt 0.332643 0.684895
vt 0.000000 0.000000
vt 0.374623 0.731764
vt 0.332176 0.684809
vt 0.000000 0.000000
vt 0.374671 0.731495
vt 0.331708 0.684733
vt 0.000000 0.000000
vt 0.374717 0.731225
vt 0.331237 0.684669
vt 0.000000 0.000000
vt 0.374758 0.730954
vt 0.374797 0.730683
vt 0.330765 0.684617
vt 0.000000 0.000000
vt 0.374832 0.730411
vt 0.330292 0.684576
vt 0.000000 0.000000
vt 0.374864 0.730139
vt 0.329818 0.684547
vt 0.000000 0.000000
vt 0.374893 0.729867
vt 0.329344 0.684529
vt 0.000000 0.000000
vt 0.000000 0.000000
vt 0.374918 0.729594
vt 0.000000 0.000000
vt 0.374940 0.729321
vt 0.000000 0.000000
vt 0.374958 0.729047
vt 0.000000 0.000000
vt 0.374973 0.728774
vt 0.000000 0.000000
vt 0.374985 0.728500
vt 0.000000 0.000000
vt 0.374993 0.728226
vt 0.374998 0.727952
vt 0.000000 0.000000
vt 0.000000 0.000000
vt 0.375000 0.727679
vt 0.000000 0.000000
vt 0.147205 0.737202
vt 0.147361 0.737203
vt 0.000000 0.000000
vt 0.000000 0.000000
vt 0.147088 0.737199
vt 0.146971 0.737196
vt 0.000000 0.000000
vt 0.000000 0.000000
vt 0.146854 0.737191
vt 0.000000 0.000000
vt 0.146737 0.737185
vt 0.000000 0.000000
vt 0.146621 0.737176
vt 0.000000 0.000000
vt 0.146504 0.737167
vt 0.000000 0.000000
vt 0.146388 0.737156
vt 0.000000 0.000000
vt 0.146272 0.737144
vt 0.146156 0.737130
vt 0.000000 0.000000
vt 0.146040 0.737115
vt 0.000000 0.000000
vt 0.145924 0.737099
vt 0.000000 0.000000
vt 0.000000 0.000000
vt 0.145808 0.737081
vt 0.000000 0.000000
vt 0.145693 0.737062
vt 0.145578 0.737042
vt 0.000000 0.000000
vt 0.145464 0.737019
vt 0.000000 0.000000
vt 0.145349 0.736996
vt 0.000000 0.000000
vt 0.145235 0.736971
vt 0.000000 0.000000
vt 0.000000 0.000000
vt 0.145121 0.736945
vt 0.145008 0.736917
vt 0.000000 0.000000
vt 0.144894 0.736888
vt 0.000000 0.000000
vt 0.144781 0.736857
vt 0.000000 0.000000
vt 0.000000 0.000000
vt 0.144669 0.736825
vt 0.000000 0.000000
vt 0.144557 0.736792
vt 0.000000 0.000000
vt 0.144445 0.736757
vt 0.000000 0.000000
vt 0.144334 0.736721
vt 0.000000 0.000000
vt 0.144223 0.736685
vt 0.000000 0.000000
vt 0.144113 0.736645
vt 0.000000 0.000000
vt 0.144003 0.736606
vt 0.143894 0.736564
vt 0.000000 0.000000
vt 0.000000 0.000000
vt 0.143785 0.736521
vt 0.000000 0.000000
vt 0.143677 0.736477
vt 0.000000 0.000000
vt 0.143569 0.736431
vt 0.000000 0.000000
vt 0.143462 0.736385
vt 0.000000 0.000000
vt 0.143356 0.736337
vt 0.000000 0.000000
vt 0.143250 0.736288
vt 0.143144 0.736237
vt 0.000000 0.000000
vt 0.000000 0.000000
vt 0.143040 0.736185
vt 0.000000 0.000000
vt 0.142935 0.736132
vt 0.142832 0.736078
vt 0.000000 0.000000
vt 0.142729 0.736022
vt 0.000000 0.000000
vt 0.000000 0.000000
vt 0.142627 0.735965
vt 0.142526 0.735906
vt 0.000000 0.000000
vt 0.000000 0.000000
vt 0.142426 0.735847
vt 0.142325 0.735786
vt 0.000000 0.000000
vt 0.000000 0.000000
vt 0.142226 0.735725
vt 0.000000 0.000000
vt 0.142128 0.735662
vt 0.142031 0.735597
vt 0.000000 0.000000
vt 0.141934 0.735531
vt 0.000000 0.000000
vt 0.141838 0.735465
vt 0.000000 0.000000
vt 0.141743 0.735397
vt 0.000000 0.000000
vt 0.000000 0.000000
vt 0.141648 0.735328
vt 0.000000 0.000000
vt 0.141555 0.735258
vt 0.141462 0.735186
vt 0.000000 0.000000
vt 0.000000 0.000000
vt 0.141370 0.735114
vt 0.141280 0.735041
vt 0.000000 0.000000
vt 0.141190 0.734965
vt 0.000000 0.000000
vt 0.141101 0.734890
vt 0.000000 0.000000
vt 0.141013 0.734813
vt 0.000000 0.000000
vt 0.140926 0.734735
vt 0.000000 0.000000
vt 0.140840 0.734656
vt 0.000000 0.000000
vt 0.140755 0.734576
vt 0.000000 0.000000
vt 0.000000 0.000000
vt 0.140671 0.734495
vt 0.140587 0.734413
vt 0.000000 0.000000
vt 0.000000 0.000000
vt 0.140505 0.734329
vt 0.000000 0.000000
vt 0.140424 0.734246
vt 0.000000 0.000000
vt 0.140344 0.734160
vt 0.000000 0.000000
vt 0.140265 0.734074
vt 0.140187 0.733987
vt 0.000000 0.000000
vt 0.140110 0.733899
vt 0.000000 0.000000
vt 0.000000 0.000000
vt 0.140034 0.733810
vt 0.139960 0.733720
vt 0.000000 0.000000
vt 0.000000 0.000000
vt 0.139886 0.733630
vt 0.139814 0.733538
vt 0.000000 0.000000
vt 0.139742 0.733445
vt 0.000000 0.000000
vt 0.139672 0.733352
vt 0.000000 0.000000
vt 0.139603 0.733258
vt 0.000000 0.000000
vt 0.139535 0.733162
vt 0.000000 0.000000
vt 0.000000 0.000000
vt 0.139468 0.733066
vt 0.139403 0.732969
vt 0.000000 0.000000
vt 0.139339 0.732872
vt 0.000000 0.000000
vt 0.139276 0.732774
vt 0.000000 0.000000
vt 0.000000 0.000000
vt 0.139214 0.732675
vt 0.000000 0.000000
vt 0.139153 0.732574
vt 0.139093 0.732474
vt 0.000000 0.000000
vt 0.139035 0.732373
vt 0.000000 0.000000
vt 0.138978 0.732271
vt 0.000000 0.000000
vt 0.000000 0.000000
vt 0.138922 0.732168
vt 0.000000 0.000000
vt 0.138868 0.732065
vt 0.000000 0.000000
vt 0.138815 0.731960
vt 0.138763 0.731855
vt 0.000000 0.000000
vt 0.000000 0.000000
vt 0.138712 0.731750
vt 0.138663 0.731645
vt 0.000000 0.000000
vt 0.138615 0.731538
vt 0.000000 0.000000
vt 0.000000 0.000000
vt 0.138568 0.731431
vt 0.000000 0.000000
vt 0.138523 0.731323
vt 0.138479 0.731215
vt 0.000000 0.000000
vt 0.138436 0.731106
vt 0.000000 0.000000
vt 0.138395 0.730997
vt 0.000000 0.000000
vt 0.000000 0.000000
vt 0.138355 0.730887
vt 0.000000 0.000000
vt 0.138316 0.730777
vt 0.000000 0.000000
vt 0.138279 0.730666
vt 0.138243 0.730555
vt 0.000000 0.000000
vt 0.138208 0.730443
vt 0.000000 0.000000
vt 0.138175 0.730331
vt 0.000000 0.000000
vt 0.138143 0.730218
vt 0.000000 0.000000
vt 0.000000 0.000000
vt 0.138112 0.730106
vt 0.000000 0.000000
vt 0.138083 0.729992
vt 0.138056 0.729880
vt 0.000000 0.000000
vt 0.138029 0.729765
vt 0.000000 0.000000
vt 0.138004 0.729651
vt 0.000000 0.000000
vt 0.000000 0.000000
vt 0.137981 0.729536
vt 0.000000 0.000000
vt 0.137959 0.729422
vt 0.137938 0.729307
vt 0.000000 0.000000
vt 0.000000 0.000000
vt 0.137919 0.729192
vt 0.137901 0.729076
vt 0.000000 0.000000
vt 0.137885 0.728961
vt 0.000000 0.000000
vt 0.000000 0.000000
vt 0.137869 0.728844
vt 0.000000 0.000000
vt 0.137856 0.728729
vt 0.137844 0.728612
vt 0.000000 0.000000
vt 0.000000 0.000000
vt 0.137833 0.728496
vt 0.137824 0.728379
vt 0.000000 0.000000
vt 0.137816 0.728263
vt 0.000000 0.000000
vt 0.000000 0.000000
vt 0.137809 0.728146
vt 0.137804 0.728029
vt 0.000000 0.000000
vt 0.000000 0.000000
vt 0.137801 0.727912
vt 0.137799 0.727796
vt 0.000000 0.000000
vt 0.137798 0.727639
vt 0.000000 0.000000
vt 0.147361 0.512798
vt 0.000000 0.000000
vt 0.000000 0.000000
vt 0.147205 0.512799
vt 0.147088 0.512801
vt 0.000000 0.000000
vt 0.146971 0.512804
vt 0.000000 0.000000
vt 0.000000 0.000000
vt 0.146854 0.512809
vt 0.146737 0.512816
vt 0.000000 0.000000
vt 0.146621 0.512823
vt 0.000000 0.000000
vt 0.146504 0.512833
vt 0.000000 0.000000
vt 0.000000 0.000000
vt 0.146388 0.512844
vt 0.146272 0.512856
vt 0.000000 0.000000
vt 0.000000 0.000000
vt 0.146156 0.512870
vt 0.146040 0.512885
vt 0.000000 0.000000
vt 0.000000 0.000000
vt 0.145924 0.512901
vt 0.000000 0.000000
vt 0.145809 0.512919
vt 0.000000 0.000000
vt 0.145693 0.512938
vt 0.000000 0.000000
vt 0.145579 0.512959
vt 0.000000 0.000000
vt 0.145464 0.512981
vt 0.000000 0.000000
vt 0.145349 0.513005
vt 0.000000 0.000000
vt 0.145235 0.513030
vt 0.000000 0.000000
vt 0.145121 0.513056
vt 0.000000 0.000000
vt 0.145007 0.513083
vt 0.144894 0.513112
vt 0.000000 0.000000
vt 0.000000 0.000000
vt 0.144781 0.513143
vt 0.000000 0.000000
vt 0.144669 0.513175
vt 0.000000 0.000000
vt 0.144557 0.513208
vt 0.000000 0.000000
vt 0.144445 0.513242
vt 0.000000 0.000000
vt 0.144334 0.513279
vt 0.000000 0.000000
vt 0.144223 0.513316
vt 0.000000 0.000000
vt 0.144113 0.513354
vt 0.144003 0.513395
vt 0.000000 0.000000
vt 0.000000 0.000000
vt 0.143894 0.513436
vt 0.143785 0.513479
vt 0.000000 0.000000
vt 0.000000 0.000000
vt 0.143677 0.513523
vt 0.143569 0.513568
vt 0.000000 0.000000
vt 0.000000 0.000000
vt 0.143462 0.513615
vt 0.143356 0.513663
vt 0.000000 0.000000
vt 0.143249 0.513712
vt 0.000000 0.000000
vt 0.000000 0.000000
vt 0.143144 0.513763
vt 0.143040 0.513814
vt 0.000000 0.000000
vt 0.142935 0.513867
vt 0.000000 0.000000
vt 0.000000 0.000000
vt 0.142832 0.513922
vt 0.142729 0.513978
vt 0.000000 0.000000
vt 0.142627 0.514035
vt 0.000000 0.000000
vt 0.142526 0.514094
vt 0.000000 0.000000
vt 0.142426 0.514153
vt 0.000000 0.000000
vt 0.000000 0.000000
vt 0.142325 0.514214
vt 0.142226 0.514275
vt 0.000000 0.000000
vt 0.000000 0.000000
vt 0.142128 0.514338
vt 0.000000 0.000000
vt 0.142031 0.514402
vt 0.141934 0.514468
vt 0.000000 0.000000
vt 0.000000 0.000000
vt 0.141838 0.514535
vt 0.000000 0.000000
vt 0.141742 0.514603
vt 0.141648 0.514672
vt 0.000000 0.000000
vt 0.141555 0.514742
vt 0.000000 0.000000
vt 0.141462 0.514813
vt 0.000000 0.000000
vt 0.141370 0.514886
vt 0.000000 0.000000
vt 0.141280 0.514959
vt 0.000000 0.000000
vt 0.000000 0.000000
vt 0.141190 0.515035
vt 0.000000 0.000000
vt 0.141101 0.515110
vt 0.141013 0.515186
vt 0.000000 0.000000
vt 0.140926 0.515265
vt 0.000000 0.000000
vt 0.000000 0.000000
vt 0.140840 0.515344
vt 0.140754 0.515423
vt 0.000000 0.000000
vt 0.140671 0.515504
vt 0.000000 0.000000
vt 0.000000 0.000000
vt 0.140587 0.515587
vt 0.140505 0.515670
vt 0.000000 0.000000
vt 0.000000 0.000000
vt 0.140424 0.515754
vt 0.000000 0.000000
vt 0.140344 0.515840
vt 0.000000 0.000000
vt 0.140265 0.515925
vt 0.000000 0.000000
vt 0.140187 0.516012
vt 0.140110 0.516101
vt 0.000000 0.000000
vt 0.000000 0.000000
vt 0.140034 0.516190
vt 0.000000 0.000000
vt 0.139960 0.516280
vt 0.139886 0.516370
vt 0.000000 0.000000
vt 0.000000 0.000000
vt 0.139814 0.516462
vt 0.139742 0.516555
vt 0.000000 0.000000
vt 0.000000 0.000000
vt 0.139672 0.516648
vt 0.000000 0.000000
vt 0.139603 0.516743
vt 0.000000 0.000000
vt 0.139535 0.516837
vt 0.000000 0.000000
vt 0.139468 0.516933
vt 0.000000 0.000000
vt 0.139403 0.517031
vt 0.139339 0.517128
vt 0.000000 0.000000
vt 0.139275 0.517226
vt 0.000000 0.000000
vt 0.139213 0.517325
vt 0.000000 0.000000
vt 0.139153 0.517426
vt 0.000000 0.000000
vt 0.000000 0.000000
vt 0.139093 0.517526
vt 0.000000 0.000000
vt 0.139035 0.517627
vt 0.000000 0.000000
vt 0.138978 0.517729
vt 0.000000 0.000000
vt 0.138922 0.517831
vt 0.000000 0.000000
vt 0.138868 0.517935
vt 0.000000 0.000000
vt 0.138815 0.518040
vt 0.138763 0.518144
vt 0.000000 0.000000
vt 0.000000 0.000000
vt 0.138712 0.518249
vt 0.000000 0.000000
vt 0.138663 0.518356
vt 0.000000 0.000000
vt 0.138615 0.518462
vt 0.000000 0.000000
vt 0.138568 0.518569
vt 0.138523 0.518677
vt 0.000000 0.000000
vt 0.000000 0.000000
vt 0.138479 0.518785
vt 0.138436 0.518894
vt 0.000000 0.000000
vt 0.138395 0.519004
vt 0.000000 0.000000
vt 0.138355 0.519113
vt 0.000000 0.000000
vt 0.000000 0.000000
vt 0.138316 0.519223
vt 0.000000 0.000000
vt 0.138278 0.519334
vt 0.000000 0.000000
vt 0.138243 0.519445
vt 0.000000 0.000000
vt 0.138208 0.519557
vt 0.000000 0.000000
vt 0.138175 0.519669
vt 0.000000 0.000000
vt 0.138143 0.519782
vt 0.000000 0.000000
vt 0.138112 0.519894
vt 0.138083 0.520007
vt 0.000000 0.000000
vt 0.138055 0.520121
vt 0.000000 0.000000
vt 0.000000 0.000000
vt 0.138029 0.520235
vt 0.000000 0.000000
vt 0.138004 0.520350
vt 0.000000 0.000000
vt 0.137981 0.520464
vt 0.000000 0.000000
vt 0.137959 0.520579
vt 0.000000 0.000000
vt 0.137938 0.520693
vt 0.000000 0.000000
vt 0.137919 0.520809
vt 0.000000 0.000000
vt 0.137901 0.520924
vt 0.000000 0.000000
vt 0.137885 0.521040
vt 0.137869 0.521156
vt 0.000000 0.000000
vt 0.137856 0.521272
vt 0.137844 0.521388
vt 0.137833 0.521505
vt 0.137824 0.521621
vt 0.137816 0.521737
vt 0.137809 0.521854
vt 0.137804 0.521971
vt 0.137801 0.522088
vt 0.137799 0.522205
vt 0.137798 0.522361
vt 0.362203 0.522361
vt 0.362201 0.522205
vt 0.362199 0.522088
vt 0.362195 0.521971
vt 0.362191 0.521854
vt 0.362184 0.521737
vt 0.362176 0.521621
vt 0.362167 0.521505
vt 0.362157 0.521388
vt 0.362144 0.521272
vt 0.362130 0.521155
vt 0.362116 0.521040
vt 0.362099 0.520924
vt 0.362081 0.520808
vt 0.362062 0.520693
vt 0.362041 0.520579
vt 0.362019 0.520464
vt 0.361996 0.520349
vt 0.361970 0.520235
vt 0.361944 0.520120
vt 0.361917 0.520007
vt 0.361888 0.519895
vt 0.361857 0.519782
vt 0.361826 0.519669
vt 0.361792 0.519557
vt 0.361758 0.519446
vt 0.361722 0.519334
vt 0.361684 0.519224
vt 0.361646 0.519113
vt 0.361606 0.519004
vt 0.361564 0.518895
vt 0.361521 0.518785
vt 0.361477 0.518677
vt 0.361431 0.518569
vt 0.361385 0.518462
vt 0.361337 0.518356
vt 0.361288 0.518250
vt 0.361237 0.518144
vt 0.361185 0.518039
vt 0.361132 0.517935
vt 0.361077 0.517831
vt 0.361022 0.517729
vt 0.360965 0.517627
vt 0.360907 0.517526
vt 0.360848 0.517426
vt 0.360786 0.517325
vt 0.360725 0.517226
vt 0.360661 0.517128
vt 0.360597 0.517030
vt 0.360532 0.516933
vt 0.360465 0.516837
vt 0.360397 0.516742
vt 0.360328 0.516648
vt 0.360258 0.516555
vt 0.360186 0.516462
vt 0.360114 0.516370
vt 0.360040 0.516279
vt 0.359965 0.516190
vt 0.359890 0.516101
vt 0.359813 0.516013
vt 0.359735 0.515926
vt 0.359656 0.515840
vt 0.359575 0.515755
vt 0.359495 0.515670
vt 0.359413 0.515587
vt 0.359329 0.515505
vt 0.359245 0.515424
vt 0.359160 0.515344
vt 0.359074 0.515265
vt 0.358987 0.515187
vt 0.358899 0.515110
vt 0.358810 0.515035
vt 0.358720 0.514960
vt 0.358629 0.514886
vt 0.358538 0.514814
vt 0.358445 0.514742
vt 0.358352 0.514672
vt 0.358257 0.514603
vt 0.358162 0.514535
vt 0.358066 0.514468
vt 0.357970 0.514402
vt 0.357872 0.514338
vt 0.357774 0.514275
vt 0.357675 0.514214
vt 0.357575 0.514153
vt 0.357474 0.514093
vt 0.357373 0.514035
vt 0.357271 0.513978
vt 0.357168 0.513922
vt 0.357064 0.513867
vt 0.356960 0.513814
vt 0.356856 0.513763
vt 0.356750 0.513712
vt 0.356644 0.513663
vt 0.356538 0.513615
vt 0.356431 0.513568
vt 0.356323 0.513523
vt 0.356215 0.513479
vt 0.356106 0.513436
vt 0.355997 0.513394
vt 0.355887 0.513354
vt 0.355777 0.513316
vt 0.355666 0.513278
vt 0.355555 0.513243
vt 0.355443 0.513208
vt 0.355331 0.513175
vt 0.355218 0.513143
vt 0.355106 0.513112
vt 0.354993 0.513083
vt 0.354879 0.513056
vt 0.354766 0.513029
vt 0.354651 0.513004
vt 0.354536 0.512981
vt 0.354422 0.512959
vt 0.354307 0.512938
vt 0.354192 0.512919
vt 0.354076 0.512901
vt 0.353960 0.512885
vt 0.353844 0.512869
vt 0.353728 0.512855
vt 0.353612 0.512843
vt 0.353496 0.512833
vt 0.353379 0.512824
vt 0.353263 0.512816
vt 0.353145 0.512809
vt 0.353029 0.512804
vt 0.352912 0.512801
vt 0.352796 0.512799
vt 0.352639 0.512798
vt 0.352639 0.737203
vt 0.352796 0.737202
vt 0.352912 0.737199
vt 0.353029 0.737195
vt 0.353146 0.737190
vt 0.353262 0.737184
vt 0.353379 0.737176
vt 0.353496 0.737168
vt 0.353612 0.737157
vt 0.353728 0.737144
vt 0.353844 0.737130
vt 0.353961 0.737116
vt 0.354076 0.737099
vt 0.354192 0.737081
vt 0.354307 0.737062
vt 0.354421 0.737041
vt 0.354537 0.737019
vt 0.354651 0.736996
vt 0.354766 0.736971
vt 0.354879 0.736944
vt 0.354992 0.736917
vt 0.355106 0.736888
vt 0.355219 0.736858
vt 0.355331 0.736825
vt 0.355443 0.736792
vt 0.355555 0.736757
vt 0.355666 0.736721
vt 0.355777 0.736684
vt 0.355887 0.736645
vt 0.355997 0.736606
vt 0.356106 0.736564
vt 0.356215 0.736522
vt 0.356323 0.736477
vt 0.356431 0.736432
vt 0.356538 0.736385
vt 0.356644 0.736338
vt 0.356750 0.736287
vt 0.356856 0.736237
vt 0.356960 0.736185
vt 0.357065 0.736132
vt 0.357168 0.736077
vt 0.357270 0.736022
vt 0.357373 0.735965
vt 0.357474 0.735907
vt 0.357575 0.735848
vt 0.357675 0.735787
vt 0.357774 0.735725
vt 0.357872 0.735661
vt 0.357970 0.735597
vt 0.358066 0.735531
vt 0.358162 0.735465
vt 0.358257 0.735397
vt 0.358352 0.735328
vt 0.358446 0.735258
vt 0.358538 0.735186
vt 0.358630 0.735114
vt 0.358720 0.735040
vt 0.358810 0.734966
vt 0.358899 0.734890
vt 0.358987 0.734813
vt 0.359074 0.734735
vt 0.359160 0.734656
vt 0.359245 0.734576
vt 0.359329 0.734495
vt 0.359413 0.734413
vt 0.359495 0.734329
vt 0.359576 0.734245
vt 0.359656 0.734160
vt 0.359735 0.734074
vt 0.359813 0.733987
vt 0.359890 0.733899
vt 0.359966 0.733810
vt 0.360041 0.733721
vt 0.360114 0.733630
vt 0.360186 0.733538
vt 0.360258 0.733446
vt 0.360328 0.733352
vt 0.360397 0.733258
vt 0.360465 0.733163
vt 0.360532 0.733066
vt 0.360597 0.732969
vt 0.360662 0.732872
vt 0.360725 0.732773
vt 0.360786 0.732675
vt 0.360847 0.732575
vt 0.360907 0.732474
vt 0.360965 0.732373
vt 0.361022 0.732271
vt 0.361077 0.732167
vt 0.361132 0.732064
vt 0.361185 0.731960
vt 0.361237 0.731856
vt 0.361287 0.731750
vt 0.361337 0.731645
vt 0.361385 0.731538
vt 0.361432 0.731431
vt 0.361477 0.731323
vt 0.361521 0.731215
vt 0.361564 0.731106
vt 0.361605 0.730996
vt 0.361645 0.730887
vt 0.361684 0.730776
vt 0.361721 0.730666
vt 0.361757 0.730555
vt 0.361792 0.730443
vt 0.361826 0.730332
vt 0.361857 0.730218
vt 0.361888 0.730106
vt 0.361917 0.729993
vt 0.361945 0.729879
vt 0.361971 0.729766
vt 0.361996 0.729652
vt 0.362020 0.729537
vt 0.362042 0.729422
vt 0.362062 0.729307
vt 0.362081 0.729192
vt 0.362099 0.729076
vt 0.328869 0.526786
vt 0.000000 0.000000
vt 0.362116 0.728961
vt 0.328394 0.526791
vt 0.000000 0.000000
vt 0.362130 0.728844
vt 0.327920 0.526809
vt 0.000000 0.000000
vt 0.362144 0.728728
vt 0.362156 0.728612
vt 0.327446 0.526838
vt 0.000000 0.000000
vt 0.326973 0.526878
vt 0.000000 0.000000
vt 0.362167 0.728496
vt 0.326501 0.526931
vt 0.000000 0.000000
vt 0.362176 0.728379
vt 0.362184 0.728263
vt 0.326031 0.526994
vt 0.000000 0.000000
vt 0.362191 0.728145
vt 0.325562 0.527071
vt 0.000000 0.000000
vt 0.362196 0.728029
vt 0.325095 0.527157
vt 0.000000 0.000000
vt 0.362199 0.727912
vt 0.324631 0.527256
vt 0.000000 0.000000
vt 0.362201 0.727796
vt 0.324169 0.527366
vt 0.000000 0.000000
vt 0.362202 0.727639
vt 0.323709 0.527486
vt 0.000000 0.000000
vt 0.147048 0.749998
vt 0.323254 0.527618
vt 0.000000 0.000000
vt 0.322801 0.527762
vt 0.000000 0.000000
vt 0.147321 0.750000
vt 0.146774 0.749993
vt 0.322352 0.527917
vt 0.000000 0.000000
vt 0.146500 0.749985
vt 0.321907 0.528082
vt 0.000000 0.000000
vt 0.146226 0.749973
vt 0.321466 0.528258
vt 0.000000 0.000000
vt 0.321029 0.528445
vt 0.000000 0.000000
vt 0.145953 0.749958
vt 0.145679 0.749940
vt 0.320598 0.528643
vt 0.000000 0.000000
vt 0.145406 0.749918
vt 0.320172 0.528852
vt 0.000000 0.000000
vt 0.145134 0.749893
vt 0.319750 0.529070
vt 0.000000 0.000000
vt 0.144861 0.749864
vt 0.319334 0.529298
vt 0.000000 0.000000
vt 0.144589 0.749832
vt 0.318924 0.529538
vt 0.000000 0.000000
vt 0.318519 0.529787
vt 0.000000 0.000000
vt 0.144317 0.749797
vt 0.318122 0.530046
vt 0.000000 0.000000
vt 0.144046 0.749758
vt 0.317730 0.530314
vt 0.000000 0.000000
vt 0.143775 0.749717
vt 0.143505 0.749671
vt 0.317345 0.530592
vt 0.000000 0.000000
vt 0.316967 0.530880
vt 0.000000 0.000000
vt 0.143236 0.749623
vt 0.316597 0.531177
vt 0.000000 0.000000
vt 0.142967 0.749571
vt 0.316233 0.531482
vt 0.000000 0.000000
vt 0.142698 0.749516
vt 0.315878 0.531797
vt 0.000000 0.000000
vt 0.142431 0.749458
vt 0.315530 0.532121
vt 0.000000 0.000000
vt 0.142164 0.749396
vt 0.315190 0.532453
vt 0.000000 0.000000
vt 0.141898 0.749331
vt 0.141632 0.749263
vt 0.314859 0.532792
vt 0.000000 0.000000
vt 0.141368 0.749191
vt 0.314535 0.533139
vt 0.000000 0.000000
vt 0.141104 0.749117
vt 0.314221 0.533495
vt 0.000000 0.000000
vt 0.140842 0.749039
vt 0.313915 0.533858
vt 0.000000 0.000000
vt 0.140580 0.748958
vt 0.313619 0.534229
vt 0.000000 0.000000
vt 0.313331 0.534607
vt 0.000000 0.000000
vt 0.140320 0.748873
vt 0.313053 0.534992
vt 0.000000 0.000000
vt 0.140060 0.748786
vt 0.312785 0.535383
vt 0.000000 0.000000
vt 0.139802 0.748695
vt 0.312525 0.535781
vt 0.000000 0.000000
vt 0.139544 0.748601
vt 0.312276 0.536185
vt 0.000000 0.000000
vt 0.139288 0.748504
vt 0.139033 0.748404
vt 0.312037 0.536596
vt 0.000000 0.000000
vt 0.138779 0.748301
vt 0.311808 0.537011
vt 0.000000 0.000000
vt 0.311590 0.537433
vt 0.000000 0.000000
vt 0.138527 0.748195
vt 0.138276 0.748085
vt 0.311381 0.537859
vt 0.000000 0.000000
vt 0.138026 0.747973
vt 0.311184 0.538292
vt 0.000000 0.000000
vt 0.310997 0.538728
vt 0.000000 0.000000
vt 0.137778 0.747857
vt 0.137531 0.747738
vt 0.310820 0.539168
vt 0.000000 0.000000
vt 0.310655 0.539613
vt 0.000000 0.000000
vt 0.137285 0.747617
vt 0.137042 0.747492
vt 0.310500 0.540063
vt 0.000000 0.000000
vt 0.136799 0.747364
vt 0.310357 0.540515
vt 0.000000 0.000000
vt 0.136558 0.747234
vt 0.310225 0.540971
vt 0.000000 0.000000
vt 0.136319 0.747100
vt 0.310104 0.541430
vt 0.000000 0.000000
vt 0.136082 0.746964
vt 0.309994 0.541892
vt 0.000000 0.000000
vt 0.135846 0.746824
vt 0.309896 0.542357
vt 0.000000 0.000000
vt 0.309809 0.542824
vt 0.000000 0.000000
vt 0.135612 0.746682
vt 0.135380 0.746537
vt 0.309733 0.543292
vt 0.000000 0.000000
vt 0.135149 0.746389
vt 0.309669 0.543763
vt 0.000000 0.000000
vt 0.134920 0.746238
vt 0.309617 0.544235
vt 0.000000 0.000000
vt 0.134693 0.746085
vt 0.309576 0.544708
vt 0.000000 0.000000
vt 0.134469 0.745928
vt 0.309547 0.545181
vt 0.000000 0.000000
vt 0.134246 0.745769
vt 0.309529 0.545656
vt 0.000000 0.000000
vt 0.309524 0.546131
vt 0.000000 0.000000
vt 0.134025 0.745607
vt 0.309530 0.546606
vt 0.000000 0.000000
vt 0.133806 0.745443
vt 0.133589 0.745276
vt 0.309547 0.547080
vt 0.000000 0.000000
vt 0.133374 0.745106
vt 0.309576 0.547554
vt 0.000000 0.000000
vt 0.309617 0.548027
vt 0.000000 0.000000
vt 0.133161 0.744933
vt 0.309670 0.548499
vt 0.000000 0.000000
vt 0.132950 0.744758
vt 0.309733 0.548969
vt 0.000000 0.000000
vt 0.132742 0.744581
vt 0.309809 0.549438
vt 0.000000 0.000000
vt 0.132535 0.744400
vt 0.309896 0.549905
vt 0.000000 0.000000
vt 0.132331 0.744218
vt 0.309994 0.550369
vt 0.000000 0.000000
vt 0.132129 0.744032
vt 0.310103 0.550831
vt 0.000000 0.000000
vt 0.131930 0.743845
vt 0.310225 0.551291
vt 0.000000 0.000000
vt 0.131733 0.743655
vt 0.310357 0.551747
vt 0.000000 0.000000
vt 0.131538 0.743462
vt 0.131345 0.743267
vt 0.310500 0.552199
vt 0.000000 0.000000
vt 0.131155 0.743070
vt 0.310654 0.552647
vt 0.000000 0.000000
vt 0.310820 0.553093
vt 0.000000 0.000000
vt 0.130968 0.742871
vt 0.130782 0.742669
vt 0.310996 0.553534
vt 0.000000 0.000000
vt 0.311184 0.553970
vt 0.000000 0.000000
vt 0.130600 0.742465
vt 0.311381 0.554402
vt 0.000000 0.000000
vt 0.130419 0.742258
vt 0.311590 0.554828
vt 0.000000 0.000000
vt 0.130242 0.742050
vt 0.311808 0.555250
vt 0.000000 0.000000
vt 0.130067 0.741839
vt 0.312037 0.555666
vt 0.000000 0.000000
vt 0.129894 0.741626
vt 0.129724 0.741411
vt 0.312277 0.556076
vt 0.000000 0.000000
vt 0.129557 0.741194
vt 0.312525 0.556480
vt 0.000000 0.000000
vt 0.312784 0.556878
vt 0.000000 0.000000
vt 0.129393 0.740975
vt 0.129231 0.740754
vt 0.313053 0.557270
vt 0.000000 0.000000
vt 0.129072 0.740531
vt 0.313331 0.557655
vt 0.000000 0.000000
vt 0.313619 0.558033
vt 0.000000 0.000000
vt 0.128915 0.740306
vt 0.128762 0.740080
vt 0.313915 0.558403
vt 0.000000 0.000000
vt 0.314221 0.558767
vt 0.000000 0.000000
vt 0.128611 0.739851
vt 0.314535 0.559122
vt 0.000000 0.000000
vt 0.128463 0.739621
vt 0.314859 0.559471
vt 0.000000 0.000000
vt 0.128318 0.739388
vt 0.315190 0.559811
vt 0.000000 0.000000
vt 0.128176 0.739154
vt 0.315530 0.560141
vt 0.000000 0.000000
vt 0.128036 0.738918
vt 0.315878 0.560465
vt 0.000000 0.000000
vt 0.127900 0.738681
vt 0.127766 0.738442
vt 0.316234 0.560779
vt 0.000000 0.000000
vt 0.316597 0.561085
vt 0.000000 0.000000
vt 0.127636 0.738201
vt 0.316967 0.561382
vt 0.000000 0.000000
vt 0.127508 0.737958
vt 0.127383 0.737715
vt 0.317346 0.561670
vt 0.000000 0.000000
vt 0.127262 0.737469
vt 0.317730 0.561948
vt 0.000000 0.000000
vt 0.318121 0.562215
vt 0.000000 0.000000
vt 0.127143 0.737222
vt 0.318519 0.562475
vt 0.000000 0.000000
vt 0.127028 0.736974
vt 0.318924 0.562724
vt 0.000000 0.000000
vt 0.126915 0.736724
vt 0.319334 0.562963
vt 0.000000 0.000000
vt 0.126805 0.736473
vt 0.319750 0.563192
vt 0.000000 0.000000
vt 0.126699 0.736221
vt 0.320171 0.563410
vt 0.000000 0.000000
vt 0.126596 0.735967
vt 0.126496 0.735712
vt 0.320598 0.563619
vt 0.000000 0.000000
vt 0.126399 0.735456
vt 0.321030 0.563817
vt 0.000000 0.000000
vt 0.126305 0.735198
vt 0.321466 0.564004
vt 0.000000 0.000000
vt 0.321907 0.564180
vt 0.000000 0.000000
vt 0.126214 0.734940
vt 0.322352 0.564345
vt 0.000000 0.000000
vt 0.126127 0.734680
vt 0.126042 0.734420
vt 0.322801 0.564499
vt 0.000000 0.000000
vt 0.323254 0.564643
vt 0.000000 0.000000
vt 0.125961 0.734158
vt 0.323710 0.564775
vt 0.000000 0.000000
vt 0.125883 0.733896
vt 0.324168 0.564895
vt 0.000000 0.000000
vt 0.125809 0.733632
vt 0.324631 0.565006
vt 0.000000 0.000000
vt 0.125737 0.733368
vt 0.325095 0.565105
vt 0.000000 0.000000
vt 0.125669 0.733102
vt 0.325562 0.565191
vt 0.000000 0.000000
vt 0.125604 0.732836
vt 0.326031 0.565266
vt 0.000000 0.000000
vt 0.125542 0.732569
vt 0.326501 0.565331
vt 0.000000 0.000000
vt 0.125484 0.732302
vt 0.125429 0.732033
vt 0.326973 0.565383
vt 0.000000 0.000000
vt 0.327446 0.565423
vt 0.000000 0.000000
vt 0.125377 0.731764
vt 0.327920 0.565453
vt 0.000000 0.000000
vt 0.125329 0.731495
vt 0.328394 0.565470
vt 0.000000 0.000000
vt 0.125283 0.731224
vt 0.328869 0.565476
vt 0.000000 0.000000
vt 0.125242 0.730954
vt 0.329344 0.565470
vt 0.000000 0.000000
vt 0.125203 0.730683
vt 0.329818 0.565452
vt 0.000000 0.000000
vt 0.125168 0.730411
vt 0.330292 0.565424
vt 0.000000 0.000000
vt 0.125136 0.730139
vt 0.330765 0.565383
vt 0.000000 0.000000
vt 0.125107 0.729866
vt 0.331237 0.565330
vt 0.000000 0.000000
vt 0.125082 0.729594
vt 0.331708 0.565267
vt 0.000000 0.000000
vt 0.125060 0.729321
vt 0.332176 0.565191
vt 0.000000 0.000000
vt 0.125042 0.729047
vt 0.332643 0.565104
vt 0.000000 0.000000
vt 0.125027 0.728774
vt 0.333108 0.565006
vt 0.000000 0.000000
vt 0.125015 0.728500
vt 0.333570 0.564896
vt 0.000000 0.000000
vt 0.125007 0.728226
vt 0.334029 0.564775
vt 0.000000 0.000000
vt 0.125002 0.727952
vt 0.334485 0.564643
vt 0.000000 0.000000
vt 0.125000 0.727679
vt 0.147321 0.500000
vt 0.334938 0.564500
vt 0.000000 0.000000
vt 0.335386 0.564345
vt 0.000000 0.000000
vt 0.147048 0.500002
vt 0.335832 0.564180
vt 0.000000 0.000000
vt 0.146774 0.500007
vt 0.336272 0.564003
vt 0.000000 0.000000
vt 0.146500 0.500015
vt 0.146226 0.500027
vt 0.336709 0.563817
vt 0.000000 0.000000
vt 0.145953 0.500042
vt 0.337140 0.563619
vt 0.000000 0.000000
vt 0.145679 0.500060
vt 0.337567 0.563411
vt 0.000000 0.000000
vt 0.145406 0.500082
vt 0.337988 0.563191
vt 0.000000 0.000000
vt 0.145134 0.500107
vt 0.338404 0.562963
vt 0.000000 0.000000
vt 0.144861 0.500136
vt 0.338815 0.562724
vt 0.000000 0.000000
vt 0.144589 0.500168
vt 0.339219 0.562474
vt 0.000000 0.000000
vt 0.144317 0.500203
vt 0.339617 0.562216
vt 0.000000 0.000000
vt 0.144046 0.500242
vt 0.340009 0.561947
vt 0.000000 0.000000
vt 0.143775 0.500283
vt 0.340393 0.561669
vt 0.000000 0.000000
vt 0.143505 0.500329
vt 0.340771 0.561381
vt 0.000000 0.000000
vt 0.143236 0.500377
vt 0.341142 0.561085
vt 0.000000 0.000000
vt 0.142967 0.500429
vt 0.341505 0.560779
vt 0.000000 0.000000
vt 0.341861 0.560465
vt 0.000000 0.000000
vt 0.142698 0.500484
vt 0.342209 0.560142
vt 0.000000 0.000000
vt 0.142431 0.500542
vt 0.342548 0.559811
vt 0.000000 0.000000
vt 0.142164 0.500604
vt 0.342880 0.559471
vt 0.000000 0.000000
vt 0.141898 0.500669
vt 0.343203 0.559121
vt 0.000000 0.000000
vt 0.141632 0.500737
vt 0.343518 0.558767
vt 0.000000 0.000000
vt 0.141368 0.500809
vt 0.141104 0.500883
vt 0.343823 0.558403
vt 0.000000 0.000000
vt 0.344120 0.558032
vt 0.000000 0.000000
vt 0.140842 0.500961
vt 0.344408 0.557655
vt 0.000000 0.000000
vt 0.140580 0.501042
vt 0.344685 0.557269
vt 0.000000 0.000000
vt 0.140320 0.501127
vt 0.344955 0.556879
vt 0.000000 0.000000
vt 0.140060 0.501214
vt 0.345213 0.556480
vt 0.000000 0.000000
vt 0.139802 0.501305
vt 0.345462 0.556076
vt 0.000000 0.000000
vt 0.139544 0.501399
vt 0.345701 0.555666
vt 0.000000 0.000000
vt 0.139288 0.501496
vt 0.345930 0.555250
vt 0.000000 0.000000
vt 0.139033 0.501596
vt 0.346149 0.554829
vt 0.000000 0.000000
vt 0.138779 0.501699
vt 0.138527 0.501805
vt 0.346358 0.554402
vt 0.000000 0.000000
vt 0.138276 0.501915
vt 0.346555 0.553971
vt 0.000000 0.000000
vt 0.138026 0.502028
vt 0.346742 0.553534
vt 0.000000 0.000000
vt 0.346918 0.553093
vt 0.000000 0.000000
vt 0.137778 0.502143
vt 0.137531 0.502262
vt 0.347083 0.552648
vt 0.000000 0.000000
vt 0.137285 0.502383
vt 0.347238 0.552198
vt 0.000000 0.000000
vt 0.137042 0.502508
vt 0.347381 0.551746
vt 0.000000 0.000000
vt 0.136799 0.502636
vt 0.347514 0.551291
vt 0.000000 0.000000
vt 0.347634 0.550831
vt 0.000000 0.000000
vt 0.136558 0.502766
vt 0.347744 0.550370
vt 0.000000 0.000000
vt 0.136319 0.502900
vt 0.347843 0.549904
vt 0.000000 0.000000
vt 0.136082 0.503036
vt 0.347930 0.549438
vt 0.000000 0.000000
vt 0.135846 0.503176
vt 0.348006 0.548969
vt 0.000000 0.000000
vt 0.135612 0.503318
vt 0.348069 0.548499
vt 0.000000 0.000000
vt 0.135380 0.503463
vt 0.348121 0.548027
vt 0.000000 0.000000
vt 0.135149 0.503611
vt 0.348162 0.547553
vt 0.000000 0.000000
vt 0.134920 0.503762
vt 0.348191 0.547080
vt 0.000000 0.000000
vt 0.134693 0.503915
vt 0.348209 0.546606
vt 0.000000 0.000000
vt 0.134469 0.504072
vt 0.134246 0.504231
vt 0.348215 0.546131
vt 0.000000 0.000000
vt 0.348209 0.545656
vt 0.000000 0.000000
vt 0.134025 0.504393
vt 0.348191 0.545181
vt 0.000000 0.000000
vt 0.133806 0.504557
vt 0.348162 0.544708
vt 0.000000 0.000000
vt 0.133589 0.504724
vt 0.348121 0.544234
vt 0.000000 0.000000
vt 0.133374 0.504894
vt 0.348069 0.543763
vt 0.000000 0.000000
vt 0.133161 0.505067
vt 0.348005 0.543292
vt 0.000000 0.000000
vt 0.132950 0.505242
vt 0.347930 0.542823
vt 0.000000 0.000000
vt 0.132742 0.505419
vt 0.132535 0.505600
vt 0.347842 0.542356
vt 0.000000 0.000000
vt 0.132331 0.505782
vt 0.347744 0.541892
vt 0.000000 0.000000
vt 0.132129 0.505968
vt 0.347635 0.541430
vt 0.000000 0.000000
vt 0.131930 0.506155
vt 0.347514 0.540971
vt 0.000000 0.000000
vt 0.347382 0.540516
vt 0.000000 0.000000
vt 0.131733 0.506345
vt 0.131538 0.506538
vt 0.347239 0.540064
vt 0.000000 0.000000
vt 0.347084 0.539614
vt 0.000000 0.000000
vt 0.131345 0.506733
vt 0.131155 0.506930
vt 0.346918 0.539169
vt 0.000000 0.000000
vt 0.346742 0.538727
vt 0.000000 0.000000
vt 0.130968 0.507129
vt 0.346555 0.538291
vt 0.000000 0.000000
vt 0.130782 0.507331
vt 0.130600 0.507535
vt 0.346357 0.537859
vt 0.000000 0.000000
vt 0.346148 0.537433
vt 0.000000 0.000000
vt 0.130419 0.507742
vt 0.130242 0.507950
vt 0.345930 0.537012
vt 0.000000 0.000000
vt 0.130067 0.508161
vt 0.345701 0.536595
vt 0.000000 0.000000
vt 0.129894 0.508374
vt 0.345462 0.536185
vt 0.000000 0.000000
vt 0.345213 0.535781
vt 0.000000 0.000000
vt 0.129724 0.508589
vt 0.129557 0.508806
vt 0.344954 0.535383
vt 0.000000 0.000000
vt 0.129393 0.509025
vt 0.344685 0.534992
vt 0.000000 0.000000
vt 0.129231 0.509246
vt 0.344408 0.534607
vt 0.000000 0.000000
vt 0.129072 0.509469
vt 0.344120 0.534229
vt 0.000000 0.000000
vt 0.343823 0.533858
vt 0.000000 0.000000
vt 0.128915 0.509694
vt 0.343517 0.533495
vt 0.000000 0.000000
vt 0.128762 0.509920
vt 0.343203 0.533139
vt 0.000000 0.000000
vt 0.128611 0.510149
vt 0.342880 0.532792
vt 0.000000 0.000000
vt 0.128463 0.510379
vt 0.342548 0.532451
vt 0.000000 0.000000
vt 0.128318 0.510612
vt 0.342209 0.532120
vt 0.000000 0.000000
vt 0.128176 0.510846
vt 0.341861 0.531796
vt 0.000000 0.000000
vt 0.128036 0.511082
vt 0.341505 0.531482
vt 0.000000 0.000000
vt 0.127900 0.511319
vt 0.341142 0.531177
vt 0.000000 0.000000
vt 0.127766 0.511558
vt 0.127636 0.511799
vt 0.340771 0.530881
vt 0.000000 0.000000
vt 0.340393 0.530593
vt 0.000000 0.000000
vt 0.127508 0.512042
vt 0.340008 0.530315
vt 0.000000 0.000000
vt 0.127383 0.512285
vt 0.339617 0.530046
vt 0.000000 0.000000
vt 0.127262 0.512531
vt 0.339219 0.529787
vt 0.000000 0.000000
vt 0.127143 0.512778
vt 0.338815 0.529538
vt 0.000000 0.000000
vt 0.127028 0.513026
vt 0.338405 0.529299
vt 0.000000 0.000000
vt 0.126915 0.513276
vt 0.337989 0.529070
vt 0.000000 0.000000
vt 0.126805 0.513527
vt 0.337567 0.528852
vt 0.000000 0.000000
vt 0.126699 0.513779
vt 0.337140 0.528643
vt 0.000000 0.000000
vt 0.126596 0.514033
vt 0.336709 0.528445
vt 0.000000 0.000000
vt 0.126496 0.514288
vt 0.336272 0.528258
vt 0.000000 0.000000
vt 0.126399 0.514544
vt 0.335832 0.528082
vt 0.000000 0.000000
vt 0.126305 0.514802
vt 0.335387 0.527917
vt 0.000000 0.000000
vt 0.126214 0.515060
vt 0.334938 0.527763
vt 0.000000 0.000000
vt 0.126127 0.515320
vt 0.334485 0.527618
vt 0.000000 0.000000
vt 0.126042 0.515580
vt 0.334029 0.527486
vt 0.000000 0.000000
vt 0.125961 0.515842
vt 0.333570 0.527364
vt 0.000000 0.000000
vt 0.125883 0.516104
vt 0.333108 0.527255
vt 0.000000 0.000000
vt 0.125809 0.516368
vt 0.332643 0.527157
vt 0.000000 0.000000
vt 0.125737 0.516632
vt 0.332177 0.527070
vt 0.000000 0.000000
vt 0.125669 0.516898
vt 0.331708 0.526994
vt 0.000000 0.000000
vt 0.125604 0.517164
vt 0.331238 0.526931
vt 0.000000 0.000000
vt 0.125542 0.517431
vt 0.125484 0.517698
vt 0.330766 0.526879
vt 0.000000 0.000000
vt 0.330293 0.526838
vt 0.000000 0.000000
vt 0.125429 0.517967
vt 0.329819 0.526809
vt 0.000000 0.000000
vt 0.125377 0.518236
vt 0.125329 0.518505
vt 0.329344 0.526792
vt 0.000000 0.000000
vt 0.000000 0.000000
vt 0.125283 0.518775
vt 0.000000 0.000000
vt 0.125242 0.519046
vt 0.000000 0.000000
vt 0.125203 0.519317
vt 0.000000 0.000000
vt 0.125168 0.519589
vt 0.000000 0.000000
vt 0.125136 0.519861
vt 0.125107 0.520134
vt 0.000000 0.000000
vt 0.125082 0.520406
vt 0.000000 0.000000
vt 0.125060 0.520679
vt 0.000000 0.000000
vt 0.000000 0.000000
vt 0.125042 0.520953
vt 0.000000 0.000000
vt 0.125027 0.521226
vt 0.000000 0.000000
vt 0.125015 0.521500
vt 0.000000 0.000000
vt 0.125007 0.521774
vt 0.000000 0.000000
vt 0.125002 0.522047
vt 0.000000 0.000000
vt 0.125000 0.522321
vt 0.375000 0.522321
vt 0.000000 0.000000
vt 0.374998 0.522048
vt 0.000000 0.000000
vt 0.374993 0.521774
vt 0.000000 0.000000
vt 0.374985 0.521500
vt 0.000000 0.000000
vt 0.000000 0.000000
vt 0.374973 0.521226
vt 0.000000 0.000000
vt 0.374958 0.520953
vt 0.000000 0.000000
vt 0.374940 0.520679
vt 0.374918 0.520406
vt 0.000000 0.000000
vt 0.000000 0.000000
vt 0.374893 0.520134
vt 0.374864 0.519861
vt 0.000000 0.000000
vt 0.000000 0.000000
vt 0.374832 0.519589
vt 0.000000 0.000000
vt 0.374797 0.519317
vt 0.000000 0.000000
vt 0.374758 0.519046
vt 0.000000 0.000000
vt 0.374717 0.518775
vt 0.000000 0.000000
vt 0.374671 0.518505
vt 0.000000 0.000000
vt 0.374623 0.518236
vt 0.000000 0.000000
vt 0.374571 0.517967
vt 0.000000 0.000000
vt 0.374516 0.517698
vt 0.000000 0.000000
vt 0.374458 0.517431
vt 0.000000 0.000000
vt 0.374396 0.517164
vt 0.000000 0.000000
vt 0.374331 0.516898
vt 0.000000 0.000000
vt 0.374263 0.516632
vt 0.374191 0.516368
vt 0.000000 0.000000
vt 0.000000 0.000000
vt 0.374117 0.516104
vt 0.374039 0.515842
vt 0.000000 0.000000
vt 0.373958 0.515580
vt 0.000000 0.000000
vt 0.373873 0.515320
vt 0.000000 0.000000
vt 0.000000 0.000000
vt 0.373786 0.515060
vt 0.373695 0.514802
vt 0.000000 0.000000
vt 0.373601 0.514544
vt 0.000000 0.000000
vt 0.373504 0.514288
vt 0.000000 0.000000
vt 0.373404 0.514033
vt 0.000000 0.000000
vt 0.373301 0.513779
vt 0.000000 0.000000
vt 0.373194 0.513527
vt 0.000000 0.000000
vt 0.373085 0.513276
vt 0.000000 0.000000
vt 0.372973 0.513026
vt 0.000000 0.000000
vt 0.372857 0.512778
vt 0.000000 0.000000
vt 0.372738 0.512531
vt 0.000000 0.000000
vt 0.000000 0.000000
vt 0.372617 0.512285
vt 0.000000 0.000000
vt 0.372492 0.512042
vt 0.000000 0.000000
vt 0.372364 0.511799
vt 0.000000 0.000000
vt 0.372234 0.511558
vt 0.000000 0.000000
vt 0.372100 0.511319
vt 0.371964 0.511082
vt 0.000000 0.000000
vt 0.000000 0.000000
vt 0.371824 0.510846
vt 0.000000 0.000000
vt 0.371682 0.510612
vt 0.371537 0.510379
vt 0.000000 0.000000
vt 0.371389 0.510149
vt 0.000000 0.000000
vt 0.371238 0.509920
vt 0.000000 0.000000
vt 0.371085 0.509694
vt 0.000000 0.000000
vt 0.370928 0.509469
vt 0.000000 0.000000
vt 0.370769 0.509246
vt 0.000000 0.000000
vt 0.370607 0.509025
vt 0.000000 0.000000
vt 0.370443 0.508806
vt 0.000000 0.000000
vt 0.370276 0.508589
vt 0.000000 0.000000
vt 0.370106 0.508374
vt 0.000000 0.000000
vt 0.000000 0.000000
vt 0.369933 0.508161
vt 0.369758 0.507950
vt 0.000000 0.000000
vt 0.369581 0.507742
vt 0.000000 0.000000
vt 0.369400 0.507535
vt 0.000000 0.000000
vt 0.369218 0.507331
vt 0.000000 0.000000
vt 0.000000 0.000000
vt 0.369032 0.507129
vt 0.000000 0.000000
vt 0.368845 0.506930
vt 0.000000 0.000000
vt 0.368655 0.506733
vt 0.000000 0.000000
vt 0.368462 0.506538
vt 0.000000 0.000000
vt 0.368267 0.506345
vt 0.000000 0.000000
vt 0.368070 0.506155
vt 0.000000 0.000000
vt 0.367871 0.505967
vt 0.000000 0.000000
vt 0.367669 0.505782
vt 0.367465 0.505600
vt 0.000000 0.000000
vt 0.367258 0.505419
vt 0.000000 0.000000
vt 0.367050 0.505242
vt 0.000000 0.000000
vt 0.366839 0.505067
vt 0.000000 0.000000
vt 0.366626 0.504894
vt 0.000000 0.000000
vt 0.366411 0.504724
vt 0.000000 0.000000
vt 0.366194 0.504557
vt 0.000000 0.000000
vt 0.365975 0.504393
vt 0.000000 0.000000
vt 0.365754 0.504231
vt 0.000000 0.000000
vt 0.365531 0.504072
vt 0.000000 0.000000
vt 0.000000 0.000000
vt 0.365307 0.503915
vt 0.000000 0.000000
vt 0.365080 0.503762
vt 0.000000 0.000000
vt 0.364851 0.503611
vt 0.000000 0.000000
vt 0.364620 0.503463
vt 0.000000 0.000000
vt 0.364388 0.503318
vt 0.000000 0.000000
vt 0.364154 0.503176
vt 0.363918 0.503036
vt 0.000000 0.000000
vt 0.363681 0.502900
vt 0.000000 0.000000
vt 0.000000 0.000000
vt 0.363442 0.502766
vt 0.000000 0.000000
vt 0.363201 0.502636
vt 0.000000 0.000000
vt 0.362958 0.502508
vt 0.000000 0.000000
vt 0.362715 0.502383
vt 0.000000 0.000000
vt 0.362469 0.502262
vt 0.000000 0.000000
vt 0.362222 0.502143
vt 0.361974 0.502028
vt 0.000000 0.000000
vt 0.000000 0.000000
vt 0.361724 0.501915
vt 0.000000 0.000000
vt 0.361473 0.501805
vt 0.361221 0.501699
vt 0.000000 0.000000
vt 0.360967 0.501596
vt 0.000000 0.000000
vt 0.360712 0.501496
vt 0.000000 0.000000
vt 0.360456 0.501399
vt 0.000000 0.000000
vt 0.360198 0.501305
vt 0.000000 0.000000
vt 0.359940 0.501214
vt 0.000000 0.000000
vt 0.359680 0.501127
vt 0.000000 0.000000
vt 0.000000 0.000000
vt 0.359420 0.501042
vt 0.359158 0.500961
vt 0.000000 0.000000
vt 0.358896 0.500883
vt 0.000000 0.000000
vt 0.000000 0.000000
vt 0.358632 0.500809
vt 0.000000 0.000000
vt 0.358368 0.500737
vt 0.000000 0.000000
vt 0.358102 0.500669
vt 0.000000 0.000000
vt 0.357836 0.500604
vt 0.357569 0.500542
vt 0.000000 0.000000
vt 0.000000 0.000000
vt 0.357302 0.500484
vt 0.000000 0.000000
vt 0.357033 0.500429
vt 0.000000 0.000000
vt 0.356764 0.500377
vt 0.356495 0.500329
vt 0.000000 0.000000
vt 0.356225 0.500283
vt 0.000000 0.000000
vt 0.355954 0.500242
vt 0.000000 0.000000
vt 0.355683 0.500203
vt 0.000000 0.000000
vt 0.355411 0.500168
vt 0.000000 0.000000
vt 0.355139 0.500136
vt 0.000000 0.000000
vt 0.354866 0.500107
vt 0.000000 0.000000
vt 0.354594 0.500082
vt 0.000000 0.000000
vt 0.000000 0.000000
vt 0.354321 0.500060
vt 0.000000 0.000000
vt 0.354047 0.500042
vt 0.000000 0.000000
vt 0.353774 0.500027
vt 0.000000 0.000000
vt 0.353500 0.500015
vt 0.000000 0.000000
vt 0.353226 0.500007
vt 0.000000 0.000000
vt 0.352952 0.500002
vt 0.352679 0.500000
vt 0.000000 0.000000
vt 0.352679 0.750000
vt 0.000000 0.000000
vt 0.352952 0.749998
vt 0.000000 0.000000
vt 0.353226 0.749993
vt 0.000000 0.000000
vt 0.353500 0.749985
vt 0.000000 0.000000
vt 0.353774 0.749973
vt 0.000000 0.000000
vt 0.000000 0.000000
vt 0.354047 0.749958
vt 0.000000 0.000000
vt 0.354321 0.749940
vt 0.000000 0.000000
vt 0.354594 0.749918
vt 0.000000 0.000000
vt 0.354866 0.749892
vt 0.355139 0.749864
vt 0.000000 0.000000
vt 0.355411 0.749832
vt 0.000000 0.000000
vt 0.355683 0.749797
vt 0.000000 0.000000
vt 0.355954 0.749758
vt 0.000000 0.000000
vt 0.000000 0.000000
vt 0.356225 0.749717
vt 0.000000 0.000000
vt 0.356495 0.749671
vt 0.356764 0.749623
vt 0.000000 0.000000
vt 0.000000 0.000000
vt 0.357033 0.749571
vt 0.000000 0.000000
vt 0.357302 0.749516
vt 0.000000 0.000000
vt 0.357569 0.749458
vt 0.000000 0.000000
vt 0.357836 0.749396
vt 0.000000 0.000000
vt 0.358102 0.749331
vt 0.000000 0.000000
vt 0.358368 0.749263
vt 0.000000 0.000000
vt 0.358632 0.749191
vt 0.358896 0.749117
vt 0.000000 0.000000
vt 0.000000 0.000000
vt 0.359158 0.749039
vt 0.000000 0.000000
vt 0.359420 0.748958
vt 0.000000 0.000000
vt 0.359680 0.748873
vt 0.000000 0.000000
vt 0.359940 0.748786
vt 0.000000 0.000000
vt 0.360198 0.748695
vt 0.000000 0.000000
vt 0.360456 0.748601
vt 0.360712 0.748504
vt 0.000000 0.000000
vt 0.000000 0.000000
vt 0.360967 0.748404
vt 0.000000 0.000000
vt 0.361221 0.748301
vt 0.361473 0.748194
vt 0.000000 0.000000
vt 0.000000 0.000000
vt 0.361724 0.748085
vt 0.000000 0.000000
vt 0.361974 0.747973
vt 0.000000 0.000000
vt 0.362222 0.747857
vt 0.000000 0.000000
vt 0.362469 0.747738
vt 0.000000 0.000000
vt 0.362715 0.747617
vt 0.000000 0.000000
vt 0.362958 0.747492
vt 0.000000 0.000000
vt 0.363201 0.747364
vt 0.000000 0.000000
vt 0.363442 0.747234
vt 0.363681 0.747100
vt 0.000000 0.000000
vt 0.363918 0.746964
vt 0.000000 0.000000
vt 0.364154 0.746824
vt 0.000000 0.000000
vt 0.000000 0.000000
vt 0.364388 0.746682
vt 0.364620 0.746537
vt 0.000000 0.000000
vt 0.364851 0.746389
vt 0.000000 0.000000
vt 0.365080 0.746238
vt 0.000000 0.000000
vt 0.365307 0.746085
vt 0.000000 0.000000
vt 0.365531 0.745928
vt 0.000000 0.000000
vt 0.365754 0.745769
vt 0.000000 0.000000
vt 0.365975 0.745607
vt 0.000000 0.000000
vt 0.366194 0.745443
vt 0.000000 0.000000
vt 0.366411 0.745276
vt 0.000000 0.000000
vt 0.366626 0.745106
vt 0.000000 0.000000
vt 0.366839 0.744933
vt 0.000000 0.000000
vt 0.367050 0.744758
vt 0.000000 0.000000
vt 0.000000 0.000000
vt 0.367258 0.744581
vt 0.000000 0.000000
vt 0.367465 0.744400
vt 0.000000 0.000000
vt 0.367669 0.744218
vt 0.000000 0.000000
vt 0.367871 0.744032
vt 0.000000 0.000000
vt 0.368070 0.743845
vt 0.000000 0.000000
vt 0.368267 0.743655
vt 0.000000 0.000000
vt 0.368462 0.743462
vt 0.000000 0.000000
vt 0.368655 0.743267
vt 0.000000 0.000000
vt 0.368845 0.743070
vt 0.369032 0.742871
vt 0.000000 0.000000
vt 0.369218 0.742669
vt 0.000000 0.000000
vt 0.369400 0.742465
vt 0.000000 0.000000
vt 0.369581 0.742258
vt 0.000000 0.000000
vt 0.369758 0.742050
vt 0.000000 0.000000
vt 0.369933 0.741839
vt 0.000000 0.000000
vt 0.370106 0.741626
vt 0.000000 0.000000
vt 0.370276 0.741411
vt 0.000000 0.000000
vt 0.370443 0.741194
vt 0.000000 0.000000
vt 0.370607 0.740975
vt 0.000000 0.000000
vt 0.370769 0.740754
vt 0.000000 0.000000
vt 0.370928 0.740531
vt 0.000000 0.000000
vt 0.371085 0.740306
vt 0.000000 0.000000
vt 0.371238 0.740080
vt 0.000000 0.000000
vt 0.000000 0.000000
vt 0.371389 0.739851
vt 0.000000 0.000000
vt 0.371537 0.739621
vt 0.000000 0.000000
vt 0.371682 0.739388
vt 0.371824 0.739154
vt 0.000000 0.000000
vt 0.000000 0.000000
vt 0.371964 0.738918
vt 0.372100 0.738681
vt 0.000000 0.000000
vt 0.000000 0.000000
vt 0.372234 0.738442
vt 0.000000 0.000000
vt 0.372364 0.738201
vt 0.372492 0.737958
vt 0.000000 0.000000
vt 0.372617 0.737715
vt 0.000000 0.000000
vt 0.372738 0.737469
vt 0.000000 0.000000
vt 0.372857 0.737222
vt 0.000000 0.000000
vt 0.372973 0.736974
vt 0.000000 0.000000
vt 0.373085 0.736724
vt 0.000000 0.000000
vt 0.373194 0.736473
vt 0.000000 0.000000
vt 0.373301 0.736221
vt 0.000000 0.000000
vt 0.000000 0.000000
vt 0.373404 0.735967
vt 0.000000 0.000000
vt 0.373504 0.735712
vt 0.373601 0.735456
vt 0.000000 0.000000
vt 0.000000 0.000000
vt 0.373695 0.735198
vt 0.000000 0.000000
vt 0.373786 0.734940
vt 0.000000 0.000000
vt 0.373873 0.734680
vt 0.373958 0.734420
vt 0.000000 0.000000
vt 0.000000 0.000000
vt 0.374039 0.734158
vt 0.374117 0.733895
vt 0.000000 0.000000
vt 0.000000 0.000000
vt 0.374191 0.733632
vt 0.000000 0.000000
vt 0.374263 0.733368
vt 0.000000 0.000000
vt 0.374331 0.733102
vt 0.000000 0.000000
vt 0.374396 0.732836
vt 0.000000 0.000000
vt 0.374458 0.732569
vt 0.374516 0.732302
vt 0.000000 0.000000
vt 0.000000 0.000000
vt 0.374571 0.732033
vt 0.374623 0.731764
vt 0.374671 0.731495
vt 0.374717 0.731225
vt 0.374758 0.730954
vt 0.374797 0.730683
vt 0.374832 0.730411
vt 0.374864 0.730139
vt 0.374893 0.729867
vt 0.374918 0.729594
vt 0.374940 0.729321
vt 0.374958 0.729047
vt 0.374973 0.728774
vt 0.374985 0.728500
vt 0.374993 0.728226
vt 0.374998 0.727952
vt 0.375000 0.727679
vt 0.147205 0.737202
vt 0.147361 0.737203
vt 0.147088 0.737199
vt 0.146971 0.737196
vt 0.146854 0.737191
vt 0.146737 0.737185
vt 0.146621 0.737176
vt 0.146504 0.737167
vt 0.146388 0.737156
vt 0.146272 0.737144
vt 0.146156 0.737130
vt 0.146040 0.737115
vt 0.145924 0.737099
vt 0.145808 0.737081
vt 0.145693 0.737062
vt 0.145578 0.737042
vt 0.145464 0.737019
vt 0.145349 0.736996
vt 0.145235 0.736971
vt 0.145121 0.736945
vt 0.145008 0.736917
vt 0.144894 0.736888
vt 0.144781 0.736857
vt 0.144669 0.736825
vt 0.144557 0.736792
vt 0.144445 0.736757
vt 0.144334 0.736721
vt 0.144223 0.736685
vt 0.144113 0.736645
vt 0.144003 0.736606
vt 0.143894 0.736564
vt 0.143785 0.736521
vt 0.143677 0.736477
vt 0.143569 0.736431
vt 0.143462 0.736385
vt 0.143356 0.736337
vt 0.143250 0.736288
vt 0.143144 0.736237
vt 0.143040 0.736185
vt 0.142935 0.736132
vt 0.142832 0.736078
vt 0.142729 0.736022
vt 0.142627 0.735965
vt 0.142526 0.735906
vt 0.142426 0.735847
vt 0.142325 0.735786
vt 0.142226 0.735725
vt 0.142128 0.735662
vt 0.142031 0.735597
vt 0.141934 0.735531
vt 0.141838 0.735465
vt 0.141743 0.735397
vt 0.141648 0.735328
vt 0.141555 0.735258
vt 0.141462 0.735186
vt 0.141370 0.735114
vt 0.141280 0.735041
vt 0.141190 0.734965
vt 0.141101 0.734890
vt 0.141013 0.734813
vt 0.140926 0.734735
vt 0.140840 0.734656
vt 0.140755 0.734576
vt 0.140671 0.734495
vt 0.140587 0.734413
vt 0.140505 0.734329
vt 0.140424 0.734246
vt 0.140344 0.734160
vt 0.140265 0.734074
vt 0.140187 0.733987
vt 0.140110 0.733899
vt 0.140034 0.733810
vt 0.139960 0.733720
vt 0.139886 0.733630
vt 0.139814 0.733538
vt 0.139742 0.733445
vt 0.139672 0.733352
vt 0.139603 0.733258
vt 0.139535 0.733162
vt 0.139468 0.733066
vt 0.139403 0.732969
vt 0.139339 0.732872
vt 0.139276 0.732774
vt 0.139214 0.732675
vt 0.139153 0.732574
vt 0.139093 0.732474
vt 0.139035 0.732373
vt 0.138978 0.732271
vt 0.138922 0.732168
vt 0.138868 0.732065
vt 0.138815 0.731960
vt 0.138763 0.731855
vt 0.138712 0.731750
vt 0.138663 0.731645
vt 0.138615 0.731538
vt 0.138568 0.731431
vt 0.138523 0.731323
vt 0.138479 0.731215
vt 0.138436 0.731106
vt 0.138395 0.730997
vt 0.138355 0.730887
vt 0.138316 0.730777
vt 0.138279 0.730666
vt 0.138243 0.730555
vt 0.138208 0.730443
vt 0.138175 0.730331
vt 0.138143 0.730218
vt 0.138112 0.730106
vt 0.138083 0.729992
vt 0.138056 0.729880
vt 0.138029 0.729765
vt 0.138004 0.729651
vt 0.137981 0.729536
vt 0.137959 0.729422
vt 0.137938 0.729307
vt 0.137919 0.729192
vt 0.137901 0.729076
vt 0.137885 0.728961
vt 0.137869 0.728844
vt 0.137856 0.728729
vt 0.137844 0.728612
vt 0.137833 0.728496
vt 0.137824 0.728379
vt 0.137816 0.728263
vt 0.137809 0.728146
vt 0.137804 0.728029
vt 0.137801 0.727912
vt 0.137799 0.727796
vt 0.137798 0.727639
vt 0.147361 0.512798
vt 0.147205 0.512799
vt 0.147088 0.512801
vt 0.146971 0.512804
vt 0.146854 0.512809
vt 0.146737 0.512816
vt 0.146621 0.512823
vt 0.146504 0.512833
vt 0.146388 0.512844
vt 0.146272 0.512856
vt 0.146156 0.512870
vt 0.146040 0.512885
vt 0.145924 0.512901
vt 0.145809 0.512919
vt 0.145693 0.512938
vt 0.145579 0.512959
vt 0.145464 0.512981
vt 0.145349 0.513005
vt 0.145235 0.513030
vt 0.145121 0.513056
vt 0.145007 0.513083
vt 0.144894 0.513112
vt 0.144781 0.513143
vt 0.144669 0.513175
vt 0.144557 0.513208
vt 0.144445 0.513242
vt 0.144334 0.513279
vt 0.144223 0.513316
vt 0.144113 0.513354
vt 0.144003 0.513395
vt 0.143894 0.513436
vt 0.143785 0.513479
vt 0.143677 0.513523
vt 0.143569 0.513568
vt 0.143462 0.513615
vt 0.143356 0.513663
vt 0.143249 0.513712
vt 0.143144 0.513763
vt 0.143040 0.513814
vt 0.142935 0.513867
vt 0.142832 0.513922
vt 0.142729 0.513978
vt 0.142627 0.514035
vt 0.142526 0.514094
vt 0.142426 0.514153
vt 0.142325 0.514214
vt 0.142226 0.514275
vt 0.142128 0.514338
vt 0.142031 0.514402
vt 0.141934 0.514468
vt 0.141838 0.514535
vt 0.141742 0.514603
vt 0.141648 0.514672
vt 0.141555 0.514742
vt 0.141462 0.514813
vt 0.141370 0.514886
vt 0.141280 0.514959
vt 0.141190 0.515035
vt 0.141101 0.515110
vt 0.141013 0.515186
vt 0.140926 0.515265
vt 0.140840 0.515344
vt 0.140754 0.515423
vt 0.140671 0.515504
vt 0.140587 0.515587
vt 0.140505 0.515670
vt 0.140424 0.515754
vt 0.140344 0.515840
vt 0.140265 0.515925
vt 0.140187 0.516012
vt 0.140110 0.516101
vt 0.140034 0.516190
vt 0.139960 0.516280
vt 0.139886 0.516370
vt 0.139814 0.516462
vt 0.139742 0.516555
vt 0.139672 0.516648
vt 0.139603 0.516743
vt 0.139535 0.516837
vt 0.139468 0.516933
vt 0.139403 0.517031
vt 0.139339 0.517128
vt 0.139275 0.517226
vt 0.139213 0.517325
vt 0.139153 0.517426
vt 0.139093 0.517526
vt 0.139035 0.517627
vt 0.138978 0.517729
vt 0.138922 0.517831
vt 0.138868 0.517935
vt 0.138815 0.518040
vt 0.138763 0.518144
vt 0.138712 0.518249
vt 0.138663 0.518356
vt 0.138615 0.518462
vt 0.138568 0.518569
vt 0.138523 0.518677
vt 0.138479 0.518785
vt 0.138436 0.518894
vt 0.138395 0.519004
vt 0.138355 0.519113
vt 0.138316 0.519223
vt 0.138278 0.519334
vt 0.138243 0.519445
vt 0.138208 0.519557
vt 0.138175 0.519669
vt 0.138143 0.519782
vt 0.138112 0.519894
vt 0.138083 0.520007
vt 0.138055 0.520121
vt 0.138029 0.520235
vt 0.171131 0.526786
vt 0.000000 0.000000
vt 0.138004 0.520350
vt 0.170656 0.526792
vt 0.000000 0.000000
vt 0.137981 0.520464
vt 0.170182 0.526809
vt 0.000000 0.000000
vt 0.137959 0.520579
vt 0.169708 0.526838
vt 0.000000 0.000000
vt 0.137938 0.520693
vt 0.169235 0.526879
vt 0.000000 0.000000
vt 0.137919 0.520809
vt 0.168763 0.526931
vt 0.000000 0.000000
vt 0.137901 0.520924
vt 0.168292 0.526994
vt 0.000000 0.000000
vt 0.137885 0.521040
vt 0.167824 0.527070
vt 0.000000 0.000000
vt 0.137869 0.521156
vt 0.167357 0.527157
vt 0.000000 0.000000
vt 0.137856 0.521272
vt 0.166892 0.527255
vt 0.000000 0.000000
vt 0.137844 0.521388
vt 0.166430 0.527364
vt 0.000000 0.000000
vt 0.137833 0.521505
vt 0.165971 0.527486
vt 0.000000 0.000000
vt 0.137824 0.521621
vt 0.165515 0.527619
vt 0.000000 0.000000
vt 0.137816 0.521737
vt 0.137809 0.521854
vt 0.165063 0.527763
vt 0.000000 0.000000
vt 0.164614 0.527917
vt 0.000000 0.000000
vt 0.137804 0.521971
vt 0.137801 0.522088
vt 0.164169 0.528082
vt 0.000000 0.000000
vt 0.137799 0.522205
vt 0.163728 0.528258
vt 0.000000 0.000000
vt 0.137798 0.522361
vt 0.163291 0.528446
vt 0.000000 0.000000
vt 0.362203 0.522361
vt 0.162860 0.528643
vt 0.000000 0.000000
vt 0.362201 0.522205
vt 0.162433 0.528851
vt 0.000000 0.000000
vt 0.362199 0.522088
vt 0.162012 0.529070
vt 0.000000 0.000000
vt 0.362195 0.521971
vt 0.161596 0.529299
vt 0.000000 0.000000
vt 0.161186 0.529538
vt 0.000000 0.000000
vt 0.362191 0.521854
vt 0.362184 0.521737
vt 0.160781 0.529787
vt 0.000000 0.000000
vt 0.160383 0.530046
vt 0.000000 0.000000
vt 0.362176 0.521621
vt 0.362167 0.521505
vt 0.159992 0.530314
vt 0.000000 0.000000
vt 0.362157 0.521388
vt 0.159607 0.530592
vt 0.000000 0.000000
vt 0.362144 0.521272
vt 0.159229 0.530881
vt 0.000000 0.000000
vt 0.362130 0.521155
vt 0.158858 0.531176
vt 0.000000 0.000000
vt 0.362116 0.521040
vt 0.158495 0.531483
vt 0.000000 0.000000
vt 0.362099 0.520924
vt 0.158139 0.531797
vt 0.000000 0.000000
vt 0.362081 0.520808
vt 0.157792 0.532120
vt 0.000000 0.000000
vt 0.362062 0.520693
vt 0.157452 0.532451
vt 0.000000 0.000000
vt 0.362041 0.520579
vt 0.157120 0.532792
vt 0.000000 0.000000
vt 0.362019 0.520464
vt 0.156797 0.533139
vt 0.000000 0.000000
vt 0.361996 0.520349
vt 0.156482 0.533495
vt 0.000000 0.000000
vt 0.361970 0.520235
vt 0.156177 0.533858
vt 0.000000 0.000000
vt 0.361944 0.520120
vt 0.155880 0.534229
vt 0.000000 0.000000
vt 0.361917 0.520007
vt 0.155593 0.534607
vt 0.000000 0.000000
vt 0.361888 0.519895
vt 0.155314 0.534991
vt 0.000000 0.000000
vt 0.361857 0.519782
vt 0.155046 0.535383
vt 0.000000 0.000000
vt 0.154787 0.535781
vt 0.000000 0.000000
vt 0.361826 0.519669
vt 0.154538 0.536185
vt 0.000000 0.000000
vt 0.361792 0.519557
vt 0.154299 0.536595
vt 0.000000 0.000000
vt 0.361758 0.519446
vt 0.154070 0.537012
vt 0.000000 0.000000
vt 0.361722 0.519334
vt 0.361684 0.519224
vt 0.153851 0.537433
vt 0.000000 0.000000
vt 0.153643 0.537860
vt 0.000000 0.000000
vt 0.361646 0.519113
vt 0.361606 0.519004
vt 0.153445 0.538292
vt 0.000000 0.000000
vt 0.361564 0.518895
vt 0.153258 0.538728
vt 0.000000 0.000000
vt 0.153082 0.539169
vt 0.000000 0.000000
vt 0.361521 0.518785
vt 0.152916 0.539614
vt 0.000000 0.000000
vt 0.361477 0.518677
vt 0.361431 0.518569
vt 0.152762 0.540063
vt 0.000000 0.000000
vt 0.361385 0.518462
vt 0.152619 0.540516
vt 0.000000 0.000000
vt 0.152486 0.540971
vt 0.000000 0.000000
vt 0.361337 0.518356
vt 0.361288 0.518250
vt 0.152365 0.541430
vt 0.000000 0.000000
vt 0.361237 0.518144
vt 0.152256 0.541891
vt 0.000000 0.000000
vt 0.361185 0.518039
vt 0.152157 0.542356
vt 0.000000 0.000000
vt 0.152070 0.542823
vt 0.000000 0.000000
vt 0.361132 0.517935
vt 0.361077 0.517831
vt 0.151995 0.543292
vt 0.000000 0.000000
vt 0.361022 0.517729
vt 0.151931 0.543763
vt 0.000000 0.000000
vt 0.360965 0.517627
vt 0.151879 0.544235
vt 0.000000 0.000000
vt 0.151838 0.544708
vt 0.000000 0.000000
vt 0.360907 0.517526
vt 0.151809 0.545182
vt 0.000000 0.000000
vt 0.360848 0.517426
vt 0.360786 0.517325
vt 0.151792 0.545657
vt 0.000000 0.000000
vt 0.151786 0.546131
vt 0.000000 0.000000
vt 0.360725 0.517226
vt 0.151792 0.546606
vt 0.000000 0.000000
vt 0.360661 0.517128
vt 0.151809 0.547079
vt 0.000000 0.000000
vt 0.360597 0.517030
vt 0.151838 0.547554
vt 0.000000 0.000000
vt 0.360532 0.516933
vt 0.151879 0.548027
vt 0.000000 0.000000
vt 0.360465 0.516837
vt 0.360397 0.516742
vt 0.151931 0.548498
vt 0.000000 0.000000
vt 0.151995 0.548969
vt 0.000000 0.000000
vt 0.360328 0.516648
vt 0.152070 0.549438
vt 0.000000 0.000000
vt 0.360258 0.516555
vt 0.152157 0.549904
vt 0.000000 0.000000
vt 0.360186 0.516462
vt 0.360114 0.516370
vt 0.152256 0.550369
vt 0.000000 0.000000
vt 0.360040 0.516279
vt 0.152366 0.550832
vt 0.000000 0.000000
vt 0.359965 0.516190
vt 0.152486 0.551290
vt 0.000000 0.000000
vt 0.359890 0.516101
vt 0.152619 0.551746
vt 0.000000 0.000000
vt 0.359813 0.516013
vt 0.152762 0.552199
vt 0.000000 0.000000
vt 0.359735 0.515926
vt 0.152916 0.552648
vt 0.000000 0.000000
vt 0.359656 0.515840
vt 0.153082 0.553093
vt 0.000000 0.000000
vt 0.359575 0.515755
vt 0.153258 0.553534
vt 0.000000 0.000000
vt 0.359495 0.515670
vt 0.153445 0.553971
vt 0.000000 0.000000
vt 0.359413 0.515587
vt 0.153643 0.554402
vt 0.000000 0.000000
vt 0.359329 0.515505
vt 0.153851 0.554829
vt 0.000000 0.000000
vt 0.359245 0.515424
vt 0.154070 0.555250
vt 0.000000 0.000000
vt 0.359160 0.515344
vt 0.154299 0.555666
vt 0.000000 0.000000
vt 0.359074 0.515265
vt 0.154538 0.556076
vt 0.000000 0.000000
vt 0.358987 0.515187
vt 0.154787 0.556480
vt 0.000000 0.000000
vt 0.358899 0.515110
vt 0.155046 0.556879
vt 0.000000 0.000000
vt 0.358810 0.515035
vt 0.155314 0.557270
vt 0.000000 0.000000
vt 0.358720 0.514960
vt 0.155593 0.557655
vt 0.000000 0.000000
vt 0.358629 0.514886
vt 0.155880 0.558032
vt 0.000000 0.000000
vt 0.358538 0.514814
vt 0.156177 0.558403
vt 0.000000 0.000000
vt 0.358445 0.514742
vt 0.156483 0.558767
vt 0.000000 0.000000
vt 0.358352 0.514672
vt 0.156797 0.559122
vt 0.000000 0.000000
vt 0.358257 0.514603
vt 0.157120 0.559470
vt 0.000000 0.000000
vt 0.358162 0.514535
vt 0.157452 0.559810
vt 0.000000 0.000000
vt 0.157792 0.560142
vt 0.000000 0.000000
vt 0.358066 0.514468
vt 0.158139 0.560465
vt 0.000000 0.000000
vt 0.357970 0.514402
vt 0.158495 0.560779
vt 0.000000 0.000000
vt 0.357872 0.514338
vt 0.158858 0.561084
vt 0.000000 0.000000
vt 0.357774 0.514275
vt 0.159229 0.561382
vt 0.000000 0.000000
vt 0.357675 0.514214
vt 0.159607 0.561669
vt 0.000000 0.000000
vt 0.357575 0.514153
vt 0.159992 0.561948
vt 0.000000 0.000000
vt 0.357474 0.514093
vt 0.160383 0.562216
vt 0.000000 0.000000
vt 0.357373 0.514035
vt 0.160781 0.562475
vt 0.000000 0.000000
vt 0.357271 0.513978
vt 0.161185 0.562724
vt 0.000000 0.000000
vt 0.357168 0.513922
vt 0.161596 0.562963
vt 0.000000 0.000000
vt 0.357064 0.513867
vt 0.162012 0.563192
vt 0.000000 0.000000
vt 0.356960 0.513814
vt 0.162433 0.563410
vt 0.000000 0.000000
vt 0.356856 0.513763
vt 0.162860 0.563618
vt 0.000000 0.000000
vt 0.356750 0.513712
vt 0.163292 0.563817
vt 0.000000 0.000000
vt 0.356644 0.513663
vt 0.163728 0.564004
vt 0.000000 0.000000
vt 0.356538 0.513615
vt 0.164169 0.564180
vt 0.000000 0.000000
vt 0.356431 0.513568
vt 0.164614 0.564345
vt 0.000000 0.000000
vt 0.356323 0.513523
vt 0.165063 0.564500
vt 0.000000 0.000000
vt 0.356215 0.513479
vt 0.165515 0.564643
vt 0.000000 0.000000
vt 0.356106 0.513436
vt 0.165971 0.564776
vt 0.000000 0.000000
vt 0.355997 0.513394
vt 0.166430 0.564896
vt 0.000000 0.000000
vt 0.355887 0.513354
vt 0.166892 0.565006
vt 0.000000 0.000000
vt 0.355777 0.513316
vt 0.167357 0.565104
vt 0.000000 0.000000
vt 0.355666 0.513278
vt 0.167824 0.565192
vt 0.000000 0.000000
vt 0.355555 0.513243
vt 0.168292 0.565266
vt 0.000000 0.000000
vt 0.355443 0.513208
vt 0.168763 0.565331
vt 0.000000 0.000000
vt 0.355331 0.513175
vt 0.169235 0.565383
vt 0.000000 0.000000
vt 0.355218 0.513143
vt 0.169708 0.565424
vt 0.000000 0.000000
vt 0.355106 0.513112
vt 0.170182 0.565453
vt 0.000000 0.000000
vt 0.354993 0.513083
vt 0.354879 0.513056
vt 0.170656 0.565470
vt 0.000000 0.000000
vt 0.171131 0.565476
vt 0.000000 0.000000
vt 0.354766 0.513029
vt 0.354651 0.513004
vt 0.171606 0.565470
vt 0.000000 0.000000
vt 0.172080 0.565453
vt 0.000000 0.000000
vt 0.354536 0.512981
vt 0.172554 0.565423
vt 0.000000 0.000000
vt 0.354422 0.512959
vt 0.173027 0.565383
vt 0.000000 0.000000
vt 0.354307 0.512938
vt 0.173499 0.565331
vt 0.000000 0.000000
vt 0.354192 0.512919
vt 0.173969 0.565267
vt 0.000000 0.000000
vt 0.354076 0.512901
vt 0.174438 0.565191
vt 0.000000 0.000000
vt 0.353960 0.512885
vt 0.174905 0.565105
vt 0.000000 0.000000
vt 0.353844 0.512869
vt 0.175369 0.565005
vt 0.000000 0.000000
vt 0.353728 0.512855
vt 0.175831 0.564896
vt 0.000000 0.000000
vt 0.353612 0.512843
vt 0.176291 0.564776
vt 0.000000 0.000000
vt 0.353496 0.512833
vt 0.176747 0.564643
vt 0.000000 0.000000
vt 0.353379 0.512824
vt 0.177199 0.564500
vt 0.000000 0.000000
vt 0.353263 0.512816
vt 0.177648 0.564344
vt 0.000000 0.000000
vt 0.353145 0.512809
vt 0.178093 0.564180
vt 0.000000 0.000000
vt 0.353029 0.512804
vt 0.178534 0.564004
vt 0.000000 0.000000
vt 0.352912 0.512801
vt 0.352796 0.512799
vt 0.178970 0.563816
vt 0.000000 0.000000
vt 0.352639 0.512798
vt 0.179402 0.563619
vt 0.000000 0.000000
vt 0.352639 0.737203
vt 0.179829 0.563410
vt 0.000000 0.000000
vt 0.352796 0.737202
vt 0.180250 0.563191
vt 0.000000 0.000000
vt 0.352912 0.737199
vt 0.180666 0.562963
vt 0.000000 0.000000
vt 0.353029 0.737195
vt 0.181076 0.562723
vt 0.000000 0.000000
vt 0.353146 0.737190
vt 0.181481 0.562475
vt 0.000000 0.000000
vt 0.353262 0.737184
vt 0.181879 0.562216
vt 0.000000 0.000000
vt 0.182270 0.561947
vt 0.000000 0.000000
vt 0.353379 0.737176
vt 0.353496 0.737168
vt 0.182655 0.561670
vt 0.000000 0.000000
vt 0.183033 0.561382
vt 0.000000 0.000000
vt 0.353612 0.737157
vt 0.183403 0.561085
vt 0.000000 0.000000
vt 0.353728 0.737144
vt 0.183767 0.560779
vt 0.000000 0.000000
vt 0.353844 0.737130
vt 0.184123 0.560466
vt 0.000000 0.000000
vt 0.353961 0.737116
vt 0.354076 0.737099
vt 0.184470 0.560142
vt 0.000000 0.000000
vt 0.184810 0.559811
vt 0.000000 0.000000
vt 0.354192 0.737081
vt 0.185142 0.559471
vt 0.000000 0.000000
vt 0.354307 0.737062
vt 0.185465 0.559123
vt 0.000000 0.000000
vt 0.354421 0.737041
vt 0.185779 0.558767
vt 0.000000 0.000000
vt 0.354537 0.737019
vt 0.186085 0.558403
vt 0.000000 0.000000
vt 0.354651 0.736996
vt 0.186382 0.558033
vt 0.000000 0.000000
vt 0.354766 0.736971
vt 0.186669 0.557655
vt 0.000000 0.000000
vt 0.354879 0.736944
vt 0.354992 0.736917
vt 0.186947 0.557270
vt 0.000000 0.000000
vt 0.355106 0.736888
vt 0.187216 0.556878
vt 0.000000 0.000000
vt 0.355219 0.736858
vt 0.187475 0.556480
vt 0.000000 0.000000
vt 0.355331 0.736825
vt 0.187724 0.556076
vt 0.000000 0.000000
vt 0.355443 0.736792
vt 0.187963 0.555666
vt 0.000000 0.000000
vt 0.188192 0.555250
vt 0.000000 0.000000
vt 0.355555 0.736757
vt 0.355666 0.736721
vt 0.188411 0.554828
vt 0.000000 0.000000
vt 0.355777 0.736684
vt 0.188619 0.554402
vt 0.000000 0.000000
vt 0.355887 0.736645
vt 0.188817 0.553970
vt 0.000000 0.000000
vt 0.355997 0.736606
vt 0.189004 0.553534
vt 0.000000 0.000000
vt 0.356106 0.736564
vt 0.189180 0.553093
vt 0.000000 0.000000
vt 0.189345 0.552647
vt 0.000000 0.000000
vt 0.356215 0.736522
vt 0.189500 0.552199
vt 0.000000 0.000000
vt 0.356323 0.736477
vt 0.189643 0.551747
vt 0.000000 0.000000
vt 0.356431 0.736432
vt 0.356538 0.736385
vt 0.189776 0.551292
vt 0.000000 0.000000
vt 0.189896 0.550831
vt 0.000000 0.000000
vt 0.356644 0.736338
vt 0.190006 0.550369
vt 0.000000 0.000000
vt 0.356750 0.736287
vt 0.190105 0.549905
vt 0.000000 0.000000
vt 0.356856 0.736237
vt 0.190191 0.549438
vt 0.000000 0.000000
vt 0.356960 0.736185
vt 0.190267 0.548969
vt 0.000000 0.000000
vt 0.357065 0.736132
vt 0.190331 0.548499
vt 0.000000 0.000000
vt 0.357168 0.736077
vt 0.190383 0.548027
vt 0.000000 0.000000
vt 0.357270 0.736022
vt 0.190424 0.547554
vt 0.000000 0.000000
vt 0.357373 0.735965
vt 0.190453 0.547080
vt 0.000000 0.000000
vt 0.357474 0.735907
vt 0.357575 0.735848
vt 0.190470 0.546606
vt 0.000000 0.000000
vt 0.357675 0.735787
vt 0.190476 0.546131
vt 0.000000 0.000000
vt 0.190470 0.545656
vt 0.000000 0.000000
vt 0.357774 0.735725
vt 0.357872 0.735661
vt 0.190453 0.545181
vt 0.000000 0.000000
vt 0.357970 0.735597
vt 0.190424 0.544708
vt 0.000000 0.000000
vt 0.190383 0.544235
vt 0.000000 0.000000
vt 0.358066 0.735531
vt 0.190331 0.543763
vt 0.000000 0.000000
vt 0.358162 0.735465
vt 0.190267 0.543292
vt 0.000000 0.000000
vt 0.358257 0.735397
vt 0.190191 0.542823
vt 0.000000 0.000000
vt 0.358352 0.735328
vt 0.190104 0.542357
vt 0.000000 0.000000
vt 0.358446 0.735258
vt 0.190006 0.541892
vt 0.000000 0.000000
vt 0.358538 0.735186
vt 0.189897 0.541430
vt 0.000000 0.000000
vt 0.358630 0.735114
vt 0.189776 0.540971
vt 0.000000 0.000000
vt 0.358720 0.735040
vt 0.189643 0.540515
vt 0.000000 0.000000
vt 0.358810 0.734966
vt 0.189500 0.540063
vt 0.000000 0.000000
vt 0.358899 0.734890
vt 0.189345 0.539613
vt 0.000000 0.000000
vt 0.358987 0.734813
vt 0.189180 0.539169
vt 0.000000 0.000000
vt 0.359074 0.734735
vt 0.189004 0.538728
vt 0.000000 0.000000
vt 0.359160 0.734656
vt 0.188817 0.538292
vt 0.000000 0.000000
vt 0.359245 0.734576
vt 0.188619 0.537859
vt 0.000000 0.000000
vt 0.359329 0.734495
vt 0.188411 0.537433
vt 0.000000 0.000000
vt 0.359413 0.734413
vt 0.188192 0.537011
vt 0.000000 0.000000
vt 0.359495 0.734329
vt 0.187963 0.536596
vt 0.000000 0.000000
vt 0.359576 0.734245
vt 0.359656 0.734160
vt 0.187724 0.536185
vt 0.000000 0.000000
vt 0.359735 0.734074
vt 0.187475 0.535781
vt 0.000000 0.000000
vt 0.359813 0.733987
vt 0.187216 0.535383
vt 0.000000 0.000000
vt 0.359890 0.733899
vt 0.186947 0.534992
vt 0.000000 0.000000
vt 0.359966 0.733810
vt 0.186669 0.534607
vt 0.000000 0.000000
vt 0.186382 0.534229
vt 0.000000 0.000000
vt 0.360041 0.733721
vt 0.186085 0.533859
vt 0.000000 0.000000
vt 0.360114 0.733630
vt 0.185780 0.533495
vt 0.000000 0.000000
vt 0.360186 0.733538
vt 0.185465 0.533139
vt 0.000000 0.000000
vt 0.360258 0.733446
vt 0.360328 0.733352
vt 0.185142 0.532792
vt 0.000000 0.000000
vt 0.184810 0.532452
vt 0.000000 0.000000
vt 0.360397 0.733258
vt 0.360465 0.733163
vt 0.184471 0.532121
vt 0.000000 0.000000
vt 0.360532 0.733066
vt 0.184123 0.531797
vt 0.000000 0.000000
vt 0.183767 0.531482
vt 0.000000 0.000000
vt 0.360597 0.732969
vt 0.183403 0.531177
vt 0.000000 0.000000
vt 0.360662 0.732872
vt 0.183033 0.530879
vt 0.000000 0.000000
vt 0.360725 0.732773
vt 0.182655 0.530593
vt 0.000000 0.000000
vt 0.360786 0.732675
vt 0.360847 0.732575
vt 0.182270 0.530314
vt 0.000000 0.000000
vt 0.360907 0.732474
vt 0.181879 0.530046
vt 0.000000 0.000000
vt 0.360965 0.732373
vt 0.181481 0.529787
vt 0.000000 0.000000
vt 0.181076 0.529537
vt 0.000000 0.000000
vt 0.361022 0.732271
vt 0.180666 0.529299
vt 0.000000 0.000000
vt 0.361077 0.732167
vt 0.180250 0.529070
vt 0.000000 0.000000
vt 0.361132 0.732064
vt 0.179829 0.528852
vt 0.000000 0.000000
vt 0.361185 0.731960
vt 0.179402 0.528643
vt 0.000000 0.000000
vt 0.361237 0.731856
vt 0.178971 0.528446
vt 0.000000 0.000000
vt 0.361287 0.731750
vt 0.178534 0.528258
vt 0.000000 0.000000
vt 0.361337 0.731645
vt 0.178093 0.528081
vt 0.000000 0.000000
vt 0.361385 0.731538
vt 0.361432 0.731431
vt 0.177648 0.527917
vt 0.000000 0.000000
vt 0.177199 0.527762
vt 0.000000 0.000000
vt 0.361477 0.731323
vt 0.361521 0.731215
vt 0.176747 0.527618
vt 0.000000 0.000000
vt 0.176291 0.527486
vt 0.000000 0.000000
vt 0.361564 0.731106
vt 0.361605 0.730996
vt 0.175832 0.527366
vt 0.000000 0.000000
vt 0.361645 0.730887
vt 0.175370 0.527256
vt 0.000000 0.000000
vt 0.361684 0.730776
vt 0.174905 0.527157
vt 0.000000 0.000000
vt 0.361721 0.730666
vt 0.174438 0.527071
vt 0.000000 0.000000
vt 0.361757 0.730555
vt 0.173970 0.526995
vt 0.000000 0.000000
vt 0.361792 0.730443
vt 0.173499 0.526931
vt 0.000000 0.000000
vt 0.173027 0.526878
vt 0.000000 0.000000
vt 0.361826 0.730332
vt 0.172554 0.526838
vt 0.000000 0.000000
vt 0.361857 0.730218
vt 0.361888 0.730106
vt 0.172080 0.526808
vt 0.000000 0.000000
vt 0.361917 0.729993
vt 0.171606 0.526792
vt 0.000000 0.000000
vt 0.361945 0.729879
vt 0.000000 0.000000
vt 0.361971 0.729766
vt 0.000000 0.000000
vt 0.361996 0.729652
vt 0.000000 0.000000
vt 0.362020 0.729537
vt 0.000000 0.000000
vt 0.362042 0.729422
vt 0.000000 0.000000
vt 0.362062 0.729307
vt 0.000000 0.000000
vt 0.362081 0.729192
vt 0.000000 0.000000
vt 0.362099 0.729076
vt 0.000000 0.000000
vt 0.362116 0.728961
vt 0.000000 0.000000
vt 0.362130 0.728844
vt 0.000000 0.000000
vt 0.000000 0.000000
vt 0.362144 0.728728
vt 0.000000 0.000000
vt 0.362156 0.728612
vt 0.000000 0.000000
vt 0.362167 0.728496
vt 0.362176 0.728379
vt 0.000000 0.000000
vt 0.000000 0.000000
vt 0.362184 0.728263
vt 0.362191 0.728145
vt 0.000000 0.000000
vt 0.362196 0.728029
vt 0.000000 0.000000
vt 0.362199 0.727912
vt 0.000000 0.000000
vt 0.362201 0.727796
vt 0.000000 0.000000
vt 0.362202 0.727639
vt 0.000000 0.000000
vt 0.000000 0.000000
vt 0.000000 0.000000
vt 0.000000 0.000000
vt 0.000000 0.000000
vt 0.000000 0.000000
vt 0.000000 0.000000
vt 0.000000 0.000000
vt 0.000000 0.000000
vt 0.000000 0.000000
vt 0.000000 0.000000
vt 0.000000 0.000000
vt 0.000000 0.000000
vt 0.000000 0.000000
vt 0.000000 0.000000
vt 0.000000 0.000000
vt 0.000000 0.000000
vt 0.000000 0.000000
vt 0.000000 0.000000
vt 0.000000 0.000000
vt 0.000000 0.000000
vt 0.000000 0.000000
vt 0.000000 0.000000
vt 0.000000 0.000000
vt 0.000000 0.000000
vt 0.000000 0.000000
vt 0.000000 0.000000
vt 0.000000 0.000000
vt 0.000000 0.000000
vt 0.000000 0.000000
vt 0.000000 0.000000
vt 0.000000 0.000000
vt 0.000000 0.000000
vt 0.000000 0.000000
vt 0.000000 0.000000
vt 0.000000 0.000000
vt 0.000000 0.000000
vt 0.000000 0.000000
vt 0.000000 0.000000
vt 0.000000 0.000000
vt 0.000000 0.000000
vt 0.000000 0.000000
vt 0.000000 0.000000
vt 0.000000 0.000000
vt 0.000000 0.000000
vt 0.000000 0.000000
vt 0.000000 0.000000
vt 0.000000 0.000000
vt 0.000000 0.000000
vt 0.000000 0.000000
vt 0.000000 0.000000
vt 0.000000 0.000000
vt 0.000000 0.000000
vt 0.000000 0.000000
vt 0.000000 0.000000
vt 0.000000 0.000000
vt 0.000000 0.000000
vt 0.000000 0.000000
vt 0.000000 0.000000
vt 0.000000 0.000000
vt 0.000000 0.000000
vt 0.000000 0.000000
vt 0.000000 0.000000
vt 0.000000 0.000000
vt 0.000000 0.000000
vt 0.000000 0.000000
vt 0.000000 0.000000
vt 0.000000 0.000000
vt 0.000000 0.000000
vt 0.000000 0.000000
vt 0.000000 0.000000
vt 0.000000 0.000000
vt 0.000000 0.000000
vt 0.000000 0.000000
vt 0.000000 0.000000
vt 0.000000 0.000000
vt 0.000000 0.000000
vt 0.000000 0.000000
vt 0.000000 0.000000
vt 0.000000 0.000000
vt 0.000000 0.000000
vt 0.000000 0.000000
vt 0.000000 0.000000
vt 0.000000 0.000000
vt 0.000000 0.000000
vt 0.000000 0.000000
vt 0.000000 0.000000
vt 0.000000 0.000000
vt 0.000000 0.000000
vt 0.000000 0.000000
vt 0.000000 0.000000
vt 0.000000 0.000000
vt 0.000000 0.000000
vt 0.000000 0.000000
vt 0.000000 0.000000
vt 0.000000 0.000000
vt 0.000000 0.000000
vt 0.000000 0.000000
vt 0.000000 0.000000
vt 0.000000 0.000000
vt 0.000000 0.000000
vt 0.000000 0.000000
vt 0.000000 0.000000
vt 0.000000 0.000000
vt 0.000000 0.000000
vt 0.000000 0.000000
vt 0.000000 0.000000
vt 0.000000 0.000000
vt 0.000000 0.000000
vt 0.000000 0.000000
vt 0.000000 0.000000
vt 0.000000 0.000000
vt 0.000000 0.000000
vt 0.000000 0.000000
vt 0.000000 0.000000
vt 0.000000 0.000000
vt 0.000000 0.000000
vt 0.000000 0.000000
vt 0.000000 0.000000
vt 0.000000 0.000000
vt 0.000000 0.000000
vt 0.000000 0.000000
vt 0.000000 0.000000
vt 0.000000 0.000000
vt 0.000000 0.000000
vt 0.000000 0.000000
vt 0.000000 0.000000
vt 0.000000 0.000000
vt 0.000000 0.000000
vt 0.000000 0.000000
vt 0.000000 0.000000
vt 0.000000 0.000000
vt 0.000000 0.000000
vt 0.000000 0.000000
vt 0.000000 0.000000
vt 0.000000 0.000000
vt 0.000000 0.000000
vt 0.000000 0.000000
vt 0.000000 0.000000
vt 0.000000 0.000000
vt 0.000000 0.000000
vt 0.000000 0.000000
vt 0.000000 0.000000
vt 0.000000 0.000000
vt 0.000000 0.000000
vt 0.000000 0.000000
vt 0.000000 0.000000
vt 0.000000 0.000000
vt 0.000000 0.000000
vt 0.000000 0.000000
vt 0.000000 0.000000
vt 0.000000 0.000000
vt 0.000000 0.000000
vt 0.000000 0.000000
vt 0.000000 0.000000
vt 0.000000 0.000000
vt 0.000000 0.000000
vt 0.000000 0.000000
vt 0.000000 0.000000
vt 0.000000 0.000000
vt 0.000000 0.000000
vt 0.000000 0.000000
vt 0.000000 0.000000
vt 0.000000 0.000000
vt 0.000000 0.000000
vt 0.000000 0.000000
vt 0.000000 0.000000
vt 0.000000 0.000000
vt 0.000000 0.000000
vt 0.000000 0.000000
vt 0.000000 0.000000
vt 0.000000 0.000000
vt 0.000000 0.000000
vt 0.000000 0.000000
vt 0.000000 0.000000
vt 0.000000 0.000000
vt 0.000000 0.000000
vt 0.000000 0.000000
vt 0.000000 0.000000
vt 0.000000 0.000000
vt 0.000000 0.000000
vt 0.000000 0.000000
vt 0.000000 0.000000
vt 0.000000 0.000000
vt 0.000000 0.000000
vt 0.000000 0.000000
vt 0.000000 0.000000
vt 0.000000 0.000000
vt 0.000000 0.000000
vt 0.000000 0.000000
vt 0.000000 0.000000
vt 0.000000 0.000000
vt 0.000000 0.000000
vt 0.000000 0.000000
vt 0.000000 0.000000
vt 0.000000 0.000000
vt 0.000000 0.000000
vt 0.000000 0.000000
vt 0.000000 0.000000
vt 0.000000 0.000000
vt 0.000000 0.000000
vt 0.000000 0.000000
vt 0.000000 0.000000
vt 0.000000 0.000000
vt 0.000000 0.000000
vt 0.000000 0.000000
vt 0.000000 0.000000
vt 0.000000 0.000000
vt 0.000000 0.000000
vt 0.000000 0.000000
vt 0.000000 0.000000
vt 0.000000 0.000000
vt 0.000000 0.000000
vt 0.000000 0.000000
vt 0.000000 0.000000
vt 0.000000 0.000000
vt 0.000000 0.000000
vt 0.000000 0.000000
vt 0.000000 0.000000
vt 0.000000 0.000000
vt 0.000000 0.000000
vt 0.000000 0.000000
vt 0.000000 0.000000
vt 0.000000 0.000000
vt 0.000000 0.000000
vt 0.000000 0.000000
vt 0.000000 0.000000
vt 0.000000 0.000000
vt 0.000000 0.000000
vt 0.000000 0.000000
vt 0.000000 0.000000
vt 0.000000 0.000000
vt 0.000000 0.000000
vt 0.000000 0.000000
vt 0.000000 0.000000
vt 0.000000 0.000000
vt 0.000000 0.000000
vt 0.000000 0.000000
vt 0.000000 0.000000
vt 0.000000 0.000000
vt 0.000000 0.000000
vt 0.000000 0.000000
vt 0.000000 0.000000
vt 0.000000 0.000000
vt 0.000000 0.000000
vt 0.000000 0.000000
vt 0.000000 0.000000
vt 0.000000 0.000000
vt 0.000000 0.000000
vt 0.000000 0.000000
vt 0.000000 0.000000
vt 0.000000 0.000000
vt 0.000000 0.000000
vt 0.000000 0.000000
vt 0.000000 0.000000
vt 0.000000 0.000000
vt 0.000000 0.000000
vt 0.000000 0.000000
vt 0.000000 0.000000
vt 0.000000 0.000000
vt 0.000000 0.000000
vt 0.000000 0.000000
vt 0.000000 0.000000
vt 0.000000 0.000000
vt 0.000000 0.000000
vt 0.000000 0.000000
vt 0.000000 0.000000
vt 0.000000 0.000000
vt 0.000000 0.000000
vt 0.000000 0.000000
vt 0.000000 0.000000
vt 0.000000 0.000000
vt 0.000000 0.000000
vt 0.000000 0.000000
vt 0.000000 0.000000
vt 0.000000 0.000000
vt 0.000000 0.000000
vt 0.000000 0.000000
vt 0.000000 0.000000
vt 0.000000 0.000000
vt 0.000000 0.000000
vt 0.000000 0.000000
vt 0.000000 0.000000
vt 0.000000 0.000000
vt 0.000000 0.000000
vt 0.000000 0.000000
vt 0.000000 0.000000
vt 0.000000 0.000000
vt 0.000000 0.000000
vt 0.000000 0.000000
vt 0.000000 0.000000
vt 0.000000 0.000000
vt 0.000000 0.000000
vt 0.000000 0.000000
vt 0.000000 0.000000
vt 0.000000 0.000000
vt 0.000000 0.000000
vt 0.000000 0.000000
vt 0.000000 0.000000
vt 0.000000 0.000000
vt 0.000000 0.000000
vt 0.000000 0.000000
vt 0.000000 0.000000
vt 0.000000 0.000000
vt 0.000000 0.000000
vt 0.000000 0.000000
vt 0.000000 0.000000
vt 0.000000 0.000000
vt 0.000000 0.000000
vt 0.000000 0.000000
vt 0.000000 0.000000
vt 0.000000 0.000000
vt 0.000000 0.000000
vt 0.000000 0.000000
vt 0.000000 0.000000
vt 0.000000 0.000000
vt 0.000000 0.000000
vt 0.000000 0.000000
vt 0.000000 0.000000
vt 0.000000 0.000000
vt 0.000000 0.000000
vt 0.000000 0.000000
vt 0.000000 0.000000
vt 0.000000 0.000000
vt 0.000000 0.000000
vt 0.000000 0.000000
vt 0.000000 0.000000
vt 0.000000 0.000000
vt 0.000000 0.000000
vt 0.000000 0.000000
vt 0.000000 0.000000
vt 0.000000 0.000000
vt 0.000000 0.000000
vt 0.000000 0.000000
vt 0.000000 0.000000
vt 0.000000 0.000000
vt 0.000000 0.000000
vt 0.000000 0.000000
vt 0.000000 0.000000
vt 0.000000 0.000000
vt 0.000000 0.000000
vt 0.000000 0.000000
vt 0.000000 0.000000
vt 0.000000 0.000000
vt 0.000000 0.000000
vt 0.000000 0.000000
vt 0.000000 0.000000
vt 0.000000 0.000000
vt 0.000000 0.000000
vt 0.000000 0.000000
vt 0.000000 0.000000
vt 0.000000 0.000000
vt 0.000000 0.000000
vt 0.000000 0.000000
vt 0.000000 0.000000
vt 0.000000 0.000000
vt 0.000000 0.000000
vt 0.000000 0.000000
vt 0.000000 0.000000
vt 0.000000 0.000000
vt 0.000000 0.000000
vt 0.000000 0.000000
vt 0.000000 0.000000
vt 0.000000 0.000000
vt 0.000000 0.000000
vt 0.000000 0.000000
vt 0.000000 0.000000
vt 0.000000 0.000000
vt 0.000000 0.000000
vt 0.000000 0.000000
vt 0.000000 0.000000
vt 0.000000 0.000000
vt 0.000000 0.000000
vt 0.000000 0.000000
vt 0.000000 0.000000
vt 0.000000 0.000000
vt 0.000000 0.000000
vt 0.000000 0.000000
vt 0.000000 0.000000
vt 0.000000 0.000000
vt 0.000000 0.000000
vt 0.000000 0.000000
vt 0.000000 0.000000
vt 0.000000 0.000000
vt 0.000000 0.000000
vt 0.000000 0.000000
vt 0.000000 0.000000
vt 0.000000 0.000000
vt 0.000000 0.000000
vt 0.000000 0.000000
vt 0.000000 0.000000
vt 0.000000 0.000000
vt 0.000000 0.000000
vt 0.000000 0.000000
vt 0.000000 0.000000
vt 0.000000 0.000000
vt 0.000000 0.000000
vt 0.000000 0.000000
vt 0.000000 0.000000
vt 0.000000 0.000000
vt 0.000000 0.000000
vt 0.000000 0.000000
vt 0.000000 0.000000
vt 0.000000 0.000000
vt 0.000000 0.000000
vt 0.000000 0.000000
vt 0.000000 0.000000
vt 0.000000 0.000000
vt 0.000000 0.000000
vt 0.000000 0.000000
vt 0.000000 0.000000
vt 0.000000 0.000000
vt 0.000000 0.000000
vt 0.000000 0.000000
vt 0.000000 0.000000
vt 0.000000 0.000000
vt 0.000000 0.000000
vt 0.000000 0.000000
vt 0.000000 0.000000
vt 0.000000 0.000000
vt 0.000000 0.000000
vt 0.000000 0.000000
vt 0.000000 0.000000
vt 0.000000 0.000000
vt 0.000000 0.000000
vt 0.000000 0.000000
vt 0.000000 0.000000
vt 0.000000 0.000000
vt 0.000000 0.000000
vt 0.000000 0.000000
vt 0.000000 0.000000
vt 0.000000 0.000000
vt 0.000000 0.000000
vt 0.000000 0.000000
vt 0.000000 0.000000
vt 0.000000 0.000000
vt 0.000000 0.000000
vt 0.000000 0.000000
vt 0.000000 0.000000
vt 0.000000 0.000000
vt 0.000000 0.000000
vt 0.000000 0.000000
vt 0.000000 0.000000
vt 0.000000 0.000000
vt 0.000000 0.000000
vt 0.000000 0.000000
vt 0.000000 0.000000
vt 0.000000 0.000000
vt 0.000000 0.000000
vt 0.000000 0.000000
vt 0.000000 0.000000
vt 0.000000 0.000000
vt 0.000000 0.000000
vt 0.000000 0.000000
vt 0.000000 0.000000
vt 0.000000 0.000000
vt 0.000000 0.000000
vt 0.000000 0.000000
vt 0.000000 0.000000
vt 0.000000 0.000000
vt 0.000000 0.000000
vt 0.000000 0.000000
vt 0.000000 0.000000
vt 0.000000 0.000000
vt 0.000000 0.000000
vt 0.000000 0.000000
vt 0.000000 0.000000
vt 0.000000 0.000000
vt 0.000000 0.000000
vt 0.000000 0.000000
vt 0.000000 0.000000
vt 0.000000 0.000000
vt 0.000000 0.000000
vt 0.000000 0.000000
vt 0.000000 0.000000
vt 0.000000 0.000000
vt 0.000000 0.000000
vt 0.000000 0.000000
vt 0.000000 0.000000
vt 0.000000 0.000000
vt 0.000000 0.000000
vt 0.000000 0.000000
vt 0.000000 0.000000
vt 0.000000 0.000000
vt 0.000000 0.000000
vt 0.000000 0.000000
vt 0.000000 0.000000
vt 0.000000 0.000000
vt 0.000000 0.000000
vt 0.000000 0.000000
vt 0.000000 0.000000
vt 0.000000 0.000000
vt 0.000000 0.000000
vt 0.000000 0.000000
vt 0.000000 0.000000
vt 0.000000 0.000000
vt 0.000000 0.000000
vt 0.000000 0.000000
vt 0.000000 0.000000
vt 0.000000 0.000000
vt 0.000000 0.000000
vt 0.000000 0.000000
vt 0.000000 0.000000
vt 0.000000 0.000000
vt 0.000000 0.000000
vt 0.000000 0.000000
vt 0.000000 0.000000
vt 0.000000 0.000000
vt 0.000000 0.000000
vt 0.000000 0.000000
vt 0.000000 0.000000
vt 0.000000 0.000000
vt 0.000000 0.000000
vt 0.000000 0.000000
vt 0.000000 0.000000
vt 0.000000 0.000000
vt 0.000000 0.000000
vt 0.000000 0.000000
vt 0.000000 0.000000
vt 0.000000 0.000000
vt 0.000000 0.000000
vt 0.000000 0.000000
vt 0.000000 0.000000
vt 0.000000 0.000000
vt 0.000000 0.000000
vt 0.000000 0.000000
vt 0.000000 0.000000
vt 0.000000 0.000000
vt 0.000000 0.000000
vt 0.000000 0.000000
vt 0.000000 0.000000
vt 0.000000 0.000000
vt 0.000000 0.000000
vt 0.000000 0.000000
vt 0.000000 0.000000
vt 0.000000 0.000000
vt 0.000000 0.000000
vt 0.000000 0.000000
vt 0.000000 0.000000
vt 0.000000 0.000000
vt 0.000000 0.000000
vt 0.000000 0.000000
vt 0.000000 0.000000
vt 0.000000 0.000000
vt 0.000000 0.000000
vt 0.000000 0.000000
vt 0.000000 0.000000
vt 0.000000 0.000000
vt 0.000000 0.000000
vt 0.000000 0.000000
vt 0.000000 0.000000
vt 0.000000 0.000000
vt 0.000000 0.000000
vt 0.000000 0.000000
vt 0.000000 0.000000
vt 0.000000 0.000000
vt 0.000000 0.000000
vt 0.000000 0.000000
vt 0.000000 0.000000
vt 0.000000 0.000000
vt 0.000000 0.000000
vt 0.000000 0.000000
vt 0.000000 0.000000
vt 0.000000 0.000000
vt 0.000000 0.000000
vt 0.000000 0.000000
vt 0.000000 0.000000
vt 0.000000 0.000000
vt 0.000000 0.000000
vt 0.000000 0.000000
vt 0.000000 0.000000
vt 0.000000 0.000000
vt 0.000000 0.000000
vt 0.000000 0.000000
vt 0.000000 0.000000
vt 0.000000 0.000000
vt 0.000000 0.000000
vt 0.000000 0.000000
vt 0.000000 0.000000
vt 0.000000 0.000000
vt 0.000000 0.000000
vt 0.000000 0.000000
vt 0.000000 0.000000
vt 0.000000 0.000000
vt 0.000000 0.000000
vt 0.000000 0.000000
vt 0.000000 0.000000
vt 0.000000 0.000000
vt 0.000000 0.000000
vt 0.000000 0.000000
vt 0.000000 0.000000
vt 0.000000 0.000000
vt 0.000000 0.000000
vt 0.000000 0.000000
vt 0.000000 0.000000
vt 0.000000 0.000000
vt 0.000000 0.000000
vt 0.000000 0.000000
vt 0.000000 0.000000
vt 0.000000 0.000000
vt 0.000000 0.000000
vt 0.000000 0.000000
vt 0.000000 0.000000
vt 0.000000 0.000000
vt 0.000000 0.000000
vt 0.000000 0.000000
vt 0.000000 0.000000
vt 0.000000 0.000000
vt 0.000000 0.000000
vt 0.000000 0.000000
vt 0.000000 0.000000
vt 0.000000 0.000000
vt 0.000000 0.000000
vt 0.000000 0.000000
vt 0.000000 0.000000
vt 0.000000 0.000000
vt 0.000000 0.000000
vt 0.000000 0.000000
vt 0.000000 0.000000
vt 0.000000 0.000000
vt 0.000000 0.000000
vt 0.000000 0.000000
vt 0.000000 0.000000
vt 0.000000 0.000000
vt 0.000000 0.000000
vt 0.000000 0.000000
vt 0.000000 0.000000
vt 0.000000 0.000000
vt 0.000000 0.000000
vt 0.000000 0.000000
vt 0.000000 0.000000
vt 0.000000 0.000000
vt 0.000000 0.000000
vt 0.000000 0.000000
vt 0.000000 0.000000
vt 0.000000 0.000000
vt 0.000000 0.000000
vt 0.000000 0.000000
vt 0.000000 0.000000
vt 0.000000 0.000000
vt 0.000000 0.000000
vt 0.000000 0.000000
vt 0.000000 0.000000
vt 0.000000 0.000000
vt 0.000000 0.000000
vt 0.000000 0.000000
vt 0.000000 0.000000
vt 0.000000 0.000000
vt 0.000000 0.000000
vt 0.000000 0.000000
vt 0.000000 0.000000
vt 0.000000 0.000000
vt 0.000000 0.000000
vt 0.000000 0.000000
vt 0.000000 0.000000
vt 0.000000 0.000000
vt 0.000000 0.000000
vt 0.000000 0.000000
vt 0.000000 0.000000
vt 0.000000 0.000000
vt 0.000000 0.000000
vt 0.000000 0.000000
vt 0.000000 0.000000
vt 0.000000 0.000000
vt 0.000000 0.000000
vt 0.000000 0.000000
vt 0.000000 0.000000
vt 0.000000 0.000000
vt 0.000000 0.000000
vt 0.000000 0.000000
vt 0.000000 0.000000
vt 0.000000 0.000000
vt 0.000000 0.000000
vt 0.000000 0.000000
vt 0.000000 0.000000
vt 0.000000 0.000000
vt 0.000000 0.000000
vt 0.000000 0.000000
vt 0.000000 0.000000
vt 0.000000 0.000000
vt 0.000000 0.000000
vt 0.000000 0.000000
vt 0.000000 0.000000
vt 0.000000 0.000000
vt 0.000000 0.000000
vt 0.000000 0.000000
vt 0.000000 0.000000
vt 0.000000 0.000000
vt 0.000000 0.000000
vt 0.000000 0.000000
vt 0.000000 0.000000
vt 0.000000 0.000000
vt 0.000000 0.000000
vt 0.000000 0.000000
vt 0.000000 0.000000
vt 0.000000 0.000000
vt 0.000000 0.000000
vt 0.000000 0.000000
vt 0.000000 0.000000
vt 0.000000 0.000000
vt 0.000000 0.000000
vt 0.000000 0.000000
vt 0.000000 0.000000
vt 0.000000 0.000000
vt 0.000000 0.000000
vt 0.000000 0.000000
vt 0.000000 0.000000
vt 0.000000 0.000000
vt 0.000000 0.000000
vt 0.000000 0.000000
vt 0.000000 0.000000
vt 0.000000 0.000000
vt 0.000000 0.000000
vt 0.000000 0.000000
vt 0.000000 0.000000
vt 0.000000 0.000000
vt 0.000000 0.000000
vt 0.000000 0.000000
vt 0.000000 0.000000
vt 0.000000 0.000000
vt 0.000000 0.000000
vt 0.000000 0.000000
vt 0.000000 0.000000
vt 0.000000 0.000000
vt 0.000000 0.000000
vt 0.000000 0.000000
vt 0.000000 0.000000
vt 0.000000 0.000000
vt 0.000000 0.000000
vt 0.000000 0.000000
vt 0.000000 0.000000
vt 0.000000 0.000000
vt 0.000000 0.000000
vt 0.000000 0.000000
vt 0.000000 0.000000
vt 0.000000 0.000000
vt 0.000000 0.000000
vt 0.000000 0.000000
vt 0.000000 0.000000
vt 0.000000 0.000000
vt 0.000000 0.000000
vt 0.000000 0.000000
vt 0.000000 0.000000
vt 0.000000 0.000000
vt 0.000000 0.000000
vt 0.000000 0.000000
vt 0.000000 0.000000
vt 0.000000 0.000000
vt 0.000000 0.000000
vt 0.000000 0.000000
vt 0.000000 0.000000
vt 0.000000 0.000000
vt 0.000000 0.000000
vt 0.000000 0.000000
vt 0.000000 0.000000
vt 0.000000 0.000000
vt 0.000000 0.000000
vt 0.000000 0.000000
vt 0.000000 0.000000
vt 0.000000 0.000000
vt 0.000000 0.000000
vt 0.000000 0.000000
vt 0.000000 0.000000
vt 0.000000 0.000000
vt 0.000000 0.000000
vt 0.000000 0.000000
vt 0.000000 0.000000
vt 0.000000 0.000000
vt 0.000000 0.000000
vt 0.000000 0.000000
vt 0.000000 0.000000
vt 0.000000 0.000000
vt 0.000000 0.000000
vt 0.000000 0.000000
vt 0.000000 0.000000
vt 0.000000 0.000000
vt 0.000000 0.000000
vt 0.000000 0.000000
vt 0.000000 0.000000
vt 0.000000 0.000000
vt 0.000000 0.000000
vt 0.000000 0.000000
vt 0.000000 0.000000
vt 0.000000 0.000000
vt 0.000000 0.000000
vt 0.000000 0.000000
vt 0.000000 0.000000
vt 0.000000 0.000000
vt 0.000000 0.000000
vt 0.000000 0.000000
vt 0.000000 0.000000
vt 0.000000 0.000000
vt 0.000000 0.000000
vt 0.000000 0.000000
vt 0.000000 0.000000
vt 0.000000 0.000000
vt 0.000000 0.000000
vt 0.000000 0.000000
vt 0.000000 0.000000
vt 0.000000 0.000000
vt 0.000000 0.000000
vt 0.000000 0.000000
vt 0.000000 0.000000
vt 0.000000 0.000000
vt 0.000000 0.000000
vt 0.000000 0.000000
vt 0.000000 0.000000
vt 0.000000 0.000000
vt 0.000000 0.000000
vt 0.000000 0.000000
vt 0.000000 0.000000
vt 0.000000 0.000000
vt 0.000000 0.000000
vt 0.000000 0.000000
vt 0.000000 0.000000
vt 0.000000 0.000000
vt 0.000000 0.000000
vt 0.000000 0.000000
vt 0.000000 0.000000
vt 0.000000 0.000000
vt 0.000000 0.000000
vt 0.000000 0.000000
vt 0.000000 0.000000
vt 0.000000 0.000000
vt 0.000000 0.000000
vt 0.000000 0.000000
vt 0.000000 0.000000
vt 0.000000 0.000000
vt 0.000000 0.000000
vt 0.000000 0.000000
vt 0.000000 0.000000
vt 0.000000 0.000000
vt 0.000000 0.000000
vt 0.000000 0.000000
vt 0.000000 0.000000
vt 0.000000 0.000000
vt 0.000000 0.000000
vt 0.000000 0.000000
vt 0.000000 0.000000
vt 0.000000 0.000000
vt 0.000000 0.000000
vt 0.000000 0.000000
vt 0.000000 0.000000
vt 0.000000 0.000000
vt 0.000000 0.000000
vt 0.000000 0.000000
vt 0.000000 0.000000
vt 0.000000 0.000000
vt 0.000000 0.000000
vt 0.000000 0.000000
vt 0.000000 0.000000
vt 0.000000 0.000000
vt 0.000000 0.000000
vt 0.000000 0.000000
vt 0.000000 0.000000
vt 0.000000 0.000000
vt 0.000000 0.000000
vt 0.000000 0.000000
vt 0.000000 0.000000
vt 0.000000 0.000000
vt 0.000000 0.000000
vt 0.000000 0.000000
vt 0.000000 0.000000
vt 0.000000 0.000000
vt 0.000000 0.000000
vt 0.000000 0.000000
vt 0.000000 0.000000
vt 0.000000 0.000000
vt 0.000000 0.000000
vt 0.000000 0.000000
vt 0.000000 0.000000
vt 0.000000 0.000000
vt 0.000000 0.000000
vt 0.000000 0.000000
vt 0.000000 0.000000
vt 0.000000 0.000000
vt 0.000000 0.000000
vt 0.000000 0.000000
vt 0.000000 0.000000
vt 0.000000 0.000000
vt 0.000000 0.000000
vt 0.000000 0.000000
vt 0.000000 0.000000
vt 0.000000 0.000000
vt 0.000000 0.000000
vt 0.000000 0.000000
vt 0.000000 0.000000
vt 0.000000 0.000000
vt 0.000000 0.000000
vt 0.000000 0.000000
vt 0.000000 0.000000
vt 0.000000 0.000000
vt 0.000000 0.000000
vt 0.000000 0.000000
vt 0.000000 0.000000
vt 0.000000 0.000000
vt 0.000000 0.000000
vt 0.000000 0.000000
vt 0.000000 0.000000
vt 0.000000 0.000000
vt 0.000000 0.000000
vt 0.000000 0.000000
vt 0.000000 0.000000
vt 0.000000 0.000000
vt 0.000000 0.000000
vt 0.000000 0.000000
vt 0.000000 0.000000
vt 0.000000 0.000000
vt 0.000000 0.000000
vt 0.000000 0.000000
vt 0.000000 0.000000
vt 0.000000 0.000000
vt 0.000000 0.000000
vt 0.000000 0.000000
vt 0.000000 0.000000
vt 0.000000 0.000000
vt 0.000000 0.000000
vt 0.000000 0.000000
vt 0.000000 0.000000
vt 0.000000 0.000000
vt 0.000000 0.000000
vt 0.000000 0.000000
vt 0.000000 0.000000
vt 0.000000 0.000000
vt 0.000000 0.000000
vt 0.000000 0.000000
vt 0.000000 0.000000
vt 0.000000 0.000000
vt 0.000000 0.000000
vt 0.000000 0.000000
vt 0.000000 0.000000
vt 0.000000 0.000000
vt 0.000000 0.000000
vt 0.000000 0.000000
vt 0.000000 0.000000
vt 0.000000 0.000000
vt 0.000000 0.000000
vt 0.000000 0.000000
vt 0.000000 0.000000
vt 0.000000 0.000000
vt 0.000000 0.000000
vt 0.000000 0.000000
vt 0.000000 0.000000
vt 0.000000 0.000000
vt 0.000000 0.000000
vt 0.000000 0.000000
vt 0.000000 0.000000
vt 0.000000 0.000000
vt 0.000000 0.000000
vt 0.000000 0.000000
vt 0.000000 0.000000
vt 0.000000 0.000000
vt 0.000000 0.000000
vt 0.000000 0.000000
vt 0.000000 0.000000
vt 0.000000 0.000000
vt 0.000000 0.000000
vt 0.000000 0.000000
vt 0.000000 0.000000
vt 0.000000 0.000000
vt 0.000000 0.000000
vt 0.000000 0.000000
vt 0.000000 0.000000
vt 0.000000 0.000000
vt 0.000000 0.000000
vt 0.000000 0.000000
vt 0.000000 0.000000
vt 0.000000 0.000000
vt 0.000000 0.000000
vt 0.000000 0.000000
vt 0.000000 0.000000
vt 0.000000 0.000000
vt 0.000000 0.000000
vt 0.000000 0.000000
vt 0.000000 0.000000
vt 0.000000 0.000000
vt 0.000000 0.000000
vt 0.000000 0.000000
vt 0.000000 0.000000
vt 0.000000 0.000000
vt 0.000000 0.000000
vt 0.000000 0.000000
vt 0.000000 0.000000
vt 0.000000 0.000000
vt 0.000000 0.000000
vt 0.000000 0.000000
vt 0.000000 0.000000
vt 0.000000 0.000000
vt 0.000000 0.000000
vt 0.000000 0.000000
vt 0.000000 0.000000
vt 0.000000 0.000000
vt 0.000000 0.000000
vt 0.000000 0.000000
vt 0.000000 0.000000
vt 0.000000 0.000000
vt 0.000000 0.000000
vt 0.000000 0.000000
vt 0.000000 0.000000
vt 0.000000 0.000000
vt 0.000000 0.000000
vt 0.000000 0.000000
vt 0.000000 0.000000
vt 0.000000 0.000000
vt 0.000000 0.000000
vt 0.000000 0.000000
vt 0.000000 0.000000
vt 0.000000 0.000000
vt 0.000000 0.000000
vt 0.000000 0.000000
vt 0.000000 0.000000
vt 0.000000 0.000000
vt 0.000000 0.000000
vt 0.000000 0.000000
vt 0.000000 0.000000
vt 0.000000 0.000000
vt 0.000000 0.000000
vt 0.000000 0.000000
vt 0.000000 0.000000
vt 0.000000 0.000000
vt 0.000000 0.000000
vt 0.000000 0.000000
vt 0.000000 0.000000
vt 0.000000 0.000000
vt 0.000000 0.000000
vt 0.000000 0.000000
vt 0.000000 0.000000
vt 0.000000 0.000000
vt 0.000000 0.000000
vt 0.000000 0.000000
vt 0.000000 0.000000
vt 0.000000 0.000000
vt 0.000000 0.000000
vt 0.000000 0.000000
vt 0.000000 0.000000
vt 0.000000 0.000000
vt 0.000000 0.000000
vt 0.000000 0.000000
vt 0.000000 0.000000
vt 0.000000 0.000000
vt 0.000000 0.000000
vt 0.000000 0.000000
vt 0.000000 0.000000
vt 0.000000 0.000000
vt 0.000000 0.000000
vt 0.000000 0.000000
vt 0.000000 0.000000
vt 0.000000 0.000000
vt 0.000000 0.000000
vt 0.000000 0.000000
vt 0.000000 0.000000
vt 0.000000 0.000000
vt 0.000000 0.000000
vt 0.000000 0.000000
vt 0.000000 0.000000
vt 0.000000 0.000000
vt 0.000000 0.000000
vt 0.000000 0.000000
vt 0.000000 0.000000
vt 0.000000 0.000000
vt 0.000000 0.000000
vt 0.000000 0.000000
vt 0.000000 0.000000
vt 0.000000 0.000000
vt 0.000000 0.000000
vt 0.000000 0.000000
vt 0.000000 0.000000
vt 0.000000 0.000000
vt 0.000000 0.000000
vt 0.000000 0.000000
vt 0.000000 0.000000
vt 0.000000 0.000000
vt 0.000000 0.000000
vt 0.000000 0.000000
vt 0.000000 0.000000
vt 0.000000 0.000000
vt 0.000000 0.000000
vt 0.000000 0.000000
vt 0.000000 0.000000
vt 0.000000 0.000000
vt 0.000000 0.000000
vt 0.000000 0.000000
vt 0.000000 0.000000
vt 0.000000 0.000000
vt 0.000000 0.000000
vt 0.000000 0.000000
vt 0.000000 0.000000
vt 0.000000 0.000000
vt 0.000000 0.000000
vt 0.000000 0.000000
vt 0.000000 0.000000
vt 0.000000 0.000000
vt 0.000000 0.000000
vt 0.000000 0.000000
vt 0.000000 0.000000
vt 0.000000 0.000000
vt 0.000000 0.000000
vt 0.000000 0.000000
vt 0.000000 0.000000
vt 0.000000 0.000000
vt 0.000000 0.000000
vt 0.000000 0.000000
vt 0.000000 0.000000
vt 0.000000 0.000000
vt 0.000000 0.000000
vt 0.000000 0.000000
vt 0.000000 0.000000
vt 0.000000 0.000000
vt 0.000000 0.000000
vt 0.000000 0.000000
vt 0.000000 0.000000
vt 0.000000 0.000000
vt 0.000000 0.000000
vt 0.000000 0.000000
vt 0.000000 0.000000
vt 0.000000 0.000000
vt 0.000000 0.000000
vt 0.000000 0.000000
vt 0.000000 0.000000
vt 0.000000 0.000000
vt 0.000000 0.000000
vt 0.000000 0.000000
vt 0.000000 0.000000
vt 0.000000 0.000000
vt 0.000000 0.000000
vt 0.000000 0.000000
vt 0.000000 0.000000
vt 0.000000 0.000000
vt 0.000000 0.000000
vt 0.000000 0.000000
vt 0.000000 0.000000
vt 0.000000 0.000000
vt 0.000000 0.000000
vt 0.000000 0.000000
vt 0.000000 0.000000
vt 0.000000 0.000000
vt 0.000000 0.000000
vt 0.000000 0.000000
vt 0.000000 0.000000
vt 0.000000 0.000000
vt 0.000000 0.000000
vt 0.000000 0.000000
vt 0.000000 0.000000
vt 0.000000 0.000000
vt 0.000000 0.000000
vt 0.000000 0.000000
vt 0.000000 0.000000
vt 0.000000 0.000000
vt 0.000000 0.000000
vt 0.000000 0.000000
vt 0.000000 0.000000
vt 0.000000 0.000000
vt 0.000000 0.000000
vt 0.000000 0.000000
vt 0.000000 0.000000
vt 0.000000 0.000000
vt 0.000000 0.000000
vt 0.000000 0.000000
vt 0.000000 0.000000
vt 0.000000 0.000000
vt 0.000000 0.000000
vt 0.000000 0.000000
vt 0.000000 0.000000
vt 0.000000 0.000000
vt 0.000000 0.000000
vt 0.000000 0.000000
vt 0.000000 0.000000
vt 0.000000 0.000000
vt 0.000000 0.000000
vt 0.000000 0.000000
vt 0.000000 0.000000
vt 0.000000 0.000000
vt 0.000000 0.000000
vt 0.000000 0.000000
vt 0.000000 0.000000
vt 0.000000 0.000000
vt 0.000000 0.000000
vt 0.000000 0.000000
vt 0.000000 0.000000
vt 0.000000 0.000000
vt 0.000000 0.000000
vt 0.000000 0.000000
vt 0.000000 0.000000
vt 0.000000 0.000000
vt 0.000000 0.000000
vt 0.000000 0.000000
vt 0.000000 0.000000
vt 0.000000 0.000000
vt 0.000000 0.000000
vt 0.000000 0.000000
vt 0.000000 0.000000
vt 0.000000 0.000000
vt 0.000000 0.000000
vt 0.000000 0.000000
vt 0.000000 0.000000
vt 0.000000 0.000000
vt 0.000000 0.000000
vt 0.000000 0.000000
vt 0.000000 0.000000
vt 0.000000 0.000000
vt 0.000000 0.000000
vt 0.000000 0.000000
vt 0.000000 0.000000
vt 0.000000 0.000000
vt 0.000000 0.000000
vt 0.000000 0.000000
vt 0.000000 0.000000
vt 0.000000 0.000000
vt 0.000000 0.000000
vt 0.000000 0.000000
vt 0.000000 0.000000
vt 0.000000 0.000000
vt 0.000000 0.000000
vt 0.000000 0.000000
vt 0.000000 0.000000
vt 0.000000 0.000000
vt 0.000000 0.000000
vt 0.000000 0.000000
vt 0.000000 0.000000
vt 0.000000 0.000000
vt 0.000000 0.000000
vt 0.000000 0.000000
vt 0.000000 0.000000
vt 0.000000 0.000000
vt 0.000000 0.000000
vt 0.000000 0.000000
vt 0.000000 0.000000
vt 0.000000 0.000000
vt 0.000000 0.000000
vt 0.000000 0.000000
vt 0.000000 0.000000
vt 0.000000 0.000000
vt 0.000000 0.000000
vt 0.000000 0.000000
vt 0.000000 0.000000
vt 0.000000 0.000000
vt 0.000000 0.000000
vt 0.000000 0.000000
vt 0.000000 0.000000
vt 0.000000 0.000000
vt 0.000000 0.000000
vt 0.000000 0.000000
vt 0.000000 0.000000
vt 0.000000 0.000000
vt 0.000000 0.000000
vt 0.000000 0.000000
vt 0.000000 0.000000
vt 0.000000 0.000000
vt 0.000000 0.000000
vt 0.000000 0.000000
vt 0.000000 0.000000
vt 0.000000 0.000000
vt 0.000000 0.000000
vt 0.000000 0.000000
vt 0.000000 0.000000
vt 0.000000 0.000000
vt 0.000000 0.000000
vt 0.000000 0.000000
vt 0.000000 0.000000
vt 0.000000 0.000000
vt 0.000000 0.000000
s 0
f 1070/1326/1 2669/3235/1 1071/1327/1
f 2946/3650/2 779/1035/2 1665/2113/2
f 2688/3263/2 4227/5188/2 4230/5192/2
f 383/574/2 1411/1732/2 1413/1735/2
f 4229/5191/3 2490/3002/3 4228/5190/3
f 4228/5190/4 2489/3001/4 4225/5185/4
f 4225/5185/5 2488/3000/5 4223/5182/5
f 4223/5182/6 2487/2999/6 4222/5181/6
f 4222/5181/7 2486/2998/7 4220/5178/7
f 4220/5178/8 2485/2997/8 4218/5175/8
f 4218/5175/9 2484/2996/9 4216/5172/9
f 4216/5172/10 2483/2995/10 4214/5169/10
f 4214/5169/11 2482/2994/11 4212/5166/11
f 4212/5166/12 2481/2993/12 4210/5163/12
f 4210/5163/13 2480/2992/13 4208/5160/13
f 4208/5160/14 2479/2991/14 4206/5157/14
f 4206/5157/15 2478/2990/15 4203/5152/15
f 4203/5152/16 2477/2989/16 4202/5151/16
f 4202/5151/17 2476/2988/17 4200/5148/17
f 4200/5148/18 2475/2987/18 4198/5145/18
f 4198/5145/19 2474/2986/19 4195/5140/19
f 4195/5140/20 2473/2985/20 4193/5137/20
f 4193/5137/21 2472/2984/21 4191/5134/21
f 4191/5134/22 2471/2983/22 4189/5131/22
f 4189/5131/23 2470/2982/23 4187/5128/23
f 4187/5128/24 2469/2981/24 4186/5127/24
f 4186/5127/25 2468/2980/25 4183/5122/25
f 4183/5122/26 2467/2979/26 4181/5119/26
f 4181/5119/27 2466/2978/27 4179/5116/27
f 4179/5116/28 2465/2977/28 4177/5113/28
f 4177/5113/29 2464/2976/29 4175/5110/29
f 4175/5110/30 2463/2975/30 4174/5109/30
f 4174/5109/31 2462/2974/31 4172/5106/31
f 4172/5106/32 2461/2973/32 4170/5103/32
f 4170/5103/33 2460/2972/33 4168/5100/33
f 4168/5100/34 2459/2971/34 4166/5097/34
f 4166/5097/35 2458/2970/35 4164/5094/35
f 4164/5094/36 2457/2969/36 4162/5091/36
f 4162/5091/37 2456/2968/37 4159/5086/37
f 4159/5086/38 2455/2967/38 4158/5085/38
f 4158/5085/39 2454/2966/39 4156/5082/39
f 4156/5082/40 2453/2965/40 4154/5079/40
f 4154/5079/41 2452/2964/41 4152/5076/41
f 4152/5076/42 2451/2963/42 4149/5071/42
f 4149/5071/43 2450/2962/43 4148/5070/43
f 4148/5070/44 2449/2961/44 4145/5065/44
f 4145/5065/45 2448/2960/45 4143/5062/45
f 4143/5062/46 2447/2959/46 4141/5059/46
f 4141/5059/47 2446/2958/47 4139/5056/47
f 4139/5056/48 2445/2957/48 4137/5053/48
f 4137/5053/49 2444/2956/49 4135/5050/49
f 4133/5047/50 2442/2954/50 4131/5044/50
f 4131/5044/51 2441/2953/51 4130/5043/51
f 4130/5043/52 2440/2952/52 4128/5040/52
f 4128/5040/53 2439/2951/53 4126/5037/53
f 4126/5037/54 2438/2950/54 4124/5034/54
f 4124/5034/55 2437/2949/55 4122/5031/55
f 4122/5031/56 2436/2948/56 4120/5028/56
f 4120/5028/57 2435/2947/57 4118/5025/57
f 4118/5025/58 2434/2946/58 4116/5022/58
f 4116/5022/59 2433/2945/59 4114/5019/59
f 4114/5019/60 2432/2944/60 4112/5016/60
f 4112/5016/61 2431/2943/61 4110/5013/61
f 4110/5013/62 2430/2942/62 4108/5010/62
f 4108/5010/63 2429/2941/63 4106/5007/63
f 4106/5007/64 2428/2940/64 4104/5004/64
f 4104/5004/65 2427/2939/65 4102/5001/65
f 4102/5001/66 2426/2938/66 4099/4996/66
f 4099/4996/67 2425/2937/67 4098/4995/67
f 4098/4995/68 2424/2936/68 4095/4990/68
f 4095/4990/69 2423/2935/69 4094/4989/69
f 4094/4989/70 2422/2934/70 4092/4986/70
f 4092/4986/71 2421/2933/71 4090/4983/71
f 4090/4983/72 2420/2932/72 4088/4980/72
f 4088/4980/73 2419/2931/73 4086/4977/73
f 4086/4977/74 2418/2930/74 4084/4974/74
f 4084/4974/75 2417/2929/75 4082/4971/75
f 4082/4971/76 2416/2928/76 4080/4968/76
f 4080/4968/77 2415/2927/77 4078/4965/77
f 4078/4965/78 2414/2926/78 4076/4962/78
f 4076/4962/79 2413/2925/79 4074/4959/79
f 4074/4959/80 2412/2924/80 4072/4956/80
f 4072/4956/81 2411/2923/81 4070/4953/81
f 4070/4953/82 2410/2922/82 4068/4950/82
f 4068/4950/83 2409/2921/83 4066/4947/83
f 4066/4947/84 2408/2920/84 4064/4944/84
f 4064/4944/85 2407/2919/85 4062/4941/85
f 4062/4941/86 2406/2918/86 4060/4938/86
f 4060/4938/87 2405/2917/87 4058/4935/87
f 4058/4935/88 2404/2916/88 4056/4932/88
f 4056/4932/89 2403/2915/89 4054/4929/89
f 4054/4929/90 2402/2914/90 4052/4926/90
f 4052/4926/91 2401/2913/91 4050/4923/91
f 4050/4923/92 2400/2912/92 4048/4920/92
f 4048/4920/93 2399/2911/93 4046/4917/93
f 4046/4917/94 2398/2910/94 4044/4914/94
f 4044/4914/95 2397/2909/95 4042/4911/95
f 4042/4911/96 2396/2908/96 4040/4908/96
f 4040/4908/97 2395/2907/97 4038/4905/97
f 4038/4905/98 2394/2906/98 4036/4902/98
f 4036/4902/99 2393/2905/99 4033/4897/99
f 4033/4897/100 2392/2904/100 4031/4894/100
f 4031/4894/101 2391/2903/101 4029/4891/101
f 4029/4891/102 2390/2902/102 4027/4888/102
f 4027/4888/103 2389/2901/103 4025/4885/103
f 4025/4885/104 2388/2900/104 4023/4882/104
f 4023/4882/105 2387/2899/105 4021/4879/105
f 4021/4879/106 2386/2898/106 4019/4876/106
f 4019/4876/107 2385/2897/107 4017/4873/107
f 4017/4873/108 2384/2896/108 4015/4870/108
f 4015/4870/109 2383/2895/109 4013/4867/109
f 4013/4867/110 2382/2894/110 4011/4864/110
f 4011/4864/111 2381/2893/111 4009/4861/111
f 4009/4861/112 2380/2892/112 4007/4858/112
f 4007/4858/113 2379/2891/113 4005/4855/113
f 4005/4855/114 2378/2890/114 4003/4852/114
f 4003/4852/115 2377/2889/115 4001/4849/115
f 4001/4849/116 2376/2888/116 3999/4846/116
f 3999/4846/117 2375/2887/117 3997/4843/117
f 3997/4843/118 2374/2886/118 3995/4840/118
f 3995/4840/119 2373/2885/119 3993/4837/119
f 3993/4837/120 2372/2884/120 3991/4834/120
f 3991/4834/121 2371/2883/121 3989/4831/121
f 3989/4831/122 2370/2882/122 3987/4828/122
f 3987/4828/123 2369/2881/123 3986/4827/123
f 3986/4827/124 2368/2880/124 3984/4824/124
f 3984/4824/125 2367/2879/125 3982/4821/125
f 3982/4821/126 2366/2878/126 3979/4816/126
f 3979/4816/127 2365/2877/127 3978/4815/127
f 3978/4815/128 2364/2876/128 3976/4812/128
f 3976/4812/129 2363/2875/129 3974/4809/129
f 3974/4809/130 2362/2874/130 3972/4806/130
f 3972/4806/131 2361/2873/131 3970/4803/131
f 3970/4803/132 2360/2872/132 3967/4798/132
f 3967/4798/133 2359/2871/133 3966/4797/133
f 3966/4797/134 2358/2870/134 3964/4794/134
f 3964/4794/135 2357/2869/135 3961/4789/135
f 3961/4789/136 2356/2868/136 3959/4786/136
f 3959/4786/137 2355/2867/137 3957/4783/137
f 3957/4783/138 2354/2866/138 3956/4782/138
f 3956/4782/139 2353/2865/139 3953/4777/139
f 3953/4777/140 2352/2864/140 3951/4774/140
f 3951/4774/141 2351/2863/141 3949/4771/141
f 3949/4771/142 2350/2862/142 3948/4770/142
f 3948/4770/143 2349/2861/143 3945/4765/143
f 3945/4765/144 2348/2860/144 3943/4762/144
f 3943/4762/145 2347/2859/145 3942/4761/145
f 3942/4761/146 2346/2858/146 3940/4758/146
f 3940/4758/147 2345/2857/147 3937/4753/147
f 3937/4753/148 2344/2856/148 3935/4750/148
f 3935/4750/149 2343/2855/149 3934/4749/149
f 3934/4749/150 2342/2854/150 3931/4744/150
f 3931/4744/151 2341/2853/151 3930/4743/151
f 3930/4743/152 2340/2852/152 3928/4740/152
f 3928/4740/153 2339/2851/153 3926/4737/153
f 3926/4737/154 2338/2850/154 3924/4734/154
f 3924/4734/155 2337/2849/155 3921/4729/155
f 3921/4729/156 2336/2848/156 3919/4726/156
f 3919/4726/157 2335/2847/157 3917/4723/157
f 3917/4723/158 2334/2846/158 3915/4720/158
f 3915/4720/159 2333/2845/159 3913/4717/159
f 3913/4717/160 2332/2844/160 3911/4714/160
f 3911/4714/161 2331/2843/161 3909/4711/161
f 3909/4711/162 2330/2842/162 3907/4708/162
f 3907/4708/163 2329/2841/163 3905/4705/163
f 3905/4705/164 2328/2840/164 3903/4702/164
f 3903/4702/165 2327/2839/165 3901/4699/165
f 3901/4699/166 2326/2838/166 3899/4696/166
f 3899/4696/167 2325/2837/167 3897/4693/167
f 3897/4693/168 2324/2836/168 3895/4690/168
f 3895/4690/169 2323/2835/169 3893/4687/169
f 3893/4687/170 2322/2834/170 3891/4684/170
f 3891/4684/171 2321/2833/171 3890/4683/171
f 3890/4683/172 2320/2832/172 3887/4678/172
f 3887/4678/173 2319/2831/173 3886/4677/173
f 3886/4677/174 2318/2830/174 3883/4672/174
f 3883/4672/175 2317/2829/175 3881/4669/175
f 3881/4669/176 2316/2828/176 3879/4666/176
f 3879/4666/177 2315/2827/177 3877/4663/177
f 3875/4660/178 2313/2825/178 3873/4657/178
f 3873/4657/179 2312/2824/179 3871/4654/179
f 3871/4654/180 2311/2823/180 3870/4653/180
f 3870/4653/181 2310/2822/181 3867/4648/181
f 3867/4648/182 2309/2821/182 3866/4647/182
f 3866/4647/183 2308/2820/183 3864/4644/183
f 3864/4644/184 2307/2819/184 3862/4641/184
f 3862/4641/185 2306/2818/185 3860/4638/185
f 3860/4638/186 2305/2817/186 3858/4635/186
f 3858/4635/187 2303/2815/187 3856/4632/187
f 3856/4632/188 2302/2814/188 3854/4629/188
f 3854/4629/189 2300/2812/189 3852/4626/189
f 3852/4626/190 2298/2810/190 3850/4623/190
f 3850/4623/191 2296/2808/191 3848/4620/191
f 3848/4620/192 2294/2806/192 3846/4617/192
f 3846/4617/193 2292/2804/193 3844/4614/193
f 3844/4614/194 2290/2802/194 3842/4611/194
f 3842/4611/195 2288/2800/195 3840/4608/195
f 3840/4608/196 2285/2797/196 3839/4607/196
f 3839/4607/197 2283/2795/197 3838/4606/197
f 3838/4606/198 2282/2794/198 3837/4605/198
f 3837/4605/199 2280/2792/199 3836/4604/199
f 3836/4604/200 2278/2790/200 3835/4603/200
f 3835/4603/201 2276/2788/201 3834/4602/201
f 3834/4602/202 2274/2786/202 3833/4601/202
f 3833/4601/203 2272/2784/203 3832/4600/203
f 3832/4600/204 2270/2782/204 3831/4599/204
f 3831/4599/205 2267/2779/205 3830/4598/205
f 3830/4598/206 2265/2777/206 3829/4597/206
f 3829/4597/207 2263/2775/207 3828/4596/207
f 3828/4596/208 2262/2774/208 3827/4595/208
f 3827/4595/209 2259/2771/209 3826/4594/209
f 3826/4594/210 2258/2770/210 3825/4593/210
f 3825/4593/211 2256/2768/211 3824/4592/211
f 3824/4592/212 2254/2766/212 3823/4591/212
f 3823/4591/213 2252/2764/213 3822/4590/213
f 3822/4590/214 2249/2761/214 3821/4589/214
f 3821/4589/215 2248/2760/215 3820/4588/215
f 3820/4588/216 2246/2758/216 3819/4587/216
f 3819/4587/217 2244/2756/217 3818/4586/217
f 3818/4586/218 2242/2754/218 3817/4585/218
f 3817/4585/219 2240/2752/219 3816/4584/219
f 3816/4584/220 2238/2750/220 3815/4583/220
f 3815/4583/221 2235/2747/221 3814/4582/221
f 3814/4582/222 2233/2745/222 3813/4581/222
f 3813/4581/223 2231/2743/223 3812/4580/223
f 3812/4580/224 2229/2741/224 3811/4579/224
f 3811/4579/225 2228/2740/225 3810/4578/225
f 3810/4578/226 2226/2738/226 3809/4577/226
f 3809/4577/227 2224/2736/227 3808/4576/227
f 3808/4576/228 2222/2734/228 3807/4575/228
f 3807/4575/229 2220/2732/229 3806/4574/229
f 3806/4574/230 2217/2729/230 3805/4573/230
f 3805/4573/231 2216/2728/231 3804/4572/231
f 3804/4572/232 2213/2725/232 3803/4571/232
f 3803/4571/233 2212/2724/233 3802/4570/233
f 3802/4570/234 2210/2722/234 3801/4569/234
f 3801/4569/235 2207/2719/235 3800/4568/235
f 3800/4568/236 2206/2718/236 3799/4567/236
f 3799/4567/237 2204/2716/237 3798/4566/237
f 3798/4566/238 2202/2714/238 3797/4565/238
f 3797/4565/239 2200/2712/239 3796/4564/239
f 3796/4564/240 2197/2709/240 3795/4563/240
f 3795/4563/241 2196/2708/241 3794/4562/241
f 3794/4562/242 2193/2705/242 3793/4561/242
f 3793/4561/243 2191/2703/243 3792/4560/243
f 3792/4560/244 2190/2702/244 3791/4559/244
f 3791/4559/245 2187/2699/245 3790/4558/245
f 3790/4558/246 2185/2697/246 3789/4557/246
f 3789/4557/247 2184/2696/247 3788/4556/247
f 3788/4556/248 2182/2694/248 3787/4555/248
f 3787/4555/249 2179/2691/249 3786/4554/249
f 3786/4554/250 2177/2689/250 3785/4553/250
f 3690/4458/251 1990/2502/251 3691/4459/251
f 3785/4553/252 2175/2687/252 3784/4552/252
f 3689/4457/253 1988/2500/253 3690/4458/253
f 3784/4552/254 2173/2685/254 3783/4551/254
f 3688/4456/255 1986/2498/255 3689/4457/255
f 3783/4551/256 2171/2683/256 3782/4550/256
f 3687/4455/257 1983/2495/257 3688/4456/257
f 3782/4550/258 2170/2682/258 3781/4549/258
f 3686/4454/259 1981/2493/259 3687/4455/259
f 3781/4549/260 2168/2680/260 3780/4548/260
f 3685/4453/261 1979/2491/261 3686/4454/261
f 3780/4548/262 2165/2677/262 3779/4547/262
f 3684/4452/263 1978/2490/263 3685/4453/263
f 3779/4547/264 2164/2676/264 3778/4546/264
f 3683/4451/265 1976/2488/265 3684/4452/265
f 3778/4546/266 2162/2674/266 3777/4545/266
f 3682/4450/267 1973/2485/267 3683/4451/267
f 3777/4545/268 2159/2671/268 3776/4544/268
f 3681/4449/269 1971/2483/269 3682/4450/269
f 3776/4544/270 2158/2670/270 3775/4543/270
f 3680/4448/271 1969/2481/271 3681/4449/271
f 3775/4543/272 2155/2667/272 3774/4542/272
f 3679/4447/273 1968/2480/273 3680/4448/273
f 3774/4542/274 2153/2665/274 3773/4541/274
f 3678/4446/275 1965/2477/275 3679/4447/275
f 3773/4541/276 2151/2663/276 3772/4540/276
f 3677/4445/277 1963/2475/277 3678/4446/277
f 3772/4540/278 2149/2661/278 3771/4539/278
f 3676/4444/279 1961/2473/279 3677/4445/279
f 3771/4539/280 2148/2660/280 3770/4538/280
f 3675/4443/281 1959/2471/281 3676/4444/281
f 3770/4538/282 2145/2657/282 3769/4537/282
f 3674/4442/283 1957/2469/283 3675/4443/283
f 3769/4537/284 2143/2655/284 3768/4536/284
f 3673/4441/285 1956/2468/285 3674/4442/285
f 3768/4536/286 2142/2654/286 3767/4535/286
f 3672/4440/287 1953/2465/287 3673/4441/287
f 3767/4535/288 2139/2651/288 3766/4534/288
f 3671/4439/289 1952/2464/289 3672/4440/289
f 3766/4534/290 2137/2649/290 3765/4533/290
f 3670/4438/291 1949/2461/291 3671/4439/291
f 3765/4533/292 2136/2648/292 3764/4532/292
f 3669/4437/293 1947/2459/293 3670/4438/293
f 3764/4532/294 2133/2645/294 3763/4531/294
f 3668/4436/295 1946/2458/295 3669/4437/295
f 3763/4531/296 2132/2644/296 3762/4530/296
f 3667/4435/297 1944/2456/297 3668/4436/297
f 3762/4530/298 2129/2641/298 3761/4529/298
f 3666/4434/299 1942/2454/299 3667/4435/299
f 3761/4529/300 2128/2640/300 3760/4528/300
f 3665/4433/301 1940/2452/301 3666/4434/301
f 3760/4528/302 2125/2637/302 3759/4527/302
f 3664/4432/303 1937/2449/303 3665/4433/303
f 3759/4527/304 2124/2636/304 3758/4526/304
f 3663/4431/305 1936/2448/305 3664/4432/305
f 3758/4526/306 2122/2634/306 3757/4525/306
f 3662/4430/307 1933/2445/307 3663/4431/307
f 3757/4525/308 2120/2632/308 3756/4524/308
f 3661/4429/309 1931/2443/309 3662/4430/309
f 3756/4524/310 2118/2630/310 3755/4523/310
f 3660/4428/311 1929/2441/311 3661/4429/311
f 3755/4523/312 2116/2628/312 3754/4522/312
f 3659/4427/313 1927/2439/313 3660/4428/313
f 3754/4522/314 2114/2626/314 3753/4521/314
f 3658/4426/315 1925/2437/315 3659/4427/315
f 3753/4521/316 2112/2624/316 3752/4520/316
f 3657/4425/317 1923/2435/317 3658/4426/317
f 3752/4520/318 2109/2621/318 3751/4519/318
f 3656/4424/319 1921/2433/319 3657/4425/319
f 3751/4519/320 2108/2620/320 3750/4518/320
f 3655/4423/321 1920/2432/321 3656/4424/321
f 3750/4518/322 2106/2618/322 3749/4517/322
f 3654/4422/323 1917/2429/323 3655/4423/323
f 3749/4517/324 2104/2616/324 3748/4516/324
f 3653/4421/325 1916/2428/325 3654/4422/325
f 3748/4516/326 2102/2614/326 3747/4515/326
f 3652/4420/327 1914/2426/327 3653/4421/327
f 3747/4515/328 2100/2612/328 3746/4514/328
f 3651/4419/329 1911/2423/329 3652/4420/329
f 3746/4514/330 2098/2610/330 3745/4513/330
f 3650/4418/331 1909/2421/331 3651/4419/331
f 3745/4513/332 2096/2608/332 3744/4512/332
f 3649/4417/333 1907/2419/333 3650/4418/333
f 3744/4512/334 2094/2606/334 3743/4511/334
f 3648/4416/335 1905/2417/335 3649/4417/335
f 3743/4511/336 2092/2604/336 3742/4510/336
f 3647/4415/337 1904/2416/337 3648/4416/337
f 3742/4510/338 2089/2601/338 3741/4509/338
f 3646/4414/339 1902/2414/339 3647/4415/339
f 3741/4509/340 2088/2600/340 3740/4508/340
f 3645/4413/341 1899/2411/341 3646/4414/341
f 3740/4508/342 2085/2597/342 3739/4507/342
f 3644/4412/343 1898/2410/343 3645/4413/343
f 3739/4507/344 2084/2596/344 3738/4506/344
f 3643/4411/345 1895/2407/345 3644/4412/345
f 3738/4506/346 2081/2593/346 3737/4505/346
f 3642/4410/1 1894/2406/1 3643/4411/1
f 3737/4505/347 2079/2591/347 3736/4504/347
f 3641/4409/348 1891/2403/348 3642/4410/348
f 3736/4504/349 2077/2589/349 3735/4503/349
f 3640/4408/350 1889/2401/350 3641/4409/350
f 3735/4503/351 2076/2588/351 3734/4502/351
f 3639/4407/352 1888/2400/352 3640/4408/352
f 3734/4502/353 2073/2585/353 3733/4501/353
f 3638/4406/354 1886/2398/354 3639/4407/354
f 3733/4501/355 2071/2583/355 3732/4500/355
f 3637/4405/356 1883/2395/356 3638/4406/356
f 3732/4500/357 2070/2582/357 3731/4499/357
f 3636/4404/358 1882/2394/358 3637/4405/358
f 3731/4499/359 2067/2579/359 3730/4498/359
f 3635/4403/360 1880/2392/360 3636/4404/360
f 3728/4496/361 2065/2577/361 3729/4497/361
f 3634/4402/362 1878/2390/362 3635/4403/362
f 3727/4495/363 2063/2575/363 3728/4496/363
f 3633/4401/364 1876/2388/364 3634/4402/364
f 3726/4494/365 2062/2574/365 3727/4495/365
f 3632/4400/366 1874/2386/366 3633/4401/366
f 3725/4493/367 2059/2571/367 3726/4494/367
f 3631/4399/368 1872/2384/368 3632/4400/368
f 3724/4492/369 2058/2570/369 3725/4493/369
f 3630/4398/370 1869/2381/370 3631/4399/370
f 3723/4491/371 2055/2567/371 3724/4492/371
f 3629/4397/372 1868/2380/372 3630/4398/372
f 3722/4490/373 2053/2565/373 3723/4491/373
f 3628/4396/374 1866/2378/374 3629/4397/374
f 3721/4489/375 2052/2564/375 3722/4490/375
f 3627/4395/376 1864/2376/376 3628/4396/376
f 3720/4488/377 2049/2561/377 3721/4489/377
f 3626/4394/378 1862/2374/378 3627/4395/378
f 3719/4487/379 2048/2560/379 3720/4488/379
f 3625/4393/380 1860/2372/380 3626/4394/380
f 3718/4486/381 2046/2558/381 3719/4487/381
f 3624/4392/382 1858/2370/382 3625/4393/382
f 3717/4485/383 2043/2555/383 3718/4486/383
f 3623/4391/384 1856/2368/384 3624/4392/384
f 3716/4484/385 2041/2553/385 3717/4485/385
f 3622/4390/386 1853/2365/386 3623/4391/386
f 3715/4483/387 2040/2552/387 3716/4484/387
f 3621/4389/388 1851/2363/388 3622/4390/388
f 3714/4482/389 2037/2549/389 3715/4483/389
f 3620/4388/390 1849/2361/390 3621/4389/390
f 3713/4481/391 2036/2548/391 3714/4482/391
f 3619/4387/392 1848/2360/392 3620/4388/392
f 3712/4480/393 2034/2546/393 3713/4481/393
f 3618/4386/394 1845/2357/394 3619/4387/394
f 3711/4479/395 2031/2543/395 3712/4480/395
f 3617/4385/396 1843/2355/396 3618/4386/396
f 3710/4478/397 2029/2541/397 3711/4479/397
f 3616/4384/398 1841/2353/398 3617/4385/398
f 3709/4477/399 2027/2539/399 3710/4478/399
f 3615/4383/400 1839/2351/400 3616/4384/400
f 3708/4476/401 2026/2538/401 3709/4477/401
f 3614/4382/402 1838/2350/402 3615/4383/402
f 3707/4475/403 2024/2536/403 3708/4476/403
f 3613/4381/404 1836/2348/404 3614/4382/404
f 3706/4474/405 2021/2533/405 3707/4475/405
f 4135/5050/406 1811/2323/406 3602/4370/406
f 3612/4380/407 1833/2345/407 3613/4381/407
f 3705/4473/408 2019/2531/408 3706/4474/408
f 3877/4663/409 2583/3106/409 4391/5415/409
f 3611/4379/410 1831/2343/410 3612/4380/410
f 3704/4472/411 2017/2529/411 3705/4473/411
f 3730/4498/412 2443/2955/412 4133/5047/412
f 3610/4378/413 1829/2341/413 3611/4379/413
f 3703/4471/414 2015/2527/414 3704/4472/414
f 3729/4497/415 2314/2826/415 3875/4660/415
f 3609/4377/416 1828/2340/416 3610/4378/416
f 3702/4470/417 2014/2526/417 3703/4471/417
f 4391/5415/418 2581/3103/418 4389/5413/418
f 3608/4376/419 1826/2338/419 3609/4377/419
f 3701/4469/420 2012/2524/420 3702/4470/420
f 4389/5413/421 2579/3100/421 4387/5411/421
f 3607/4375/422 1824/2336/422 3608/4376/422
f 3700/4468/423 2010/2522/423 3701/4469/423
f 4387/5411/424 2577/3097/424 4385/5409/424
f 3606/4374/425 1822/2334/425 3607/4375/425
f 3699/4467/426 2007/2519/426 3700/4468/426
f 4385/5409/427 2575/3094/427 4383/5407/427
f 3605/4373/428 1820/2332/428 3606/4374/428
f 3698/4466/429 2005/2517/429 3699/4467/429
f 4383/5407/430 2573/3091/430 4382/5406/430
f 3604/4372/431 1818/2330/431 3605/4373/431
f 3697/4465/432 2003/2515/432 3698/4466/432
f 4382/5406/433 2572/3090/433 4379/5403/433
f 3603/4371/434 1815/2327/434 3604/4372/434
f 3696/4464/435 2002/2514/435 3697/4465/435
f 4379/5403/436 2570/3087/436 4378/5402/436
f 3601/4369/437 1814/2326/437 3603/4371/437
f 3695/4463/438 2000/2512/438 3696/4464/438
f 4378/5402/439 2567/3082/439 4376/5400/439
f 3602/4370/440 1810/2322/440 3601/4369/440
f 3694/4462/441 1997/2509/441 3695/4463/441
f 4376/5400/442 2566/3081/442 4374/5398/442
f 3693/4461/443 1995/2507/443 3694/4462/443
f 4374/5398/444 2564/3078/444 4371/5395/444
f 3692/4460/445 1994/2506/445 3693/4461/445
f 4371/5395/446 2562/3075/446 4369/5393/446
f 3691/4459/447 1991/2503/447 3692/4460/447
f 4369/5393/448 2560/3072/448 4367/5391/448
f 4367/5391/449 2559/3071/449 4365/5389/449
f 4365/5389/450 2558/3070/450 4363/5387/450
f 4363/5387/451 2557/3069/451 4361/5385/451
f 4361/5385/452 2556/3068/452 4359/5383/452
f 4359/5383/453 2555/3067/453 4357/5381/453
f 4357/5381/454 2554/3066/454 4355/5379/454
f 4355/5379/455 2553/3065/455 4353/5377/455
f 4353/5377/456 2552/3064/456 4351/5374/456
f 4351/5374/457 2551/3063/457 4349/5371/457
f 4349/5371/458 2550/3062/458 4348/5370/458
f 4348/5370/459 2549/3061/459 4346/5367/459
f 4346/5367/460 2548/3060/460 4343/5362/460
f 4343/5362/461 2547/3059/461 4341/5359/461
f 4341/5359/462 2546/3058/462 4339/5356/462
f 4339/5356/463 2545/3057/463 4337/5353/463
f 4337/5353/464 2544/3056/464 4335/5350/464
f 4335/5350/465 2543/3055/465 4333/5347/465
f 4333/5347/466 2542/3054/466 4332/5346/466
f 4332/5346/467 2541/3053/467 4329/5341/467
f 4329/5341/468 2540/3052/468 4328/5340/468
f 4328/5340/469 2539/3051/469 4325/5335/469
f 4325/5335/470 2538/3050/470 4324/5334/470
f 4324/5334/471 2537/3049/471 4322/5331/471
f 4322/5331/472 2536/3048/472 4320/5328/472
f 4320/5328/473 2535/3047/473 4318/5325/473
f 4318/5325/474 2534/3046/474 4316/5322/474
f 4316/5322/475 2533/3045/475 4314/5319/475
f 4314/5319/476 2532/3044/476 4312/5316/476
f 4312/5316/477 2531/3043/477 4310/5313/477
f 4310/5313/478 2530/3042/478 4307/5308/478
f 4307/5308/479 2529/3041/479 4305/5305/479
f 4305/5305/480 2528/3040/480 4303/5302/480
f 4303/5302/481 2527/3039/481 4302/5301/481
f 4302/5301/482 2526/3038/482 4300/5298/482
f 4300/5298/483 2525/3037/483 4298/5295/483
f 4298/5295/484 2524/3036/484 4296/5292/484
f 4296/5292/485 2523/3035/485 4293/5287/485
f 4293/5287/486 2522/3034/486 4291/5284/486
f 4291/5284/487 2521/3033/487 4290/5283/487
f 4290/5283/488 2520/3032/488 4287/5278/488
f 4287/5278/489 2519/3031/489 4286/5277/489
f 4286/5277/490 2518/3030/490 4284/5274/490
f 4284/5274/491 2517/3029/491 4282/5271/491
f 4282/5271/492 2516/3028/492 4280/5268/492
f 4280/5268/493 2515/3027/493 4277/5263/493
f 4277/5263/494 2514/3026/494 4275/5260/494
f 4275/5260/495 2513/3025/495 4273/5257/495
f 4273/5257/496 2512/3024/496 4271/5254/496
f 4271/5254/497 2511/3023/497 4269/5251/497
f 4269/5251/498 2510/3022/498 4268/5250/498
f 4268/5250/499 2509/3021/499 4266/5247/499
f 4266/5247/500 2508/3020/500 4264/5244/500
f 4264/5244/501 2507/3019/501 4262/5241/501
f 4262/5241/502 2506/3018/502 4260/5238/502
f 4260/5238/503 2505/3017/503 4258/5235/503
f 4258/5235/504 2504/3016/504 4256/5232/504
f 4256/5232/505 2503/3015/505 4254/5229/505
f 4254/5229/506 2502/3014/506 4252/5226/506
f 4252/5226/507 2501/3013/507 4250/5223/507
f 4250/5223/508 2500/3012/508 4248/5220/508
f 4248/5220/509 2499/3011/509 4246/5217/509
f 4246/5217/510 2498/3010/510 4244/5214/510
f 4244/5214/511 2497/3009/511 4242/5211/511
f 4242/5211/512 2496/3008/512 4240/5208/512
f 4240/5208/513 2495/3007/513 4238/5205/513
f 4238/5205/514 2494/3006/514 4236/5202/514
f 4236/5202/515 2493/3005/515 4234/5199/515
f 4234/5199/516 2492/3004/516 4231/5194/516
f 4231/5194/517 2491/3003/517 4229/5191/517
f 1810/2322/518 1030/1286/518 1029/1285/518
f 1814/2326/519 1029/1285/519 1031/1287/519
f 1814/2326/520 1032/1288/520 1815/2327/520
f 1818/2330/521 1032/1288/521 1033/1289/521
f 1818/2330/522 1034/1290/522 1820/2332/522
f 1820/2332/523 1035/1291/523 1822/2334/523
f 1822/2334/524 1036/1292/524 1824/2336/524
f 1826/2338/525 1036/1292/525 1037/1293/525
f 1828/2340/526 1037/1293/526 1038/1294/526
f 1828/2340/527 1039/1295/527 1829/2341/527
f 1829/2341/528 1040/1296/528 1831/2343/528
f 1831/2343/529 1041/1297/529 1833/2345/529
f 1836/2348/530 1041/1297/530 1042/1298/530
f 1836/2348/531 1043/1299/531 1838/2350/531
f 1838/2350/532 1044/1300/532 1839/2351/532
f 1839/2351/533 1045/1301/533 1841/2353/533
f 1843/2355/534 1045/1301/534 1046/1302/534
f 1843/2355/535 1047/1303/535 1845/2357/535
f 1848/2360/536 1047/1303/536 1048/1304/536
f 1848/2360/537 1049/1305/537 1849/2361/537
f 1851/2363/538 1049/1305/538 1050/1306/538
f 1853/2365/539 1050/1306/539 1051/1307/539
f 1853/2365/540 1052/1308/540 1856/2368/540
f 1858/2370/541 1052/1308/541 1053/1309/541
f 1858/2370/542 1054/1310/542 1860/2372/542
f 1860/2372/543 1055/1311/543 1862/2374/543
f 1864/2376/544 1055/1311/544 1056/1312/544
f 1864/2376/545 1057/1313/545 1866/2378/545
f 1868/2380/546 1057/1313/546 1058/1314/546
f 1868/2380/547 1059/1315/547 1869/2381/547
f 1872/2384/548 1059/1315/548 1060/1316/548
f 1872/2384/549 1061/1317/549 1874/2386/549
f 1874/2386/550 1062/1318/550 1876/2388/550
f 1878/2390/551 1062/1318/551 1063/1319/551
f 1880/2392/552 1063/1319/552 1064/1320/552
f 1880/2392/553 1065/1321/553 1882/2394/553
f 1883/2395/554 1065/1321/554 1066/1322/554
f 1883/2395/555 1067/1323/555 1886/2398/555
f 1886/2398/556 1068/1324/556 1888/2400/556
f 1888/2400/557 1069/1325/557 1889/2401/557
f 1889/2401/558 1070/1326/558 1891/2403/558
f 1894/2406/559 1070/1326/559 1071/1327/559
f 1894/2406/560 1072/1328/560 1895/2407/560
f 1898/2410/561 1072/1328/561 1073/1329/561
f 1899/2411/562 1073/1329/562 1074/1330/562
f 1899/2411/563 1075/1331/563 1902/2414/563
f 1904/2416/564 1075/1331/564 1076/1332/564
f 1905/2417/565 1076/1332/565 1077/1333/565
f 1907/2419/566 1077/1333/566 1078/1334/566
f 1907/2419/567 1079/1335/567 1909/2421/567
f 1911/2423/568 1079/1335/568 1080/1336/568
f 1911/2423/569 1081/1337/569 1914/2426/569
f 1916/2428/570 1081/1337/570 1082/1338/570
f 1916/2428/571 1083/1339/571 1917/2429/571
f 1920/2432/572 1083/1339/572 1084/1340/572
f 1920/2432/573 1085/1341/573 1921/2433/573
f 1921/2433/574 1086/1342/574 1923/2435/574
f 1925/2437/575 1086/1342/575 1087/1343/575
f 1925/2437/576 1088/1344/576 1927/2439/576
f 1927/2439/577 1089/1345/577 1929/2441/577
f 1929/2441/578 1090/1346/578 1931/2443/578
f 1931/2443/579 1091/1347/579 1933/2445/579
f 1936/2448/580 1091/1347/580 1092/1348/580
f 1936/2448/581 1093/1349/581 1937/2449/581
f 1940/2452/582 1093/1349/582 1094/1350/582
f 1940/2452/583 1095/1351/583 1942/2454/583
f 1944/2456/584 1095/1351/584 1096/1352/584
f 1946/2458/585 1096/1352/585 1097/1353/585
f 1946/2458/586 1098/1354/586 1947/2459/586
f 1949/2461/587 1098/1354/587 1099/1355/587
f 1949/2461/588 1100/1356/588 1952/2464/588
f 1953/2465/589 1100/1356/589 1101/1357/589
f 1956/2468/590 1101/1357/590 1102/1358/590
f 1956/2468/591 1103/1359/591 1957/2469/591
f 1959/2471/592 1103/1359/592 1104/1360/592
f 1959/2471/593 1105/1361/593 1961/2473/593
f 1961/2473/594 1106/1362/594 1963/2475/594
f 1965/2477/595 1106/1362/595 1107/1363/595
f 1965/2477/596 1108/1364/596 1968/2480/596
f 1968/2480/597 1109/1365/597 1969/2481/597
f 1969/2481/598 1110/1366/598 1971/2483/598
f 1971/2483/599 1111/1367/599 1973/2485/599
f 1976/2488/600 1111/1367/600 1112/1368/600
f 1976/2488/601 1113/1369/601 1978/2490/601
f 1978/2490/602 1114/1370/602 1979/2491/602
f 1981/2493/603 1114/1370/603 1115/1371/603
f 1981/2493/604 1116/1372/604 1983/2495/604
f 1986/2498/605 1116/1372/605 1117/1373/605
f 1986/2498/606 1118/1374/606 1988/2500/606
f 1988/2500/607 1119/1375/607 1990/2502/607
f 1991/2503/608 1119/1375/608 1120/1376/608
f 1991/2503/609 1121/1377/609 1994/2506/609
f 1995/2507/610 1121/1377/610 1122/1378/610
f 1995/2507/611 1123/1379/611 1997/2509/611
f 1997/2509/612 1124/1380/612 2000/2512/612
f 2002/2514/613 1124/1380/613 1125/1381/613
f 2002/2514/614 1126/1382/614 2003/2515/614
f 2003/2515/615 1127/1383/615 2005/2517/615
f 2007/2519/616 1127/1383/616 1128/1384/616
f 2007/2519/617 1129/1385/617 2010/2522/617
f 2012/2524/618 1129/1385/618 1130/1386/618
f 2012/2524/619 1131/1387/619 2014/2526/619
f 2015/2527/620 1131/1387/620 1132/1388/620
f 2017/2529/621 1132/1388/621 1133/1389/621
f 2017/2529/622 1134/1390/622 2019/2531/622
f 2021/2533/623 1134/1390/623 1135/1391/623
f 2021/2533/624 1136/1392/624 2024/2536/624
f 2024/2536/625 1137/1393/625 2026/2538/625
f 2027/2539/626 1137/1393/626 1138/1394/626
f 2027/2539/627 1139/1395/627 2029/2541/627
f 2029/2541/628 1140/1396/628 2031/2543/628
f 2031/2543/629 1141/1397/629 2034/2546/629
f 2036/2548/630 1141/1397/630 1142/1398/630
f 2037/2549/631 1142/1398/631 1143/1399/631
f 2037/2549/632 1144/1400/632 2040/2552/632
f 2040/2552/633 1145/1401/633 2041/2553/633
f 2041/2553/634 1146/1402/634 2043/2555/634
f 2043/2555/635 1147/1403/635 2046/2558/635
f 2046/2558/636 1148/1404/636 2048/2560/636
f 2048/2560/637 1149/1405/637 2049/2561/637
f 2049/2561/638 1150/1406/638 2052/2564/638
f 2053/2565/639 1150/1406/639 1151/1407/639
f 2053/2565/640 1152/1408/640 2055/2567/640
f 2058/2570/641 1152/1408/641 1153/1409/641
f 2058/2570/642 1154/1410/642 2059/2571/642
f 2062/2574/643 1154/1410/643 1155/1411/643
f 2062/2574/644 1156/1412/644 2063/2575/644
f 2063/2575/645 1157/1413/645 2065/2577/645
f 2070/2582/646 1158/1414/646 2067/2579/646
f 2071/2583/647 1159/1415/647 2070/2582/647
f 2071/2583/648 1161/1417/648 1160/1416/648
f 2076/2588/649 1161/1417/649 2073/2585/649
f 2076/2588/650 1163/1419/650 1162/1418/650
f 2079/2591/651 1163/1419/651 2077/2589/651
f 2079/2591/652 1165/1421/652 1164/1420/652
f 2084/2596/653 1165/1421/653 2081/2593/653
f 2085/2597/654 1166/1422/654 2084/2596/654
f 2088/2600/655 1167/1423/655 2085/2597/655
f 2089/2601/656 1168/1424/656 2088/2600/656
f 2092/2604/657 1169/1425/657 2089/2601/657
f 2094/2606/658 1170/1426/658 2092/2604/658
f 2096/2608/659 1171/1427/659 2094/2606/659
f 2096/2608/660 1173/1429/660 1172/1428/660
f 2098/2610/661 1174/1430/661 1173/1429/661
f 2102/2614/662 1174/1430/662 2100/2612/662
f 2104/2616/663 1175/1431/663 2102/2614/663
f 2106/2618/664 1176/1432/664 2104/2616/664
f 2106/2618/665 1178/1434/665 1177/1433/665
f 2109/2621/666 1178/1434/666 2108/2620/666
f 2112/2624/667 1179/1435/667 2109/2621/667
f 2112/2624/668 1181/1437/668 1180/1436/668
f 2116/2628/669 1181/1437/669 2114/2626/669
f 2116/2628/670 1183/1439/670 1182/1438/670
f 2118/2630/671 1184/1440/671 1183/1439/671
f 2122/2634/672 1184/1440/672 2120/2632/672
f 2122/2634/673 1186/1442/673 1185/1441/673
f 2125/2637/674 1186/1442/674 2124/2636/674
f 2125/2637/675 1188/1444/675 1187/1443/675
f 2129/2641/676 1188/1444/676 2128/2640/676
f 2132/2644/677 1189/1445/677 2129/2641/677
f 2132/2644/678 1191/1447/678 1190/1446/678
f 2136/2648/679 1191/1447/679 2133/2645/679
f 2137/2649/680 1192/1448/680 2136/2648/680
f 2137/2649/681 1194/1450/681 1193/1449/681
f 2142/2654/682 1194/1450/682 2139/2651/682
f 2142/2654/683 1196/1452/683 1195/1451/683
f 2145/2657/684 1196/1452/684 2143/2655/684
f 2148/2660/685 1197/1453/685 2145/2657/685
f 2148/2660/686 1199/1455/686 1198/1454/686
f 2151/2663/687 1199/1455/687 2149/2661/687
f 2151/2663/688 1201/1457/688 1200/1456/688
f 2155/2667/689 1201/1457/689 2153/2665/689
f 2158/2670/690 1202/1458/690 2155/2667/690
f 2158/2670/691 1204/1460/691 1203/1459/691
f 2162/2674/692 1204/1460/692 2159/2671/692
f 2164/2676/693 1205/1461/693 2162/2674/693
f 2165/2677/694 1206/1462/694 2164/2676/694
f 2165/2677/695 1208/1464/695 1207/1463/695
f 2170/2682/696 1208/1464/696 2168/2680/696
f 2171/2683/697 1209/1465/697 2170/2682/697
f 2173/2685/698 1210/1466/698 2171/2683/698
f 2175/2687/699 1211/1467/699 2173/2685/699
f 2177/2689/700 1212/1468/700 2175/2687/700
f 2177/2689/701 1214/1470/701 1213/1469/701
f 2179/2691/702 1215/1471/702 1214/1470/702
f 2184/2696/703 1215/1471/703 2182/2694/703
f 2184/2696/704 1217/1473/704 1216/1472/704
f 2187/2699/705 1217/1473/705 2185/2697/705
f 2187/2699/706 1219/1475/706 1218/1474/706
f 2190/2702/707 1220/1476/707 1219/1475/707
f 2193/2705/708 1220/1476/708 2191/2703/708
f 2193/2705/709 1222/1478/709 1221/1477/709
f 2197/2709/710 1222/1478/710 2196/2708/710
f 2197/2709/711 1224/1480/711 1223/1479/711
f 2202/2714/712 1224/1480/712 2200/2712/712
f 2204/2716/713 1225/1481/713 2202/2714/713
f 2206/2718/714 1226/1482/714 2204/2716/714
f 2207/2719/715 1227/1483/715 2206/2718/715
f 2207/2719/716 1229/1485/716 1228/1484/716
f 2212/2724/717 1229/1485/717 2210/2722/717
f 2213/2725/718 1230/1486/718 2212/2724/718
f 2213/2725/719 1232/1488/719 1231/1487/719
f 2217/2729/720 1232/1488/720 2216/2728/720
f 2217/2729/721 1234/1490/721 1233/1489/721
f 2222/2734/722 1234/1490/722 2220/2732/722
f 2224/2736/723 1235/1491/723 2222/2734/723
f 2224/2736/724 1237/1493/724 1236/1492/724
f 2226/2738/725 1238/1494/725 1237/1493/725
f 2228/2740/726 1239/1495/726 1238/1494/726
f 2229/2741/727 1240/1496/727 1239/1495/727
f 2233/2745/728 1240/1496/728 2231/2743/728
f 2233/2745/729 1242/1498/729 1241/1497/729
f 2235/2747/730 1243/1499/730 1242/1498/730
f 2240/2752/731 1243/1499/731 2238/2750/731
f 2240/2752/732 1245/1501/732 1244/1500/732
f 2244/2756/733 1245/1501/733 2242/2754/733
f 2246/2758/734 1246/1502/734 2244/2756/734
f 2248/2760/735 1247/1503/735 2246/2758/735
f 2249/2761/736 1248/1504/736 2248/2760/736
f 2249/2761/737 1250/1506/737 1249/1505/737
f 2254/2766/738 1250/1506/738 2252/2764/738
f 2254/2766/739 1252/1508/739 1251/1507/739
f 2256/2768/740 1253/1509/740 1252/1508/740
f 2259/2771/741 1253/1509/741 2258/2770/741
f 2259/2771/742 1255/1511/742 1254/1510/742
f 2262/2774/743 1256/1512/743 1255/1511/743
f 2265/2777/744 1256/1512/744 2263/2775/744
f 2265/2777/745 1258/1514/745 1257/1513/745
f 2270/2782/746 1258/1514/746 2267/2779/746
f 2270/2782/747 1260/1516/747 1259/1515/747
f 2274/2786/748 1260/1516/748 2272/2784/748
f 2276/2788/749 1261/1517/749 2274/2786/749
f 2276/2788/750 1263/1519/750 1262/1518/750
f 2280/2792/751 1263/1519/751 2278/2790/751
f 2280/2792/752 1265/1521/752 1264/1520/752
f 2282/2794/753 1266/1522/753 1265/1521/753
f 2285/2797/754 1266/1522/754 2283/2795/754
f 2285/2797/755 1268/1524/755 1267/1523/755
f 2290/2802/756 1268/1524/756 2288/2800/756
f 2290/2802/757 1270/1526/757 1269/1525/757
f 2294/2806/758 1270/1526/758 2292/2804/758
f 2296/2808/759 1271/1527/759 2294/2806/759
f 2298/2810/760 1272/1528/760 2296/2808/760
f 2298/2810/761 1274/1530/761 1273/1529/761
f 2302/2814/762 1274/1530/762 2300/2812/762
f 2303/2815/763 1275/1531/763 2302/2814/763
f 2305/2817/764 1276/1532/764 2303/2815/764
f 2305/2817/765 1278/1534/765 1277/1533/765
f 2306/2818/766 1279/1535/766 1278/1534/766
f 2308/2820/767 1279/1535/767 2307/2819/767
f 2309/2821/768 1280/1536/768 2308/2820/768
f 2310/2822/769 1281/1537/769 2309/2821/769
f 2310/2822/770 1286/1545/770 1284/1542/770
f 2312/2824/771 1286/1545/771 2311/2823/771
f 2312/2824/772 1290/1551/772 1288/1548/772
f 2313/2825/773 1292/1554/773 1290/1551/773
f 2316/2828/774 1294/1557/774 2315/2827/774
f 2317/2829/775 1296/1560/775 2316/2828/775
f 2317/2829/776 1300/1566/776 1297/1561/776
f 2319/2831/777 1300/1566/777 2318/2830/777
f 2319/2831/778 1304/1572/778 1302/1569/778
f 2321/2833/779 1304/1572/779 2320/2832/779
f 2321/2833/780 1308/1578/780 1306/1575/780
f 2323/2835/781 1308/1578/781 2322/2834/781
f 2324/2836/782 1310/1581/782 2323/2835/782
f 2325/2837/783 1312/1584/783 2324/2836/783
f 2326/2838/784 1314/1587/784 2325/2837/784
f 2327/2839/785 1316/1590/785 2326/2838/785
f 2328/2840/786 1318/1593/786 2327/2839/786
f 2329/2841/787 1319/1594/787 2328/2840/787
f 2329/2841/788 1324/1602/788 1321/1597/788
f 2330/2842/789 1325/1603/789 1324/1602/789
f 2332/2844/790 1325/1603/790 2331/2843/790
f 2333/2845/791 1327/1606/791 2332/2844/791
f 2334/2846/792 1329/1609/792 2333/2845/792
f 2334/2846/793 1333/1615/793 1331/1612/793
f 2336/2848/794 1333/1615/794 2335/2847/794
f 2337/2849/795 1335/1618/795 2336/2848/795
f 2337/2849/796 1339/1624/796 1337/1621/796
f 2339/2851/797 1339/1624/797 2338/2850/797
f 2339/2851/798 1343/1630/798 1341/1627/798
f 2340/2852/799 1345/1633/799 1343/1630/799
f 2342/2854/800 1345/1633/800 2341/2853/800
f 2342/2854/801 1349/1639/801 1347/1636/801
f 2344/2856/802 1349/1639/802 2343/2855/802
f 2344/2856/803 1353/1645/803 1351/1642/803
f 2346/2858/804 1353/1645/804 2345/2857/804
f 2347/2859/805 1355/1648/805 2346/2858/805
f 2347/2859/806 1359/1654/806 1357/1651/806
f 2349/2861/807 1359/1654/807 2348/2860/807
f 2350/2862/808 1361/1657/808 2349/2861/808
f 2350/2862/809 1365/1663/809 1363/1660/809
f 2352/2864/810 1365/1663/810 2351/2863/810
f 2352/2864/811 1369/1669/811 1367/1666/811
f 2354/2866/812 1369/1669/812 2353/2865/812
f 2355/2867/813 1372/1674/813 2354/2866/813
f 2355/2867/814 1376/1680/814 1374/1677/814
f 2357/2869/815 1376/1680/815 2356/2868/815
f 2357/2869/816 1379/1684/816 1377/1681/816
f 2359/2871/817 1379/1684/817 2358/2870/817
f 2360/2872/818 1381/1687/818 2359/2871/818
f 2360/2872/819 1385/1693/819 1383/1690/819
f 2362/2874/820 1385/1693/820 2361/2873/820
f 2363/2875/821 1387/1696/821 2362/2874/821
f 2364/2876/822 1389/1699/822 2363/2875/822
f 2364/2876/823 1393/1705/823 1391/1702/823
f 2366/2878/824 1393/1705/824 2365/2877/824
f 2367/2879/825 1395/1708/825 2366/2878/825
f 2368/2880/826 1397/1711/826 2367/2879/826
f 2369/2881/827 1399/1714/827 2368/2880/827
f 2370/2882/828 1401/1717/828 2369/2881/828
f 2370/2882/829 1405/1723/829 1403/1720/829
f 2371/2883/830 1407/1726/830 1405/1723/830
f 2373/2885/831 1407/1726/831 2372/2884/831
f 2373/2885/832 1412/1734/832 1409/1729/832
f 2375/2887/833 1412/1734/833 2374/2886/833
f 2375/2887/834 1415/1738/834 1414/1737/834
f 2376/2888/835 1418/1743/835 1415/1738/835
f 2378/2890/836 1418/1743/836 2377/2889/836
f 2378/2890/837 1422/1749/837 1420/1746/837
f 2380/2892/838 1422/1749/838 2379/2891/838
f 2380/2892/839 1426/1755/839 1424/1752/839
f 2382/2894/840 1426/1755/840 2381/2893/840
f 2383/2895/841 1427/1756/841 2382/2894/841
f 2384/2896/842 1430/1761/842 2383/2895/842
f 2385/2897/843 1432/1764/843 2384/2896/843
f 2385/2897/844 1436/1770/844 1434/1767/844
f 2387/2899/845 1436/1770/845 2386/2898/845
f 2388/2900/846 1437/1771/846 2387/2899/846
f 2388/2900/847 1441/1777/847 1439/1774/847
f 2390/2902/848 1441/1777/848 2389/2901/848
f 2390/2902/849 1445/1783/849 1443/1780/849
f 2392/2904/850 1445/1783/850 2391/2903/850
f 2393/2905/851 1447/1786/851 2392/2904/851
f 2393/2905/852 1451/1792/852 1450/1791/852
f 2394/2906/853 1453/1795/853 1451/1792/853
f 2395/2907/854 1455/1798/854 1453/1795/854
f 2396/2908/855 1457/1801/855 1455/1798/855
f 2398/2910/856 1457/1801/856 2397/2909/856
f 2398/2910/857 1461/1807/857 1460/1806/857
f 2399/2911/858 1464/1812/858 1461/1807/858
f 2401/2913/859 1464/1812/859 2400/2912/859
f 2401/2913/860 1467/1816/860 1466/1815/860
f 2403/2915/861 1467/1816/861 2402/2914/861
f 2404/2916/862 1470/1821/862 2403/2915/862
f 2405/2917/863 1471/1822/863 2404/2916/863
f 2406/2918/864 1473/1825/864 2405/2917/864
f 2406/2918/865 1477/1831/865 1475/1828/865
f 2408/2920/866 1477/1831/866 2407/2919/866
f 2408/2920/867 1481/1837/867 1479/1834/867
f 2409/2921/868 1483/1840/868 1481/1837/868
f 2411/2923/869 1483/1840/869 2410/2922/869
f 2411/2923/870 1487/1846/870 1485/1843/870
f 2412/2924/871 1489/1849/871 1487/1846/871
f 2414/2926/872 1489/1849/872 2413/2925/872
f 2414/2926/873 1493/1855/873 1491/1852/873
f 2416/2928/874 1493/1855/874 2415/2927/874
f 2416/2928/875 1498/1863/875 1496/1860/875
f 2418/2930/876 1498/1863/876 2417/2929/876
f 2419/2931/877 1499/1864/877 2418/2930/877
f 2419/2931/878 1504/1872/878 1501/1867/878
f 2421/2933/879 1504/1872/879 2420/2932/879
f 2421/2933/880 1508/1878/880 1506/1875/880
f 2422/2934/881 1510/1881/881 1508/1878/881
f 2424/2936/882 1510/1881/882 2423/2935/882
f 2424/2936/883 1514/1887/883 1512/1884/883
f 2426/2938/884 1514/1887/884 2425/2937/884
f 2426/2938/885 1518/1893/885 1515/1888/885
f 2428/2940/886 1518/1893/886 2427/2939/886
f 2429/2941/887 1520/1896/887 2428/2940/887
f 2430/2942/888 1522/1899/888 2429/2941/888
f 2430/2942/889 1525/1903/889 1524/1902/889
f 2432/2944/890 1525/1903/890 2431/2943/890
f 2433/2945/891 1527/1906/891 2432/2944/891
f 2434/2946/892 1529/1909/892 2433/2945/892
f 2434/2946/893 1533/1915/893 1532/1914/893
f 2435/2947/894 1535/1918/894 1533/1915/894
f 2437/2949/895 1535/1918/895 2436/2948/895
f 2438/2950/896 1537/1921/896 2437/2949/896
f 2439/2951/897 1540/1926/897 2438/2950/897
f 2439/2951/898 1543/1930/898 1542/1929/898
f 2441/2953/899 1543/1930/899 2440/2952/899
f 2441/2953/900 1548/1938/900 1545/1933/900
f 2442/2954/901 1549/1939/901 1548/1938/901
f 2445/2957/902 1551/1942/902 2444/2956/902
f 2446/2958/903 1554/1947/903 2445/2957/903
f 2446/2958/904 1558/1953/904 1555/1948/904
f 2448/2960/905 1558/1953/905 2447/2959/905
f 2448/2960/906 1561/1957/906 1559/1954/906
f 2450/2962/907 1561/1957/907 2449/2961/907
f 2450/2962/908 1566/1965/908 1563/1960/908
f 2452/2964/909 1566/1965/909 2451/2963/909
f 2453/2965/910 1568/1968/910 2452/2964/910
f 2454/2966/911 1570/1971/911 2453/2965/911
f 2455/2967/912 1572/1974/912 2454/2966/912
f 2456/2968/913 1574/1977/913 2455/2967/913
f 2457/2969/914 1575/1978/914 2456/2968/914
f 2458/2970/915 1578/1983/915 2457/2969/915
f 2458/2970/916 1581/1987/916 1579/1984/916
f 2459/2971/917 1583/1990/917 1581/1987/917
f 2461/2973/918 1583/1990/918 2460/2972/918
f 2462/2974/919 1585/1993/919 2461/2973/919
f 2463/2975/920 1588/1998/920 2462/2974/920
f 2463/2975/921 1592/2004/921 1590/2001/921
f 2465/2977/922 1592/2004/922 2464/2976/922
f 2466/2978/923 1593/2005/923 2465/2977/923
f 2466/2978/924 1598/2013/924 1596/2010/924
f 2468/2980/925 1598/2013/925 2467/2979/925
f 2468/2980/926 1602/2019/926 1600/2016/926
f 2469/2981/927 1604/2022/927 1602/2019/927
f 2471/2983/928 1604/2022/928 2470/2982/928
f 2471/2983/929 1607/2026/929 1606/2025/929
f 2473/2985/930 1607/2026/930 2472/2984/930
f 2473/2985/931 1612/2034/931 1610/2031/931
f 2475/2987/932 1612/2034/932 2474/2986/932
f 2476/2988/933 1614/2037/933 2475/2987/933
f 2476/2988/934 1618/2043/934 1616/2040/934
f 2478/2990/935 1618/2043/935 2477/2989/935
f 2479/2991/936 1620/2046/936 2478/2990/936
f 2479/2991/937 1624/2052/937 1622/2049/937
f 2481/2993/938 1624/2052/938 2480/2992/938
f 2481/2993/939 1628/2058/939 1626/2055/939
f 2483/2995/940 1628/2058/940 2482/2994/940
f 2484/2996/941 1630/2061/941 2483/2995/941
f 2484/2996/942 1633/2065/942 1632/2064/942
f 2486/2998/943 1633/2065/943 2485/2997/943
f 2486/2998/944 1637/2071/944 1635/2068/944
f 2488/3000/945 1637/2071/945 2487/2999/945
f 2489/3001/946 1639/2074/946 2488/3000/946
f 2489/3001/947 1643/2080/947 1641/2077/947
f 2491/3003/948 1643/2080/948 2490/3002/948
f 2492/3004/949 1645/2083/949 2491/3003/949
f 2493/3005/950 1648/2088/950 2492/3004/950
f 2493/3005/951 1652/2094/951 1650/2091/951
f 2495/3007/952 1652/2094/952 2494/3006/952
f 2496/3008/953 1654/2097/953 2495/3007/953
f 2497/3009/954 1656/2100/954 2496/3008/954
f 2498/3010/955 1658/2103/955 2497/3009/955
f 2499/3011/956 1660/2106/956 2498/3010/956
f 2499/3011/957 1664/2112/957 1662/2109/957
f 2500/3012/958 1666/2115/958 1664/2112/958
f 2502/3014/959 1666/2115/959 2501/3013/959
f 2502/3014/960 1670/2121/960 1667/2116/960
f 2504/3016/961 1670/2121/961 2503/3015/961
f 2504/3016/962 1674/2127/962 1672/2124/962
f 2505/3017/963 1676/2130/963 1674/2127/963
f 2507/3019/964 1676/2130/964 2506/3018/964
f 2507/3019/965 1680/2136/965 1678/2133/965
f 2509/3021/966 1680/2136/966 2508/3020/966
f 2509/3021/967 1684/2142/967 1682/2139/967
f 2511/3023/968 1684/2142/968 2510/3022/968
f 2512/3024/969 1686/2145/969 2511/3023/969
f 2513/3025/970 1688/2148/970 2512/3024/970
f 2514/3026/971 1690/2151/971 2513/3025/971
f 2514/3026/972 1694/2157/972 1692/2154/972
f 2516/3028/973 1694/2157/973 2515/3027/973
f 2517/3029/974 1695/2158/974 2516/3028/974
f 2517/3029/975 1700/2166/975 1698/2163/975
f 2519/3031/976 1700/2166/976 2518/3030/976
f 2519/3031/977 1704/2172/977 1702/2169/977
f 2521/3033/978 1704/2172/978 2520/3032/978
f 2522/3034/979 1706/2175/979 2521/3033/979
f 2522/3034/980 1710/2181/980 1708/2178/980
f 2523/3035/981 1712/2184/981 1710/2181/981
f 2524/3036/982 1714/2187/982 1712/2184/982
f 2525/3037/983 1716/2190/983 1714/2187/983
f 2527/3039/984 1716/2190/984 2526/3038/984
f 2527/3039/985 1719/2194/985 1717/2191/985
f 2528/3040/986 1721/2197/986 1719/2194/986
f 2530/3042/987 1721/2197/987 2529/3041/987
f 2530/3042/988 1725/2203/988 1724/2202/988
f 2532/3044/989 1725/2203/989 2531/3043/989
f 2533/3045/990 1728/2208/990 2532/3044/990
f 2534/3046/991 1730/2211/991 2533/3045/991
f 2535/3047/992 1731/2212/992 2534/3046/992
f 2535/3047/993 1735/2218/993 1733/2215/993
f 2537/3049/994 1735/2218/994 2536/3048/994
f 2537/3049/995 1739/2224/995 1737/2221/995
f 2538/3050/996 1741/2227/996 1739/2224/996
f 2540/3052/997 1741/2227/997 2539/3051/997
f 2540/3052/998 1745/2233/998 1743/2230/998
f 2541/3053/999 1747/2236/999 1745/2233/999
f 2543/3055/1000 1747/2236/1000 2542/3054/1000
f 2543/3055/1001 1752/2244/1001 1750/2241/1001
f 2545/3057/1002 1752/2244/1002 2544/3056/1002
f 2545/3057/1003 1756/2250/1003 1754/2247/1003
f 2547/3059/1004 1756/2250/1004 2546/3058/1004
f 2548/3060/1005 1758/2253/1005 2547/3059/1005
f 2548/3060/1006 1762/2259/1006 1760/2256/1006
f 2550/3062/1007 1762/2259/1007 2549/3061/1007
f 2550/3062/1008 1765/2263/1008 1763/2260/1008
f 2551/3063/1009 1767/2266/1009 1765/2263/1009
f 2553/3065/1010 1767/2266/1010 2552/3064/1010
f 2553/3065/1011 1772/2274/1011 1770/2271/1011
f 2555/3067/1012 1772/2274/1012 2554/3066/1012
f 2555/3067/1013 1776/2280/1013 1773/2275/1013
f 2557/3069/1014 1776/2280/1014 2556/3068/1014
f 2558/3070/1015 1778/2283/1015 2557/3069/1015
f 2559/3071/1016 1780/2286/1016 2558/3070/1016
f 2559/3071/1017 1784/2292/1017 1782/2289/1017
f 2562/3075/1018 1784/2292/1018 2560/3072/1018
f 2564/3078/1019 1785/2293/1019 2562/3075/1019
f 2566/3081/1020 1787/2296/1020 2564/3078/1020
f 2566/3081/1021 1791/2302/1021 1789/2299/1021
f 2567/3082/1022 1794/2306/1022 1791/2302/1022
f 2572/3090/1023 1794/2306/1023 2570/3087/1023
f 2573/3091/1024 1796/2308/1024 2572/3090/1024
f 2575/3094/1025 1798/2310/1025 2573/3091/1025
f 2575/3094/1026 1802/2314/1026 1800/2312/1026
f 2579/3100/1027 1802/2314/1027 2577/3097/1027
f 2579/3100/1028 1805/2317/1028 1804/2316/1028
f 2581/3103/1029 1808/2320/1029 1805/2317/1029
f 2065/2577/1030 1292/1554/1030 2314/2826/1030
f 2067/2579/1031 1549/1939/1031 2443/2955/1031
f 2315/2827/1032 1808/2320/1032 2583/3106/1032
f 2444/2956/1033 1030/1286/1033 1811/2323/1033
f 1694/2157/1034 3499/4267/1034 1692/2154/1034
f 1279/1535/1035 3083/3851/1035 1278/1534/1035
f 1071/1327/345 2671/3238/345 1072/1328/345
f 1695/2158/1036 3501/4269/1036 1694/2157/1036
f 1280/1536/1037 3085/3853/1037 1279/1535/1037
f 1072/1328/1038 2673/3241/1038 1073/1329/1038
f 1698/2163/492 3503/4271/492 1695/2158/492
f 1281/1537/1039 3087/3855/1039 1280/1536/1039
f 1073/1329/1040 2676/3246/1040 1074/1330/1040
f 1700/2166/1041 3505/4273/1041 1698/2163/1041
f 1284/1542/182 3090/3858/182 1281/1537/182
f 1074/1330/339 2677/3247/339 1075/1331/339
f 1702/2169/490 3507/4275/490 1700/2166/490
f 1286/1545/1042 3092/3860/1042 1284/1542/1042
f 1075/1331/1043 2679/3250/1043 1076/1332/1043
f 1704/2172/1044 3509/4277/1044 1702/2169/1044
f 1288/1548/180 3094/3862/180 1286/1545/180
f 1076/1332/1045 2681/3253/1045 1077/1333/1045
f 1706/2175/1046 3511/4279/1046 1704/2172/1046
f 1290/1551/1047 3096/3864/1047 1288/1548/1047
f 1077/1333/333 2683/3256/333 1078/1334/333
f 1708/2178/1048 3513/4281/1048 1706/2175/1048
f 1292/1554/178 3098/3866/178 1290/1551/178
f 1078/1334/1049 2685/3259/1049 1079/1335/1049
f 1710/2181/1050 3515/4283/1050 1708/2178/1050
f 1296/1560/1051 3101/3869/1051 1294/1557/1051
f 1079/1335/1052 2687/3262/1052 1080/1336/1052
f 1712/2184/1053 3517/4285/1053 1710/2181/1053
f 1297/1561/1054 3103/3871/1054 1296/1560/1054
f 1080/1336/1055 2690/3267/1055 1081/1337/1055
f 1714/2187/1056 3519/4287/1056 1712/2184/1056
f 1300/1566/175 3105/3873/175 1297/1561/175
f 1081/1337/325 2692/3270/325 1082/1338/325
f 1716/2190/1057 3522/4290/1057 1714/2187/1057
f 1302/1569/174 3107/3875/174 1300/1566/174
f 1082/1338/323 2693/3271/323 1083/1339/323
f 1717/2191/1058 3524/4292/1058 1716/2190/1058
f 1304/1572/173 3110/3878/173 1302/1569/173
f 1083/1339/321 2695/3274/321 1084/1340/321
f 1719/2194/1059 3526/4294/1059 1717/2191/1059
f 1306/1575/1060 3112/3880/1060 1304/1572/1060
f 1084/1340/1061 2698/3279/1061 1085/1341/1061
f 1721/2197/1062 3527/4295/1062 1719/2194/1062
f 1308/1578/1063 3114/3882/1063 1306/1575/1063
f 1085/1341/317 2700/3282/317 1086/1342/317
f 1724/2202/1064 3530/4298/1064 1721/2197/1064
f 1310/1581/1065 3115/3883/1065 1308/1578/1065
f 1086/1342/1066 2702/3285/1066 1087/1343/1066
f 1725/2203/478 3531/4299/478 1724/2202/478
f 1312/1584/169 3118/3886/169 1310/1581/169
f 1087/1343/1067 2704/3288/1067 1088/1344/1067
f 1728/2208/477 3534/4302/477 1725/2203/477
f 1314/1587/168 3119/3887/168 1312/1584/168
f 1088/1344/1068 2706/3291/1068 1089/1345/1068
f 1730/2211/476 3536/4304/476 1728/2208/476
f 1316/1590/167 3122/3890/167 1314/1587/167
f 1089/1345/1069 2708/3294/1069 1090/1346/1069
f 1731/2212/1070 3537/4305/1070 1730/2211/1070
f 1318/1593/1071 3124/3892/1071 1316/1590/1071
f 1090/1346/1072 2710/3297/1072 1091/1347/1072
f 1733/2215/1073 3539/4307/1073 1731/2212/1073
f 1319/1594/1074 3126/3894/1074 1318/1593/1074
f 1091/1347/305 2712/3300/305 1092/1348/305
f 1735/2218/1075 3541/4309/1075 1733/2215/1075
f 1321/1597/1076 3128/3896/1076 1319/1594/1076
f 1092/1348/303 2714/3303/303 1093/1349/303
f 1737/2221/472 3543/4311/472 1735/2218/472
f 1324/1602/1077 3130/3898/1077 1321/1597/1077
f 1093/1349/1078 2715/3304/1078 1094/1350/1078
f 1739/2224/1079 3545/4313/1079 1737/2221/1079
f 1325/1603/1080 3132/3900/1080 1324/1602/1080
f 1094/1350/1081 2717/3307/1081 1095/1351/1081
f 1741/2227/1082 3547/4315/1082 1739/2224/1082
f 1327/1606/161 3134/3902/161 1325/1603/161
f 1095/1351/1083 2720/3312/1083 1096/1352/1083
f 1743/2230/1084 3549/4317/1084 1741/2227/1084
f 1329/1609/160 3136/3904/160 1327/1606/160
f 1096/1352/1085 2721/3313/1085 1097/1353/1085
f 1745/2233/468 3551/4319/468 1743/2230/468
f 1331/1612/1086 3138/3906/1086 1329/1609/1086
f 1097/1353/1087 2724/3318/1087 1098/1354/1087
f 1747/2236/1088 3554/4322/1088 1745/2233/1088
f 1333/1615/1089 3140/3908/1089 1331/1612/1089
f 1098/1354/291 2726/3321/291 1099/1355/291
f 1750/2241/1090 3556/4324/1090 1747/2236/1090
f 1335/1618/157 3142/3910/157 1333/1615/157
f 1099/1355/1091 2728/3324/1091 1100/1356/1091
f 1752/2244/1092 3557/4325/1092 1750/2241/1092
f 1337/1621/156 3144/3912/156 1335/1618/156
f 1100/1356/1093 2730/3327/1093 1101/1357/1093
f 1754/2247/1094 3560/4328/1094 1752/2244/1094
f 1339/1624/155 3145/3913/155 1337/1621/155
f 1101/1357/1095 2732/3330/1095 1102/1358/1095
f 1756/2250/1096 3562/4330/1096 1754/2247/1096
f 1341/1627/1097 3148/3916/1097 1339/1624/1097
f 1102/1358/283 2733/3331/283 1103/1359/283
f 1758/2253/1098 3564/4332/1098 1756/2250/1098
f 1343/1630/1099 3149/3917/1099 1341/1627/1099
f 1103/1359/1100 2735/3334/1100 1104/1360/1100
f 1760/2256/461 3565/4333/461 1758/2253/461
f 1345/1633/152 3151/3919/152 1343/1630/152
f 1104/1360/1101 2738/3339/1101 1105/1361/1101
f 1762/2259/1102 3568/4336/1102 1760/2256/1102
f 1347/1636/1103 3153/3921/1103 1345/1633/1103
f 1105/1361/277 2739/3340/277 1106/1362/277
f 1763/2260/1104 3569/4337/1104 1762/2259/1104
f 1349/1639/1105 3156/3924/1105 1347/1636/1105
f 1106/1362/1106 2741/3343/1106 1107/1363/1106
f 1765/2263/1107 3572/4340/1107 1763/2260/1107
f 1351/1642/1108 3157/3925/1108 1349/1639/1108
f 1107/1363/1109 2744/3348/1109 1108/1364/1109
f 1767/2266/1110 3574/4342/1110 1765/2263/1110
f 1353/1645/1111 3159/3927/1111 1351/1642/1111
f 1108/1364/1112 2745/3349/1112 1109/1365/1112
f 1770/2271/1113 3576/4344/1113 1767/2266/1113
f 1355/1648/1114 3161/3929/1114 1353/1645/1114
f 1109/1365/269 2748/3354/269 1110/1366/269
f 1772/2274/1115 3578/4346/1115 1770/2271/1115
f 1357/1651/1116 3163/3931/1116 1355/1648/1116
f 1110/1366/1117 2750/3357/1117 1111/1367/1117
f 1773/2275/1118 3580/4348/1118 1772/2274/1118
f 1359/1654/1119 3165/3933/1119 1357/1651/1119
f 1111/1367/1120 2752/3360/1120 1112/1368/1120
f 1776/2280/1121 3581/4349/1121 1773/2275/1121
f 1361/1657/1122 3167/3935/1122 1359/1654/1122
f 1112/1368/1123 2754/3363/1123 1113/1369/1123
f 1778/2283/1124 3584/4352/1124 1776/2280/1124
f 1363/1660/143 3169/3937/143 1361/1657/143
f 1113/1369/261 2756/3366/261 1114/1370/261
f 1780/2286/451 3585/4353/451 1778/2283/451
f 1365/1663/1125 3171/3939/1125 1363/1660/1125
f 1114/1370/259 2758/3369/259 1115/1371/259
f 1782/2289/1126 3586/4354/1126 1780/2286/1126
f 1367/1666/1127 3173/3941/1127 1365/1663/1127
f 1115/1371/1128 2759/3370/1128 1116/1372/1128
f 1784/2292/449 3587/4355/449 1782/2289/449
f 1369/1669/1129 3175/3943/1129 1367/1666/1129
f 1116/1372/255 2762/3375/255 1117/1373/255
f 1785/2293/1130 3588/4356/1130 1784/2292/1130
f 1372/1674/1131 3178/3946/1131 1369/1669/1131
f 1117/1373/1132 2764/3378/1132 1118/1374/1132
f 1787/2296/446 3589/4357/446 1785/2293/446
f 1374/1677/1133 3180/3948/1133 1372/1674/1133
f 1118/1374/1134 2765/3379/1134 1119/1375/1134
f 1789/2299/444 3590/4358/444 1787/2296/444
f 1376/1680/137 3182/3950/137 1374/1677/137
f 1119/1375/1135 2767/3382/1135 1120/1376/1135
f 1791/2302/442 3591/4359/442 1789/2299/442
f 1377/1681/1136 3184/3952/1136 1376/1680/1136
f 1120/1376/1137 2770/3387/1137 1121/1377/1137
f 1794/2306/1138 3592/4360/1138 1791/2302/1138
f 1379/1684/135 3186/3954/135 1377/1681/135
f 1121/1377/1139 2772/3390/1139 1122/1378/1139
f 1796/2308/1140 3593/4361/1140 1794/2306/1140
f 1381/1687/134 3187/3955/134 1379/1684/134
f 1122/1378/441 2774/3393/441 1123/1379/441
f 1798/2310/1141 3594/4362/1141 1796/2308/1141
f 1383/1690/1142 3190/3958/1142 1381/1687/1142
f 1123/1379/1143 2776/3396/1143 1124/1380/1143
f 1800/2312/430 3595/4363/430 1798/2310/430
f 1385/1693/1144 3192/3960/1144 1383/1690/1144
f 1124/1380/1145 2778/3399/1145 1125/1381/1145
f 1802/2314/1146 3596/4364/1146 1800/2312/1146
f 1387/1696/1147 3193/3961/1147 1385/1693/1147
f 1125/1381/432 2780/3402/432 1126/1382/432
f 1804/2316/424 3597/4365/424 1802/2314/424
f 1389/1699/130 3195/3963/130 1387/1696/130
f 1126/1382/1148 2781/3403/1148 1127/1383/1148
f 1805/2317/1149 3598/4366/1149 1804/2316/1149
f 1391/1702/1150 3197/3965/1150 1389/1699/1150
f 1127/1383/1151 2783/3406/1151 1128/1384/1151
f 1808/2320/418 3599/4367/418 1805/2317/418
f 1393/1705/128 3199/3967/128 1391/1702/128
f 1128/1384/1152 2785/3409/1152 1129/1385/1152
f 1157/1413/415 3100/3868/415 1292/1554/415
f 1395/1708/1153 3201/3969/1153 1393/1705/1153
f 1129/1385/1154 2788/3414/1154 1130/1386/1154
f 1158/1414/412 3357/4125/412 1549/1939/412
f 1397/1711/126 3203/3971/126 1395/1708/126
f 1130/1386/1155 2790/3417/1155 1131/1387/1155
f 1294/1557/409 3600/4368/409 1808/2320/409
f 1399/1714/1156 3205/3973/1156 1397/1711/1156
f 1131/1387/414 2791/3418/414 1132/1388/414
f 1551/1942/406 2588/3114/406 1030/1286/406
f 1401/1717/1157 3207/3975/1157 1399/1714/1157
f 1132/1388/1158 2794/3423/1158 1133/1389/1158
f 1403/1720/123 3209/3977/123 1401/1717/123
f 1133/1389/1159 2796/3426/1159 1134/1390/1159
f 1405/1723/1160 3211/3979/1160 1403/1720/1160
f 1134/1390/405 2798/3429/405 1135/1391/405
f 1407/1726/1161 3214/3982/1161 1405/1723/1161
f 1135/1391/403 2800/3432/403 1136/1392/403
f 1409/1729/1162 3215/3983/1162 1407/1726/1162
f 1136/1392/401 2802/3435/401 1137/1393/401
f 1412/1734/119 3217/3985/119 1409/1729/119
f 1137/1393/1163 2804/3438/1163 1138/1394/1163
f 1414/1737/1164 3219/3987/1164 1412/1734/1164
f 1138/1394/1165 2806/3441/1165 1139/1395/1165
f 1415/1738/1166 3221/3989/1166 1414/1737/1166
f 1139/1395/395 2808/3444/395 1140/1396/395
f 1418/1743/1167 3224/3992/1167 1415/1738/1167
f 1140/1396/1168 2809/3445/1168 1141/1397/1168
f 1420/1746/1169 3226/3994/1169 1418/1743/1169
f 1141/1397/1170 2812/3450/1170 1142/1398/1170
f 1422/1749/1171 3228/3996/1171 1420/1746/1171
f 1142/1398/1172 2814/3453/1172 1143/1399/1172
f 1424/1752/113 3230/3998/113 1422/1749/113
f 1143/1399/1173 2816/3456/1173 1144/1400/1173
f 1426/1755/112 3232/4000/112 1424/1752/112
f 1144/1400/1174 2818/3459/1174 1145/1401/1174
f 1427/1756/1175 3234/4002/1175 1426/1755/1175
f 1145/1401/1176 2820/3462/1176 1146/1402/1176
f 1430/1761/1177 3236/4004/1177 1427/1756/1177
f 1146/1402/381 2822/3465/381 1147/1403/381
f 1432/1764/1178 3238/4006/1178 1430/1761/1178
f 1147/1403/379 2824/3468/379 1148/1404/379
f 1434/1767/1179 3239/4007/1179 1432/1764/1179
f 1148/1404/377 2826/3471/377 1149/1405/377
f 1436/1770/1180 3241/4009/1180 1434/1767/1180
f 1149/1405/1181 2828/3474/1181 1150/1406/1181
f 1437/1771/106 3243/4011/106 1436/1770/106
f 1150/1406/1182 2830/3477/1182 1151/1407/1182
f 1439/1774/1183 3245/4013/1183 1437/1771/1183
f 1151/1407/1184 2832/3480/1184 1152/1408/1184
f 1441/1777/104 3247/4015/104 1439/1774/104
f 1152/1408/369 2834/3483/369 1153/1409/369
f 1443/1780/1185 3249/4017/1185 1441/1777/1185
f 1153/1409/367 2836/3486/367 1154/1410/367
f 1445/1783/102 3251/4019/102 1443/1780/102
f 1154/1410/365 2838/3489/365 1155/1411/365
f 1447/1786/1186 3253/4021/1186 1445/1783/1186
f 1155/1411/1187 2840/3492/1187 1156/1412/1187
f 1450/1791/1188 3255/4023/1188 1447/1786/1188
f 1156/1412/1189 2842/3495/1189 1157/1413/1189
f 1451/1792/1190 3257/4025/1190 1450/1791/1190
f 1159/1415/1191 2843/3496/1191 1158/1414/1191
f 1453/1795/98 3260/4028/98 1451/1792/98
f 1160/1416/357 2846/3501/357 1159/1415/357
f 1455/1798/1192 3262/4030/1192 1453/1795/1192
f 1161/1417/355 2848/3504/355 1160/1416/355
f 1457/1801/1193 3264/4032/1193 1455/1798/1193
f 1162/1418/353 2850/3507/353 1161/1417/353
f 1460/1806/95 3266/4034/95 1457/1801/95
f 1163/1419/351 2851/3508/351 1162/1418/351
f 1461/1807/1194 3268/4036/1194 1460/1806/1194
f 1164/1420/1195 2853/3511/1195 1163/1419/1195
f 1464/1812/1196 3270/4038/1196 1461/1807/1196
f 1165/1421/347 2855/3514/347 1164/1420/347
f 1466/1815/92 3271/4039/92 1464/1812/92
f 1166/1422/346 2857/3517/346 1165/1421/346
f 1467/1816/91 3273/4041/91 1466/1815/91
f 1167/1423/344 2859/3520/344 1166/1422/344
f 1470/1821/90 3276/4044/90 1467/1816/90
f 1168/1424/342 2861/3523/342 1167/1423/342
f 1471/1822/89 3278/4046/89 1470/1821/89
f 1169/1425/340 2863/3526/340 1168/1424/340
f 1473/1825/1197 3280/4048/1197 1471/1822/1197
f 1170/1426/338 2865/3529/338 1169/1425/338
f 1475/1828/87 3282/4050/87 1473/1825/87
f 1171/1427/336 2867/3532/336 1170/1426/336
f 1477/1831/1198 3284/4052/1198 1475/1828/1198
f 1172/1428/334 2869/3535/334 1171/1427/334
f 1479/1834/85 3286/4054/85 1477/1831/85
f 1173/1429/332 2871/3538/332 1172/1428/332
f 1481/1837/1199 3287/4055/1199 1479/1834/1199
f 1174/1430/330 2873/3541/330 1173/1429/330
f 1483/1840/1200 3290/4058/1200 1481/1837/1200
f 1175/1431/328 2875/3544/328 1174/1430/328
f 1485/1843/82 3292/4060/82 1483/1840/82
f 1176/1432/326 2878/3549/326 1175/1431/326
f 1487/1846/81 3293/4061/81 1485/1843/81
f 1177/1433/1201 2880/3552/1201 1176/1432/1201
f 1489/1849/80 3295/4063/80 1487/1846/80
f 1178/1434/1202 2882/3555/1202 1177/1433/1202
f 1491/1852/1203 3297/4065/1203 1489/1849/1203
f 1179/1435/320 2884/3558/320 1178/1434/320
f 1493/1855/78 3299/4067/78 1491/1852/78
f 1180/1436/318 2886/3561/318 1179/1435/318
f 1496/1860/1204 3301/4069/1204 1493/1855/1204
f 1181/1437/316 2888/3564/316 1180/1436/316
f 1498/1863/1205 3303/4071/1205 1496/1860/1205
f 1182/1438/314 2889/3565/314 1181/1437/314
f 1499/1864/1206 3305/4073/1206 1498/1863/1206
f 1183/1439/1207 2892/3570/1207 1182/1438/1207
f 1501/1867/74 3308/4076/74 1499/1864/74
f 1184/1440/1208 2894/3573/1208 1183/1439/1208
f 1504/1872/73 3309/4077/73 1501/1867/73
f 1185/1441/308 2896/3576/308 1184/1440/308
f 1506/1875/1209 3311/4079/1209 1504/1872/1209
f 1186/1442/306 2898/3579/306 1185/1441/306
f 1508/1878/71 3314/4082/71 1506/1875/71
f 1187/1443/304 2900/3582/304 1186/1442/304
f 1510/1881/70 3316/4084/70 1508/1878/70
f 1188/1444/1210 2902/3585/1210 1187/1443/1210
f 1512/1884/1211 3318/4086/1211 1510/1881/1211
f 1189/1445/300 2904/3588/300 1188/1444/300
f 1514/1887/1212 3320/4088/1212 1512/1884/1212
f 1190/1446/298 2906/3591/298 1189/1445/298
f 1515/1888/1213 3321/4089/1213 1514/1887/1213
f 1191/1447/296 2908/3594/296 1190/1446/296
f 1518/1893/66 3324/4092/66 1515/1888/66
f 1192/1448/294 2909/3595/294 1191/1447/294
f 1520/1896/1214 3326/4094/1214 1518/1893/1214
f 1193/1449/292 2911/3598/292 1192/1448/292
f 1522/1899/64 3328/4096/64 1520/1896/64
f 1194/1450/1215 2913/3601/1215 1193/1449/1215
f 1524/1902/63 3329/4097/63 1522/1899/63
f 1195/1451/288 2916/3606/288 1194/1450/288
f 1525/1903/62 3331/4099/62 1524/1902/62
f 1196/1452/1216 2917/3607/1216 1195/1451/1216
f 1527/1906/1217 3333/4101/1217 1525/1903/1217
f 1197/1453/1218 2919/3610/1218 1196/1452/1218
f 1529/1909/60 3335/4103/60 1527/1906/60
f 1198/1454/282 2921/3613/282 1197/1453/282
f 1532/1914/1219 3337/4105/1219 1529/1909/1219
f 1199/1455/1220 2923/3616/1220 1198/1454/1220
f 1533/1915/58 3339/4107/58 1532/1914/58
f 1200/1456/1221 2926/3621/1221 1199/1455/1221
f 1535/1918/1222 3341/4109/1222 1533/1915/1222
f 1201/1457/1223 2928/3624/1223 1200/1456/1223
f 1537/1921/56 3343/4111/56 1535/1918/56
f 1202/1458/1224 2930/3627/1224 1201/1457/1224
f 1540/1926/1225 3346/4114/1225 1537/1921/1225
f 1203/1459/272 2932/3630/272 1202/1458/272
f 1542/1929/54 3348/4116/54 1540/1926/54
f 1204/1460/270 2934/3633/270 1203/1459/270
f 1543/1930/53 3350/4118/53 1542/1929/53
f 1205/1461/268 2936/3636/268 1204/1460/268
f 1545/1933/52 3352/4120/52 1543/1930/52
f 1206/1462/1226 2938/3639/1226 1205/1461/1226
f 1548/1938/51 3354/4122/51 1545/1933/51
f 1207/1463/264 2940/3642/264 1206/1462/264
f 1549/1939/1227 3356/4124/1227 1548/1938/1227
f 1208/1464/262 2942/3645/262 1207/1463/262
f 1554/1947/1228 3359/4127/1228 1551/1942/1228
f 1209/1465/1229 2944/3648/1229 1208/1464/1229
f 1555/1948/48 3361/4129/48 1554/1947/48
f 1210/1466/258 2945/3649/258 1209/1465/258
f 1558/1953/47 3363/4131/47 1555/1948/47
f 1211/1467/1230 2948/3654/1230 1210/1466/1230
f 1559/1954/46 3365/4133/46 1558/1953/46
f 1212/1468/1231 2950/3657/1231 1211/1467/1231
f 1561/1957/45 3367/4135/45 1559/1954/45
f 1213/1469/252 2952/3660/252 1212/1468/252
f 1563/1960/1232 3370/4138/1232 1561/1957/1232
f 1214/1470/1233 2954/3663/1233 1213/1469/1233
f 1566/1965/43 3372/4140/43 1563/1960/43
f 1215/1471/249 2956/3666/249 1214/1470/249
f 1568/1968/42 3374/4142/42 1566/1965/42
f 1216/1472/248 2958/3669/248 1215/1471/248
f 1570/1971/41 3376/4144/41 1568/1968/41
f 1217/1473/247 2960/3672/247 1216/1472/247
f 1572/1974/40 3377/4145/40 1570/1971/40
f 1218/1474/1234 2961/3673/1234 1217/1473/1234
f 1574/1977/39 3379/4147/39 1572/1974/39
f 1219/1475/1235 2963/3676/1235 1218/1474/1235
f 1575/1978/38 3381/4149/38 1574/1977/38
f 1220/1476/1236 2965/3679/1236 1219/1475/1236
f 1578/1983/37 3383/4151/37 1575/1978/37
f 1221/1477/1237 2967/3682/1237 1220/1476/1237
f 1579/1984/36 3386/4154/36 1578/1983/36
f 1222/1478/242 2970/3687/242 1221/1477/242
f 1581/1987/35 3388/4156/35 1579/1984/35
f 1223/1479/1238 2971/3688/1238 1222/1478/1238
f 1583/1990/34 3389/4157/34 1581/1987/34
f 1224/1480/240 2974/3693/240 1223/1479/240
f 1585/1993/33 3392/4160/33 1583/1990/33
f 1225/1481/1239 2975/3694/1239 1224/1480/1239
f 1588/1998/32 3394/4162/32 1585/1993/32
f 1226/1482/238 2978/3699/238 1225/1481/238
f 1590/2001/1240 3396/4164/1240 1588/1998/1240
f 1227/1483/1241 2980/3702/1241 1226/1482/1241
f 1592/2004/1242 3398/4166/1242 1590/2001/1242
f 1228/1484/1243 2981/3703/1243 1227/1483/1243
f 1593/2005/29 3400/4168/29 1592/2004/29
f 1229/1485/1244 2984/3708/1244 1228/1484/1244
f 1596/2010/28 3402/4170/28 1593/2005/28
f 1230/1486/1245 2985/3709/1245 1229/1485/1245
f 1598/2013/27 3404/4172/27 1596/2010/27
f 1231/1487/233 2987/3712/233 1230/1486/233
f 1600/2016/26 3405/4173/26 1598/2013/26
f 1232/1488/1246 2989/3715/1246 1231/1487/1246
f 1602/2019/1247 3408/4176/1247 1600/2016/1247
f 1233/1489/231 2992/3720/231 1232/1488/231
f 1604/2022/1248 3410/4178/1248 1602/2019/1248
f 1234/1490/1249 2993/3721/1249 1233/1489/1249
f 1606/2025/23 3412/4180/23 1604/2022/23
f 1235/1491/1250 2995/3724/1250 1234/1490/1250
f 1607/2026/22 3414/4182/22 1606/2025/22
f 1236/1492/1251 2997/3727/1251 1235/1491/1251
f 1610/2031/21 3416/4184/21 1607/2026/21
f 1237/1493/1252 2999/3730/1252 1236/1492/1252
f 1030/1286/1253 2585/3109/1253 1029/1285/1253
f 1612/2034/1254 3418/4186/1254 1610/2031/1254
f 1238/1494/1255 3002/3735/1255 1237/1493/1255
f 1029/1285/437 2589/3115/437 1031/1287/437
f 1614/2037/19 3419/4187/19 1612/2034/19
f 1239/1495/1256 3004/3738/1256 1238/1494/1256
f 1031/1287/434 2591/3118/434 1032/1288/434
f 1616/2040/18 3422/4190/18 1614/2037/18
f 1240/1496/1257 3006/3741/1257 1239/1495/1257
f 1032/1288/431 2593/3121/431 1033/1289/431
f 1618/2043/17 3424/4192/17 1616/2040/17
f 1241/1497/1258 3008/3744/1258 1240/1496/1258
f 1033/1289/428 2596/3126/428 1034/1290/428
f 1620/2046/16 3425/4193/16 1618/2043/16
f 1242/1498/1259 3010/3747/1259 1241/1497/1259
f 1034/1290/1260 2597/3127/1260 1035/1291/1260
f 1622/2049/15 3428/4196/15 1620/2046/15
f 1243/1499/1261 3012/3750/1261 1242/1498/1261
f 1035/1291/422 2599/3130/422 1036/1292/422
f 1624/2052/1262 3430/4198/1262 1622/2049/1262
f 1244/1500/1263 3014/3753/1263 1243/1499/1263
f 1036/1292/1264 2601/3133/1264 1037/1293/1264
f 1626/2055/13 3432/4200/13 1624/2052/13
f 1245/1501/219 3016/3756/219 1244/1500/219
f 1037/1293/416 2603/3136/416 1038/1294/416
f 1628/2058/1265 3434/4202/1265 1626/2055/1265
f 1246/1502/218 3018/3759/218 1245/1501/218
f 1038/1294/1266 2605/3139/1266 1039/1295/1266
f 1630/2061/1267 3436/4204/1267 1628/2058/1267
f 1247/1503/217 3019/3760/217 1246/1502/217
f 1039/1295/410 2608/3144/410 1040/1296/410
f 1632/2064/10 3438/4206/10 1630/2061/10
f 1248/1504/1268 3022/3765/1268 1247/1503/1268
f 1040/1296/1269 2610/3147/1269 1041/1297/1269
f 1633/2065/1270 3440/4208/1270 1632/2064/1270
f 1249/1505/1271 3024/3768/1271 1248/1504/1271
f 1041/1297/404 2612/3150/404 1042/1298/404
f 1635/2068/1272 3442/4210/1272 1633/2065/1272
f 1250/1506/1273 3026/3771/1273 1249/1505/1273
f 1042/1298/402 2613/3151/402 1043/1299/402
f 1637/2071/1274 3443/4211/1274 1635/2068/1274
f 1251/1507/213 3028/3774/213 1250/1506/213
f 1043/1299/400 2616/3156/400 1044/1300/400
f 1639/2074/1275 3445/4213/1275 1637/2071/1275
f 1252/1508/1276 3030/3777/1276 1251/1507/1276
f 1044/1300/398 2618/3159/398 1045/1301/398
f 1641/2077/5 3447/4215/5 1639/2074/5
f 1253/1509/1277 3032/3780/1277 1252/1508/1277
f 1045/1301/396 2620/3162/396 1046/1302/396
f 1643/2080/4 3450/4218/4 1641/2077/4
f 1254/1510/1278 3034/3783/1278 1253/1509/1278
f 1046/1302/1279 2622/3165/1279 1047/1303/1279
f 1645/2083/3 3451/4219/3 1643/2080/3
f 1255/1511/209 3036/3786/209 1254/1510/209
f 1047/1303/1280 2624/3168/1280 1048/1304/1280
f 1648/2088/1281 3453/4221/1281 1645/2083/1281
f 1256/1512/1282 3038/3789/1282 1255/1511/1282
f 1048/1304/1283 2626/3171/1283 1049/1305/1283
f 1650/2091/516 3455/4223/516 1648/2088/516
f 1257/1513/1284 3040/3792/1284 1256/1512/1284
f 1049/1305/388 2627/3172/388 1050/1306/388
f 1652/2094/515 3457/4225/515 1650/2091/515
f 1258/1514/1285 3042/3795/1285 1257/1513/1285
f 1050/1306/386 2629/3175/386 1051/1307/386
f 1654/2097/1286 3459/4227/1286 1652/2094/1286
f 1259/1515/1287 3044/3798/1287 1258/1514/1287
f 1051/1307/1288 2631/3178/1288 1052/1308/1288
f 1656/2100/513 3461/4229/513 1654/2097/513
f 1260/1516/1289 3046/3801/1289 1259/1515/1289
f 1052/1308/382 2633/3181/382 1053/1309/382
f 1658/2103/1290 3463/4231/1290 1656/2100/1290
f 1261/1517/1291 3048/3804/1291 1260/1516/1291
f 1053/1309/380 2635/3184/380 1054/1310/380
f 1660/2106/1292 3465/4233/1292 1658/2103/1292
f 1262/1518/202 3050/3807/202 1261/1517/202
f 1054/1310/1293 2638/3189/1293 1055/1311/1293
f 1662/2109/510 3467/4235/510 1660/2106/510
f 1263/1519/1294 3052/3810/1294 1262/1518/1294
f 1055/1311/376 2640/3192/376 1056/1312/376
f 1664/2112/1295 3469/4237/1295 1662/2109/1295
f 1264/1520/1296 3054/3813/1296 1263/1519/1296
f 1056/1312/1297 2642/3195/1297 1057/1313/1297
f 1666/2115/508 3471/4239/508 1664/2112/508
f 1265/1521/1298 3056/3816/1298 1264/1520/1298
f 1057/1313/372 2644/3198/372 1058/1314/372
f 1667/2116/507 3473/4241/507 1666/2115/507
f 1266/1522/1299 3058/3819/1299 1265/1521/1299
f 1058/1314/1300 2646/3201/1300 1059/1315/1300
f 1670/2121/506 3476/4244/506 1667/2116/506
f 1267/1523/1301 3060/3822/1301 1266/1522/1301
f 1059/1315/1302 2647/3202/1302 1060/1316/1302
f 1672/2124/1303 3478/4246/1303 1670/2121/1303
f 1268/1524/1304 3062/3825/1304 1267/1523/1304
f 1060/1316/1305 2649/3205/1305 1061/1317/1305
f 1674/2127/1306 3480/4248/1306 1672/2124/1306
f 1269/1525/1307 3064/3828/1307 1268/1524/1307
f 1061/1317/364 2652/3210/364 1062/1318/364
f 1676/2130/1308 3482/4250/1308 1674/2127/1308
f 1270/1526/1309 3065/3829/1309 1269/1525/1309
f 1062/1318/1310 2653/3211/1310 1063/1319/1310
f 1678/2133/1311 3484/4252/1311 1676/2130/1311
f 1271/1527/1312 3068/3834/1312 1270/1526/1312
f 1063/1319/1313 2655/3214/1313 1064/1320/1313
f 1680/2136/501 3486/4254/501 1678/2133/501
f 1272/1528/192 3070/3837/192 1271/1527/192
f 1064/1320/358 2658/3219/358 1065/1321/358
f 1682/2139/1314 3488/4256/1314 1680/2136/1314
f 1273/1529/1315 3071/3838/1315 1272/1528/1315
f 1065/1321/1316 2659/3220/1316 1066/1322/1316
f 1684/2142/499 3490/4258/499 1682/2139/499
f 1274/1530/190 3074/3842/190 1273/1529/190
f 1066/1322/354 2662/3225/354 1067/1323/354
f 1686/2145/1317 3492/4260/1317 1684/2142/1317
f 1275/1531/1318 3076/3844/1318 1274/1530/1318
f 1067/1323/1319 2663/3226/1319 1068/1324/1319
f 1688/2148/497 3493/4261/497 1686/2145/497
f 1276/1532/188 3078/3846/188 1275/1531/188
f 1068/1324/350 2665/3229/350 1069/1325/350
f 1690/2151/1320 3495/4263/1320 1688/2148/1320
f 1277/1533/187 3080/3848/187 1276/1532/187
f 1069/1325/348 2667/3232/348 1070/1326/348
f 1692/2154/1321 3497/4265/1321 1690/2151/1321
f 1278/1534/186 3082/3850/186 1277/1533/186
f 5/7/1322 3602/4370/1322 3601/4369/1322
f 8/12/519 3601/4369/519 3603/4371/519
f 8/12/1323 3604/4372/1323 10/15/1323
f 12/18/1324 3604/4372/1324 3605/4373/1324
f 12/18/1325 3606/4374/1325 14/21/1325
f 16/24/523 3606/4374/523 3607/4375/523
f 16/24/524 3608/4376/524 18/27/524
f 20/30/1326 3608/4376/1326 3609/4377/1326
f 20/30/1327 3610/4378/1327 22/33/1327
f 22/33/1328 3611/4379/1328 24/36/1328
f 26/39/528 3611/4379/528 3612/4380/528
f 26/39/1329 3613/4381/1329 28/42/1329
f 30/45/530 3613/4381/530 3614/4382/530
f 30/45/1330 3615/4383/1330 32/48/1330
f 34/51/1331 3615/4383/1331 3616/4384/1331
f 34/51/1332 3617/4385/1332 36/54/1332
f 38/57/1333 3617/4385/1333 3618/4386/1333
f 38/57/1334 3619/4387/1334 39/58/1334
f 41/61/536 3619/4387/536 3620/4388/536
f 41/61/1335 3621/4389/1335 44/66/1335
f 46/69/538 3621/4389/538 3622/4390/538
f 46/69/1336 3623/4391/1336 48/72/1336
f 48/72/540 3624/4392/540 50/75/540
f 52/78/1337 3624/4392/1337 3625/4393/1337
f 52/78/1338 3626/4394/1338 54/81/1338
f 54/81/543 3627/4395/543 56/84/543
f 58/87/1339 3627/4395/1339 3628/4396/1339
f 58/87/1340 3629/4397/1340 60/90/1340
f 62/93/546 3629/4397/546 3630/4398/546
f 62/93/547 3631/4399/547 64/96/547
f 66/99/1341 3631/4399/1341 3632/4400/1341
f 66/99/1342 3633/4401/1342 68/102/1342
f 70/105/550 3633/4401/550 3634/4402/550
f 70/105/1343 3635/4403/1343 72/108/1343
f 74/111/552 3635/4403/552 3636/4404/552
f 74/111/1344 3637/4405/1344 76/114/1344
f 78/117/554 3637/4405/554 3638/4406/554
f 78/117/1345 3639/4407/1345 80/120/1345
f 82/123/556 3639/4407/556 3640/4408/556
f 84/126/557 3640/4408/557 3641/4409/557
f 84/126/558 3642/4410/558 86/129/558
f 88/132/1346 3642/4410/1346 3643/4411/1346
f 88/132/1347 3644/4412/1347 90/135/1347
f 92/138/561 3644/4412/561 3645/4413/561
f 92/138/1348 3646/4414/1348 94/141/1348
f 96/144/1349 3646/4414/1349 3647/4415/1349
f 96/144/564 3648/4416/564 98/147/564
f 98/147/1350 3649/4417/1350 100/150/1350
f 100/150/1351 3650/4418/1351 102/153/1351
f 104/156/1352 3650/4418/1352 3651/4419/1352
f 106/159/568 3651/4419/568 3652/4420/568
f 108/162/1353 3652/4420/1353 3653/4421/1353
f 110/165/1354 3653/4421/1354 3654/4422/1354
f 110/165/1355 3655/4423/1355 112/168/1355
f 112/168/1356 3656/4424/1356 113/169/1356
f 113/169/573 3657/4425/573 115/172/573
f 118/177/1357 3657/4425/1357 3658/4426/1357
f 118/177/575 3659/4427/575 120/180/575
f 122/183/1358 3659/4427/1358 3660/4428/1358
f 122/183/1359 3661/4429/1359 124/186/1359
f 124/186/1360 3662/4430/1360 125/187/1360
f 127/190/1361 3662/4430/1361 3663/4431/1361
f 130/195/1362 3663/4431/1362 3664/4432/1362
f 130/195/1363 3665/4433/1363 132/198/1363
f 133/199/1364 3665/4433/1364 3666/4434/1364
f 133/199/1365 3667/4435/1365 135/202/1365
f 135/202/1366 3668/4436/1366 137/205/1366
f 139/208/1367 3668/4436/1367 3669/4437/1367
f 139/208/1368 3670/4438/1368 142/213/1368
f 142/213/1369 3671/4439/1369 144/216/1369
f 146/219/1370 3671/4439/1370 3672/4440/1370
f 147/220/1371 3672/4440/1371 3673/4441/1371
f 149/223/1372 3673/4441/1372 3674/4442/1372
f 149/223/1373 3675/4443/1373 151/226/1373
f 151/226/1374 3676/4444/1374 153/229/1374
f 153/229/1375 3677/4445/1375 155/232/1375
f 155/232/1376 3678/4446/1376 157/235/1376
f 157/235/1377 3679/4447/1377 159/238/1377
f 159/238/1378 3680/4448/1378 161/241/1378
f 164/246/1379 3680/4448/1379 3681/4449/1379
f 165/247/598 3681/4449/598 3682/4450/598
f 165/247/1380 3683/4451/1380 167/250/1380
f 167/250/1381 3684/4452/1381 169/253/1381
f 172/258/1382 3684/4452/1382 3685/4453/1382
f 172/258/602 3686/4454/602 173/259/602
f 175/262/603 3686/4454/603 3687/4455/603
f 175/262/1383 3688/4456/1383 177/265/1383
f 179/268/1384 3688/4456/1384 3689/4457/1384
f 179/268/1385 3690/4458/1385 181/271/1385
f 181/271/1386 3691/4459/1386 184/276/1386
f 185/277/1387 3691/4459/1387 3692/4460/1387
f 185/277/1388 3693/4461/1388 188/282/1388
f 189/283/610 3693/4461/610 3694/4462/610
f 189/283/1389 3695/4463/1389 192/288/1389
f 194/291/1390 3695/4463/1390 3696/4464/1390
f 194/291/1391 3697/4465/1391 196/294/1391
f 197/295/1392 3697/4465/1392 3698/4466/1392
f 200/300/1393 3698/4466/1393 3699/4467/1393
f 200/300/1394 3700/4468/1394 201/301/1394
f 203/304/617 3700/4468/617 3701/4469/617
f 206/309/1395 3701/4469/1395 3702/4470/1395
f 206/309/1396 3703/4471/1396 207/310/1396
f 207/310/1397 3704/4472/1397 209/313/1397
f 212/318/1398 3704/4472/1398 3705/4473/1398
f 213/319/1399 3705/4473/1399 3706/4474/1399
f 213/319/1400 3707/4475/1400 215/322/1400
f 217/325/1401 3707/4475/1401 3708/4476/1401
f 217/325/1402 3709/4477/1402 220/330/1402
f 222/333/1403 3709/4477/1403 3710/4478/1403
f 222/333/1404 3711/4479/1404 224/336/1404
f 224/336/1405 3712/4480/1405 225/337/1405
f 225/337/1406 3713/4481/1406 228/342/1406
f 230/345/1407 3713/4481/1407 3714/4482/1407
f 230/345/1408 3715/4483/1408 232/348/1408
f 234/351/1409 3715/4483/1409 3716/4484/1409
f 234/351/1410 3717/4485/1410 236/354/1410
f 238/357/1411 3717/4485/1411 3718/4486/1411
f 238/357/1412 3719/4487/1412 240/360/1412
f 242/363/1413 3719/4487/1413 3720/4488/1413
f 242/363/1414 3721/4489/1414 243/364/1414
f 243/364/1415 3722/4490/1415 245/367/1415
f 247/370/1416 3722/4490/1416 3723/4491/1416
f 247/370/1417 3724/4492/1417 249/373/1417
f 251/376/1418 3724/4492/1418 3725/4493/1418
f 251/376/1419 3726/4494/1419 254/381/1419
f 256/384/643 3726/4494/643 3727/4495/643
f 256/384/1420 3728/4496/1420 258/387/1420
f 258/387/1421 3729/4497/1421 3/4/1421
f 515/771/646 3730/4498/646 262/393/646
f 513/769/1422 3731/4499/1422 515/771/1422
f 513/769/1423 3733/4501/1423 3732/4500/1423
f 509/763/1424 3733/4501/1424 512/768/1424
f 509/763/1425 3735/4503/1425 3734/4502/1425
f 505/757/1426 3735/4503/1426 508/762/1426
f 505/757/652 3737/4505/652 3736/4504/652
f 501/751/1427 3737/4505/1427 503/754/1427
f 500/750/654 3738/4506/654 501/751/654
f 500/750/655 3740/4508/655 3739/4507/655
f 496/744/1428 3740/4508/1428 498/747/1428
f 496/744/1429 3742/4510/1429 3741/4509/1429
f 492/738/658 3742/4510/658 494/741/658
f 492/738/659 3744/4512/659 3743/4511/659
f 488/732/1430 3744/4512/1430 490/735/1430
f 488/732/1431 3746/4514/1431 3745/4513/1431
f 484/726/1432 3746/4514/1432 486/729/1432
f 484/726/663 3748/4516/663 3747/4515/663
f 480/720/1433 3748/4516/1433 482/723/1433
f 480/720/1434 3750/4518/1434 3749/4517/1434
f 476/714/666 3750/4518/666 478/717/666
f 476/714/667 3752/4520/667 3751/4519/667
f 472/708/1435 3752/4520/1435 474/711/1435
f 472/708/669 3754/4522/669 3753/4521/669
f 470/705/1436 3755/4523/1436 3754/4522/1436
f 466/699/671 3755/4523/671 468/702/671
f 464/696/1437 3756/4524/1437 466/699/1437
f 464/696/1438 3758/4526/1438 3757/4525/1438
f 459/688/674 3758/4526/674 462/693/674
f 459/688/1439 3760/4528/1439 3759/4527/1439
f 456/684/1440 3760/4528/1440 458/687/1440
f 456/684/1441 3762/4530/1441 3761/4529/1441
f 452/678/678 3762/4530/678 454/681/678
f 452/678/679 3764/4532/679 3763/4531/679
f 447/670/1442 3764/4532/1442 449/673/1442
f 447/670/1443 3766/4534/1443 3765/4533/1443
f 443/664/1444 3766/4534/1444 445/667/1444
f 443/664/683 3768/4536/683 3767/4535/683
f 439/658/1445 3768/4536/1445 442/663/1445
f 437/655/1446 3769/4537/1446 439/658/1446
f 437/655/1447 3771/4539/1447 3770/4538/1447
f 434/651/1448 3771/4539/1448 436/654/1448
f 434/651/688 3773/4541/688 3772/4540/688
f 430/645/1449 3773/4541/1449 432/648/1449
f 430/645/1450 3775/4543/1450 3774/4542/1450
f 426/639/1451 3775/4543/1451 428/642/1451
f 424/636/1452 3776/4544/1452 426/639/1452
f 424/636/1453 3778/4546/1453 3777/4545/1453
f 422/633/694 3779/4547/694 3778/4546/694
f 418/627/1454 3779/4547/1454 420/630/1454
f 416/624/1455 3780/4548/1455 418/627/1455
f 414/621/1456 3781/4549/1456 416/624/1456
f 412/618/1457 3782/4550/1457 414/621/1457
f 412/618/1458 3784/4552/1458 3783/4551/1458
f 408/612/1459 3784/4552/1459 410/615/1459
f 408/612/1460 3786/4554/1460 3785/4553/1460
f 406/609/1461 3787/4555/1461 3786/4554/1461
f 404/606/1462 3788/4556/1462 3787/4555/1462
f 399/598/1463 3788/4556/1463 402/603/1463
f 397/595/1464 3789/4557/1464 399/598/1464
f 397/595/1465 3791/4559/1465 3790/4558/1465
f 393/589/1466 3791/4559/1466 395/592/1466
f 392/588/1467 3792/4560/1467 393/589/1467
f 392/588/1468 3794/4562/1468 3793/4561/1468
f 388/582/1469 3794/4562/1469 389/583/1469
f 388/582/711 3796/4564/711 3795/4563/711
f 386/579/712 3797/4565/712 3796/4564/712
f 382/573/1470 3797/4565/1470 384/576/1470
f 380/570/1471 3798/4566/1471 382/573/1471
f 380/570/1472 3800/4568/1472 3799/4567/1472
f 376/564/1473 3800/4568/1473 378/567/1473
f 376/564/717 3802/4570/717 3801/4569/717
f 371/556/1474 3802/4570/1474 374/561/1474
f 371/556/1475 3804/4572/1475 3803/4571/1475
f 369/553/1476 3805/4573/1476 3804/4572/1476
f 367/550/1477 3806/4574/1477 3805/4573/1477
f 363/544/1478 3806/4574/1478 365/547/1478
f 363/544/1479 3808/4576/1479 3807/4575/1479
f 361/541/1480 3809/4577/1480 3808/4576/1480
f 358/537/1481 3809/4577/1481 359/538/1481
f 356/534/1482 3810/4578/1482 358/537/1482
f 354/531/727 3811/4579/727 356/534/727
f 354/531/1483 3813/4581/1483 3812/4580/1483
f 350/525/1484 3813/4581/1484 352/528/1484
f 350/525/1485 3815/4583/1485 3814/4582/1485
f 346/519/1486 3815/4583/1486 348/522/1486
f 346/519/1487 3817/4585/1487 3816/4584/1487
f 342/513/1488 3817/4585/1488 344/516/1488
f 342/513/734 3819/4587/734 3818/4586/734
f 340/510/1489 3820/4588/1489 3819/4587/1489
f 336/504/1490 3820/4588/1490 338/507/1490
f 336/504/1491 3822/4590/1491 3821/4589/1491
f 331/496/1492 3822/4590/1492 334/501/1492
f 331/496/1493 3824/4592/1493 3823/4591/1493
f 328/492/740 3824/4592/740 329/493/740
f 328/492/741 3826/4594/741 3825/4593/741
f 324/486/1494 3826/4594/1494 326/489/1494
f 322/483/1495 3827/4595/1495 324/486/1495
f 322/483/744 3829/4597/744 3828/4596/744
f 317/475/1496 3829/4597/1496 320/480/1496
f 315/472/1497 3830/4598/1497 317/475/1497
f 315/472/747 3832/4600/747 3831/4599/747
f 311/466/1498 3832/4600/1498 314/471/1498
f 310/465/1499 3833/4601/1499 311/466/1499
f 310/465/1500 3835/4603/1500 3834/4602/1500
f 305/457/1501 3835/4603/1501 307/460/1501
f 303/454/1502 3836/4604/1502 305/457/1502
f 303/454/1503 3838/4606/1503 3837/4605/1503
f 299/448/1504 3838/4606/1504 301/451/1504
f 299/448/1505 3840/4608/1505 3839/4607/1505
f 298/447/1506 3842/4611/1506 3840/4608/1506
f 296/444/1507 3844/4614/1507 3842/4611/1507
f 292/438/1508 3844/4614/1508 294/441/1508
f 292/438/1509 3848/4620/1509 3846/4617/1509
f 288/432/1510 3848/4620/1510 290/435/1510
f 288/432/761 3852/4626/761 3850/4623/761
f 284/426/1511 3852/4626/1511 286/429/1511
f 284/426/1512 3856/4632/1512 3854/4629/1512
f 279/418/1513 3856/4632/1513 281/421/1513
f 278/417/1514 3858/4635/1514 279/418/1514
f 278/417/1515 3862/4641/1515 3860/4638/1515
f 274/411/1516 3862/4641/1516 276/414/1516
f 274/411/1517 3866/4647/1517 3864/4644/1517
f 270/405/1518 3866/4647/1518 272/408/1518
f 270/405/1519 3870/4653/1519 3867/4648/1519
f 266/399/1520 3870/4653/1520 268/402/1520
f 266/399/772 3873/4657/772 3871/4654/772
f 264/396/1521 3875/4660/1521 3873/4657/1521
f 1028/1284/1522 3877/4663/1522 777/1033/1522
f 1027/1283/1523 3879/4666/1523 1028/1284/1523
f 1027/1283/776 3883/4672/776 3881/4669/776
f 1025/1281/1524 3883/4672/1524 1026/1282/1524
f 1025/1281/1525 3887/4678/1525 3886/4677/1525
f 1021/1277/1526 3887/4678/1526 1023/1279/1526
f 1021/1277/1527 3891/4684/1527 3890/4683/1527
f 1018/1274/1528 3891/4684/1528 1020/1276/1528
f 1015/1271/1529 3893/4687/1529 1018/1274/1529
f 1015/1271/1530 3897/4693/1530 3895/4690/1530
f 1011/1267/1531 3897/4693/1531 1013/1269/1531
f 1011/1267/1532 3901/4699/1532 3899/4696/1532
f 1008/1264/1533 3901/4699/1533 1010/1266/1533
f 1008/1264/1534 3905/4705/1534 3903/4702/1534
f 1004/1260/1535 3905/4705/1535 1005/1261/1535
f 1004/1260/1536 3909/4711/1536 3907/4708/1536
f 999/1255/1537 3909/4711/1537 1001/1257/1537
f 999/1255/1538 3913/4717/1538 3911/4714/1538
f 995/1251/1539 3913/4717/1539 997/1253/1539
f 995/1251/1540 3917/4723/1540 3915/4720/1540
f 991/1247/1541 3917/4723/1541 993/1249/1541
f 991/1247/1542 3921/4729/1542 3919/4726/1542
f 987/1243/1543 3921/4729/1543 990/1246/1543
f 987/1243/1544 3926/4737/1544 3924/4734/1544
f 985/1241/1545 3928/4740/1545 3926/4737/1545
f 981/1237/1546 3928/4740/1546 983/1239/1546
f 979/1235/1547 3930/4743/1547 981/1237/1547
f 979/1235/1548 3934/4749/1548 3931/4744/1548
f 975/1231/1549 3934/4749/1549 977/1233/1549
f 975/1231/1550 3937/4753/1550 3935/4750/1550
f 971/1227/1551 3937/4753/1551 973/1229/1551
f 971/1227/1552 3942/4761/1552 3940/4758/1552
f 968/1224/1553 3942/4761/1553 970/1226/1553
f 968/1224/1554 3945/4765/1554 3943/4762/1554
f 964/1220/1555 3945/4765/1555 966/1222/1555
f 964/1220/809 3949/4771/809 3948/4770/809
f 960/1216/1556 3949/4771/1556 962/1218/1556
f 960/1216/1557 3953/4777/1557 3951/4774/1557
f 956/1212/1558 3953/4777/1558 958/1214/1558
f 954/1210/1559 3956/4782/1559 956/1212/1559
f 954/1210/1560 3959/4786/1560 3957/4783/1560
f 950/1206/1561 3959/4786/1561 952/1208/1561
f 950/1206/816 3964/4794/816 3961/4789/816
f 946/1202/817 3964/4794/817 948/1204/817
f 946/1202/1562 3967/4798/1562 3966/4797/1562
f 942/1198/1563 3967/4798/1563 944/1200/1563
f 940/1196/1564 3970/4803/1564 942/1198/1564
f 940/1196/821 3974/4809/821 3972/4806/821
f 938/1194/1565 3976/4812/1565 3974/4809/1565
f 933/1189/1566 3976/4812/1566 936/1192/1566
f 931/1187/1567 3978/4815/1567 933/1189/1567
f 929/1185/1568 3979/4816/1568 931/1187/1568
f 927/1183/1569 3982/4821/1569 929/1185/1569
f 927/1183/1570 3986/4827/1570 3984/4824/1570
f 923/1179/1571 3986/4827/1571 925/1181/1571
f 923/1179/1572 3989/4831/1572 3987/4828/1572
f 921/1177/1573 3991/4834/1573 3989/4831/1573
f 920/1176/1574 3993/4837/1574 3991/4834/1574
f 916/1172/1575 3993/4837/1575 918/1174/1575
f 914/1170/1576 3995/4840/1576 916/1172/1576
f 914/1170/1577 3999/4846/1577 3997/4843/1577
f 910/1166/1578 3999/4846/1578 912/1168/1578
f 908/1164/1579 4001/4849/1579 910/1166/1579
f 908/1164/1580 4005/4855/1580 4003/4852/1580
f 904/1160/1581 4005/4855/1581 906/1162/1581
f 904/1160/1582 4009/4861/1582 4007/4858/1582
f 902/1158/1583 4011/4864/1583 4009/4861/1583
f 898/1154/1584 4011/4864/1584 900/1156/1584
f 896/1152/1585 4013/4867/1585 898/1154/1585
f 896/1152/1586 4017/4873/1586 4015/4870/1586
f 892/1148/844 4017/4873/844 894/1150/844
f 892/1148/1587 4021/4879/1587 4019/4876/1587
f 888/1144/1588 4021/4879/1588 890/1146/1588
f 888/1144/1589 4025/4885/1589 4023/4882/1589
f 886/1142/1590 4027/4888/1590 4025/4885/1590
f 883/1139/849 4029/4891/849 4027/4888/849
f 879/1135/1591 4029/4891/1591 881/1137/1591
f 879/1135/851 4033/4897/851 4031/4894/851
f 877/1133/1592 4036/4902/1592 4033/4897/1592
f 874/1130/853 4036/4902/853 875/1131/853
f 871/1127/1593 4038/4905/1593 874/1130/1593
f 869/1125/855 4040/4908/855 871/1127/855
f 869/1125/1594 4044/4914/1594 4042/4911/1594
f 865/1121/1595 4044/4914/1595 867/1123/1595
f 865/1121/858 4048/4920/858 4046/4917/858
f 861/1117/1596 4048/4920/1596 863/1119/1596
f 861/1117/1597 4052/4926/1597 4050/4923/1597
f 857/1113/861 4052/4926/861 860/1116/861
f 857/1113/862 4056/4932/862 4054/4929/862
f 855/1111/863 4058/4935/863 4056/4932/863
f 851/1107/1598 4058/4935/1598 853/1109/1598
f 851/1107/865 4062/4941/865 4060/4938/865
f 847/1103/1599 4062/4941/1599 849/1105/1599
f 847/1103/867 4066/4947/867 4064/4944/867
f 844/1100/1600 4066/4947/1600 846/1102/1600
f 844/1100/869 4070/4953/869 4068/4950/869
f 840/1096/1601 4070/4953/1601 842/1098/1601
f 838/1094/1602 4072/4956/1602 840/1096/1602
f 838/1094/872 4076/4962/872 4074/4959/872
f 833/1089/1603 4076/4962/1603 835/1091/1603
f 831/1087/1604 4078/4965/1604 833/1089/1604
f 831/1087/875 4082/4971/875 4080/4968/875
f 827/1083/1605 4082/4971/1605 829/1085/1605
f 826/1082/1606 4084/4974/1606 827/1083/1606
f 826/1082/1607 4088/4980/1607 4086/4977/1607
f 821/1077/879 4088/4980/879 823/1079/879
f 819/1075/1608 4090/4983/1608 821/1077/1608
f 819/1075/881 4094/4989/881 4092/4986/881
f 816/1072/1609 4094/4989/1609 818/1074/1609
f 816/1072/883 4098/4995/883 4095/4990/883
f 814/1070/1610 4099/4996/1610 4098/4995/1610
f 812/1068/885 4102/5001/885 4099/4996/885
f 807/1063/1611 4102/5001/1611 809/1065/1611
f 807/1063/1612 4106/5007/1612 4104/5004/1612
f 803/1059/1613 4106/5007/1613 805/1061/1613
f 803/1059/889 4110/5013/889 4108/5010/889
f 799/1055/1614 4110/5013/1614 802/1058/1614
f 799/1055/891 4114/5019/891 4112/5016/891
f 796/1052/1615 4114/5019/1615 798/1054/1615
f 794/1050/1616 4116/5022/1616 796/1052/1616
f 794/1050/1617 4120/5028/1617 4118/5025/1617
f 790/1046/895 4120/5028/895 792/1048/895
f 790/1046/896 4124/5034/896 4122/5031/896
f 786/1042/1618 4124/5034/1618 788/1044/1618
f 786/1042/1619 4128/5040/1619 4126/5037/1619
f 782/1038/1620 4128/5040/1620 784/1040/1620
f 782/1038/900 4131/5044/900 4130/5043/900
f 779/1035/1621 4133/5047/1621 4131/5044/1621
f 773/1029/902 4135/5050/902 519/775/902
f 772/1028/1622 4137/5053/1622 773/1029/1622
f 772/1028/1623 4141/5059/1623 4139/5056/1623
f 767/1023/1624 4141/5059/1624 769/1025/1624
f 767/1023/1625 4145/5065/1625 4143/5062/1625
f 763/1019/1626 4145/5065/1626 765/1021/1626
f 763/1019/908 4149/5071/908 4148/5070/908
f 760/1016/1627 4149/5071/1627 761/1017/1627
f 758/1014/910 4152/5076/910 760/1016/910
f 758/1014/911 4156/5082/911 4154/5079/911
f 753/1009/1628 4156/5082/1628 756/1012/1628
f 753/1009/1629 4159/5086/1629 4158/5085/1629
f 750/1006/914 4159/5086/914 751/1007/914
f 750/1006/915 4164/5094/915 4162/5091/915
f 745/1001/1630 4164/5094/1630 748/1004/1630
f 745/1001/1631 4168/5100/1631 4166/5097/1631
f 741/997/1632 4168/5100/1632 743/999/1632
f 741/997/919 4172/5106/919 4170/5103/919
f 737/993/1633 4172/5106/1633 739/995/1633
f 737/993/1634 4175/5110/1634 4174/5109/1634
f 733/989/922 4175/5110/922 735/991/922
f 733/989/923 4179/5116/923 4177/5113/923
f 730/986/1635 4179/5116/1635 731/987/1635
f 730/986/925 4183/5122/925 4181/5119/925
f 728/984/1636 4186/5127/1636 4183/5122/1636
f 724/980/927 4186/5127/927 725/981/927
f 722/978/1637 4187/5128/1637 724/980/1637
f 722/978/1638 4191/5134/1638 4189/5131/1638
f 718/974/930 4191/5134/930 720/976/930
f 718/974/1639 4195/5140/1639 4193/5137/1639
f 714/970/1640 4195/5140/1640 716/972/1640
f 714/970/1641 4200/5148/1641 4198/5145/1641
f 710/966/934 4200/5148/934 712/968/934
f 710/966/935 4203/5152/935 4202/5151/935
f 706/962/1642 4203/5152/1642 708/964/1642
f 706/962/1643 4208/5160/1643 4206/5157/1643
f 701/957/1644 4208/5160/1644 703/959/1644
f 701/957/939 4212/5166/939 4210/5163/939
f 697/953/1645 4212/5166/1645 699/955/1645
f 695/951/1646 4214/5169/1646 697/953/1646
f 695/951/1647 4218/5175/1647 4216/5172/1647
f 692/948/1648 4218/5175/1648 693/949/1648
f 692/948/944 4222/5181/944 4220/5178/944
f 688/944/1649 4222/5181/1649 690/946/1649
f 688/944/1650 4225/5185/1650 4223/5182/1650
f 684/940/1651 4225/5185/1651 686/942/1651
f 681/937/1652 4228/5190/1652 684/940/1652
f 681/937/1653 4231/5194/1653 4229/5191/1653
f 680/936/950 4234/5199/950 4231/5194/950
f 676/932/1654 4234/5199/1654 678/934/1654
f 673/929/1655 4236/5202/1655 676/932/1655
f 672/928/1656 4238/5205/1656 673/929/1656
f 670/926/1657 4240/5208/1657 672/928/1657
f 670/926/1658 4244/5214/1658 4242/5211/1658
f 666/922/1659 4244/5214/1659 668/924/1659
f 666/922/1660 4248/5220/1660 4246/5217/1660
f 664/920/1661 4250/5223/1661 4248/5220/1661
f 662/918/1662 4252/5226/1662 4250/5223/1662
f 657/913/1663 4252/5226/1663 660/916/1663
f 656/912/1664 4254/5229/1664 657/913/1664
f 656/912/1665 4258/5235/1665 4256/5232/1665
f 652/908/1666 4258/5235/1666 654/910/1666
f 649/905/1667 4260/5238/1667 652/908/1667
f 649/905/1668 4264/5244/1668 4262/5241/1668
f 646/902/1669 4264/5244/1669 647/903/1669
f 646/902/967 4268/5250/967 4266/5247/967
f 643/899/968 4269/5251/968 4268/5250/968
f 639/895/1670 4269/5251/1670 641/897/1670
f 637/893/1671 4271/5254/1671 639/895/1671
f 637/893/1672 4275/5260/1672 4273/5257/1672
f 633/889/1673 4275/5260/1673 635/891/1673
f 633/889/973 4280/5268/973 4277/5263/973
f 630/886/1674 4280/5268/1674 631/887/1674
f 630/886/1675 4284/5274/1675 4282/5271/1675
f 628/884/1676 4286/5277/1676 4284/5274/1676
f 625/881/1677 4287/5278/1677 4286/5277/1677
f 622/878/1678 4287/5278/1678 624/880/1678
f 622/878/1679 4291/5284/1679 4290/5283/1679
f 619/875/1680 4293/5287/1680 4291/5284/1680
f 615/871/1681 4293/5287/1681 617/873/1681
f 614/870/1682 4296/5292/1682 615/871/1682
f 611/867/983 4298/5295/983 614/870/983
f 611/867/1683 4302/5301/1683 4300/5298/1683
f 607/863/1684 4302/5301/1684 609/865/1684
f 607/863/1685 4305/5305/1685 4303/5302/1685
f 603/859/1686 4305/5305/1686 605/861/1686
f 603/859/1687 4310/5313/1687 4307/5308/1687
f 599/855/1688 4310/5313/1688 601/857/1688
f 599/855/990 4314/5319/990 4312/5316/990
f 597/853/1689 4316/5322/1689 4314/5319/1689
f 593/849/1690 4316/5322/1690 595/851/1690
f 593/849/1691 4320/5328/1691 4318/5325/1691
f 589/845/1692 4320/5328/1692 591/847/1692
f 589/845/1693 4324/5334/1693 4322/5331/1693
f 585/841/996 4324/5334/996 588/844/996
f 585/841/997 4328/5340/997 4325/5335/997
f 582/838/1694 4328/5340/1694 583/839/1694
f 580/836/1695 4329/5341/1695 582/838/1695
f 580/836/1000 4333/5347/1000 4332/5346/1000
f 576/832/1696 4333/5347/1696 578/834/1696
f 574/830/1697 4335/5350/1697 576/832/1697
f 574/830/1003 4339/5356/1003 4337/5353/1003
f 570/826/1698 4339/5356/1698 572/828/1698
f 568/824/1699 4341/5359/1699 570/826/1699
f 568/824/1700 4346/5367/1700 4343/5362/1700
f 563/819/1701 4346/5367/1701 565/821/1701
f 561/817/1702 4348/5370/1702 563/819/1702
f 561/817/1703 4351/5374/1703 4349/5371/1703
f 557/813/1704 4351/5374/1704 560/816/1704
f 557/813/1705 4355/5379/1705 4353/5377/1705
f 555/811/1706 4357/5381/1706 4355/5379/1706
f 553/809/1707 4359/5383/1707 4357/5381/1707
f 549/805/1708 4359/5383/1708 552/808/1708
f 549/805/1709 4363/5387/1709 4361/5385/1709
f 545/801/1710 4363/5387/1710 547/803/1710
f 545/801/1017 4367/5391/1017 4365/5389/1017
f 542/798/1711 4367/5391/1711 544/800/1711
f 542/798/1712 4371/5395/1712 4369/5393/1712
f 538/794/1713 4371/5395/1713 540/796/1713
f 536/792/1714 4374/5398/1714 538/794/1714
f 536/792/1715 4378/5402/1715 4376/5400/1715
f 532/788/1716 4378/5402/1716 534/790/1716
f 532/788/1717 4382/5406/1717 4379/5403/1717
f 528/784/1718 4382/5406/1718 530/786/1718
f 528/784/1719 4385/5409/1719 4383/5407/1719
f 524/780/1720 4385/5409/1720 526/782/1720
f 524/780/1028 4389/5413/1028 4387/5411/1028
f 522/778/1721 4391/5415/1721 4389/5413/1721
f 3/4/1030 3875/4660/1030 260/390/1030
f 262/393/1031 4133/5047/1031 776/1032/1031
f 777/1033/1032 4391/5415/1032 518/774/1032
f 519/775/1033 3602/4370/1033 2/3/1033
f 932/1188/2 804/1060/2 675/931/2
f 493/740/1722 1003/1259/1722 1006/1262/1722
f 795/1051/1723 285/428/1723 283/425/1723
f 77/116/1724 587/843/1724 590/846/1724
f 495/743/1725 1006/1262/1725 1007/1263/1725
f 797/1053/1726 287/431/1726 285/428/1726
f 79/119/1727 590/846/1727 592/848/1727
f 497/746/1728 1007/1263/1728 1009/1265/1728
f 800/1056/1729 289/434/1729 287/431/1729
f 81/122/1730 592/848/1730 594/850/1730
f 499/749/1731 1009/1265/1731 1012/1268/1731
f 801/1057/1732 291/437/1732 289/434/1732
f 83/125/1733 594/850/1733 596/852/1733
f 502/753/1734 1012/1268/1734 1014/1270/1734
f 804/1060/1735 293/440/1735 291/437/1735
f 85/128/1736 596/852/1736 598/854/1736
f 504/756/1737 1014/1270/1737 1016/1272/1737
f 806/1062/1738 295/443/1738 293/440/1738
f 87/131/1739 598/854/1739 600/856/1739
f 506/759/1740 1016/1272/1740 1017/1273/1740
f 808/1064/1741 297/446/1741 295/443/1741
f 89/134/1742 600/856/1742 602/858/1742
f 507/761/1743 1017/1273/1743 1019/1275/1743
f 810/1066/1744 300/450/1744 297/446/1744
f 91/137/1745 602/858/1745 604/860/1745
f 510/765/1746 1019/1275/1746 1022/1278/1746
f 811/1067/1747 302/453/1747 300/450/1747
f 93/140/1748 604/860/1748 606/862/1748
f 511/767/1749 1022/1278/1749 1024/1280/1749
f 813/1069/1750 304/456/1750 302/453/1750
f 95/143/1751 606/862/1751 608/864/1751
f 1/2/1752 1024/1280/1752 514/770/1752
f 815/1071/1753 306/459/1753 304/456/1753
f 97/146/1754 608/864/1754 610/866/1754
f 817/1073/1755 308/462/1755 306/459/1755
f 99/149/1756 610/866/1756 612/868/1756
f 820/1076/1757 309/464/1757 308/462/1757
f 101/152/1758 612/868/1758 613/869/1758
f 822/1078/1759 312/468/1759 309/464/1759
f 103/155/1760 613/869/1760 616/872/1760
f 824/1080/1761 313/470/1761 312/468/1761
f 105/158/1762 616/872/1762 618/874/1762
f 825/1081/1763 316/474/1763 313/470/1763
f 107/161/1764 618/874/1764 620/876/1764
f 828/1084/1765 318/477/1765 316/474/1765
f 109/164/1766 620/876/1766 621/877/1766
f 830/1086/1767 319/479/1767 318/477/1767
f 111/167/1768 621/877/1768 623/879/1768
f 832/1088/1769 321/482/1769 319/479/1769
f 114/171/1770 623/879/1770 626/882/1770
f 834/1090/1771 323/485/1771 321/482/1771
f 116/174/1772 626/882/1772 627/883/1772
f 836/1092/1773 325/488/1773 323/485/1773
f 117/176/1774 627/883/1774 629/885/1774
f 837/1093/1775 327/491/1775 325/488/1775
f 119/179/1776 629/885/1776 632/888/1776
f 839/1095/1777 330/495/1777 327/491/1777
f 121/182/1778 632/888/1778 634/890/1778
f 841/1097/1779 332/498/1779 330/495/1779
f 123/185/1780 634/890/1780 636/892/1780
f 843/1099/1781 333/500/1781 332/498/1781
f 126/189/1782 636/892/1782 638/894/1782
f 845/1101/1783 335/503/1783 333/500/1783
f 128/192/1784 638/894/1784 640/896/1784
f 848/1104/1785 337/506/1785 335/503/1785
f 129/194/1786 640/896/1786 642/898/1786
f 850/1106/1787 339/509/1787 337/506/1787
f 131/197/1788 642/898/1788 644/900/1788
f 852/1108/1789 341/512/1789 339/509/1789
f 134/201/1790 644/900/1790 645/901/1790
f 854/1110/1791 343/515/1791 341/512/1791
f 136/204/1792 645/901/1792 648/904/1792
f 856/1112/1793 345/518/1793 343/515/1793
f 138/207/1794 648/904/1794 650/906/1794
f 858/1114/1795 347/521/1795 345/518/1795
f 140/210/1796 650/906/1796 651/907/1796
f 859/1115/1797 349/524/1797 347/521/1797
f 141/212/1798 651/907/1798 653/909/1798
f 862/1118/1799 351/527/1799 349/524/1799
f 143/215/1800 653/909/1800 655/911/1800
f 864/1120/1801 353/530/1801 351/527/1801
f 145/218/1802 655/911/1802 658/914/1802
f 866/1122/1803 355/533/1803 353/530/1803
f 148/222/1804 658/914/1804 659/915/1804
f 868/1124/1805 357/536/1805 355/533/1805
f 150/225/1806 659/915/1806 661/917/1806
f 870/1126/1807 360/540/1807 357/536/1807
f 152/228/1808 661/917/1808 663/919/1808
f 872/1128/1809 362/543/1809 360/540/1809
f 154/231/1810 663/919/1810 665/921/1810
f 873/1129/1811 364/546/1811 362/543/1811
f 156/234/1812 665/921/1812 667/923/1812
f 876/1132/1813 366/549/1813 364/546/1813
f 158/237/1814 667/923/1814 669/925/1814
f 878/1134/1815 368/552/1815 366/549/1815
f 160/240/1816 669/925/1816 671/927/1816
f 880/1136/1817 370/555/1817 368/552/1817
f 162/243/1818 671/927/1818 674/930/1818
f 882/1138/1819 372/558/1819 370/555/1819
f 163/245/1820 674/930/1820 675/931/1820
f 884/1140/1821 373/560/1821 372/558/1821
f 166/249/1822 675/931/1822 677/933/1822
f 885/1141/1823 375/563/1823 373/560/1823
f 168/252/1824 677/933/1824 679/935/1824
f 887/1143/1825 377/566/1825 375/563/1825
f 170/255/1826 679/935/1826 682/938/1826
f 889/1145/1827 379/569/1827 377/566/1827
f 171/257/1828 682/938/1828 683/939/1828
f 891/1147/1829 381/572/1829 379/569/1829
f 174/261/1830 683/939/1830 685/941/1830
f 893/1149/1831 383/575/1831 381/572/1831
f 176/264/1832 685/941/1832 687/943/1832
f 895/1151/1833 385/578/1833 383/575/1833
f 178/267/1834 687/943/1834 689/945/1834
f 897/1153/1835 387/581/1835 385/578/1835
f 180/270/1836 689/945/1836 691/947/1836
f 899/1155/1837 390/585/1837 387/581/1837
f 182/273/1838 691/947/1838 694/950/1838
f 901/1157/1839 391/587/1839 390/585/1839
f 183/275/1840 694/950/1840 696/952/1840
f 903/1159/1841 394/591/1841 391/587/1841
f 186/279/1842 696/952/1842 698/954/1842
f 905/1161/1843 396/594/1843 394/591/1843
f 187/281/1844 698/954/1844 700/956/1844
f 907/1163/1845 398/597/1845 396/594/1845
f 190/285/1846 700/956/1846 702/958/1846
f 909/1165/1847 400/600/1847 398/597/1847
f 191/287/1848 702/958/1848 704/960/1848
f 911/1167/1849 401/602/1849 400/600/1849
f 193/290/1850 704/960/1850 705/961/1850
f 913/1169/1851 403/605/1851 401/602/1851
f 705/961/1852 195/293/1852 193/290/1852
f 915/1171/1853 405/608/1853 403/605/1853
f 707/963/1854 198/297/1854 195/293/1854
f 917/1173/1855 407/611/1855 405/608/1855
f 709/965/1856 199/299/1856 198/297/1856
f 919/1175/1857 409/614/1857 407/611/1857
f 711/967/1858 202/303/1858 199/299/1858
f 922/1178/1859 411/617/1859 409/614/1859
f 713/969/1860 204/306/1860 202/303/1860
f 924/1180/1861 413/620/1861 411/617/1861
f 715/971/1862 205/308/1862 204/306/1862
f 926/1182/1863 415/623/1863 413/620/1863
f 717/973/1864 208/312/1864 205/308/1864
f 928/1184/1865 417/626/1865 415/623/1865
f 719/975/1866 210/315/1866 208/312/1866
f 930/1186/1867 419/629/1867 417/626/1867
f 721/977/1868 211/317/1868 210/315/1868
f 4/6/1869 514/770/1869 516/772/1869
f 932/1188/1870 421/632/1870 419/629/1870
f 723/979/1871 214/321/1871 211/317/1871
f 6/9/1872 516/772/1872 517/773/1872
f 934/1190/1873 423/635/1873 421/632/1873
f 726/982/1874 216/324/1874 214/321/1874
f 7/11/1875 517/773/1875 520/776/1875
f 935/1191/1876 425/638/1876 423/635/1876
f 727/983/1877 218/327/1877 216/324/1877
f 9/14/1878 520/776/1878 521/777/1878
f 937/1193/1879 427/641/1879 425/638/1879
f 729/985/1880 219/329/1880 218/327/1880
f 11/17/1881 521/777/1881 523/779/1881
f 939/1195/1882 429/644/1882 427/641/1882
f 732/988/1883 221/332/1883 219/329/1883
f 13/20/1884 523/779/1884 525/781/1884
f 941/1197/1885 431/647/1885 429/644/1885
f 734/990/1886 223/335/1886 221/332/1886
f 15/23/1887 525/781/1887 527/783/1887
f 943/1199/1888 433/650/1888 431/647/1888
f 736/992/1889 226/339/1889 223/335/1889
f 17/26/1890 527/783/1890 529/785/1890
f 945/1201/1891 435/653/1891 433/650/1891
f 738/994/1892 227/341/1892 226/339/1892
f 19/29/1893 529/785/1893 531/787/1893
f 947/1203/1894 438/657/1894 435/653/1894
f 740/996/1895 229/344/1895 227/341/1895
f 21/32/1896 531/787/1896 533/789/1896
f 949/1205/1897 440/660/1897 438/657/1897
f 742/998/1898 231/347/1898 229/344/1898
f 23/35/1899 533/789/1899 535/791/1899
f 951/1207/1900 441/662/1900 440/660/1900
f 744/1000/1901 233/350/1901 231/347/1901
f 25/38/1902 535/791/1902 537/793/1902
f 953/1209/1903 444/666/1903 441/662/1903
f 746/1002/1904 235/353/1904 233/350/1904
f 27/41/1905 537/793/1905 539/795/1905
f 955/1211/1906 446/669/1906 444/666/1906
f 747/1003/1907 237/356/1907 235/353/1907
f 29/44/1908 539/795/1908 541/797/1908
f 957/1213/1909 448/672/1909 446/669/1909
f 749/1005/1910 239/359/1910 237/356/1910
f 31/47/1911 541/797/1911 543/799/1911
f 959/1215/1912 450/675/1912 448/672/1912
f 752/1008/1913 241/362/1913 239/359/1913
f 33/50/1914 543/799/1914 546/802/1914
f 451/677/1915 961/1217/1915 963/1219/1915
f 754/1010/1916 244/366/1916 241/362/1916
f 35/53/1917 546/802/1917 548/804/1917
f 453/680/1918 963/1219/1918 965/1221/1918
f 755/1011/1919 246/369/1919 244/366/1919
f 37/56/1920 548/804/1920 550/806/1920
f 455/683/1921 965/1221/1921 967/1223/1921
f 757/1013/1922 248/372/1922 246/369/1922
f 40/60/1923 550/806/1923 551/807/1923
f 457/686/1924 967/1223/1924 969/1225/1924
f 759/1015/1925 250/375/1925 248/372/1925
f 42/63/1926 551/807/1926 554/810/1926
f 460/690/1927 969/1225/1927 972/1228/1927
f 762/1018/1928 252/378/1928 250/375/1928
f 43/65/1929 554/810/1929 556/812/1929
f 461/692/1930 972/1228/1930 974/1230/1930
f 764/1020/1931 253/380/1931 252/378/1931
f 45/68/1932 556/812/1932 558/814/1932
f 463/695/1933 974/1230/1933 976/1232/1933
f 766/1022/1934 255/383/1934 253/380/1934
f 47/71/1935 558/814/1935 559/815/1935
f 465/698/1936 976/1232/1936 978/1234/1936
f 768/1024/1937 257/386/1937 255/383/1937
f 49/74/1938 559/815/1938 562/818/1938
f 467/701/1939 978/1234/1939 980/1236/1939
f 770/1026/1940 259/389/1940 257/386/1940
f 51/77/1941 562/818/1941 564/820/1941
f 469/704/1942 980/1236/1942 982/1238/1942
f 771/1027/1943 261/392/1943 259/389/1943
f 53/80/1944 564/820/1944 566/822/1944
f 471/707/1945 982/1238/1945 984/1240/1945
f 774/1030/1946 263/395/1946 261/392/1946
f 55/83/1947 566/822/1947 567/823/1947
f 473/710/1948 984/1240/1948 986/1242/1948
f 775/1031/1949 265/398/1949 263/395/1949
f 57/86/1950 567/823/1950 569/825/1950
f 475/713/1951 986/1242/1951 988/1244/1951
f 778/1034/1952 267/401/1952 265/398/1952
f 59/89/1953 569/825/1953 571/827/1953
f 477/716/1954 988/1244/1954 989/1245/1954
f 780/1036/1955 269/404/1955 267/401/1955
f 61/92/1956 571/827/1956 573/829/1956
f 479/719/1957 989/1245/1957 992/1248/1957
f 781/1037/1958 271/407/1958 269/404/1958
f 63/95/1959 573/829/1959 575/831/1959
f 481/722/1960 992/1248/1960 994/1250/1960
f 783/1039/1961 273/410/1961 271/407/1961
f 65/98/1962 575/831/1962 577/833/1962
f 483/725/1963 994/1250/1963 996/1252/1963
f 785/1041/1964 275/413/1964 273/410/1964
f 67/101/1965 577/833/1965 579/835/1965
f 485/728/1966 996/1252/1966 998/1254/1966
f 787/1043/1967 277/416/1967 275/413/1967
f 69/104/1968 579/835/1968 581/837/1968
f 487/731/1969 998/1254/1969 1000/1256/1969
f 789/1045/1970 280/420/1970 277/416/1970
f 71/107/1971 581/837/1971 584/840/1971
f 489/734/1972 1000/1256/1972 1002/1258/1972
f 791/1047/1973 282/423/1973 280/420/1973
f 73/110/1974 584/840/1974 586/842/1974
f 491/737/1975 1002/1258/1975 1003/1259/1975
f 793/1049/1976 283/425/1976 282/423/1976
f 75/113/1977 586/842/1977 587/843/1977
f 1816/2328/2 2199/2711/2 2072/2584/2
f 1774/2277/1978 2284/2796/1978 2286/2798/1978
f 2075/2587/1723 1565/1964/1723 1564/1962/1723
f 1358/1653/1724 1867/2379/1724 1870/2382/1724
f 1775/2279/1725 2286/2798/1725 2287/2799/1725
f 2078/2590/1726 1567/1967/1726 1565/1964/1726
f 1360/1656/1979 1870/2382/1979 1871/2383/1979
f 1777/2282/1728 2287/2799/1728 2289/2801/1728
f 2080/2592/1729 1569/1970/1729 1567/1967/1729
f 1362/1659/1730 1871/2383/1730 1873/2385/1730
f 1779/2285/1731 2289/2801/1731 2291/2803/1731
f 2082/2594/1732 1571/1973/1732 1569/1970/1732
f 1364/1662/1980 1873/2385/1980 1875/2387/1980
f 1781/2288/1734 2291/2803/1734 2293/2805/1734
f 2083/2595/1735 1573/1976/1735 1571/1973/1735
f 1366/1665/1981 1875/2387/1981 1877/2389/1981
f 1783/2291/1737 2293/2805/1737 2295/2807/1737
f 2086/2598/1738 1576/1980/1738 1573/1976/1738
f 1368/1668/1739 1877/2389/1739 1879/2391/1739
f 1786/2295/1740 2295/2807/1740 2297/2809/1740
f 2087/2599/1741 1577/1982/1741 1576/1980/1741
f 1370/1671/1742 1879/2391/1742 1881/2393/1742
f 1788/2298/1743 2297/2809/1743 2299/2811/1743
f 2090/2602/1744 1580/1986/1744 1577/1982/1744
f 1371/1673/1982 1881/2393/1982 1884/2396/1982
f 1790/2301/1746 2299/2811/1746 2301/2813/1746
f 2091/2603/1747 1582/1989/1747 1580/1986/1747
f 1373/1676/1983 1884/2396/1983 1885/2397/1983
f 1792/2304/1749 2301/2813/1749 2304/2816/1749
f 2093/2605/1750 1584/1992/1750 1582/1989/1750
f 1375/1679/1751 1885/2397/1751 1887/2399/1751
f 1282/1539/1752 2304/2816/1752 1793/2305/1752
f 2095/2607/1753 1586/1995/1753 1584/1992/1753
f 1378/1683/1754 1887/2399/1754 1890/2402/1754
f 2097/2609/1755 1587/1997/1755 1586/1995/1755
f 1380/1686/1756 1890/2402/1756 1892/2404/1756
f 2099/2611/1757 1589/2000/1757 1587/1997/1757
f 1382/1689/1758 1892/2404/1758 1893/2405/1758
f 2101/2613/1759 1591/2003/1759 1589/2000/1759
f 1384/1692/1760 1893/2405/1760 1896/2408/1760
f 2103/2615/1761 1594/2007/1761 1591/2003/1761
f 1386/1695/1762 1896/2408/1762 1897/2409/1762
f 2105/2617/1763 1595/2009/1763 1594/2007/1763
f 1388/1698/1764 1897/2409/1764 1900/2412/1764
f 2107/2619/1765 1597/2012/1765 1595/2009/1765
f 1390/1701/1984 1900/2412/1984 1901/2413/1984
f 2110/2622/1767 1599/2015/1767 1597/2012/1767
f 1392/1704/1768 1901/2413/1768 1903/2415/1768
f 2111/2623/1769 1601/2018/1769 1599/2015/1769
f 1394/1707/1770 1903/2415/1770 1906/2418/1770
f 2113/2625/1771 1603/2021/1771 1601/2018/1771
f 1396/1710/1772 1906/2418/1772 1908/2420/1772
f 2115/2627/1773 1605/2024/1773 1603/2021/1773
f 1398/1713/1774 1908/2420/1774 1910/2422/1774
f 2117/2629/1775 1608/2028/1775 1605/2024/1775
f 1400/1716/1776 1910/2422/1776 1912/2424/1776
f 2119/2631/1777 1609/2030/1777 1608/2028/1777
f 1402/1719/1778 1912/2424/1778 1913/2425/1778
f 2121/2633/1779 1611/2033/1779 1609/2030/1779
f 1404/1722/1780 1913/2425/1780 1915/2427/1780
f 2123/2635/1781 1613/2036/1781 1611/2033/1781
f 1406/1725/1985 1915/2427/1985 1918/2430/1985
f 2126/2638/1783 1615/2039/1783 1613/2036/1783
f 1408/1728/1784 1918/2430/1784 1919/2431/1784
f 2127/2639/1785 1617/2042/1785 1615/2039/1785
f 1410/1731/1786 1919/2431/1786 1922/2434/1786
f 2130/2642/1787 1619/2045/1787 1617/2042/1787
f 1411/1733/1788 1922/2434/1788 1924/2436/1788
f 2131/2643/1789 1621/2048/1789 1619/2045/1789
f 1413/1736/1790 1924/2436/1790 1926/2438/1790
f 2134/2646/1791 1623/2051/1791 1621/2048/1791
f 1416/1740/1986 1926/2438/1986 1928/2440/1986
f 2135/2647/1987 1625/2054/1987 1623/2051/1987
f 1417/1742/1794 1928/2440/1794 1930/2442/1794
f 2138/2650/1795 1627/2057/1795 1625/2054/1795
f 1419/1745/1796 1930/2442/1796 1932/2444/1796
f 2140/2652/1797 1629/2060/1797 1627/2057/1797
f 1421/1748/1798 1932/2444/1798 1934/2446/1798
f 2141/2653/1799 1631/2063/1799 1629/2060/1799
f 1423/1751/1800 1934/2446/1800 1935/2447/1800
f 2144/2656/1801 1634/2067/1801 1631/2063/1801
f 1425/1754/1988 1935/2447/1988 1938/2450/1988
f 2146/2658/1803 1636/2070/1803 1634/2067/1803
f 1428/1758/1804 1938/2450/1804 1939/2451/1804
f 2147/2659/1805 1638/2073/1805 1636/2070/1805
f 1429/1760/1806 1939/2451/1806 1941/2453/1806
f 2150/2662/1807 1640/2076/1807 1638/2073/1807
f 1431/1763/1808 1941/2453/1808 1943/2455/1808
f 2152/2664/1809 1642/2079/1809 1640/2076/1809
f 1433/1766/1810 1943/2455/1810 1945/2457/1810
f 2154/2666/1811 1644/2082/1811 1642/2079/1811
f 1435/1769/1812 1945/2457/1812 1948/2460/1812
f 2156/2668/1813 1646/2085/1813 1644/2082/1813
f 1438/1773/1814 1948/2460/1814 1950/2462/1814
f 2157/2669/1815 1647/2087/1815 1646/2085/1815
f 1440/1776/1816 1950/2462/1816 1951/2463/1816
f 2160/2672/1817 1649/2090/1817 1647/2087/1817
f 1442/1779/1818 1951/2463/1818 1954/2466/1818
f 2161/2673/1989 1651/2093/1989 1649/2090/1989
f 1444/1782/1820 1954/2466/1820 1955/2467/1820
f 2163/2675/1990 1653/2096/1990 1651/2093/1990
f 1446/1785/1822 1955/2467/1822 1958/2470/1822
f 2166/2678/1823 1655/2099/1823 1653/2096/1823
f 1448/1788/1824 1958/2470/1824 1960/2472/1824
f 2167/2679/1825 1657/2102/1825 1655/2099/1825
f 1449/1790/1826 1960/2472/1826 1962/2474/1826
f 2169/2681/1827 1659/2105/1827 1657/2102/1827
f 1452/1794/1828 1962/2474/1828 1964/2476/1828
f 2172/2684/1829 1661/2108/1829 1659/2105/1829
f 1454/1797/1991 1964/2476/1991 1966/2478/1991
f 2174/2686/1831 1663/2111/1831 1661/2108/1831
f 1456/1800/1992 1966/2478/1992 1967/2479/1992
f 2176/2688/1833 1665/2114/1833 1663/2111/1833
f 1458/1803/1834 1967/2479/1834 1970/2482/1834
f 2178/2690/1835 1668/2118/1835 1665/2114/1835
f 1459/1805/1836 1970/2482/1836 1972/2484/1836
f 2180/2692/1837 1669/2120/1837 1668/2118/1837
f 1462/1809/1838 1972/2484/1838 1974/2486/1838
f 2181/2693/1839 1671/2123/1839 1669/2120/1839
f 1463/1811/1840 1974/2486/1840 1975/2487/1840
f 2183/2695/1841 1673/2126/1841 1671/2123/1841
f 1465/1814/1842 1975/2487/1842 1977/2489/1842
f 2186/2698/1843 1675/2129/1843 1673/2126/1843
f 1468/1818/1844 1977/2489/1844 1980/2492/1844
f 2188/2700/1845 1677/2132/1845 1675/2129/1845
f 1469/1820/1846 1980/2492/1846 1982/2494/1846
f 2189/2701/1847 1679/2135/1847 1677/2132/1847
f 1472/1824/1848 1982/2494/1848 1984/2496/1848
f 2192/2704/1849 1681/2138/1849 1679/2135/1849
f 1474/1827/1850 1984/2496/1850 1985/2497/1850
f 2194/2706/1851 1683/2141/1851 1681/2138/1851
f 1985/2497/1852 1476/1830/1852 1474/1827/1852
f 2195/2707/1993 1685/2144/1993 1683/2141/1993
f 1987/2499/1854 1478/1833/1854 1476/1830/1854
f 2198/2710/1855 1687/2147/1855 1685/2144/1855
f 1989/2501/1856 1480/1836/1856 1478/1833/1856
f 2199/2711/1857 1689/2150/1857 1687/2147/1857
f 1992/2504/1858 1482/1839/1858 1480/1836/1858
f 2201/2713/1859 1691/2153/1859 1689/2150/1859
f 1993/2505/1860 1484/1842/1860 1482/1839/1860
f 2203/2715/1861 1693/2156/1861 1691/2153/1861
f 1996/2508/1862 1486/1845/1862 1484/1842/1862
f 2205/2717/1863 1696/2160/1863 1693/2156/1863
f 1998/2510/1864 1488/1848/1864 1486/1845/1864
f 2208/2720/1865 1697/2162/1865 1696/2160/1865
f 1999/2511/1866 1490/1851/1866 1488/1848/1866
f 2209/2721/1994 1699/2165/1994 1697/2162/1994
f 2001/2513/1868 1492/1854/1868 1490/1851/1868
f 1283/1541/1869 1793/2305/1869 1795/2307/1869
f 2211/2723/1995 1701/2168/1995 1699/2165/1995
f 2004/2516/1871 1494/1857/1871 1492/1854/1871
f 1285/1544/1872 1795/2307/1872 1797/2309/1872
f 2214/2726/1873 1703/2171/1873 1701/2168/1873
f 2006/2518/1874 1495/1859/1874 1494/1857/1874
f 1287/1547/1875 1797/2309/1875 1799/2311/1875
f 2215/2727/1996 1705/2174/1996 1703/2171/1996
f 2008/2520/1877 1497/1862/1877 1495/1859/1877
f 1289/1550/1878 1799/2311/1878 1801/2313/1878
f 2218/2730/1879 1707/2177/1879 1705/2174/1879
f 2009/2521/1880 1500/1866/1880 1497/1862/1880
f 1291/1553/1881 1801/2313/1881 1803/2315/1881
f 2219/2731/1882 1709/2180/1882 1707/2177/1882
f 2011/2523/1883 1502/1869/1883 1500/1866/1883
f 1293/1556/1884 1803/2315/1884 1806/2318/1884
f 2221/2733/1997 1711/2183/1997 1709/2180/1997
f 2013/2525/1886 1503/1871/1886 1502/1869/1886
f 1295/1559/1887 1806/2318/1887 1807/2319/1887
f 2223/2735/1888 1713/2186/1888 1711/2183/1888
f 2016/2528/1889 1505/1874/1889 1503/1871/1889
f 1298/1563/1890 1807/2319/1890 1809/2321/1890
f 2225/2737/1891 1715/2189/1891 1713/2186/1891
f 2018/2530/1892 1507/1877/1892 1505/1874/1892
f 1299/1565/1893 1809/2321/1893 1812/2324/1893
f 2227/2739/1998 1718/2193/1998 1715/2189/1998
f 2020/2532/1895 1509/1880/1895 1507/1877/1895
f 1301/1568/1896 1812/2324/1896 1813/2325/1896
f 2230/2742/1897 1720/2196/1897 1718/2193/1897
f 2022/2534/1898 1511/1883/1898 1509/1880/1898
f 1303/1571/1999 1813/2325/1999 1816/2328/1999
f 2232/2744/1900 1722/2199/1900 1720/2196/1900
f 2023/2535/1901 1513/1886/1901 1511/1883/1901
f 1305/1574/1902 1816/2328/1902 1817/2329/1902
f 2234/2746/1903 1723/2201/1903 1722/2199/1903
f 2025/2537/1904 1516/1890/1904 1513/1886/1904
f 1307/1577/1905 1817/2329/1905 1819/2331/1905
f 2236/2748/1906 1726/2205/1906 1723/2201/1906
f 2028/2540/2000 1517/1892/2000 1516/1890/2000
f 1309/1580/1908 1819/2331/1908 1821/2333/1908
f 2237/2749/1909 1727/2207/1909 1726/2205/1909
f 2030/2542/1910 1519/1895/1910 1517/1892/1910
f 1311/1583/1911 1821/2333/1911 1823/2335/1911
f 2239/2751/1912 1729/2210/1912 1727/2207/1912
f 2032/2544/1913 1521/1898/1913 1519/1895/1913
f 1313/1586/1914 1823/2335/1914 1825/2337/1914
f 1732/2214/1915 2241/2753/1915 2243/2755/1915
f 2033/2545/1916 1523/1901/1916 1521/1898/1916
f 1315/1589/1917 1825/2337/1917 1827/2339/1917
f 1734/2217/1918 2243/2755/1918 2245/2757/1918
f 2035/2547/1919 1526/1905/1919 1523/1901/1919
f 1317/1592/1920 1827/2339/1920 1830/2342/1920
f 1736/2220/1921 2245/2757/1921 2247/2759/1921
f 2038/2550/1922 1528/1908/1922 1526/1905/1922
f 1320/1596/1923 1830/2342/1923 1832/2344/1923
f 1738/2223/1924 2247/2759/1924 2250/2762/1924
f 2039/2551/1925 1530/1911/1925 1528/1908/1925
f 1322/1599/1926 1832/2344/1926 1834/2346/1926
f 1740/2226/1927 2250/2762/1927 2251/2763/1927
f 2042/2554/1928 1531/1913/1928 1530/1911/1928
f 1323/1601/1929 1834/2346/1929 1835/2347/1929
f 1742/2229/1930 2251/2763/1930 2253/2765/1930
f 2044/2556/1931 1534/1917/1931 1531/1913/1931
f 1326/1605/1932 1835/2347/1932 1837/2349/1932
f 1744/2232/1933 2253/2765/1933 2255/2767/1933
f 2045/2557/1934 1536/1920/1934 1534/1917/1934
f 1328/1608/1935 1837/2349/1935 1840/2352/1935
f 1746/2235/1936 2255/2767/1936 2257/2769/1936
f 2047/2559/1937 1538/1923/1937 1536/1920/1937
f 1330/1611/1938 1840/2352/1938 1842/2354/1938
f 1748/2238/1939 2257/2769/1939 2260/2772/1939
f 2050/2562/1940 1539/1925/1940 1538/1923/1940
f 1332/1614/1941 1842/2354/1941 1844/2356/1941
f 1749/2240/1942 2260/2772/1942 2261/2773/1942
f 2051/2563/1943 1541/1928/1943 1539/1925/1943
f 1334/1617/1944 1844/2356/1944 1846/2358/1944
f 1751/2243/1945 2261/2773/1945 2264/2776/1945
f 2054/2566/1946 1544/1932/1946 1541/1928/1946
f 1336/1620/1947 1846/2358/1947 1847/2359/1947
f 1753/2246/1948 2264/2776/1948 2266/2778/1948
f 2056/2568/1949 1546/1935/1949 1544/1932/1949
f 1338/1623/1950 1847/2359/1950 1850/2362/1950
f 1755/2249/1951 2266/2778/1951 2268/2780/1951
f 2057/2569/1952 1547/1937/1952 1546/1935/1952
f 1340/1626/1953 1850/2362/1953 1852/2364/1953
f 1757/2252/1954 2268/2780/1954 2269/2781/1954
f 2060/2572/1955 1550/1941/1955 1547/1937/1955
f 1342/1629/1956 1852/2364/1956 1854/2366/1956
f 1759/2255/1957 2269/2781/1957 2271/2783/1957
f 2061/2573/1958 1552/1944/1958 1550/1941/1958
f 1344/1632/1959 1854/2366/1959 1855/2367/1959
f 1761/2258/1960 2271/2783/1960 2273/2785/1960
f 2064/2576/1961 1553/1946/1961 1552/1944/1961
f 1346/1635/1962 1855/2367/1962 1857/2369/1962
f 1764/2262/1963 2273/2785/1963 2275/2787/1963
f 2066/2578/1964 1556/1950/1964 1553/1946/1964
f 1348/1638/1965 1857/2369/1965 1859/2371/1965
f 1766/2265/1966 2275/2787/1966 2277/2789/1966
f 2068/2580/1967 1557/1952/1967 1556/1950/1967
f 1350/1641/1968 1859/2371/1968 1861/2373/1968
f 1768/2268/1969 2277/2789/1969 2279/2791/1969
f 2069/2581/2001 1560/1956/2001 1557/1952/2001
f 1352/1644/1971 1861/2373/1971 1863/2375/1971
f 1769/2270/1972 2279/2791/1972 2281/2793/1972
f 2072/2584/1973 1562/1959/1973 1560/1956/1973
f 1354/1647/1974 1863/2375/1974 1865/2377/1974
f 1771/2273/1975 2281/2793/1975 2284/2796/1975
f 2074/2586/1976 1564/1962/1976 1562/1959/1976
f 1865/2377/1977 1356/1650/1977 1354/1647/1977
f 3571/4339/2 3444/4212/2 3315/4083/2
f 3053/3812/1978 3563/4331/1978 3566/4334/1978
f 3355/4123/1723 2845/3500/1723 2844/3498/1723
f 2637/3188/1724 3147/3915/1724 3150/3918/1724
f 3055/3815/1725 3566/4334/1725 3567/4335/1725
f 3358/4126/1726 2847/3503/1726 2845/3500/1726
f 2639/3191/1979 3150/3918/1979 3152/3920/1979
f 3057/3818/1728 3567/4335/1728 3570/4338/1728
f 3360/4128/1729 2849/3506/1729 2847/3503/1729
f 2641/3194/1730 3152/3920/1730 3154/3922/1730
f 3059/3821/1731 3570/4338/1731 3571/4339/1731
f 3362/4130/1732 2852/3510/1732 2849/3506/1732
f 2643/3197/1980 3154/3922/1980 3155/3923/1980
f 3061/3824/1734 3571/4339/1734 3573/4341/1734
f 3364/4132/1735 2854/3513/1735 2852/3510/1735
f 2645/3200/1981 3155/3923/1981 3158/3926/1981
f 3063/3827/1737 3573/4341/1737 3575/4343/1737
f 3366/4134/1738 2856/3516/1738 2854/3513/1738
f 2648/3204/1739 3158/3926/1739 3160/3928/1739
f 3066/3831/1740 3575/4343/1740 3577/4345/1740
f 3368/4136/1741 2858/3519/1741 2856/3516/1741
f 2650/3207/1742 3160/3928/1742 3162/3930/1742
f 3067/3833/1743 3577/4345/1743 3579/4347/1743
f 3369/4137/1744 2860/3522/1744 2858/3519/1744
f 2651/3209/1982 3162/3930/1982 3164/3932/1982
f 3069/3836/1746 3579/4347/1746 3582/4350/1746
f 3371/4139/1747 2862/3525/1747 2860/3522/1747
f 2654/3213/1983 3164/3932/1983 3166/3934/1983
f 3072/3840/1749 3582/4350/1749 3583/4351/1749
f 3373/4141/2002 2864/3528/2002 2862/3525/2002
f 2656/3216/1751 3166/3934/1751 3168/3936/1751
f 2561/3074/1752 3583/4351/1752 3073/3841/1752
f 3375/4143/1753 2866/3531/1753 2864/3528/1753
f 2657/3218/1754 3168/3936/1754 3170/3938/1754
f 3378/4146/1755 2868/3534/1755 2866/3531/1755
f 2660/3222/1756 3170/3938/1756 3172/3940/1756
f 3380/4148/1757 2870/3537/1757 2868/3534/1757
f 2661/3224/1758 3172/3940/1758 3174/3942/1758
f 3382/4150/1759 2872/3540/1759 2870/3537/1759
f 2664/3228/1760 3174/3942/1760 3176/3944/1760
f 3384/4152/1761 2874/3543/1761 2872/3540/1761
f 2666/3231/1762 3176/3944/1762 3177/3945/1762
f 3385/4153/1763 2876/3546/1763 2874/3543/1763
f 2668/3234/1764 3177/3945/1764 3179/3947/1764
f 3387/4155/1765 2877/3548/1765 2876/3546/1765
f 2670/3237/1984 3179/3947/1984 3181/3949/1984
f 3390/4158/1767 2879/3551/1767 2877/3548/1767
f 2672/3240/1768 3181/3949/1768 3183/3951/1768
f 3391/4159/1769 2881/3554/1769 2879/3551/1769
f 2674/3243/1770 3183/3951/1770 3185/3953/1770
f 3393/4161/1771 2883/3557/1771 2881/3554/1771
f 2675/3245/2003 3185/3953/2003 3188/3956/2003
f 3395/4163/1773 2885/3560/1773 2883/3557/1773
f 2678/3249/1774 3188/3956/1774 3189/3957/1774
f 3397/4165/1775 2887/3563/1775 2885/3560/1775
f 2680/3252/1776 3189/3957/1776 3191/3959/1776
f 3399/4167/1777 2890/3567/1777 2887/3563/1777
f 2682/3255/1778 3191/3959/1778 3194/3962/1778
f 3401/4169/1779 2891/3569/1779 2890/3567/1779
f 2684/3258/1780 3194/3962/1780 3196/3964/1780
f 3403/4171/1781 2893/3572/1781 2891/3569/1781
f 2686/3261/1985 3196/3964/1985 3198/3966/1985
f 3406/4174/1783 2895/3575/1783 2893/3572/1783
f 2688/3264/1784 3198/3966/1784 3200/3968/1784
f 3407/4175/1785 2897/3578/1785 2895/3575/1785
f 2689/3266/1786 3200/3968/1786 3202/3970/1786
f 3409/4177/1787 2899/3581/1787 2897/3578/1787
f 2691/3269/1788 3202/3970/1788 3204/3972/1788
f 3411/4179/1789 2901/3584/1789 2899/3581/1789
f 2694/3273/1790 3204/3972/1790 3206/3974/1790
f 3413/4181/1791 2903/3587/1791 2901/3584/1791
f 2696/3276/1986 3206/3974/1986 3208/3976/1986
f 3415/4183/1987 2905/3590/1987 2903/3587/1987
f 2697/3278/1794 3208/3976/1794 3210/3978/1794
f 3417/4185/1795 2907/3593/1795 2905/3590/1795
f 2699/3281/1796 3210/3978/1796 3212/3980/1796
f 3420/4188/1797 2910/3597/1797 2907/3593/1797
f 2701/3284/1798 3212/3980/1798 3213/3981/1798
f 3421/4189/1799 2912/3600/1799 2910/3597/1799
f 2703/3287/1800 3213/3981/1800 3216/3984/1800
f 3423/4191/1801 2914/3603/1801 2912/3600/1801
f 2705/3290/1988 3216/3984/1988 3218/3986/1988
f 3426/4194/1803 2915/3605/1803 2914/3603/1803
f 2707/3293/1804 3218/3986/1804 3220/3988/1804
f 3427/4195/1805 2918/3609/1805 2915/3605/1805
f 2709/3296/1806 3220/3988/1806 3222/3990/1806
f 3429/4197/1807 2920/3612/1807 2918/3609/1807
f 2711/3299/1808 3222/3990/1808 3223/3991/1808
f 3431/4199/1809 2922/3615/1809 2920/3612/1809
f 2713/3302/1810 3223/3991/1810 3225/3993/1810
f 3433/4201/1811 2924/3618/1811 2922/3615/1811
f 2716/3306/1812 3225/3993/1812 3227/3995/1812
f 3435/4203/1813 2925/3620/1813 2924/3618/1813
f 2718/3309/1814 3227/3995/1814 3229/3997/1814
f 3437/4205/1815 2927/3623/1815 2925/3620/1815
f 2719/3311/1816 3229/3997/1816 3231/3999/1816
f 3439/4207/2004 2929/3626/2004 2927/3623/2004
f 2722/3315/1818 3231/3999/1818 3233/4001/1818
f 3441/4209/1989 2931/3629/1989 2929/3626/1989
f 2723/3317/1820 3233/4001/1820 3235/4003/1820
f 3444/4212/1990 2933/3632/1990 2931/3629/1990
f 2725/3320/1822 3235/4003/1822 3237/4005/1822
f 3446/4214/1823 2935/3635/1823 2933/3632/1823
f 2727/3323/1824 3237/4005/1824 3240/4008/1824
f 3448/4216/1825 2937/3638/1825 2935/3635/1825
f 2729/3326/1826 3240/4008/1826 3242/4010/1826
f 3449/4217/1827 2939/3641/1827 2937/3638/1827
f 2731/3329/1828 3242/4010/1828 3244/4012/1828
f 3452/4220/1829 2941/3644/1829 2939/3641/1829
f 2734/3333/1991 3244/4012/1991 3246/4014/1991
f 3454/4222/1831 2943/3647/1831 2941/3644/1831
f 2736/3336/1992 3246/4014/1992 3248/4016/1992
f 3456/4224/1833 2946/3651/1833 2943/3647/1833
f 2737/3338/1834 3248/4016/1834 3250/4018/1834
f 3458/4226/1835 2947/3653/1835 2946/3651/1835
f 2740/3342/1836 3250/4018/1836 3252/4020/1836
f 3460/4228/1837 2949/3656/1837 2947/3653/1837
f 2742/3345/1838 3252/4020/1838 3254/4022/1838
f 3462/4230/1839 2951/3659/1839 2949/3656/1839
f 2743/3347/1840 3254/4022/1840 3256/4024/1840
f 3464/4232/1841 2953/3662/1841 2951/3659/1841
f 2746/3351/1842 3256/4024/1842 3258/4026/1842
f 3466/4234/1843 2955/3665/1843 2953/3662/1843
f 2747/3353/1844 3258/4026/1844 3259/4027/1844
f 3468/4236/1845 2957/3668/1845 2955/3665/1845
f 2749/3356/1846 3259/4027/1846 3261/4029/1846
f 3470/4238/1847 2959/3671/1847 2957/3668/1847
f 2751/3359/1848 3261/4029/1848 3263/4031/1848
f 3472/4240/1849 2962/3675/1849 2959/3671/1849
f 2753/3362/1850 3263/4031/1850 3265/4033/1850
f 3474/4242/2005 2964/3678/2005 2962/3675/2005
f 3265/4033/1852 2755/3365/1852 2753/3362/1852
f 3475/4243/1993 2966/3681/1993 2964/3678/1993
f 3267/4035/1854 2757/3368/1854 2755/3365/1854
f 3477/4245/1855 2968/3684/1855 2966/3681/1855
f 3269/4037/1856 2760/3372/1856 2757/3368/1856
f 3479/4247/1857 2969/3686/1857 2968/3684/1857
f 3272/4040/1858 2761/3374/1858 2760/3372/1858
f 3481/4249/1859 2972/3690/1859 2969/3686/1859
f 3274/4042/1860 2763/3377/1860 2761/3374/1860
f 3483/4251/1861 2973/3692/1861 2972/3690/1861
f 3275/4043/1862 2766/3381/1862 2763/3377/1862
f 3485/4253/1863 2976/3696/1863 2973/3692/1863
f 3277/4045/1864 2768/3384/1864 2766/3381/1864
f 3487/4255/1865 2977/3698/1865 2976/3696/1865
f 3279/4047/1866 2769/3386/1866 2768/3384/1866
f 3489/4257/1994 2979/3701/1994 2977/3698/1994
f 3281/4049/1868 2771/3389/1868 2769/3386/1868
f 2563/3077/1869 3073/3841/1869 3075/3843/1869
f 3491/4259/1995 2982/3705/1995 2979/3701/1995
f 3283/4051/2006 2773/3392/2006 2771/3389/2006
f 2565/3080/1872 3075/3843/1872 3077/3845/1872
f 3494/4262/1873 2983/3707/1873 2982/3705/1873
f 3285/4053/1874 2775/3395/1874 2773/3392/1874
f 2568/3084/1875 3077/3845/1875 3079/3847/1875
f 3496/4264/1996 2986/3711/1996 2983/3707/1996
f 3288/4056/1877 2777/3398/1877 2775/3395/1877
f 2569/3086/1878 3079/3847/1878 3081/3849/1878
f 3498/4266/1879 2988/3714/1879 2986/3711/1879
f 3289/4057/1880 2779/3401/1880 2777/3398/1880
f 2571/3089/1881 3081/3849/1881 3084/3852/1881
f 3500/4268/1882 2990/3717/1882 2988/3714/1882
f 3291/4059/1883 2782/3405/1883 2779/3401/1883
f 2574/3093/1884 3084/3852/1884 3086/3854/1884
f 3502/4270/1997 2991/3719/1997 2990/3717/1997
f 3294/4062/1886 2784/3408/1886 2782/3405/1886
f 2576/3096/1887 3086/3854/1887 3088/3856/1887
f 3504/4272/1888 2994/3723/1888 2991/3719/1888
f 3296/4064/1889 2786/3411/1889 2784/3408/1889
f 2578/3099/1890 3088/3856/1890 3089/3857/1890
f 3506/4274/1891 2996/3726/1891 2994/3723/1891
f 3298/4066/1892 2787/3413/1892 2786/3411/1892
f 2580/3102/1893 3089/3857/1893 3091/3859/1893
f 3508/4276/1894 2998/3729/1894 2996/3726/1894
f 3300/4068/1895 2789/3416/1895 2787/3413/1895
f 2582/3105/1896 3091/3859/1896 3093/3861/1896
f 3510/4278/1897 3000/3732/1897 2998/3729/1897
f 3302/4070/1898 2792/3420/1898 2789/3416/1898
f 2584/3108/1999 3093/3861/1999 3095/3863/1999
f 3512/4280/1900 3001/3734/1900 3000/3732/1900
f 3304/4072/1901 2793/3422/1901 2792/3420/1901
f 2586/3111/1902 3095/3863/1902 3097/3865/1902
f 3514/4282/1903 3003/3737/1903 3001/3734/1903
f 3306/4074/1904 2795/3425/1904 2793/3422/1904
f 2587/3113/1905 3097/3865/1905 3099/3867/1905
f 3516/4284/1906 3005/3740/1906 3003/3737/1906
f 3307/4075/2000 2797/3428/2000 2795/3425/2000
f 2590/3117/1908 3099/3867/1908 3102/3870/1908
f 3518/4286/2007 3007/3743/2007 3005/3740/2007
f 3310/4078/1910 2799/3431/1910 2797/3428/1910
f 2592/3120/1911 3102/3870/1911 3104/3872/1911
f 3520/4288/1912 3009/3746/1912 3007/3743/1912
f 3312/4080/1913 2801/3434/1913 2799/3431/1913
f 2594/3123/1914 3104/3872/1914 3106/3874/1914
f 3011/3749/1915 3521/4289/1915 3523/4291/1915
f 3313/4081/1916 2803/3437/1916 2801/3434/1916
f 2595/3125/1917 3106/3874/1917 3108/3876/1917
f 3013/3752/1918 3523/4291/1918 3525/4293/1918
f 3315/4083/1919 2805/3440/1919 2803/3437/1919
f 2598/3129/1920 3108/3876/1920 3109/3877/1920
f 3015/3755/1921 3525/4293/1921 3528/4296/1921
f 3317/4085/1922 2807/3443/1922 2805/3440/1922
f 2600/3132/1923 3109/3877/1923 3111/3879/1923
f 3017/3758/1924 3528/4296/1924 3529/4297/1924
f 3319/4087/1925 2810/3447/1925 2807/3443/1925
f 2602/3135/1926 3111/3879/1926 3113/3881/1926
f 3020/3762/1927 3529/4297/1927 3532/4300/1927
f 3322/4090/1928 2811/3449/1928 2810/3447/1928
f 2604/3138/1929 3113/3881/1929 3116/3884/1929
f 3021/3764/1930 3532/4300/1930 3533/4301/1930
f 3323/4091/1931 2813/3452/1931 2811/3449/1931
f 2606/3141/1932 3116/3884/1932 3117/3885/1932
f 3023/3767/1933 3533/4301/1933 3535/4303/1933
f 3325/4093/1934 2815/3455/1934 2813/3452/1934
f 2607/3143/1935 3117/3885/1935 3120/3888/1935
f 3025/3770/1936 3535/4303/1936 3538/4306/1936
f 3327/4095/1937 2817/3458/1937 2815/3455/1937
f 2609/3146/1938 3120/3888/1938 3121/3889/1938
f 3027/3773/1939 3538/4306/1939 3540/4308/1939
f 3330/4098/1940 2819/3461/1940 2817/3458/1940
f 2611/3149/1941 3121/3889/1941 3123/3891/1941
f 3029/3776/1942 3540/4308/1942 3542/4310/1942
f 3332/4100/1943 2821/3464/1943 2819/3461/1943
f 2614/3153/1944 3123/3891/1944 3125/3893/1944
f 3031/3779/1945 3542/4310/1945 3544/4312/1945
f 3334/4102/1946 2823/3467/1946 2821/3464/1946
f 2615/3155/1947 3125/3893/1947 3127/3895/1947
f 3033/3782/1948 3544/4312/1948 3546/4314/1948
f 3336/4104/1949 2825/3470/1949 2823/3467/1949
f 2617/3158/1950 3127/3895/1950 3129/3897/1950
f 3035/3785/1951 3546/4314/1951 3548/4316/1951
f 3338/4106/1952 2827/3473/1952 2825/3470/1952
f 2619/3161/1953 3129/3897/1953 3131/3899/1953
f 3037/3788/1954 3548/4316/1954 3550/4318/1954
f 3340/4108/1955 2829/3476/1955 2827/3473/1955
f 2621/3164/1956 3131/3899/1956 3133/3901/1956
f 3039/3791/1957 3550/4318/1957 3552/4320/1957
f 3342/4110/1958 2831/3479/1958 2829/3476/1958
f 2623/3167/1959 3133/3901/1959 3135/3903/1959
f 3041/3794/1960 3552/4320/1960 3553/4321/1960
f 3344/4112/1961 2833/3482/1961 2831/3479/1961
f 2625/3170/1962 3135/3903/1962 3137/3905/1962
f 3043/3797/1963 3553/4321/1963 3555/4323/1963
f 3345/4113/1964 2835/3485/1964 2833/3482/1964
f 2628/3174/1965 3137/3905/1965 3139/3907/1965
f 3045/3800/1966 3555/4323/1966 3558/4326/1966
f 3347/4115/1967 2837/3488/1967 2835/3485/1967
f 2630/3177/1968 3139/3907/1968 3141/3909/1968
f 3047/3803/1969 3558/4326/1969 3559/4327/1969
f 3349/4117/2001 2839/3491/2001 2837/3488/2001
f 2632/3180/1971 3141/3909/1971 3143/3911/1971
f 3049/3806/1972 3559/4327/1972 3561/4329/1972
f 3351/4119/1973 2841/3494/1973 2839/3491/1973
f 2634/3183/1974 3143/3911/1974 3146/3914/1974
f 3051/3809/1975 3561/4329/1975 3563/4331/1975
f 3353/4121/1976 2844/3498/1976 2841/3494/1976
f 2636/3186/1977 3146/3914/1977 3147/3915/1977
f 4576/5600/2 4512/5536/2 4448/5472/2
f 4334/5349/1722 4618/5642/1722 4619/5643/1722
f 4514/5538/1723 4125/5036/1723 4123/5033/1723
f 3918/4725/1724 4410/5434/1724 4411/5435/1724
f 4336/5352/1725 4619/5643/1725 4620/5644/1725
f 4515/5539/1726 4127/5039/1726 4125/5036/1726
f 3920/4728/1979 4411/5435/1979 4412/5436/1979
f 4338/5355/1728 4620/5644/1728 4621/5645/1728
f 4516/5540/1729 4129/5042/1729 4127/5039/1729
f 3922/4731/1730 4412/5436/1730 4413/5437/1730
f 4340/5358/1731 4621/5645/1731 4622/5646/1731
f 4517/5541/1732 4132/5046/1732 4129/5042/1732
f 3923/4733/1980 4413/5437/1980 4414/5438/1980
f 4342/5361/1734 4622/5646/1734 4623/5647/1734
f 4518/5542/1735 4134/5049/1735 4132/5046/1735
f 3925/4736/1981 4414/5438/1981 4415/5439/1981
f 4344/5364/1737 4623/5647/1737 4624/5648/1737
f 4519/5543/1738 4136/5052/1738 4134/5049/1738
f 3927/4739/2008 4415/5439/2008 4416/5440/2008
f 4345/5366/1740 4624/5648/1740 4625/5649/1740
f 4520/5544/1741 4138/5055/1741 4136/5052/1741
f 3929/4742/1742 4416/5440/1742 4417/5441/1742
f 4347/5369/1743 4625/5649/1743 4626/5650/1743
f 4521/5545/1744 4140/5058/1744 4138/5055/1744
f 3932/4746/1745 4417/5441/1745 4418/5442/1745
f 4350/5373/1746 4626/5650/1746 4627/5651/1746
f 4522/5546/1747 4142/5061/1747 4140/5058/1747
f 3933/4748/1983 4418/5442/1983 4419/5443/1983
f 4352/5376/1749 4627/5651/1749 4628/5652/1749
f 4523/5547/2002 4144/5064/2002 4142/5061/2002
f 3936/4752/1751 4419/5443/1751 4420/5444/1751
f 3841/4610/1752 4628/5652/1752 4354/5378/1752
f 4524/5548/1753 4146/5067/1753 4144/5064/1753
f 3938/4755/1754 4420/5444/1754 4421/5445/1754
f 4525/5549/1755 4147/5069/1755 4146/5067/1755
f 3939/4757/1756 4421/5445/1756 4422/5446/1756
f 4526/5550/1757 4150/5073/1757 4147/5069/1757
f 3941/4760/1758 4422/5446/1758 4423/5447/1758
f 4527/5551/1759 4151/5075/1759 4150/5073/1759
f 3944/4764/1760 4423/5447/1760 4424/5448/1760
f 4528/5552/1761 4153/5078/1761 4151/5075/1761
f 3946/4767/1762 4424/5448/1762 4425/5449/1762
f 4529/5553/1763 4155/5081/1763 4153/5078/1763
f 3947/4769/1764 4425/5449/1764 4426/5450/1764
f 4530/5554/1765 4157/5084/1765 4155/5081/1765
f 3950/4773/1766 4426/5450/1766 4427/5451/1766
f 4531/5555/1767 4160/5088/1767 4157/5084/1767
f 3952/4776/1768 4427/5451/1768 4428/5452/1768
f 4532/5556/1769 4161/5090/1769 4160/5088/1769
f 3954/4779/1770 4428/5452/1770 4429/5453/1770
f 4533/5557/1771 4163/5093/1771 4161/5090/1771
f 3955/4781/2003 4429/5453/2003 4430/5454/2003
f 4534/5558/1773 4165/5096/1773 4163/5093/1773
f 3958/4785/1774 4430/5454/1774 4431/5455/1774
f 4535/5559/1775 4167/5099/1775 4165/5096/1775
f 3960/4788/1776 4431/5455/1776 4432/5456/1776
f 4536/5560/1777 4169/5102/1777 4167/5099/1777
f 3962/4791/1778 4432/5456/1778 4433/5457/1778
f 4537/5561/1779 4171/5105/1779 4169/5102/1779
f 3963/4793/1780 4433/5457/1780 4434/5458/1780
f 4538/5562/1781 4173/5108/1781 4171/5105/1781
f 3965/4796/1782 4434/5458/1782 4435/5459/1782
f 4539/5563/1783 4176/5112/1783 4173/5108/1783
f 3968/4800/1784 4435/5459/1784 4436/5460/1784
f 4540/5564/1785 4178/5115/1785 4176/5112/1785
f 3969/4802/1786 4436/5460/1786 4437/5461/1786
f 4541/5565/1787 4180/5118/1787 4178/5115/1787
f 3971/4805/1788 4437/5461/1788 4438/5462/1788
f 4542/5566/1789 4182/5121/1789 4180/5118/1789
f 3973/4808/1790 4438/5462/1790 4439/5463/1790
f 4543/5567/1791 4184/5124/1791 4182/5121/1791
f 3975/4811/1792 4439/5463/1792 4440/5464/1792
f 4544/5568/1793 4185/5126/1793 4184/5124/1793
f 3977/4814/1794 4440/5464/1794 4441/5465/1794
f 4545/5569/1795 4188/5130/1795 4185/5126/1795
f 3980/4818/1796 4441/5465/1796 4442/5466/1796
f 4546/5570/1797 4190/5133/1797 4188/5130/1797
f 3981/4820/2009 4442/5466/2009 4443/5467/2009
f 4547/5571/1799 4192/5136/1799 4190/5133/1799
f 3983/4823/1800 4443/5467/1800 4444/5468/1800
f 4548/5572/1801 4194/5139/1801 4192/5136/1801
f 3985/4826/1988 4444/5468/1988 4445/5469/1988
f 4549/5573/1803 4196/5142/1803 4194/5139/1803
f 3988/4830/1804 4445/5469/1804 4446/5470/1804
f 4550/5574/1805 4197/5144/1805 4196/5142/1805
f 3990/4833/1806 4446/5470/1806 4447/5471/1806
f 4551/5575/1807 4199/5147/1807 4197/5144/1807
f 3992/4836/1808 4447/5471/1808 4448/5472/1808
f 4552/5576/1809 4201/5150/1809 4199/5147/1809
f 3994/4839/1810 4448/5472/1810 4449/5473/1810
f 4553/5577/1811 4204/5154/1811 4201/5150/1811
f 3996/4842/1812 4449/5473/1812 4450/5474/1812
f 4554/5578/1813 4205/5156/1813 4204/5154/1813
f 3998/4845/1814 4450/5474/1814 4451/5475/1814
f 4555/5579/1815 4207/5159/1815 4205/5156/1815
f 4000/4848/1816 4451/5475/1816 4452/5476/1816
f 4556/5580/1817 4209/5162/1817 4207/5159/1817
f 4002/4851/1818 4452/5476/1818 4453/5477/1818
f 4557/5581/1989 4211/5165/1989 4209/5162/1989
f 4004/4854/1820 4453/5477/1820 4454/5478/1820
f 4558/5582/1821 4213/5168/1821 4211/5165/1821
f 4006/4857/1822 4454/5478/1822 4455/5479/1822
f 4559/5583/1823 4215/5171/1823 4213/5168/1823
f 4008/4860/1824 4455/5479/1824 4456/5480/1824
f 4560/5584/1825 4217/5174/1825 4215/5171/1825
f 4010/4863/1826 4456/5480/1826 4457/5481/1826
f 4561/5585/1827 4219/5177/1827 4217/5174/1827
f 4012/4866/1828 4457/5481/1828 4458/5482/1828
f 4562/5586/1829 4221/5180/1829 4219/5177/1829
f 4014/4869/1991 4458/5482/1991 4459/5483/1991
f 4563/5587/1831 4224/5184/1831 4221/5180/1831
f 4016/4872/1832 4459/5483/1832 4460/5484/1832
f 4564/5588/1833 4226/5187/1833 4224/5184/1833
f 4018/4875/1834 4460/5484/1834 4461/5485/1834
f 4565/5589/1835 4227/5189/1835 4226/5187/1835
f 4020/4878/1836 4461/5485/1836 4462/5486/1836
f 4566/5590/1837 4230/5193/1837 4227/5189/1837
f 4022/4881/1838 4462/5486/1838 4463/5487/1838
f 4567/5591/1839 4232/5196/1839 4230/5193/1839
f 4024/4884/1840 4463/5487/1840 4464/5488/1840
f 4568/5592/1841 4233/5198/1841 4232/5196/1841
f 4026/4887/1842 4464/5488/1842 4465/5489/1842
f 4569/5593/1843 4235/5201/1843 4233/5198/1843
f 4028/4890/1844 4465/5489/1844 4466/5490/1844
f 4570/5594/1845 4237/5204/1845 4235/5201/1845
f 4030/4893/1846 4466/5490/1846 4467/5491/1846
f 4571/5595/1847 4239/5207/1847 4237/5204/1847
f 4032/4896/1848 4467/5491/1848 4468/5492/1848
f 4572/5596/1849 4241/5210/1849 4239/5207/1849
f 4034/4899/1850 4468/5492/1850 4469/5493/1850
f 4573/5597/1851 4243/5213/1851 4241/5210/1851
f 4469/5493/1852 4035/4901/1852 4034/4899/1852
f 4574/5598/1853 4245/5216/1853 4243/5213/1853
f 4470/5494/1854 4037/4904/1854 4035/4901/1854
f 4575/5599/2010 4247/5219/2010 4245/5216/2010
f 4471/5495/1856 4039/4907/1856 4037/4904/1856
f 4576/5600/1857 4249/5222/1857 4247/5219/1857
f 4472/5496/1858 4041/4910/1858 4039/4907/1858
f 4577/5601/1859 4251/5225/1859 4249/5222/1859
f 4473/5497/1860 4043/4913/1860 4041/4910/1860
f 4578/5602/1861 4253/5228/1861 4251/5225/1861
f 4474/5498/1862 4045/4916/1862 4043/4913/1862
f 4579/5603/1863 4255/5231/1863 4253/5228/1863
f 4475/5499/1864 4047/4919/1864 4045/4916/1864
f 4580/5604/1865 4257/5234/1865 4255/5231/1865
f 4476/5500/1866 4049/4922/1866 4047/4919/1866
f 4581/5605/1867 4259/5237/1867 4257/5234/1867
f 4477/5501/1868 4051/4925/1868 4049/4922/1868
f 3843/4613/1869 4354/5378/1869 4356/5380/1869
f 4582/5606/1870 4261/5240/1870 4259/5237/1870
f 4478/5502/2006 4053/4928/2006 4051/4925/2006
f 3845/4616/1872 4356/5380/1872 4358/5382/1872
f 4583/5607/1873 4263/5243/1873 4261/5240/1873
f 4479/5503/1874 4055/4931/1874 4053/4928/1874
f 3847/4619/1875 4358/5382/1875 4360/5384/1875
f 4584/5608/1876 4265/5246/1876 4263/5243/1876
f 4480/5504/1877 4057/4934/1877 4055/4931/1877
f 3849/4622/1878 4360/5384/1878 4362/5386/1878
f 4585/5609/1879 4267/5249/1879 4265/5246/1879
f 4481/5505/1880 4059/4937/1880 4057/4934/1880
f 3851/4625/1881 4362/5386/1881 4364/5388/1881
f 4586/5610/1882 4270/5253/1882 4267/5249/1882
f 4482/5506/1883 4061/4940/1883 4059/4937/1883
f 3853/4628/1884 4364/5388/1884 4366/5390/1884
f 4587/5611/1885 4272/5256/1885 4270/5253/1885
f 4483/5507/1886 4063/4943/1886 4061/4940/1886
f 3855/4631/1887 4366/5390/1887 4368/5392/1887
f 4588/5612/2011 4274/5259/2011 4272/5256/2011
f 4484/5508/1889 4065/4946/1889 4063/4943/1889
f 3857/4634/1890 4368/5392/1890 4370/5394/1890
f 4589/5613/1891 4276/5262/1891 4274/5259/1891
f 4485/5509/1892 4067/4949/1892 4065/4946/1892
f 3859/4637/1893 4370/5394/1893 4372/5396/1893
f 4590/5614/1894 4278/5265/1894 4276/5262/1894
f 4486/5510/1895 4069/4952/1895 4067/4949/1895
f 3861/4640/1896 4372/5396/1896 4373/5397/1896
f 4591/5615/1897 4279/5267/1897 4278/5265/1897
f 4487/5511/1898 4071/4955/1898 4069/4952/1898
f 3863/4643/1899 4373/5397/1899 4375/5399/1899
f 4592/5616/1900 4281/5270/1900 4279/5267/1900
f 4488/5512/1901 4073/4958/1901 4071/4955/1901
f 3865/4646/1902 4375/5399/1902 4377/5401/1902
f 4593/5617/1903 4283/5273/1903 4281/5270/1903
f 4489/5513/1904 4075/4961/1904 4073/4958/1904
f 3868/4650/1905 4377/5401/1905 4380/5404/1905
f 4594/5618/1906 4285/5276/1906 4283/5273/1906
f 4490/5514/1907 4077/4964/1907 4075/4961/1907
f 3869/4652/1908 4380/5404/1908 4381/5405/1908
f 4595/5619/1909 4288/5280/1909 4285/5276/1909
f 4491/5515/1910 4079/4967/1910 4077/4964/1910
f 3872/4656/1911 4381/5405/1911 4384/5408/1911
f 4596/5620/1912 4289/5282/1912 4288/5280/1912
f 4492/5516/1913 4081/4970/1913 4079/4967/1913
f 3874/4659/1914 4384/5408/1914 4386/5410/1914
f 4292/5286/1915 4597/5621/1915 4598/5622/1915
f 4493/5517/1916 4083/4973/1916 4081/4970/1916
f 3876/4662/1917 4386/5410/1917 4388/5412/1917
f 4294/5289/1918 4598/5622/1918 4599/5623/1918
f 4494/5518/1919 4085/4976/1919 4083/4973/1919
f 3878/4665/1920 4388/5412/1920 4390/5414/1920
f 4295/5291/1921 4599/5623/1921 4600/5624/1921
f 4495/5519/1922 4087/4979/1922 4085/4976/1922
f 3880/4668/1923 4390/5414/1923 4392/5416/1923
f 4297/5294/1924 4600/5624/1924 4601/5625/1924
f 4496/5520/1925 4089/4982/1925 4087/4979/1925
f 3882/4671/1926 4392/5416/1926 4393/5417/1926
f 4299/5297/1927 4601/5625/1927 4602/5626/1927
f 4497/5521/1928 4091/4985/1928 4089/4982/1928
f 3884/4674/1929 4393/5417/1929 4394/5418/1929
f 4301/5300/1930 4602/5626/1930 4603/5627/1930
f 4498/5522/1931 4093/4988/1931 4091/4985/1931
f 3885/4676/1932 4394/5418/1932 4395/5419/1932
f 4304/5304/1933 4603/5627/1933 4604/5628/1933
f 4499/5523/1934 4096/4992/1934 4093/4988/1934
f 3888/4680/1935 4395/5419/1935 4396/5420/1935
f 4306/5307/1936 4604/5628/1936 4605/5629/1936
f 4500/5524/1937 4097/4994/1937 4096/4992/1937
f 3889/4682/1938 4396/5420/1938 4397/5421/1938
f 4308/5310/1939 4605/5629/1939 4606/5630/1939
f 4501/5525/1940 4100/4998/1940 4097/4994/1940
f 3892/4686/1941 4397/5421/1941 4398/5422/1941
f 4309/5312/1942 4606/5630/1942 4607/5631/1942
f 4502/5526/1943 4101/5000/1943 4100/4998/1943
f 4398/5422/1944 3894/4689/1944 3892/4686/1944
f 4311/5315/1945 4607/5631/1945 4608/5632/1945
f 4503/5527/1946 4103/5003/1946 4101/5000/1946
f 3896/4692/1947 4399/5423/1947 4400/5424/1947
f 4313/5318/1948 4608/5632/1948 4609/5633/1948
f 4504/5528/1949 4105/5006/1949 4103/5003/1949
f 3898/4695/1950 4400/5424/1950 4401/5425/1950
f 4315/5321/1951 4609/5633/1951 4610/5634/1951
f 4505/5529/1952 4107/5009/1952 4105/5006/1952
f 3900/4698/1953 4401/5425/1953 4402/5426/1953
f 4317/5324/1954 4610/5634/1954 4611/5635/1954
f 4506/5530/1955 4109/5012/1955 4107/5009/1955
f 3902/4701/1956 4402/5426/1956 4403/5427/1956
f 4319/5327/1957 4611/5635/1957 4612/5636/1957
f 4507/5531/1958 4111/5015/1958 4109/5012/1958
f 3904/4704/1959 4403/5427/1959 4404/5428/1959
f 4321/5330/1960 4612/5636/1960 4613/5637/1960
f 4508/5532/1961 4113/5018/1961 4111/5015/1961
f 3906/4707/1962 4404/5428/1962 4405/5429/1962
f 4323/5333/1963 4613/5637/1963 4614/5638/1963
f 4509/5533/1964 4115/5021/1964 4113/5018/1964
f 3908/4710/1965 4405/5429/1965 4406/5430/1965
f 4326/5337/1966 4614/5638/1966 4615/5639/1966
f 4510/5534/1967 4117/5024/1967 4115/5021/1967
f 3910/4713/2012 4406/5430/2012 4407/5431/2012
f 4327/5339/1969 4615/5639/1969 4616/5640/1969
f 4511/5535/1970 4119/5027/1970 4117/5024/1970
f 3912/4716/1971 4407/5431/1971 4408/5432/1971
f 4330/5343/1972 4616/5640/1972 4617/5641/1972
f 4512/5536/1973 4121/5030/1973 4119/5027/1973
f 3914/4719/1974 4408/5432/1974 4409/5433/1974
f 4331/5345/1975 4617/5641/1975 4618/5642/1975
f 4513/5537/1976 4123/5033/1976 4121/5030/1976
f 3916/4722/1977 4409/5433/1977 4410/5434/1977
f 3592/4360/2013 3080/3848/2013 2608/3144/2013
f 4645/5669/2013 4653/5677/2013 4629/5653/2013
f 4679/5703/2 4671/5695/2 4663/5687/2
f 4687/5711/2014 4656/5680/2014 4655/5679/2014
f 4674/5698/2015 4643/5667/2015 4642/5666/2015
f 4661/5685/2016 4630/5654/2016 4629/5653/2016
f 4688/5712/2017 4657/5681/2017 4656/5680/2017
f 4675/5699/2018 4644/5668/2018 4643/5667/2018
f 4662/5686/2019 4631/5655/2019 4630/5654/2019
f 4689/5713/2020 4658/5682/2020 4657/5681/2020
f 4676/5700/2021 4645/5669/2021 4644/5668/2021
f 4663/5687/2022 4632/5656/2022 4631/5655/2022
f 4690/5714/2023 4659/5683/2023 4658/5682/2023
f 4677/5701/2024 4646/5670/2024 4645/5669/2024
f 4664/5688/2025 4633/5657/2025 4632/5656/2025
f 4691/5715/2026 4660/5684/2026 4659/5683/2026
f 4678/5702/2027 4647/5671/2027 4646/5670/2027
f 4665/5689/2028 4634/5658/2028 4633/5657/2028
f 4692/5716/2029 4629/5653/2029 4660/5684/2029
f 4679/5703/2030 4648/5672/2030 4647/5671/2030
f 4666/5690/2031 4635/5659/2031 4634/5658/2031
f 4680/5704/2032 4649/5673/2032 4648/5672/2032
f 4667/5691/2033 4636/5660/2033 4635/5659/2033
f 4681/5705/2034 4650/5674/2034 4649/5673/2034
f 4668/5692/2035 4637/5661/2035 4636/5660/2035
f 4682/5706/2036 4651/5675/2036 4650/5674/2036
f 4669/5693/2037 4638/5662/2037 4637/5661/2037
f 4683/5707/2038 4652/5676/2038 4651/5675/2038
f 4670/5694/2039 4639/5663/2039 4638/5662/2039
f 4684/5708/2040 4653/5677/2040 4652/5676/2040
f 4671/5695/2041 4640/5664/2041 4639/5663/2041
f 4685/5709/2042 4654/5678/2042 4653/5677/2042
f 4672/5696/2043 4641/5665/2043 4640/5664/2043
f 4686/5710/2044 4655/5679/2044 4654/5678/2044
f 4673/5697/2045 4642/5666/2045 4641/5665/2045
f 4709/5733/2013 4717/5741/2013 4693/5717/2013
f 4743/5767/2 4735/5759/2 4727/5751/2
f 4751/5775/2014 4720/5744/2014 4719/5743/2014
f 4738/5762/2015 4707/5731/2015 4706/5730/2015
f 4725/5749/2016 4694/5718/2016 4693/5717/2016
f 4752/5776/2017 4721/5745/2017 4720/5744/2017
f 4739/5763/2018 4708/5732/2018 4707/5731/2018
f 4726/5750/2019 4695/5719/2019 4694/5718/2019
f 4753/5777/2020 4722/5746/2020 4721/5745/2020
f 4740/5764/2021 4709/5733/2021 4708/5732/2021
f 4727/5751/2022 4696/5720/2022 4695/5719/2022
f 4754/5778/2023 4723/5747/2023 4722/5746/2023
f 4741/5765/2024 4710/5734/2024 4709/5733/2024
f 4728/5752/2025 4697/5721/2025 4696/5720/2025
f 4755/5779/2026 4724/5748/2026 4723/5747/2026
f 4742/5766/2027 4711/5735/2027 4710/5734/2027
f 4729/5753/2028 4698/5722/2028 4697/5721/2028
f 4756/5780/2029 4693/5717/2029 4724/5748/2029
f 4743/5767/2030 4712/5736/2030 4711/5735/2030
f 4730/5754/2031 4699/5723/2031 4698/5722/2031
f 4744/5768/2032 4713/5737/2032 4712/5736/2032
f 4731/5755/2033 4700/5724/2033 4699/5723/2033
f 4745/5769/2034 4714/5738/2034 4713/5737/2034
f 4732/5756/2035 4701/5725/2035 4700/5724/2035
f 4746/5770/2036 4715/5739/2036 4714/5738/2036
f 4733/5757/2037 4702/5726/2037 4701/5725/2037
f 4747/5771/2038 4716/5740/2038 4715/5739/2038
f 4734/5758/2039 4703/5727/2039 4702/5726/2039
f 4748/5772/2040 4717/5741/2040 4716/5740/2040
f 4735/5759/2041 4704/5728/2041 4703/5727/2041
f 4749/5773/2042 4718/5742/2042 4717/5741/2042
f 4736/5760/2043 4705/5729/2043 4704/5728/2043
f 4750/5774/2044 4719/5743/2044 4718/5742/2044
f 4737/5761/2045 4706/5730/2045 4705/5729/2045
f 4773/5797/2013 4781/5805/2013 4757/5781/2013
f 4807/5831/2 4799/5823/2 4791/5815/2
f 4815/5839/2014 4784/5808/2014 4783/5807/2014
f 4802/5826/2015 4771/5795/2015 4770/5794/2015
f 4789/5813/2016 4758/5782/2016 4757/5781/2016
f 4816/5840/2017 4785/5809/2017 4784/5808/2017
f 4803/5827/2018 4772/5796/2018 4771/5795/2018
f 4790/5814/2019 4759/5783/2019 4758/5782/2019
f 4817/5841/2020 4786/5810/2020 4785/5809/2020
f 4804/5828/2021 4773/5797/2021 4772/5796/2021
f 4791/5815/2022 4760/5784/2022 4759/5783/2022
f 4818/5842/2023 4787/5811/2023 4786/5810/2023
f 4805/5829/2024 4774/5798/2024 4773/5797/2024
f 4792/5816/2025 4761/5785/2025 4760/5784/2025
f 4819/5843/2026 4788/5812/2026 4787/5811/2026
f 4806/5830/2027 4775/5799/2027 4774/5798/2027
f 4793/5817/2028 4762/5786/2028 4761/5785/2028
f 4820/5844/2029 4757/5781/2029 4788/5812/2029
f 4807/5831/2030 4776/5800/2030 4775/5799/2030
f 4794/5818/2031 4763/5787/2031 4762/5786/2031
f 4808/5832/2032 4777/5801/2032 4776/5800/2032
f 4795/5819/2033 4764/5788/2033 4763/5787/2033
f 4809/5833/2034 4778/5802/2034 4777/5801/2034
f 4796/5820/2035 4765/5789/2035 4764/5788/2035
f 4810/5834/2036 4779/5803/2036 4778/5802/2036
f 4797/5821/2037 4766/5790/2037 4765/5789/2037
f 4811/5835/2038 4780/5804/2038 4779/5803/2038
f 4798/5822/2039 4767/5791/2039 4766/5790/2039
f 4812/5836/2040 4781/5805/2040 4780/5804/2040
f 4799/5823/2041 4768/5792/2041 4767/5791/2041
f 4813/5837/2042 4782/5806/2042 4781/5805/2042
f 4800/5824/2043 4769/5793/2043 4768/5792/2043
f 4814/5838/2044 4783/5807/2044 4782/5806/2044
f 4801/5825/2045 4770/5794/2045 4769/5793/2045
f 4837/5861/2013 4845/5869/2013 4821/5845/2013
f 4871/5895/2 4863/5887/2 4855/5879/2
f 4879/5903/2014 4848/5872/2014 4847/5871/2014
f 4866/5890/2015 4835/5859/2015 4834/5858/2015
f 4853/5877/2016 4822/5846/2016 4821/5845/2016
f 4880/5904/2017 4849/5873/2017 4848/5872/2017
f 4867/5891/2018 4836/5860/2018 4835/5859/2018
f 4854/5878/2019 4823/5847/2019 4822/5846/2019
f 4881/5905/2020 4850/5874/2020 4849/5873/2020
f 4868/5892/2021 4837/5861/2021 4836/5860/2021
f 4855/5879/2022 4824/5848/2022 4823/5847/2022
f 4882/5906/2023 4851/5875/2023 4850/5874/2023
f 4869/5893/2024 4838/5862/2024 4837/5861/2024
f 4856/5880/2025 4825/5849/2025 4824/5848/2025
f 4883/5907/2026 4852/5876/2026 4851/5875/2026
f 4870/5894/2027 4839/5863/2027 4838/5862/2027
f 4857/5881/2028 4826/5850/2028 4825/5849/2028
f 4884/5908/2029 4821/5845/2029 4852/5876/2029
f 4871/5895/2030 4840/5864/2030 4839/5863/2030
f 4858/5882/2031 4827/5851/2031 4826/5850/2031
f 4872/5896/2032 4841/5865/2032 4840/5864/2032
f 4859/5883/2033 4828/5852/2033 4827/5851/2033
f 4873/5897/2034 4842/5866/2034 4841/5865/2034
f 4860/5884/2035 4829/5853/2035 4828/5852/2035
f 4874/5898/2036 4843/5867/2036 4842/5866/2036
f 4861/5885/2037 4830/5854/2037 4829/5853/2037
f 4875/5899/2038 4844/5868/2038 4843/5867/2038
f 4862/5886/2039 4831/5855/2039 4830/5854/2039
f 4876/5900/2040 4845/5869/2040 4844/5868/2040
f 4863/5887/2041 4832/5856/2041 4831/5855/2041
f 4877/5901/2042 4846/5870/2042 4845/5869/2042
f 4864/5888/2043 4833/5857/2043 4832/5856/2043
f 4878/5902/2044 4847/5871/2044 4846/5870/2044
f 4865/5889/2045 4834/5858/2045 4833/5857/2045
f 4901/5925/2013 4909/5933/2013 4885/5909/2013
f 4935/5959/2 4927/5951/2 4919/5943/2
f 4943/5967/2014 4912/5936/2014 4911/5935/2014
f 4930/5954/2015 4899/5923/2015 4898/5922/2015
f 4917/5941/2016 4886/5910/2016 4885/5909/2016
f 4944/5968/2017 4913/5937/2017 4912/5936/2017
f 4931/5955/2018 4900/5924/2018 4899/5923/2018
f 4918/5942/2019 4887/5911/2019 4886/5910/2019
f 4945/5969/2020 4914/5938/2020 4913/5937/2020
f 4932/5956/2021 4901/5925/2021 4900/5924/2021
f 4919/5943/2022 4888/5912/2022 4887/5911/2022
f 4946/5970/2023 4915/5939/2023 4914/5938/2023
f 4933/5957/2024 4902/5926/2024 4901/5925/2024
f 4920/5944/2025 4889/5913/2025 4888/5912/2025
f 4947/5971/2026 4916/5940/2026 4915/5939/2026
f 4934/5958/2027 4903/5927/2027 4902/5926/2027
f 4921/5945/2028 4890/5914/2028 4889/5913/2028
f 4948/5972/2029 4885/5909/2029 4916/5940/2029
f 4935/5959/2030 4904/5928/2030 4903/5927/2030
f 4922/5946/2031 4891/5915/2031 4890/5914/2031
f 4936/5960/2032 4905/5929/2032 4904/5928/2032
f 4923/5947/2033 4892/5916/2033 4891/5915/2033
f 4937/5961/2034 4906/5930/2034 4905/5929/2034
f 4924/5948/2035 4893/5917/2035 4892/5916/2035
f 4938/5962/2036 4907/5931/2036 4906/5930/2036
f 4925/5949/2037 4894/5918/2037 4893/5917/2037
f 4939/5963/2038 4908/5932/2038 4907/5931/2038
f 4926/5950/2039 4895/5919/2039 4894/5918/2039
f 4940/5964/2040 4909/5933/2040 4908/5932/2040
f 4927/5951/2041 4896/5920/2041 4895/5919/2041
f 4941/5965/2042 4910/5934/2042 4909/5933/2042
f 4928/5952/2043 4897/5921/2043 4896/5920/2043
f 4942/5966/2044 4911/5935/2044 4910/5934/2044
f 4929/5953/2045 4898/5922/2045 4897/5921/2045
f 4965/5989/2013 4973/5997/2013 4949/5973/2013
f 4999/6023/2 4991/6015/2 4983/6007/2
f 5007/6031/2014 4976/6000/2014 4975/5999/2014
f 4994/6018/2015 4963/5987/2015 4962/5986/2015
f 4981/6005/2016 4950/5974/2016 4949/5973/2016
f 5008/6032/2017 4977/6001/2017 4976/6000/2017
f 4995/6019/2018 4964/5988/2018 4963/5987/2018
f 4982/6006/2019 4951/5975/2019 4950/5974/2019
f 5009/6033/2020 4978/6002/2020 4977/6001/2020
f 4996/6020/2021 4965/5989/2021 4964/5988/2021
f 4983/6007/2022 4952/5976/2022 4951/5975/2022
f 5010/6034/2023 4979/6003/2023 4978/6002/2023
f 4997/6021/2024 4966/5990/2024 4965/5989/2024
f 4984/6008/2025 4953/5977/2025 4952/5976/2025
f 5011/6035/2026 4980/6004/2026 4979/6003/2026
f 4998/6022/2027 4967/5991/2027 4966/5990/2027
f 4985/6009/2028 4954/5978/2028 4953/5977/2028
f 5012/6036/2029 4949/5973/2029 4980/6004/2029
f 4999/6023/2030 4968/5992/2030 4967/5991/2030
f 4986/6010/2031 4955/5979/2031 4954/5978/2031
f 5000/6024/2032 4969/5993/2032 4968/5992/2032
f 4987/6011/2033 4956/5980/2033 4955/5979/2033
f 5001/6025/2034 4970/5994/2034 4969/5993/2034
f 4988/6012/2035 4957/5981/2035 4956/5980/2035
f 5002/6026/2036 4971/5995/2036 4970/5994/2036
f 4989/6013/2037 4958/5982/2037 4957/5981/2037
f 5003/6027/2038 4972/5996/2038 4971/5995/2038
f 4990/6014/2039 4959/5983/2039 4958/5982/2039
f 5004/6028/2040 4973/5997/2040 4972/5996/2040
f 4991/6015/2041 4960/5984/2041 4959/5983/2041
f 5005/6029/2042 4974/5998/2042 4973/5997/2042
f 4992/6016/2043 4961/5985/2043 4960/5984/2043
f 5006/6030/2044 4975/5999/2044 4974/5998/2044
f 4993/6017/2045 4962/5986/2045 4961/5985/2045
f 5029/6053/2013 5037/6061/2013 5013/6037/2013
f 5063/6087/2 5055/6079/2 5047/6071/2
f 5071/6095/2014 5040/6064/2014 5039/6063/2014
f 5058/6082/2015 5027/6051/2015 5026/6050/2015
f 5045/6069/2016 5014/6038/2016 5013/6037/2016
f 5072/6096/2017 5041/6065/2017 5040/6064/2017
f 5059/6083/2018 5028/6052/2018 5027/6051/2018
f 5046/6070/2019 5015/6039/2019 5014/6038/2019
f 5073/6097/2020 5042/6066/2020 5041/6065/2020
f 5060/6084/2021 5029/6053/2021 5028/6052/2021
f 5047/6071/2022 5016/6040/2022 5015/6039/2022
f 5074/6098/2023 5043/6067/2023 5042/6066/2023
f 5061/6085/2024 5030/6054/2024 5029/6053/2024
f 5048/6072/2025 5017/6041/2025 5016/6040/2025
f 5075/6099/2026 5044/6068/2026 5043/6067/2026
f 5062/6086/2027 5031/6055/2027 5030/6054/2027
f 5049/6073/2028 5018/6042/2028 5017/6041/2028
f 5076/6100/2029 5013/6037/2029 5044/6068/2029
f 5063/6087/2030 5032/6056/2030 5031/6055/2030
f 5050/6074/2031 5019/6043/2031 5018/6042/2031
f 5064/6088/2032 5033/6057/2032 5032/6056/2032
f 5051/6075/2033 5020/6044/2033 5019/6043/2033
f 5065/6089/2034 5034/6058/2034 5033/6057/2034
f 5052/6076/2035 5021/6045/2035 5020/6044/2035
f 5066/6090/2036 5035/6059/2036 5034/6058/2036
f 5053/6077/2037 5022/6046/2037 5021/6045/2037
f 5067/6091/2038 5036/6060/2038 5035/6059/2038
f 5054/6078/2039 5023/6047/2039 5022/6046/2039
f 5068/6092/2040 5037/6061/2040 5036/6060/2040
f 5055/6079/2041 5024/6048/2041 5023/6047/2041
f 5069/6093/2042 5038/6062/2042 5037/6061/2042
f 5056/6080/2043 5025/6049/2043 5024/6048/2043
f 5070/6094/2044 5039/6063/2044 5038/6062/2044
f 5057/6081/2045 5026/6050/2045 5025/6049/2045
f 5093/6117/2013 5101/6125/2013 5077/6101/2013
f 5127/6151/2 5119/6143/2 5111/6135/2
f 5135/6159/2014 5104/6128/2014 5103/6127/2014
f 5122/6146/2015 5091/6115/2015 5090/6114/2015
f 5109/6133/2016 5078/6102/2016 5077/6101/2016
f 5136/6160/2017 5105/6129/2017 5104/6128/2017
f 5123/6147/2018 5092/6116/2018 5091/6115/2018
f 5110/6134/2019 5079/6103/2019 5078/6102/2019
f 5137/6161/2020 5106/6130/2020 5105/6129/2020
f 5124/6148/2021 5093/6117/2021 5092/6116/2021
f 5111/6135/2022 5080/6104/2022 5079/6103/2022
f 5138/6162/2023 5107/6131/2023 5106/6130/2023
f 5125/6149/2024 5094/6118/2024 5093/6117/2024
f 5112/6136/2025 5081/6105/2025 5080/6104/2025
f 5139/6163/2026 5108/6132/2026 5107/6131/2026
f 5126/6150/2027 5095/6119/2027 5094/6118/2027
f 5113/6137/2028 5082/6106/2028 5081/6105/2028
f 5140/6164/2029 5077/6101/2029 5108/6132/2029
f 5127/6151/2030 5096/6120/2030 5095/6119/2030
f 5114/6138/2031 5083/6107/2031 5082/6106/2031
f 5128/6152/2032 5097/6121/2032 5096/6120/2032
f 5115/6139/2033 5084/6108/2033 5083/6107/2033
f 5129/6153/2034 5098/6122/2034 5097/6121/2034
f 5116/6140/2035 5085/6109/2035 5084/6108/2035
f 5130/6154/2036 5099/6123/2036 5098/6122/2036
f 5117/6141/2037 5086/6110/2037 5085/6109/2037
f 5131/6155/2038 5100/6124/2038 5099/6123/2038
f 5118/6142/2039 5087/6111/2039 5086/6110/2039
f 5132/6156/2040 5101/6125/2040 5100/6124/2040
f 5119/6143/2041 5088/6112/2041 5087/6111/2041
f 5133/6157/2042 5102/6126/2042 5101/6125/2042
f 5120/6144/2043 5089/6113/2043 5088/6112/2043
f 5134/6158/2044 5103/6127/2044 5102/6126/2044
f 5121/6145/2045 5090/6114/2045 5089/6113/2045
f 5157/6181/2013 5165/6189/2013 5141/6165/2013
f 5191/6215/2 5183/6207/2 5175/6199/2
f 5199/6223/2014 5168/6192/2014 5167/6191/2014
f 5186/6210/2015 5155/6179/2015 5154/6178/2015
f 5173/6197/2016 5142/6166/2016 5141/6165/2016
f 5200/6224/2017 5169/6193/2017 5168/6192/2017
f 5187/6211/2018 5156/6180/2018 5155/6179/2018
f 5174/6198/2019 5143/6167/2019 5142/6166/2019
f 5201/6225/2020 5170/6194/2020 5169/6193/2020
f 5188/6212/2021 5157/6181/2021 5156/6180/2021
f 5175/6199/2022 5144/6168/2022 5143/6167/2022
f 5202/6226/2023 5171/6195/2023 5170/6194/2023
f 5189/6213/2024 5158/6182/2024 5157/6181/2024
f 5176/6200/2025 5145/6169/2025 5144/6168/2025
f 5203/6227/2026 5172/6196/2026 5171/6195/2026
f 5190/6214/2027 5159/6183/2027 5158/6182/2027
f 5177/6201/2028 5146/6170/2028 5145/6169/2028
f 5204/6228/2029 5141/6165/2029 5172/6196/2029
f 5191/6215/2030 5160/6184/2030 5159/6183/2030
f 5178/6202/2031 5147/6171/2031 5146/6170/2031
f 5192/6216/2032 5161/6185/2032 5160/6184/2032
f 5179/6203/2033 5148/6172/2033 5147/6171/2033
f 5193/6217/2034 5162/6186/2034 5161/6185/2034
f 5180/6204/2035 5149/6173/2035 5148/6172/2035
f 5194/6218/2036 5163/6187/2036 5162/6186/2036
f 5181/6205/2037 5150/6174/2037 5149/6173/2037
f 5195/6219/2038 5164/6188/2038 5163/6187/2038
f 5182/6206/2039 5151/6175/2039 5150/6174/2039
f 5196/6220/2040 5165/6189/2040 5164/6188/2040
f 5183/6207/2041 5152/6176/2041 5151/6175/2041
f 5197/6221/2042 5166/6190/2042 5165/6189/2042
f 5184/6208/2043 5153/6177/2043 5152/6176/2043
f 5198/6222/2044 5167/6191/2044 5166/6190/2044
f 5185/6209/2045 5154/6178/2045 5153/6177/2045
f 5221/6245/2013 5229/6253/2013 5205/6229/2013
f 5255/6279/2 5247/6271/2 5239/6263/2
f 5263/6287/2014 5232/6256/2014 5231/6255/2014
f 5250/6274/2015 5219/6243/2015 5218/6242/2015
f 5237/6261/2016 5206/6230/2016 5205/6229/2016
f 5264/6288/2017 5233/6257/2017 5232/6256/2017
f 5251/6275/2018 5220/6244/2018 5219/6243/2018
f 5238/6262/2019 5207/6231/2019 5206/6230/2019
f 5265/6289/2020 5234/6258/2020 5233/6257/2020
f 5252/6276/2021 5221/6245/2021 5220/6244/2021
f 5239/6263/2022 5208/6232/2022 5207/6231/2022
f 5266/6290/2023 5235/6259/2023 5234/6258/2023
f 5253/6277/2024 5222/6246/2024 5221/6245/2024
f 5240/6264/2025 5209/6233/2025 5208/6232/2025
f 5267/6291/2026 5236/6260/2026 5235/6259/2026
f 5254/6278/2027 5223/6247/2027 5222/6246/2027
f 5241/6265/2028 5210/6234/2028 5209/6233/2028
f 5268/6292/2029 5205/6229/2029 5236/6260/2029
f 5255/6279/2030 5224/6248/2030 5223/6247/2030
f 5242/6266/2031 5211/6235/2031 5210/6234/2031
f 5256/6280/2032 5225/6249/2032 5224/6248/2032
f 5243/6267/2033 5212/6236/2033 5211/6235/2033
f 5257/6281/2034 5226/6250/2034 5225/6249/2034
f 5244/6268/2035 5213/6237/2035 5212/6236/2035
f 5258/6282/2036 5227/6251/2036 5226/6250/2036
f 5245/6269/2037 5214/6238/2037 5213/6237/2037
f 5259/6283/2038 5228/6252/2038 5227/6251/2038
f 5246/6270/2039 5215/6239/2039 5214/6238/2039
f 5260/6284/2040 5229/6253/2040 5228/6252/2040
f 5247/6271/2041 5216/6240/2041 5215/6239/2041
f 5261/6285/2042 5230/6254/2042 5229/6253/2042
f 5248/6272/2043 5217/6241/2043 5216/6240/2043
f 5262/6286/2044 5231/6255/2044 5230/6254/2044
f 5249/6273/2045 5218/6242/2045 5217/6241/2045
f 5285/6309/2013 5293/6317/2013 5269/6293/2013
f 5319/6343/2 5311/6335/2 5303/6327/2
f 5327/6351/2014 5296/6320/2014 5295/6319/2014
f 5314/6338/2015 5283/6307/2015 5282/6306/2015
f 5301/6325/2016 5270/6294/2016 5269/6293/2016
f 5328/6352/2017 5297/6321/2017 5296/6320/2017
f 5315/6339/2018 5284/6308/2018 5283/6307/2018
f 5302/6326/2019 5271/6295/2019 5270/6294/2019
f 5329/6353/2020 5298/6322/2020 5297/6321/2020
f 5316/6340/2021 5285/6309/2021 5284/6308/2021
f 5303/6327/2022 5272/6296/2022 5271/6295/2022
f 5330/6354/2023 5299/6323/2023 5298/6322/2023
f 5317/6341/2024 5286/6310/2024 5285/6309/2024
f 5304/6328/2025 5273/6297/2025 5272/6296/2025
f 5331/6355/2026 5300/6324/2026 5299/6323/2026
f 5318/6342/2027 5287/6311/2027 5286/6310/2027
f 5305/6329/2028 5274/6298/2028 5273/6297/2028
f 5332/6356/2029 5269/6293/2029 5300/6324/2029
f 5319/6343/2030 5288/6312/2030 5287/6311/2030
f 5306/6330/2031 5275/6299/2031 5274/6298/2031
f 5320/6344/2032 5289/6313/2032 5288/6312/2032
f 5307/6331/2033 5276/6300/2033 5275/6299/2033
f 5321/6345/2034 5290/6314/2034 5289/6313/2034
f 5308/6332/2035 5277/6301/2035 5276/6300/2035
f 5322/6346/2036 5291/6315/2036 5290/6314/2036
f 5309/6333/2037 5278/6302/2037 5277/6301/2037
f 5323/6347/2038 5292/6316/2038 5291/6315/2038
f 5310/6334/2039 5279/6303/2039 5278/6302/2039
f 5324/6348/2040 5293/6317/2040 5292/6316/2040
f 5311/6335/2041 5280/6304/2041 5279/6303/2041
f 5325/6349/2042 5294/6318/2042 5293/6317/2042
f 5312/6336/2043 5281/6305/2043 5280/6304/2043
f 5326/6350/2044 5295/6319/2044 5294/6318/2044
f 5313/6337/2045 5282/6306/2045 5281/6305/2045
f 5349/6373/2013 5357/6381/2013 5333/6357/2013
f 5383/6407/2 5375/6399/2 5367/6391/2
f 5391/6415/2014 5360/6384/2014 5359/6383/2014
f 5378/6402/2015 5347/6371/2015 5346/6370/2015
f 5365/6389/2016 5334/6358/2016 5333/6357/2016
f 5392/6416/2017 5361/6385/2017 5360/6384/2017
f 5379/6403/2018 5348/6372/2018 5347/6371/2018
f 5366/6390/2019 5335/6359/2019 5334/6358/2019
f 5393/6417/2020 5362/6386/2020 5361/6385/2020
f 5380/6404/2021 5349/6373/2021 5348/6372/2021
f 5367/6391/2022 5336/6360/2022 5335/6359/2022
f 5394/6418/2023 5363/6387/2023 5362/6386/2023
f 5381/6405/2024 5350/6374/2024 5349/6373/2024
f 5368/6392/2025 5337/6361/2025 5336/6360/2025
f 5395/6419/2026 5364/6388/2026 5363/6387/2026
f 5382/6406/2027 5351/6375/2027 5350/6374/2027
f 5369/6393/2028 5338/6362/2028 5337/6361/2028
f 5396/6420/2029 5333/6357/2029 5364/6388/2029
f 5383/6407/2030 5352/6376/2030 5351/6375/2030
f 5370/6394/2031 5339/6363/2031 5338/6362/2031
f 5384/6408/2032 5353/6377/2032 5352/6376/2032
f 5371/6395/2033 5340/6364/2033 5339/6363/2033
f 5385/6409/2034 5354/6378/2034 5353/6377/2034
f 5372/6396/2035 5341/6365/2035 5340/6364/2035
f 5386/6410/2036 5355/6379/2036 5354/6378/2036
f 5373/6397/2037 5342/6366/2037 5341/6365/2037
f 5387/6411/2038 5356/6380/2038 5355/6379/2038
f 5374/6398/2039 5343/6367/2039 5342/6366/2039
f 5388/6412/2040 5357/6381/2040 5356/6380/2040
f 5375/6399/2041 5344/6368/2041 5343/6367/2041
f 5389/6413/2042 5358/6382/2042 5357/6381/2042
f 5376/6400/2043 5345/6369/2043 5344/6368/2043
f 5390/6414/2044 5359/6383/2044 5358/6382/2044
f 5377/6401/2045 5346/6370/2045 5345/6369/2045
f 5413/6437/2013 5421/6445/2013 5397/6421/2013
f 5447/6471/2 5439/6463/2 5431/6455/2
f 5455/6479/2014 5424/6448/2014 5423/6447/2014
f 5442/6466/2015 5411/6435/2015 5410/6434/2015
f 5429/6453/2016 5398/6422/2016 5397/6421/2016
f 5456/6480/2017 5425/6449/2017 5424/6448/2017
f 5443/6467/2018 5412/6436/2018 5411/6435/2018
f 5430/6454/2019 5399/6423/2019 5398/6422/2019
f 5457/6481/2020 5426/6450/2020 5425/6449/2020
f 5444/6468/2021 5413/6437/2021 5412/6436/2021
f 5431/6455/2022 5400/6424/2022 5399/6423/2022
f 5458/6482/2023 5427/6451/2023 5426/6450/2023
f 5445/6469/2024 5414/6438/2024 5413/6437/2024
f 5432/6456/2025 5401/6425/2025 5400/6424/2025
f 5459/6483/2026 5428/6452/2026 5427/6451/2026
f 5446/6470/2027 5415/6439/2027 5414/6438/2027
f 5433/6457/2028 5402/6426/2028 5401/6425/2028
f 5460/6484/2029 5397/6421/2029 5428/6452/2029
f 5447/6471/2030 5416/6440/2030 5415/6439/2030
f 5434/6458/2031 5403/6427/2031 5402/6426/2031
f 5448/6472/2032 5417/6441/2032 5416/6440/2032
f 5435/6459/2033 5404/6428/2033 5403/6427/2033
f 5449/6473/2034 5418/6442/2034 5417/6441/2034
f 5436/6460/2035 5405/6429/2035 5404/6428/2035
f 5450/6474/2036 5419/6443/2036 5418/6442/2036
f 5437/6461/2037 5406/6430/2037 5405/6429/2037
f 5451/6475/2038 5420/6444/2038 5419/6443/2038
f 5438/6462/2039 5407/6431/2039 5406/6430/2039
f 5452/6476/2040 5421/6445/2040 5420/6444/2040
f 5439/6463/2041 5408/6432/2041 5407/6431/2041
f 5453/6477/2042 5422/6446/2042 5421/6445/2042
f 5440/6464/2043 5409/6433/2043 5408/6432/2043
f 5454/6478/2044 5423/6447/2044 5422/6446/2044
f 5441/6465/2045 5410/6434/2045 5409/6433/2045
f 5477/6501/2013 5485/6509/2013 5461/6485/2013
f 5511/6535/2 5503/6527/2 5495/6519/2
f 5519/6543/2014 5488/6512/2014 5487/6511/2014
f 5506/6530/2015 5475/6499/2015 5474/6498/2015
f 5493/6517/2016 5462/6486/2016 5461/6485/2016
f 5520/6544/2017 5489/6513/2017 5488/6512/2017
f 5507/6531/2018 5476/6500/2018 5475/6499/2018
f 5494/6518/2019 5463/6487/2019 5462/6486/2019
f 5521/6545/2020 5490/6514/2020 5489/6513/2020
f 5508/6532/2021 5477/6501/2021 5476/6500/2021
f 5495/6519/2022 5464/6488/2022 5463/6487/2022
f 5522/6546/2023 5491/6515/2023 5490/6514/2023
f 5509/6533/2024 5478/6502/2024 5477/6501/2024
f 5496/6520/2025 5465/6489/2025 5464/6488/2025
f 5523/6547/2026 5492/6516/2026 5491/6515/2026
f 5510/6534/2027 5479/6503/2027 5478/6502/2027
f 5497/6521/2028 5466/6490/2028 5465/6489/2028
f 5524/6548/2029 5461/6485/2029 5492/6516/2029
f 5511/6535/2030 5480/6504/2030 5479/6503/2030
f 5498/6522/2031 5467/6491/2031 5466/6490/2031
f 5512/6536/2032 5481/6505/2032 5480/6504/2032
f 5499/6523/2033 5468/6492/2033 5467/6491/2033
f 5513/6537/2034 5482/6506/2034 5481/6505/2034
f 5500/6524/2035 5469/6493/2035 5468/6492/2035
f 5514/6538/2036 5483/6507/2036 5482/6506/2036
f 5501/6525/2037 5470/6494/2037 5469/6493/2037
f 5515/6539/2038 5484/6508/2038 5483/6507/2038
f 5502/6526/2039 5471/6495/2039 5470/6494/2039
f 5516/6540/2040 5485/6509/2040 5484/6508/2040
f 5503/6527/2041 5472/6496/2041 5471/6495/2041
f 5517/6541/2042 5486/6510/2042 5485/6509/2042
f 5504/6528/2043 5473/6497/2043 5472/6496/2043
f 5518/6542/2044 5487/6511/2044 5486/6510/2044
f 5505/6529/2045 5474/6498/2045 5473/6497/2045
f 5541/6565/2013 5549/6573/2013 5525/6549/2013
f 5575/6599/2 5567/6591/2 5559/6583/2
f 5583/6607/2014 5552/6576/2014 5551/6575/2014
f 5570/6594/2015 5539/6563/2015 5538/6562/2015
f 5557/6581/2016 5526/6550/2016 5525/6549/2016
f 5584/6608/2017 5553/6577/2017 5552/6576/2017
f 5571/6595/2018 5540/6564/2018 5539/6563/2018
f 5558/6582/2019 5527/6551/2019 5526/6550/2019
f 5585/6609/2020 5554/6578/2020 5553/6577/2020
f 5572/6596/2021 5541/6565/2021 5540/6564/2021
f 5559/6583/2022 5528/6552/2022 5527/6551/2022
f 5586/6610/2023 5555/6579/2023 5554/6578/2023
f 5573/6597/2024 5542/6566/2024 5541/6565/2024
f 5560/6584/2025 5529/6553/2025 5528/6552/2025
f 5587/6611/2026 5556/6580/2026 5555/6579/2026
f 5574/6598/2027 5543/6567/2027 5542/6566/2027
f 5561/6585/2028 5530/6554/2028 5529/6553/2028
f 5588/6612/2029 5525/6549/2029 5556/6580/2029
f 5575/6599/2030 5544/6568/2030 5543/6567/2030
f 5562/6586/2031 5531/6555/2031 5530/6554/2031
f 5576/6600/2032 5545/6569/2032 5544/6568/2032
f 5563/6587/2033 5532/6556/2033 5531/6555/2033
f 5577/6601/2034 5546/6570/2034 5545/6569/2034
f 5564/6588/2035 5533/6557/2035 5532/6556/2035
f 5578/6602/2036 5547/6571/2036 5546/6570/2036
f 5565/6589/2037 5534/6558/2037 5533/6557/2037
f 5579/6603/2038 5548/6572/2038 5547/6571/2038
f 5566/6590/2039 5535/6559/2039 5534/6558/2039
f 5580/6604/2040 5549/6573/2040 5548/6572/2040
f 5567/6591/2041 5536/6560/2041 5535/6559/2041
f 5581/6605/2042 5550/6574/2042 5549/6573/2042
f 5568/6592/2043 5537/6561/2043 5536/6560/2043
f 5582/6606/2044 5551/6575/2044 5550/6574/2044
f 5569/6593/2045 5538/6562/2045 5537/6561/2045
f 5605/6629/2013 5613/6637/2013 5589/6613/2013
f 5639/6663/2 5631/6655/2 5623/6647/2
f 5647/6671/2014 5616/6640/2014 5615/6639/2014
f 5634/6658/2015 5603/6627/2015 5602/6626/2015
f 5621/6645/2016 5590/6614/2016 5589/6613/2016
f 5648/6672/2017 5617/6641/2017 5616/6640/2017
f 5635/6659/2018 5604/6628/2018 5603/6627/2018
f 5622/6646/2019 5591/6615/2019 5590/6614/2019
f 5649/6673/2020 5618/6642/2020 5617/6641/2020
f 5636/6660/2021 5605/6629/2021 5604/6628/2021
f 5623/6647/2022 5592/6616/2022 5591/6615/2022
f 5650/6674/2023 5619/6643/2023 5618/6642/2023
f 5637/6661/2024 5606/6630/2024 5605/6629/2024
f 5624/6648/2025 5593/6617/2025 5592/6616/2025
f 5651/6675/2026 5620/6644/2026 5619/6643/2026
f 5638/6662/2027 5607/6631/2027 5606/6630/2027
f 5625/6649/2028 5594/6618/2028 5593/6617/2028
f 5652/6676/2029 5589/6613/2029 5620/6644/2029
f 5639/6663/2030 5608/6632/2030 5607/6631/2030
f 5626/6650/2031 5595/6619/2031 5594/6618/2031
f 5640/6664/2032 5609/6633/2032 5608/6632/2032
f 5627/6651/2033 5596/6620/2033 5595/6619/2033
f 5641/6665/2034 5610/6634/2034 5609/6633/2034
f 5628/6652/2035 5597/6621/2035 5596/6620/2035
f 5642/6666/2036 5611/6635/2036 5610/6634/2036
f 5629/6653/2037 5598/6622/2037 5597/6621/2037
f 5643/6667/2038 5612/6636/2038 5611/6635/2038
f 5630/6654/2039 5599/6623/2039 5598/6622/2039
f 5644/6668/2040 5613/6637/2040 5612/6636/2040
f 5631/6655/2041 5600/6624/2041 5599/6623/2041
f 5645/6669/2042 5614/6638/2042 5613/6637/2042
f 5632/6656/2043 5601/6625/2043 5600/6624/2043
f 5646/6670/2044 5615/6639/2044 5614/6638/2044
f 5633/6657/2045 5602/6626/2045 5601/6625/2045
f 1070/1326/2046 2667/3232/2046 2669/3235/2046
f 515/771/2 262/393/2 3898/4694/2
f 515/771/2 3898/4694/2 3900/4697/2
f 512/768/2 513/769/2 515/771/2
f 508/762/2 509/763/2 512/768/2
f 503/754/2 505/757/2 508/762/2
f 500/750/2 501/751/2 503/754/2
f 496/744/2 498/747/2 500/750/2
f 492/738/2 494/741/2 496/744/2
f 488/732/2 490/735/2 492/738/2
f 484/726/2 486/729/2 488/732/2
f 480/720/2 482/723/2 484/726/2
f 476/714/2 478/717/2 480/720/2
f 472/708/2 474/711/2 476/714/2
f 468/702/2 470/705/2 472/708/2
f 464/696/2 466/699/2 468/702/2
f 459/688/2 462/693/2 464/696/2
f 456/684/2 458/687/2 459/688/2
f 452/678/2 454/681/2 456/684/2
f 447/670/2 449/673/2 452/678/2
f 443/664/2 445/667/2 447/670/2
f 439/658/2 442/663/2 443/664/2
f 436/654/2 437/655/2 439/658/2
f 432/648/2 434/651/2 436/654/2
f 428/642/2 430/645/2 432/648/2
f 424/636/2 426/639/2 428/642/2
f 420/630/2 422/633/2 424/636/2
f 416/624/2 418/627/2 420/630/2
f 412/618/2 414/621/2 416/624/2
f 408/612/2 410/615/2 412/618/2
f 404/606/2 406/609/2 408/612/2
f 399/598/2 402/603/2 404/606/2
f 395/592/2 397/595/2 399/598/2
f 392/588/2 393/589/2 395/592/2
f 388/582/2 389/583/2 392/588/2
f 384/576/2 386/579/2 388/582/2
f 380/570/2 382/573/2 384/576/2
f 376/564/2 378/567/2 380/570/2
f 371/556/2 374/561/2 376/564/2
f 367/550/2 369/553/2 371/556/2
f 363/544/2 365/547/2 367/550/2
f 359/538/2 361/541/2 363/544/2
f 356/534/2 358/537/2 359/538/2
f 352/528/2 354/531/2 356/534/2
f 348/522/2 350/525/2 352/528/2
f 344/516/2 346/519/2 348/522/2
f 340/510/2 342/513/2 344/516/2
f 336/504/2 338/507/2 340/510/2
f 331/496/2 334/501/2 336/504/2
f 328/492/2 329/493/2 331/496/2
f 324/486/2 326/489/2 328/492/2
f 320/480/2 322/483/2 324/486/2
f 315/472/2 317/475/2 320/480/2
f 311/466/2 314/471/2 315/472/2
f 307/460/2 310/465/2 311/466/2
f 303/454/2 305/457/2 307/460/2
f 299/448/2 301/451/2 303/454/2
f 296/444/2 298/447/2 299/448/2
f 292/438/2 294/441/2 296/444/2
f 288/432/2 290/435/2 292/438/2
f 284/426/2 286/429/2 288/432/2
f 279/418/2 281/421/2 284/426/2
f 276/414/2 278/417/2 279/418/2
f 272/408/2 274/411/2 276/414/2
f 268/402/2 270/405/2 272/408/2
f 264/396/2 266/399/2 268/402/2
f 3/4/2 260/390/2 264/396/2
f 256/384/2 258/387/2 3/4/2
f 251/376/2 254/381/2 256/384/2
f 247/370/2 249/373/2 251/376/2
f 243/364/2 245/367/2 247/370/2
f 240/360/2 242/363/2 243/364/2
f 236/354/2 238/357/2 240/360/2
f 232/348/2 234/351/2 236/354/2
f 228/342/2 230/345/2 232/348/2
f 224/336/2 225/337/2 228/342/2
f 220/330/2 222/333/2 224/336/2
f 215/322/2 217/325/2 220/330/2
f 212/318/2 213/319/2 215/322/2
f 207/310/2 209/313/2 212/318/2
f 203/304/2 206/309/2 207/310/2
f 200/300/2 201/301/2 203/304/2
f 196/294/2 197/295/2 200/300/2
f 192/288/2 194/291/2 196/294/2
f 188/282/2 189/283/2 192/288/2
f 184/276/2 185/277/2 188/282/2
f 179/268/2 181/271/2 184/276/2
f 175/262/2 177/265/2 179/268/2
f 172/258/2 173/259/2 175/262/2
f 167/250/2 169/253/2 172/258/2
f 164/246/2 165/247/2 167/250/2
f 159/238/2 161/241/2 164/246/2
f 155/232/2 157/235/2 159/238/2
f 151/226/2 153/229/2 155/232/2
f 147/220/2 149/223/2 151/226/2
f 144/216/2 146/219/2 147/220/2
f 139/208/2 142/213/2 144/216/2
f 135/202/2 137/205/2 139/208/2
f 132/198/2 133/199/2 135/202/2
f 127/190/2 130/195/2 132/198/2
f 124/186/2 125/187/2 127/190/2
f 120/180/2 122/183/2 124/186/2
f 115/172/2 118/177/2 120/180/2
f 112/168/2 113/169/2 115/172/2
f 108/162/2 110/165/2 112/168/2
f 104/156/2 106/159/2 108/162/2
f 100/150/2 102/153/2 104/156/2
f 96/144/2 98/147/2 100/150/2
f 92/138/2 94/141/2 96/144/2
f 88/132/2 90/135/2 92/138/2
f 84/126/2 86/129/2 88/132/2
f 80/120/2 82/123/2 84/126/2
f 76/114/2 78/117/2 80/120/2
f 72/108/2 74/111/2 76/114/2
f 68/102/2 70/105/2 72/108/2
f 64/96/2 66/99/2 68/102/2
f 60/90/2 62/93/2 64/96/2
f 56/84/2 58/87/2 60/90/2
f 52/78/2 54/81/2 56/84/2
f 48/72/2 50/75/2 52/78/2
f 44/66/2 46/69/2 48/72/2
f 39/58/2 41/61/2 44/66/2
f 36/54/2 38/57/2 39/58/2
f 32/48/2 34/51/2 36/54/2
f 28/42/2 30/45/2 32/48/2
f 24/36/2 26/39/2 28/42/2
f 20/30/2 22/33/2 24/36/2
f 16/24/2 18/27/2 20/30/2
f 12/18/2 14/21/2 16/24/2
f 8/12/2 10/15/2 12/18/2
f 2/3/2 5/7/2 8/12/2
f 199/298/2 202/302/2 2/3/2
f 198/296/2 199/298/2 2/3/2
f 2/3/2 8/12/2 12/18/2
f 12/18/2 16/24/2 20/30/2
f 20/30/2 24/36/2 28/42/2
f 28/42/2 32/48/2 36/54/2
f 36/54/2 39/58/2 44/66/2
f 44/66/2 48/72/2 52/78/2
f 52/78/2 56/84/2 60/90/2
f 60/90/2 64/96/2 68/102/2
f 68/102/2 72/108/2 76/114/2
f 76/114/2 80/120/2 84/126/2
f 84/126/2 88/132/2 92/138/2
f 92/138/2 96/144/2 100/150/2
f 100/150/2 104/156/2 108/162/2
f 108/162/2 112/168/2 115/172/2
f 115/172/2 120/180/2 124/186/2
f 124/186/2 127/190/2 132/198/2
f 132/198/2 135/202/2 139/208/2
f 139/208/2 144/216/2 147/220/2
f 147/220/2 151/226/2 155/232/2
f 155/232/2 159/238/2 164/246/2
f 164/246/2 167/250/2 172/258/2
f 172/258/2 175/262/2 179/268/2
f 179/268/2 184/276/2 188/282/2
f 188/282/2 192/288/2 196/294/2
f 196/294/2 200/300/2 203/304/2
f 203/304/2 207/310/2 212/318/2
f 212/318/2 215/322/2 220/330/2
f 220/330/2 224/336/2 228/342/2
f 228/342/2 232/348/2 236/354/2
f 236/354/2 240/360/2 243/364/2
f 243/364/2 247/370/2 251/376/2
f 251/376/2 256/384/2 3/4/2
f 3/4/2 264/396/2 268/402/2
f 268/402/2 272/408/2 276/414/2
f 276/414/2 279/418/2 284/426/2
f 284/426/2 288/432/2 292/438/2
f 292/438/2 296/444/2 299/448/2
f 299/448/2 303/454/2 307/460/2
f 307/460/2 311/466/2 315/472/2
f 315/472/2 320/480/2 324/486/2
f 324/486/2 328/492/2 331/496/2
f 331/496/2 336/504/2 340/510/2
f 340/510/2 344/516/2 348/522/2
f 348/522/2 352/528/2 356/534/2
f 356/534/2 359/538/2 363/544/2
f 363/544/2 367/550/2 371/556/2
f 371/556/2 376/564/2 380/570/2
f 380/570/2 384/576/2 388/582/2
f 388/582/2 392/588/2 395/592/2
f 395/592/2 399/598/2 404/606/2
f 404/606/2 408/612/2 412/618/2
f 412/618/2 416/624/2 420/630/2
f 420/630/2 424/636/2 428/642/2
f 428/642/2 432/648/2 436/654/2
f 436/654/2 439/658/2 443/664/2
f 443/664/2 447/670/2 452/678/2
f 452/678/2 456/684/2 459/688/2
f 459/688/2 464/696/2 468/702/2
f 468/702/2 472/708/2 476/714/2
f 476/714/2 480/720/2 484/726/2
f 484/726/2 488/732/2 492/738/2
f 492/738/2 496/744/2 500/750/2
f 500/750/2 503/754/2 508/762/2
f 508/762/2 512/768/2 515/771/2
f 515/771/2 3900/4697/2 3902/4700/2
f 515/771/2 3902/4700/2 3904/4703/2
f 500/750/2 508/762/2 515/771/2
f 484/726/2 492/738/2 500/750/2
f 468/702/2 476/714/2 484/726/2
f 452/678/2 459/688/2 468/702/2
f 436/654/2 443/664/2 452/678/2
f 420/630/2 428/642/2 436/654/2
f 404/606/2 412/618/2 420/630/2
f 388/582/2 395/592/2 404/606/2
f 371/556/2 380/570/2 388/582/2
f 356/534/2 363/544/2 371/556/2
f 340/510/2 348/522/2 356/534/2
f 324/486/2 331/496/2 340/510/2
f 307/460/2 315/472/2 324/486/2
f 292/438/2 299/448/2 307/460/2
f 276/414/2 284/426/2 292/438/2
f 3/4/2 268/402/2 276/414/2
f 243/364/2 251/376/2 3/4/2
f 228/342/2 236/354/2 243/364/2
f 212/318/2 220/330/2 228/342/2
f 196/294/2 203/304/2 212/318/2
f 179/268/2 188/282/2 196/294/2
f 164/246/2 172/258/2 179/268/2
f 147/220/2 155/232/2 164/246/2
f 132/198/2 139/208/2 147/220/2
f 115/172/2 124/186/2 132/198/2
f 100/150/2 108/162/2 115/172/2
f 84/126/2 92/138/2 100/150/2
f 68/102/2 76/114/2 84/126/2
f 52/78/2 60/90/2 68/102/2
f 36/54/2 44/66/2 52/78/2
f 20/30/2 28/42/2 36/54/2
f 2/3/2 12/18/2 20/30/2
f 195/292/2 198/296/2 2/3/2
f 193/289/2 195/292/2 2/3/2
f 2/3/2 20/30/2 36/54/2
f 36/54/2 52/78/2 68/102/2
f 68/102/2 84/126/2 100/150/2
f 100/150/2 115/172/2 132/198/2
f 132/198/2 147/220/2 164/246/2
f 164/246/2 179/268/2 196/294/2
f 196/294/2 212/318/2 228/342/2
f 228/342/2 243/364/2 3/4/2
f 3/4/2 276/414/2 292/438/2
f 292/438/2 307/460/2 324/486/2
f 324/486/2 340/510/2 356/534/2
f 356/534/2 371/556/2 388/582/2
f 388/582/2 404/606/2 420/630/2
f 420/630/2 436/654/2 452/678/2
f 452/678/2 468/702/2 484/726/2
f 484/726/2 500/750/2 515/771/2
f 515/771/2 3904/4703/2 3906/4706/2
f 515/771/2 3906/4706/2 3908/4709/2
f 452/678/2 484/726/2 515/771/2
f 388/582/2 420/630/2 452/678/2
f 324/486/2 356/534/2 388/582/2
f 3/4/2 292/438/2 324/486/2
f 196/294/2 228/342/2 3/4/2
f 132/198/2 164/246/2 196/294/2
f 68/102/2 100/150/2 132/198/2
f 2/3/2 36/54/2 68/102/2
f 191/286/2 193/289/2 2/3/2
f 190/284/2 191/286/2 2/3/2
f 2/3/2 68/102/2 132/198/2
f 132/198/2 196/294/2 3/4/2
f 3/4/2 324/486/2 388/582/2
f 388/582/2 452/678/2 515/771/2
f 515/771/2 3908/4709/2 3910/4712/2
f 515/771/2 3910/4712/2 3912/4715/2
f 3/4/2 388/582/2 515/771/2
f 2/3/2 132/198/2 3/4/2
f 187/280/2 190/284/2 2/3/2
f 186/278/2 187/280/2 2/3/2
f 2/3/2 3/4/2 515/771/2
f 515/771/2 3912/4715/2 3914/4718/2
f 515/771/2 3914/4718/2 3916/4721/2
f 183/274/2 186/278/2 2/3/2
f 182/272/2 183/274/2 2/3/2
f 515/771/2 3916/4721/2 3918/4724/2
f 515/771/2 3918/4724/2 3920/4727/2
f 180/269/2 182/272/2 2/3/2
f 178/266/2 180/269/2 2/3/2
f 515/771/2 3920/4727/2 3922/4730/2
f 515/771/2 3922/4730/2 3923/4732/2
f 176/263/2 178/266/2 2/3/2
f 174/260/2 176/263/2 2/3/2
f 515/771/2 3923/4732/2 3925/4735/2
f 515/771/2 3925/4735/2 3927/4738/2
f 171/256/2 174/260/2 2/3/2
f 170/254/2 171/256/2 2/3/2
f 515/771/2 3927/4738/2 3929/4741/2
f 515/771/2 3929/4741/2 3932/4745/2
f 168/251/2 170/254/2 2/3/2
f 166/248/2 168/251/2 2/3/2
f 515/771/2 3932/4745/2 3933/4747/2
f 515/771/2 3933/4747/2 3936/4751/2
f 163/244/2 166/248/2 2/3/2
f 162/242/2 163/244/2 2/3/2
f 515/771/2 3936/4751/2 3938/4754/2
f 515/771/2 3938/4754/2 3939/4756/2
f 160/239/2 162/242/2 2/3/2
f 158/236/2 160/239/2 2/3/2
f 515/771/2 3939/4756/2 3941/4759/2
f 515/771/2 3941/4759/2 3944/4763/2
f 156/233/2 158/236/2 2/3/2
f 154/230/2 156/233/2 2/3/2
f 515/771/2 3944/4763/2 3946/4766/2
f 515/771/2 3946/4766/2 3947/4768/2
f 152/227/2 154/230/2 2/3/2
f 150/224/2 152/227/2 2/3/2
f 515/771/2 3947/4768/2 3950/4772/2
f 515/771/2 3950/4772/2 3952/4775/2
f 148/221/2 150/224/2 2/3/2
f 145/217/2 148/221/2 2/3/2
f 515/771/2 3952/4775/2 3954/4778/2
f 515/771/2 3954/4778/2 3955/4780/2
f 143/214/2 145/217/2 2/3/2
f 141/211/2 143/214/2 2/3/2
f 515/771/2 3955/4780/2 3958/4784/2
f 515/771/2 3958/4784/2 3960/4787/2
f 140/209/2 141/211/2 2/3/2
f 138/206/2 140/209/2 2/3/2
f 515/771/2 3960/4787/2 3962/4790/2
f 515/771/2 3962/4790/2 3963/4792/2
f 136/203/2 138/206/2 2/3/2
f 134/200/2 136/203/2 2/3/2
f 515/771/2 3963/4792/2 3965/4795/2
f 515/771/2 3965/4795/2 3968/4799/2
f 131/196/2 134/200/2 2/3/2
f 129/193/2 131/196/2 2/3/2
f 2/3/2 515/771/2 3968/4799/2
f 2/3/2 3968/4799/2 3969/4801/2
f 128/191/2 129/193/2 2/3/2
f 126/188/2 128/191/2 2/3/2
f 2/3/2 3969/4801/2 3971/4804/2
f 2/3/2 3971/4804/2 3973/4807/2
f 123/184/2 126/188/2 2/3/2
f 121/181/2 123/184/2 2/3/2
f 2/3/2 3973/4807/2 3975/4810/2
f 2/3/2 3975/4810/2 3977/4813/2
f 119/178/2 121/181/2 2/3/2
f 117/175/2 119/178/2 2/3/2
f 2/3/2 3977/4813/2 3980/4817/2
f 2/3/2 3980/4817/2 3981/4819/2
f 117/175/2 2/3/2 3981/4819/2
f 117/175/2 3981/4819/2 3983/4822/2
f 116/173/2 117/175/2 3983/4822/2
f 116/173/2 3983/4822/2 3985/4825/2
f 114/170/2 116/173/2 3985/4825/2
f 114/170/2 3985/4825/2 3988/4829/2
f 111/166/2 114/170/2 3988/4829/2
f 111/166/2 3988/4829/2 3990/4832/2
f 109/163/2 111/166/2 3990/4832/2
f 109/163/2 3990/4832/2 3992/4835/2
f 107/160/2 109/163/2 3992/4835/2
f 107/160/2 3992/4835/2 3994/4838/2
f 105/157/2 107/160/2 3994/4838/2
f 105/157/2 3994/4838/2 3996/4841/2
f 103/154/2 105/157/2 3996/4841/2
f 103/154/2 3996/4841/2 3998/4844/2
f 101/151/2 103/154/2 3998/4844/2
f 101/151/2 3998/4844/2 4000/4847/2
f 99/148/2 101/151/2 4000/4847/2
f 99/148/2 4000/4847/2 4002/4850/2
f 97/145/2 99/148/2 4002/4850/2
f 97/145/2 4002/4850/2 4004/4853/2
f 95/142/2 97/145/2 4004/4853/2
f 95/142/2 4004/4853/2 4006/4856/2
f 93/139/2 95/142/2 4006/4856/2
f 93/139/2 4006/4856/2 4008/4859/2
f 91/136/2 93/139/2 4008/4859/2
f 91/136/2 4008/4859/2 4010/4862/2
f 89/133/2 91/136/2 4010/4862/2
f 89/133/2 4010/4862/2 4012/4865/2
f 87/130/2 89/133/2 4012/4865/2
f 87/130/2 4012/4865/2 4014/4868/2
f 85/127/2 87/130/2 4014/4868/2
f 85/127/2 4014/4868/2 4016/4871/2
f 83/124/2 85/127/2 4016/4871/2
f 83/124/2 4016/4871/2 4018/4874/2
f 81/121/2 83/124/2 4018/4874/2
f 81/121/2 4018/4874/2 4020/4877/2
f 79/118/2 81/121/2 4020/4877/2
f 79/118/2 4020/4877/2 4022/4880/2
f 77/115/2 79/118/2 4022/4880/2
f 77/115/2 4022/4880/2 4024/4883/2
f 75/112/2 77/115/2 4024/4883/2
f 75/112/2 4024/4883/2 4026/4886/2
f 73/109/2 75/112/2 4026/4886/2
f 73/109/2 4026/4886/2 4028/4889/2
f 71/106/2 73/109/2 4028/4889/2
f 71/106/2 4028/4889/2 4030/4892/2
f 69/103/2 71/106/2 4030/4892/2
f 69/103/2 4030/4892/2 4032/4895/2
f 67/100/2 69/103/2 4032/4895/2
f 67/100/2 4032/4895/2 4034/4898/2
f 65/97/2 67/100/2 4034/4898/2
f 65/97/2 4034/4898/2 4035/4900/2
f 63/94/2 65/97/2 4035/4900/2
f 63/94/2 4035/4900/2 4037/4903/2
f 61/91/2 63/94/2 4037/4903/2
f 61/91/2 4037/4903/2 4039/4906/2
f 59/88/2 61/91/2 4039/4906/2
f 59/88/2 4039/4906/2 4041/4909/2
f 57/85/2 59/88/2 4041/4909/2
f 57/85/2 4041/4909/2 4043/4912/2
f 55/82/2 57/85/2 4043/4912/2
f 55/82/2 4043/4912/2 4045/4915/2
f 53/79/2 55/82/2 4045/4915/2
f 53/79/2 4045/4915/2 4047/4918/2
f 51/76/2 53/79/2 4047/4918/2
f 51/76/2 4047/4918/2 4049/4921/2
f 49/73/2 51/76/2 4049/4921/2
f 49/73/2 4049/4921/2 4051/4924/2
f 47/70/2 49/73/2 4051/4924/2
f 47/70/2 4051/4924/2 4053/4927/2
f 45/67/2 47/70/2 4053/4927/2
f 45/67/2 4053/4927/2 4055/4930/2
f 43/64/2 45/67/2 4055/4930/2
f 43/64/2 4055/4930/2 4057/4933/2
f 42/62/2 43/64/2 4057/4933/2
f 42/62/2 4057/4933/2 4059/4936/2
f 40/59/2 42/62/2 4059/4936/2
f 40/59/2 4059/4936/2 4061/4939/2
f 37/55/2 40/59/2 4061/4939/2
f 37/55/2 4061/4939/2 4063/4942/2
f 35/52/2 37/55/2 4063/4942/2
f 35/52/2 4063/4942/2 4065/4945/2
f 33/49/2 35/52/2 4065/4945/2
f 33/49/2 4065/4945/2 4067/4948/2
f 31/46/2 33/49/2 4067/4948/2
f 31/46/2 4067/4948/2 4069/4951/2
f 29/43/2 31/46/2 4069/4951/2
f 29/43/2 4069/4951/2 4071/4954/2
f 27/40/2 29/43/2 4071/4954/2
f 27/40/2 4071/4954/2 4073/4957/2
f 25/37/2 27/40/2 4073/4957/2
f 25/37/2 4073/4957/2 4075/4960/2
f 23/34/2 25/37/2 4075/4960/2
f 23/34/2 4075/4960/2 4077/4963/2
f 21/31/2 23/34/2 4077/4963/2
f 21/31/2 4077/4963/2 4079/4966/2
f 19/28/2 21/31/2 4079/4966/2
f 19/28/2 4079/4966/2 4081/4969/2
f 17/25/2 19/28/2 4081/4969/2
f 17/25/2 4081/4969/2 4083/4972/2
f 15/22/2 17/25/2 4083/4972/2
f 15/22/2 4083/4972/2 4085/4975/2
f 13/19/2 15/22/2 4085/4975/2
f 13/19/2 4085/4975/2 4087/4978/2
f 11/16/2 13/19/2 4087/4978/2
f 11/16/2 4087/4978/2 4089/4981/2
f 9/13/2 11/16/2 4089/4981/2
f 9/13/2 4089/4981/2 4091/4984/2
f 7/10/2 9/13/2 4091/4984/2
f 7/10/2 4091/4984/2 4093/4987/2
f 6/8/2 7/10/2 4093/4987/2
f 6/8/2 4093/4987/2 4096/4991/2
f 4/5/2 6/8/2 4096/4991/2
f 4/5/2 4096/4991/2 4097/4993/2
f 1/1/2 4/5/2 4097/4993/2
f 1/1/2 4097/4993/2 4100/4997/2
f 511/766/2 1/1/2 4100/4997/2
f 511/766/2 4100/4997/2 4101/4999/2
f 510/764/2 511/766/2 4101/4999/2
f 510/764/2 4101/4999/2 4103/5002/2
f 507/760/2 510/764/2 4103/5002/2
f 507/760/2 4103/5002/2 4105/5005/2
f 506/758/2 507/760/2 4105/5005/2
f 506/758/2 4105/5005/2 4107/5008/2
f 504/755/2 506/758/2 4107/5008/2
f 504/755/2 4107/5008/2 4109/5011/2
f 502/752/2 504/755/2 4109/5011/2
f 502/752/2 4109/5011/2 4111/5014/2
f 499/748/2 502/752/2 4111/5014/2
f 499/748/2 4111/5014/2 4113/5017/2
f 497/745/2 499/748/2 4113/5017/2
f 497/745/2 4113/5017/2 4115/5020/2
f 495/742/2 497/745/2 4115/5020/2
f 495/742/2 4115/5020/2 4117/5023/2
f 493/739/2 495/742/2 4117/5023/2
f 493/739/2 4117/5023/2 4119/5026/2
f 491/736/2 493/739/2 4119/5026/2
f 491/736/2 4119/5026/2 4121/5029/2
f 489/733/2 491/736/2 4121/5029/2
f 489/733/2 4121/5029/2 4123/5032/2
f 487/730/2 489/733/2 4123/5032/2
f 487/730/2 4123/5032/2 4125/5035/2
f 485/727/2 487/730/2 4125/5035/2
f 485/727/2 4125/5035/2 4127/5038/2
f 483/724/2 485/727/2 4127/5038/2
f 483/724/2 4127/5038/2 4129/5041/2
f 481/721/2 483/724/2 4129/5041/2
f 481/721/2 4129/5041/2 4132/5045/2
f 479/718/2 481/721/2 4132/5045/2
f 479/718/2 4132/5045/2 4134/5048/2
f 477/715/2 479/718/2 4134/5048/2
f 477/715/2 4134/5048/2 4136/5051/2
f 475/712/2 477/715/2 4136/5051/2
f 475/712/2 4136/5051/2 4138/5054/2
f 473/709/2 475/712/2 4138/5054/2
f 473/709/2 4138/5054/2 4140/5057/2
f 471/706/2 473/709/2 4140/5057/2
f 471/706/2 4140/5057/2 4142/5060/2
f 469/703/2 471/706/2 4142/5060/2
f 469/703/2 4142/5060/2 4144/5063/2
f 467/700/2 469/703/2 4144/5063/2
f 467/700/2 4144/5063/2 4146/5066/2
f 465/697/2 467/700/2 4146/5066/2
f 465/697/2 4146/5066/2 4147/5068/2
f 463/694/2 465/697/2 4147/5068/2
f 463/694/2 4147/5068/2 4150/5072/2
f 461/691/2 463/694/2 4150/5072/2
f 461/691/2 4150/5072/2 4151/5074/2
f 460/689/2 461/691/2 4151/5074/2
f 460/689/2 4151/5074/2 4153/5077/2
f 457/685/2 460/689/2 4153/5077/2
f 457/685/2 4153/5077/2 4155/5080/2
f 455/682/2 457/685/2 4155/5080/2
f 455/682/2 4155/5080/2 4157/5083/2
f 453/679/2 455/682/2 4157/5083/2
f 453/679/2 4157/5083/2 4160/5087/2
f 451/676/2 453/679/2 4160/5087/2
f 451/676/2 4160/5087/2 4161/5089/2
f 450/674/2 451/676/2 4161/5089/2
f 450/674/2 4161/5089/2 4163/5092/2
f 448/671/2 450/674/2 4163/5092/2
f 448/671/2 4163/5092/2 4165/5095/2
f 446/668/2 448/671/2 4165/5095/2
f 446/668/2 4165/5095/2 4167/5098/2
f 444/665/2 446/668/2 4167/5098/2
f 444/665/2 4167/5098/2 4169/5101/2
f 441/661/2 444/665/2 4169/5101/2
f 441/661/2 4169/5101/2 4171/5104/2
f 440/659/2 441/661/2 4171/5104/2
f 440/659/2 4171/5104/2 4173/5107/2
f 438/656/2 440/659/2 4173/5107/2
f 438/656/2 4173/5107/2 4176/5111/2
f 435/652/2 438/656/2 4176/5111/2
f 435/652/2 4176/5111/2 4178/5114/2
f 433/649/2 435/652/2 4178/5114/2
f 433/649/2 4178/5114/2 4180/5117/2
f 431/646/2 433/649/2 4180/5117/2
f 431/646/2 4180/5117/2 4182/5120/2
f 429/643/2 431/646/2 4182/5120/2
f 429/643/2 4182/5120/2 4184/5123/2
f 427/640/2 429/643/2 4184/5123/2
f 427/640/2 4184/5123/2 4185/5125/2
f 425/637/2 427/640/2 4185/5125/2
f 425/637/2 4185/5125/2 4188/5129/2
f 423/634/2 425/637/2 4188/5129/2
f 423/634/2 4188/5129/2 4190/5132/2
f 421/631/2 423/634/2 4190/5132/2
f 421/631/2 4190/5132/2 4192/5135/2
f 419/628/2 421/631/2 4192/5135/2
f 419/628/2 4192/5135/2 4194/5138/2
f 417/625/2 419/628/2 4194/5138/2
f 417/625/2 4194/5138/2 4196/5141/2
f 415/622/2 417/625/2 4196/5141/2
f 415/622/2 4196/5141/2 4197/5143/2
f 413/619/2 415/622/2 4197/5143/2
f 413/619/2 4197/5143/2 4199/5146/2
f 411/616/2 413/619/2 4199/5146/2
f 411/616/2 4199/5146/2 4201/5149/2
f 409/613/2 411/616/2 4201/5149/2
f 409/613/2 4201/5149/2 4204/5153/2
f 407/610/2 409/613/2 4204/5153/2
f 407/610/2 4204/5153/2 4205/5155/2
f 405/607/2 407/610/2 4205/5155/2
f 405/607/2 4205/5155/2 4207/5158/2
f 403/604/2 405/607/2 4207/5158/2
f 403/604/2 4207/5158/2 4209/5161/2
f 401/601/2 403/604/2 4209/5161/2
f 401/601/2 4209/5161/2 4211/5164/2
f 400/599/2 401/601/2 4211/5164/2
f 400/599/2 4211/5164/2 4213/5167/2
f 398/596/2 400/599/2 4213/5167/2
f 398/596/2 4213/5167/2 4215/5170/2
f 396/593/2 398/596/2 4215/5170/2
f 396/593/2 4215/5170/2 4217/5173/2
f 394/590/2 396/593/2 4217/5173/2
f 394/590/2 4217/5173/2 4219/5176/2
f 391/586/2 394/590/2 4219/5176/2
f 391/586/2 4219/5176/2 4221/5179/2
f 390/584/2 391/586/2 4221/5179/2
f 4224/5183/2 4226/5186/2 2689/3265/2
f 390/584/2 4221/5179/2 4224/5183/2
f 1410/1730/2 385/577/2 387/580/2
f 387/580/2 390/584/2 4224/5183/2
f 4224/5183/2 2689/3265/2 2691/3268/2
f 4224/5183/2 2691/3268/2 2694/3272/2
f 1410/1730/2 387/580/2 4224/5183/2
f 1408/1727/2 1410/1730/2 4224/5183/2
f 4224/5183/2 2694/3272/2 2696/3275/2
f 4224/5183/2 2696/3275/2 2697/3277/2
f 1406/1724/2 1408/1727/2 4224/5183/2
f 1404/1721/2 1406/1724/2 4224/5183/2
f 4224/5183/2 2697/3277/2 2699/3280/2
f 4224/5183/2 2699/3280/2 2701/3283/2
f 1402/1718/2 1404/1721/2 4224/5183/2
f 1400/1715/2 1402/1718/2 4224/5183/2
f 4224/5183/2 2701/3283/2 2703/3286/2
f 4224/5183/2 2703/3286/2 2705/3289/2
f 1398/1712/2 1400/1715/2 4224/5183/2
f 1396/1709/2 1398/1712/2 4224/5183/2
f 4224/5183/2 2705/3289/2 2707/3292/2
f 4224/5183/2 2707/3292/2 2709/3295/2
f 1394/1706/2 1396/1709/2 4224/5183/2
f 1392/1703/2 1394/1706/2 4224/5183/2
f 4224/5183/2 2709/3295/2 2711/3298/2
f 4224/5183/2 2711/3298/2 2713/3301/2
f 1390/1700/2 1392/1703/2 4224/5183/2
f 1388/1697/2 1390/1700/2 4224/5183/2
f 4224/5183/2 2713/3301/2 2716/3305/2
f 4224/5183/2 2716/3305/2 2718/3308/2
f 1386/1694/2 1388/1697/2 4224/5183/2
f 1384/1691/2 1386/1694/2 4224/5183/2
f 4224/5183/2 2718/3308/2 2719/3310/2
f 4224/5183/2 2719/3310/2 2722/3314/2
f 1382/1688/2 1384/1691/2 4224/5183/2
f 1380/1685/2 1382/1688/2 4224/5183/2
f 4224/5183/2 2722/3314/2 2723/3316/2
f 4224/5183/2 2723/3316/2 2725/3319/2
f 1378/1682/2 1380/1685/2 4224/5183/2
f 1375/1678/2 1378/1682/2 4224/5183/2
f 4224/5183/2 2725/3319/2 2727/3322/2
f 4224/5183/2 2727/3322/2 2729/3325/2
f 1373/1675/2 1375/1678/2 4224/5183/2
f 1371/1672/2 1373/1675/2 4224/5183/2
f 4224/5183/2 2729/3325/2 2731/3328/2
f 4224/5183/2 2731/3328/2 2734/3332/2
f 1370/1670/2 1371/1672/2 4224/5183/2
f 1368/1667/2 1370/1670/2 4224/5183/2
f 4224/5183/2 2734/3332/2 2736/3335/2
f 4224/5183/2 2736/3335/2 2737/3337/2
f 1366/1664/2 1368/1667/2 4224/5183/2
f 1364/1661/2 1366/1664/2 4224/5183/2
f 4224/5183/2 2737/3337/2 2740/3341/2
f 4224/5183/2 2740/3341/2 2742/3344/2
f 1362/1658/2 1364/1661/2 4224/5183/2
f 1360/1655/2 1362/1658/2 4224/5183/2
f 4224/5183/2 2742/3344/2 2743/3346/2
f 4224/5183/2 2743/3346/2 2746/3350/2
f 1358/1652/2 1360/1655/2 4224/5183/2
f 1356/1649/2 1358/1652/2 4224/5183/2
f 4224/5183/2 2746/3350/2 2747/3352/2
f 4224/5183/2 2747/3352/2 2749/3355/2
f 1354/1646/2 1356/1649/2 4224/5183/2
f 1352/1643/2 1354/1646/2 4224/5183/2
f 4224/5183/2 2749/3355/2 2751/3358/2
f 4224/5183/2 2751/3358/2 2753/3361/2
f 1350/1640/2 1352/1643/2 4224/5183/2
f 1348/1637/2 1350/1640/2 4224/5183/2
f 4224/5183/2 2753/3361/2 2755/3364/2
f 4224/5183/2 2755/3364/2 2757/3367/2
f 1346/1634/2 1348/1637/2 4224/5183/2
f 1344/1631/2 1346/1634/2 4224/5183/2
f 4224/5183/2 2757/3367/2 2760/3371/2
f 4224/5183/2 2760/3371/2 2761/3373/2
f 1342/1628/2 1344/1631/2 4224/5183/2
f 1340/1625/2 1342/1628/2 4224/5183/2
f 4224/5183/2 2761/3373/2 2763/3376/2
f 4224/5183/2 2763/3376/2 2766/3380/2
f 1338/1622/2 1340/1625/2 4224/5183/2
f 1336/1619/2 1338/1622/2 4224/5183/2
f 4224/5183/2 2766/3380/2 2768/3383/2
f 4224/5183/2 2768/3383/2 2769/3385/2
f 1334/1616/2 1336/1619/2 4224/5183/2
f 1332/1613/2 1334/1616/2 4224/5183/2
f 4224/5183/2 2769/3385/2 2771/3388/2
f 4224/5183/2 2771/3388/2 2773/3391/2
f 1330/1610/2 1332/1613/2 4224/5183/2
f 1328/1607/2 1330/1610/2 4224/5183/2
f 4224/5183/2 2773/3391/2 2775/3394/2
f 4224/5183/2 2775/3394/2 2777/3397/2
f 1326/1604/2 1328/1607/2 4224/5183/2
f 1323/1600/2 1326/1604/2 4224/5183/2
f 4224/5183/2 2777/3397/2 2779/3400/2
f 4224/5183/2 2779/3400/2 2782/3404/2
f 1322/1598/2 1323/1600/2 4224/5183/2
f 1320/1595/2 1322/1598/2 4224/5183/2
f 4224/5183/2 2782/3404/2 2784/3407/2
f 4224/5183/2 2784/3407/2 2786/3410/2
f 1317/1591/2 1320/1595/2 4224/5183/2
f 1315/1588/2 1317/1591/2 4224/5183/2
f 4224/5183/2 2786/3410/2 2787/3412/2
f 4224/5183/2 2787/3412/2 2789/3415/2
f 1313/1585/2 1315/1588/2 4224/5183/2
f 1311/1582/2 1313/1585/2 4224/5183/2
f 4224/5183/2 2789/3415/2 2792/3419/2
f 4224/5183/2 2792/3419/2 2793/3421/2
f 1309/1579/2 1311/1582/2 4224/5183/2
f 1307/1576/2 1309/1579/2 4224/5183/2
f 4224/5183/2 2793/3421/2 2795/3424/2
f 4224/5183/2 2795/3424/2 2797/3427/2
f 1305/1573/2 1307/1576/2 4224/5183/2
f 1303/1570/2 1305/1573/2 4224/5183/2
f 4224/5183/2 2797/3427/2 2799/3430/2
f 4224/5183/2 2799/3430/2 2801/3433/2
f 1301/1567/2 1303/1570/2 4224/5183/2
f 1299/1564/2 1301/1567/2 4224/5183/2
f 4224/5183/2 2801/3433/2 2803/3436/2
f 4224/5183/2 2803/3436/2 2805/3439/2
f 1298/1562/2 1299/1564/2 4224/5183/2
f 1295/1558/2 1298/1562/2 4224/5183/2
f 1295/1558/2 4224/5183/2 2805/3439/2
f 1293/1555/2 1295/1558/2 2805/3439/2
f 1293/1555/2 2805/3439/2 2807/3442/2
f 1291/1552/2 1293/1555/2 2807/3442/2
f 1291/1552/2 2807/3442/2 2810/3446/2
f 1289/1549/2 1291/1552/2 2810/3446/2
f 1289/1549/2 2810/3446/2 2811/3448/2
f 1287/1546/2 1289/1549/2 2811/3448/2
f 1287/1546/2 2811/3448/2 2813/3451/2
f 1285/1543/2 1287/1546/2 2813/3451/2
f 1285/1543/2 2813/3451/2 2815/3454/2
f 1283/1540/2 1285/1543/2 2815/3454/2
f 1283/1540/2 2815/3454/2 2817/3457/2
f 1282/1538/2 1283/1540/2 2817/3457/2
f 1282/1538/2 2817/3457/2 2819/3460/2
f 1792/2303/2 1282/1538/2 2819/3460/2
f 1792/2303/2 2819/3460/2 2821/3463/2
f 1790/2300/2 1792/2303/2 2821/3463/2
f 1790/2300/2 2821/3463/2 2823/3466/2
f 1788/2297/2 1790/2300/2 2823/3466/2
f 1788/2297/2 2823/3466/2 2825/3469/2
f 1786/2294/2 1788/2297/2 2825/3469/2
f 1786/2294/2 2825/3469/2 2827/3472/2
f 1783/2290/2 1786/2294/2 2827/3472/2
f 1783/2290/2 2827/3472/2 2829/3475/2
f 1781/2287/2 1783/2290/2 2829/3475/2
f 1781/2287/2 2829/3475/2 2831/3478/2
f 1779/2284/2 1781/2287/2 2831/3478/2
f 1779/2284/2 2831/3478/2 2833/3481/2
f 1777/2281/2 1779/2284/2 2833/3481/2
f 1777/2281/2 2833/3481/2 2835/3484/2
f 1775/2278/2 1777/2281/2 2835/3484/2
f 1775/2278/2 2835/3484/2 2837/3487/2
f 1774/2276/2 1775/2278/2 2837/3487/2
f 1774/2276/2 2837/3487/2 2839/3490/2
f 1771/2272/2 1774/2276/2 2839/3490/2
f 1771/2272/2 2839/3490/2 2841/3493/2
f 1769/2269/2 1771/2272/2 2841/3493/2
f 1769/2269/2 2841/3493/2 2844/3497/2
f 1768/2267/2 1769/2269/2 2844/3497/2
f 1768/2267/2 2844/3497/2 2845/3499/2
f 1766/2264/2 1768/2267/2 2845/3499/2
f 1766/2264/2 2845/3499/2 2847/3502/2
f 1764/2261/2 1766/2264/2 2847/3502/2
f 1764/2261/2 2847/3502/2 2849/3505/2
f 1761/2257/2 1764/2261/2 2849/3505/2
f 1761/2257/2 2849/3505/2 2852/3509/2
f 1759/2254/2 1761/2257/2 2852/3509/2
f 1759/2254/2 2852/3509/2 2854/3512/2
f 1757/2251/2 1759/2254/2 2854/3512/2
f 1757/2251/2 2854/3512/2 2856/3515/2
f 1755/2248/2 1757/2251/2 2856/3515/2
f 1755/2248/2 2856/3515/2 2858/3518/2
f 1753/2245/2 1755/2248/2 2858/3518/2
f 1753/2245/2 2858/3518/2 2860/3521/2
f 1751/2242/2 1753/2245/2 2860/3521/2
f 1751/2242/2 2860/3521/2 2862/3524/2
f 1749/2239/2 1751/2242/2 2862/3524/2
f 1749/2239/2 2862/3524/2 2864/3527/2
f 1748/2237/2 1749/2239/2 2864/3527/2
f 1748/2237/2 2864/3527/2 2866/3530/2
f 1746/2234/2 1748/2237/2 2866/3530/2
f 1746/2234/2 2866/3530/2 2868/3533/2
f 1744/2231/2 1746/2234/2 2868/3533/2
f 1744/2231/2 2868/3533/2 2870/3536/2
f 1742/2228/2 1744/2231/2 2870/3536/2
f 1742/2228/2 2870/3536/2 2872/3539/2
f 1740/2225/2 1742/2228/2 2872/3539/2
f 1740/2225/2 2872/3539/2 2874/3542/2
f 1738/2222/2 1740/2225/2 2874/3542/2
f 1738/2222/2 2874/3542/2 2876/3545/2
f 1736/2219/2 1738/2222/2 2876/3545/2
f 1736/2219/2 2876/3545/2 2877/3547/2
f 1734/2216/2 1736/2219/2 2877/3547/2
f 1734/2216/2 2877/3547/2 2879/3550/2
f 1732/2213/2 1734/2216/2 2879/3550/2
f 1732/2213/2 2879/3550/2 2881/3553/2
f 1729/2209/2 1732/2213/2 2881/3553/2
f 1729/2209/2 2881/3553/2 2883/3556/2
f 1727/2206/2 1729/2209/2 2883/3556/2
f 1727/2206/2 2883/3556/2 2885/3559/2
f 1726/2204/2 1727/2206/2 2885/3559/2
f 1726/2204/2 2885/3559/2 2887/3562/2
f 1723/2200/2 1726/2204/2 2887/3562/2
f 1723/2200/2 2887/3562/2 2890/3566/2
f 1722/2198/2 1723/2200/2 2890/3566/2
f 1722/2198/2 2890/3566/2 2891/3568/2
f 1720/2195/2 1722/2198/2 2891/3568/2
f 1720/2195/2 2891/3568/2 2893/3571/2
f 1718/2192/2 1720/2195/2 2893/3571/2
f 1718/2192/2 2893/3571/2 2895/3574/2
f 1715/2188/2 1718/2192/2 2895/3574/2
f 1715/2188/2 2895/3574/2 2897/3577/2
f 1713/2185/2 1715/2188/2 2897/3577/2
f 1713/2185/2 2897/3577/2 2899/3580/2
f 1711/2182/2 1713/2185/2 2899/3580/2
f 1711/2182/2 2899/3580/2 2901/3583/2
f 1709/2179/2 1711/2182/2 2901/3583/2
f 1709/2179/2 2901/3583/2 2903/3586/2
f 1707/2176/2 1709/2179/2 2903/3586/2
f 1707/2176/2 2903/3586/2 2905/3589/2
f 1705/2173/2 1707/2176/2 2905/3589/2
f 1705/2173/2 2905/3589/2 2907/3592/2
f 1703/2170/2 1705/2173/2 2907/3592/2
f 1703/2170/2 2907/3592/2 2910/3596/2
f 1701/2167/2 1703/2170/2 2910/3596/2
f 1701/2167/2 2910/3596/2 2912/3599/2
f 1699/2164/2 1701/2167/2 2912/3599/2
f 1699/2164/2 2912/3599/2 2914/3602/2
f 1697/2161/2 1699/2164/2 2914/3602/2
f 1697/2161/2 2914/3602/2 2915/3604/2
f 1696/2159/2 1697/2161/2 2915/3604/2
f 1696/2159/2 2915/3604/2 2918/3608/2
f 1693/2155/2 1696/2159/2 2918/3608/2
f 1693/2155/2 2918/3608/2 2920/3611/2
f 1691/2152/2 1693/2155/2 2920/3611/2
f 1691/2152/2 2920/3611/2 2922/3614/2
f 1689/2149/2 1691/2152/2 2922/3614/2
f 1689/2149/2 2922/3614/2 2924/3617/2
f 1687/2146/2 1689/2149/2 2924/3617/2
f 1687/2146/2 2924/3617/2 2925/3619/2
f 1685/2143/2 1687/2146/2 2925/3619/2
f 1685/2143/2 2925/3619/2 2927/3622/2
f 1683/2140/2 1685/2143/2 2927/3622/2
f 1683/2140/2 2927/3622/2 2929/3625/2
f 1681/2137/2 1683/2140/2 2929/3625/2
f 1681/2137/2 2929/3625/2 2931/3628/2
f 1679/2134/2 1681/2137/2 2931/3628/2
f 1679/2134/2 2931/3628/2 2933/3631/2
f 1677/2131/2 1679/2134/2 2933/3631/2
f 1677/2131/2 2933/3631/2 2935/3634/2
f 1675/2128/2 1677/2131/2 2935/3634/2
f 1675/2128/2 2935/3634/2 2937/3637/2
f 1673/2125/2 1675/2128/2 2937/3637/2
f 1673/2125/2 2937/3637/2 2939/3640/2
f 1671/2122/2 1673/2125/2 2939/3640/2
f 1671/2122/2 2939/3640/2 2941/3643/2
f 1669/2119/2 1671/2122/2 2941/3643/2
f 1669/2119/2 2941/3643/2 2943/3646/2
f 1668/2117/2 1669/2119/2 2943/3646/2
f 1668/2117/2 2943/3646/2 2946/3650/2
f 1665/2113/2 1668/2117/2 2946/3650/2
f 519/775/2 1594/2006/2 1595/2008/2
f 772/1028/2 773/1029/2 519/775/2
f 767/1023/2 769/1025/2 772/1028/2
f 763/1019/2 765/1021/2 767/1023/2
f 760/1016/2 761/1017/2 763/1019/2
f 756/1012/2 758/1014/2 760/1016/2
f 751/1007/2 753/1009/2 756/1012/2
f 748/1004/2 750/1006/2 751/1007/2
f 743/999/2 745/1001/2 748/1004/2
f 739/995/2 741/997/2 743/999/2
f 735/991/2 737/993/2 739/995/2
f 731/987/2 733/989/2 735/991/2
f 728/984/2 730/986/2 731/987/2
f 724/980/2 725/981/2 728/984/2
f 720/976/2 722/978/2 724/980/2
f 716/972/2 718/974/2 720/976/2
f 712/968/2 714/970/2 716/972/2
f 708/964/2 710/966/2 712/968/2
f 703/959/2 706/962/2 708/964/2
f 699/955/2 701/957/2 703/959/2
f 695/951/2 697/953/2 699/955/2
f 692/948/2 693/949/2 695/951/2
f 688/944/2 690/946/2 692/948/2
f 684/940/2 686/942/2 688/944/2
f 680/936/2 681/937/2 684/940/2
f 676/932/2 678/934/2 680/936/2
f 672/928/2 673/929/2 676/932/2
f 668/924/2 670/926/2 672/928/2
f 664/920/2 666/922/2 668/924/2
f 660/916/2 662/918/2 664/920/2
f 656/912/2 657/913/2 660/916/2
f 652/908/2 654/910/2 656/912/2
f 647/903/2 649/905/2 652/908/2
f 643/899/2 646/902/2 647/903/2
f 639/895/2 641/897/2 643/899/2
f 635/891/2 637/893/2 639/895/2
f 631/887/2 633/889/2 635/891/2
f 628/884/2 630/886/2 631/887/2
f 624/880/2 625/881/2 628/884/2
f 619/875/2 622/878/2 624/880/2
f 615/871/2 617/873/2 619/875/2
f 611/867/2 614/870/2 615/871/2
f 607/863/2 609/865/2 611/867/2
f 603/859/2 605/861/2 607/863/2
f 599/855/2 601/857/2 603/859/2
f 595/851/2 597/853/2 599/855/2
f 591/847/2 593/849/2 595/851/2
f 588/844/2 589/845/2 591/847/2
f 583/839/2 585/841/2 588/844/2
f 580/836/2 582/838/2 583/839/2
f 576/832/2 578/834/2 580/836/2
f 572/828/2 574/830/2 576/832/2
f 568/824/2 570/826/2 572/828/2
f 563/819/2 565/821/2 568/824/2
f 560/816/2 561/817/2 563/819/2
f 555/811/2 557/813/2 560/816/2
f 552/808/2 553/809/2 555/811/2
f 547/803/2 549/805/2 552/808/2
f 544/800/2 545/801/2 547/803/2
f 540/796/2 542/798/2 544/800/2
f 536/792/2 538/794/2 540/796/2
f 532/788/2 534/790/2 536/792/2
f 528/784/2 530/786/2 532/788/2
f 524/780/2 526/782/2 528/784/2
f 518/774/2 522/778/2 524/780/2
f 1028/1284/2 777/1033/2 518/774/2
f 1026/1282/2 1027/1283/2 1028/1284/2
f 1023/1279/2 1025/1281/2 1026/1282/2
f 1020/1276/2 1021/1277/2 1023/1279/2
f 1015/1271/2 1018/1274/2 1020/1276/2
f 1011/1267/2 1013/1269/2 1015/1271/2
f 1008/1264/2 1010/1266/2 1011/1267/2
f 1004/1260/2 1005/1261/2 1008/1264/2
f 999/1255/2 1001/1257/2 1004/1260/2
f 995/1251/2 997/1253/2 999/1255/2
f 991/1247/2 993/1249/2 995/1251/2
f 987/1243/2 990/1246/2 991/1247/2
f 983/1239/2 985/1241/2 987/1243/2
f 979/1235/2 981/1237/2 983/1239/2
f 975/1231/2 977/1233/2 979/1235/2
f 971/1227/2 973/1229/2 975/1231/2
f 968/1224/2 970/1226/2 971/1227/2
f 964/1220/2 966/1222/2 968/1224/2
f 960/1216/2 962/1218/2 964/1220/2
f 956/1212/2 958/1214/2 960/1216/2
f 952/1208/2 954/1210/2 956/1212/2
f 948/1204/2 950/1206/2 952/1208/2
f 944/1200/2 946/1202/2 948/1204/2
f 940/1196/2 942/1198/2 944/1200/2
f 936/1192/2 938/1194/2 940/1196/2
f 931/1187/2 933/1189/2 936/1192/2
f 927/1183/2 929/1185/2 931/1187/2
f 923/1179/2 925/1181/2 927/1183/2
f 920/1176/2 921/1177/2 923/1179/2
f 916/1172/2 918/1174/2 920/1176/2
f 912/1168/2 914/1170/2 916/1172/2
f 908/1164/2 910/1166/2 912/1168/2
f 904/1160/2 906/1162/2 908/1164/2
f 900/1156/2 902/1158/2 904/1160/2
f 896/1152/2 898/1154/2 900/1156/2
f 892/1148/2 894/1150/2 896/1152/2
f 888/1144/2 890/1146/2 892/1148/2
f 883/1139/2 886/1142/2 888/1144/2
f 879/1135/2 881/1137/2 883/1139/2
f 875/1131/2 877/1133/2 879/1135/2
f 871/1127/2 874/1130/2 875/1131/2
f 867/1123/2 869/1125/2 871/1127/2
f 863/1119/2 865/1121/2 867/1123/2
f 860/1116/2 861/1117/2 863/1119/2
f 855/1111/2 857/1113/2 860/1116/2
f 851/1107/2 853/1109/2 855/1111/2
f 847/1103/2 849/1105/2 851/1107/2
f 844/1100/2 846/1102/2 847/1103/2
f 840/1096/2 842/1098/2 844/1100/2
f 835/1091/2 838/1094/2 840/1096/2
f 831/1087/2 833/1089/2 835/1091/2
f 827/1083/2 829/1085/2 831/1087/2
f 823/1079/2 826/1082/2 827/1083/2
f 819/1075/2 821/1077/2 823/1079/2
f 816/1072/2 818/1074/2 819/1075/2
f 812/1068/2 814/1070/2 816/1072/2
f 807/1063/2 809/1065/2 812/1068/2
f 803/1059/2 805/1061/2 807/1063/2
f 799/1055/2 802/1058/2 803/1059/2
f 796/1052/2 798/1054/2 799/1055/2
f 792/1048/2 794/1050/2 796/1052/2
f 788/1044/2 790/1046/2 792/1048/2
f 784/1040/2 786/1042/2 788/1044/2
f 779/1035/2 782/1038/2 784/1040/2
f 3017/3757/2 776/1032/2 779/1035/2
f 3015/3754/2 3017/3757/2 779/1035/2
f 779/1035/2 784/1040/2 788/1044/2
f 788/1044/2 792/1048/2 796/1052/2
f 796/1052/2 799/1055/2 803/1059/2
f 803/1059/2 807/1063/2 812/1068/2
f 812/1068/2 816/1072/2 819/1075/2
f 819/1075/2 823/1079/2 827/1083/2
f 827/1083/2 831/1087/2 835/1091/2
f 835/1091/2 840/1096/2 844/1100/2
f 844/1100/2 847/1103/2 851/1107/2
f 851/1107/2 855/1111/2 860/1116/2
f 860/1116/2 863/1119/2 867/1123/2
f 867/1123/2 871/1127/2 875/1131/2
f 875/1131/2 879/1135/2 883/1139/2
f 883/1139/2 888/1144/2 892/1148/2
f 892/1148/2 896/1152/2 900/1156/2
f 900/1156/2 904/1160/2 908/1164/2
f 908/1164/2 912/1168/2 916/1172/2
f 916/1172/2 920/1176/2 923/1179/2
f 923/1179/2 927/1183/2 931/1187/2
f 931/1187/2 936/1192/2 940/1196/2
f 940/1196/2 944/1200/2 948/1204/2
f 948/1204/2 952/1208/2 956/1212/2
f 956/1212/2 960/1216/2 964/1220/2
f 964/1220/2 968/1224/2 971/1227/2
f 971/1227/2 975/1231/2 979/1235/2
f 979/1235/2 983/1239/2 987/1243/2
f 987/1243/2 991/1247/2 995/1251/2
f 995/1251/2 999/1255/2 1004/1260/2
f 1004/1260/2 1008/1264/2 1011/1267/2
f 1011/1267/2 1015/1271/2 1020/1276/2
f 1020/1276/2 1023/1279/2 1026/1282/2
f 1026/1282/2 1028/1284/2 518/774/2
f 518/774/2 524/780/2 528/784/2
f 528/784/2 532/788/2 536/792/2
f 536/792/2 540/796/2 544/800/2
f 544/800/2 547/803/2 552/808/2
f 552/808/2 555/811/2 560/816/2
f 560/816/2 563/819/2 568/824/2
f 568/824/2 572/828/2 576/832/2
f 576/832/2 580/836/2 583/839/2
f 583/839/2 588/844/2 591/847/2
f 591/847/2 595/851/2 599/855/2
f 599/855/2 603/859/2 607/863/2
f 607/863/2 611/867/2 615/871/2
f 615/871/2 619/875/2 624/880/2
f 624/880/2 628/884/2 631/887/2
f 631/887/2 635/891/2 639/895/2
f 639/895/2 643/899/2 647/903/2
f 647/903/2 652/908/2 656/912/2
f 656/912/2 660/916/2 664/920/2
f 664/920/2 668/924/2 672/928/2
f 672/928/2 676/932/2 680/936/2
f 680/936/2 684/940/2 688/944/2
f 688/944/2 692/948/2 695/951/2
f 695/951/2 699/955/2 703/959/2
f 703/959/2 708/964/2 712/968/2
f 712/968/2 716/972/2 720/976/2
f 720/976/2 724/980/2 728/984/2
f 728/984/2 731/987/2 735/991/2
f 735/991/2 739/995/2 743/999/2
f 743/999/2 748/1004/2 751/1007/2
f 751/1007/2 756/1012/2 760/1016/2
f 760/1016/2 763/1019/2 767/1023/2
f 767/1023/2 772/1028/2 519/775/2
f 519/775/2 1595/2008/2 1597/2011/2
f 519/775/2 1597/2011/2 1599/2014/2
f 760/1016/2 767/1023/2 519/775/2
f 743/999/2 751/1007/2 760/1016/2
f 728/984/2 735/991/2 743/999/2
f 712/968/2 720/976/2 728/984/2
f 695/951/2 703/959/2 712/968/2
f 680/936/2 688/944/2 695/951/2
f 664/920/2 672/928/2 680/936/2
f 647/903/2 656/912/2 664/920/2
f 631/887/2 639/895/2 647/903/2
f 615/871/2 624/880/2 631/887/2
f 599/855/2 607/863/2 615/871/2
f 583/839/2 591/847/2 599/855/2
f 568/824/2 576/832/2 583/839/2
f 552/808/2 560/816/2 568/824/2
f 536/792/2 544/800/2 552/808/2
f 518/774/2 528/784/2 536/792/2
f 1020/1276/2 1026/1282/2 518/774/2
f 1004/1260/2 1011/1267/2 1020/1276/2
f 987/1243/2 995/1251/2 1004/1260/2
f 971/1227/2 979/1235/2 987/1243/2
f 956/1212/2 964/1220/2 971/1227/2
f 940/1196/2 948/1204/2 956/1212/2
f 923/1179/2 931/1187/2 940/1196/2
f 908/1164/2 916/1172/2 923/1179/2
f 892/1148/2 900/1156/2 908/1164/2
f 875/1131/2 883/1139/2 892/1148/2
f 860/1116/2 867/1123/2 875/1131/2
f 844/1100/2 851/1107/2 860/1116/2
f 827/1083/2 835/1091/2 844/1100/2
f 812/1068/2 819/1075/2 827/1083/2
f 796/1052/2 803/1059/2 812/1068/2
f 779/1035/2 788/1044/2 796/1052/2
f 3013/3751/2 3015/3754/2 779/1035/2
f 3011/3748/2 3013/3751/2 779/1035/2
f 779/1035/2 796/1052/2 812/1068/2
f 812/1068/2 827/1083/2 844/1100/2
f 844/1100/2 860/1116/2 875/1131/2
f 875/1131/2 892/1148/2 908/1164/2
f 908/1164/2 923/1179/2 940/1196/2
f 940/1196/2 956/1212/2 971/1227/2
f 971/1227/2 987/1243/2 1004/1260/2
f 1004/1260/2 1020/1276/2 518/774/2
f 518/774/2 536/792/2 552/808/2
f 552/808/2 568/824/2 583/839/2
f 583/839/2 599/855/2 615/871/2
f 615/871/2 631/887/2 647/903/2
f 647/903/2 664/920/2 680/936/2
f 680/936/2 695/951/2 712/968/2
f 712/968/2 728/984/2 743/999/2
f 743/999/2 760/1016/2 519/775/2
f 519/775/2 1599/2014/2 1601/2017/2
f 519/775/2 1601/2017/2 1603/2020/2
f 712/968/2 743/999/2 519/775/2
f 647/903/2 680/936/2 712/968/2
f 583/839/2 615/871/2 647/903/2
f 518/774/2 552/808/2 583/839/2
f 971/1227/2 1004/1260/2 518/774/2
f 908/1164/2 940/1196/2 971/1227/2
f 844/1100/2 875/1131/2 908/1164/2
f 779/1035/2 812/1068/2 844/1100/2
f 3009/3745/2 3011/3748/2 779/1035/2
f 3007/3742/2 3009/3745/2 779/1035/2
f 779/1035/2 844/1100/2 908/1164/2
f 908/1164/2 971/1227/2 518/774/2
f 518/774/2 583/839/2 647/903/2
f 647/903/2 712/968/2 519/775/2
f 519/775/2 1603/2020/2 1605/2023/2
f 519/775/2 1605/2023/2 1608/2027/2
f 518/774/2 647/903/2 519/775/2
f 779/1035/2 908/1164/2 518/774/2
f 3005/3739/2 3007/3742/2 779/1035/2
f 3003/3736/2 3005/3739/2 779/1035/2
f 779/1035/2 518/774/2 519/775/2
f 519/775/2 1608/2027/2 1609/2029/2
f 519/775/2 1609/2029/2 1611/2032/2
f 3001/3733/2 3003/3736/2 779/1035/2
f 3000/3731/2 3001/3733/2 779/1035/2
f 519/775/2 1611/2032/2 1613/2035/2
f 519/775/2 1613/2035/2 1615/2038/2
f 2998/3728/2 3000/3731/2 779/1035/2
f 2996/3725/2 2998/3728/2 779/1035/2
f 519/775/2 1615/2038/2 1617/2041/2
f 519/775/2 1617/2041/2 1619/2044/2
f 2994/3722/2 2996/3725/2 779/1035/2
f 2991/3718/2 2994/3722/2 779/1035/2
f 519/775/2 1619/2044/2 1621/2047/2
f 519/775/2 1621/2047/2 1623/2050/2
f 2990/3716/2 2991/3718/2 779/1035/2
f 2988/3713/2 2990/3716/2 779/1035/2
f 519/775/2 1623/2050/2 1625/2053/2
f 519/775/2 1625/2053/2 1627/2056/2
f 2986/3710/2 2988/3713/2 779/1035/2
f 2983/3706/2 2986/3710/2 779/1035/2
f 519/775/2 1627/2056/2 1629/2059/2
f 519/775/2 1629/2059/2 1631/2062/2
f 2982/3704/2 2983/3706/2 779/1035/2
f 2979/3700/2 2982/3704/2 779/1035/2
f 519/775/2 1631/2062/2 1634/2066/2
f 519/775/2 1634/2066/2 1636/2069/2
f 2977/3697/2 2979/3700/2 779/1035/2
f 2976/3695/2 2977/3697/2 779/1035/2
f 519/775/2 1636/2069/2 1638/2072/2
f 519/775/2 1638/2072/2 1640/2075/2
f 2973/3691/2 2976/3695/2 779/1035/2
f 2972/3689/2 2973/3691/2 779/1035/2
f 519/775/2 1640/2075/2 1642/2078/2
f 519/775/2 1642/2078/2 1644/2081/2
f 2969/3685/2 2972/3689/2 779/1035/2
f 2968/3683/2 2969/3685/2 779/1035/2
f 519/775/2 1644/2081/2 1646/2084/2
f 519/775/2 1646/2084/2 1647/2086/2
f 2966/3680/2 2968/3683/2 779/1035/2
f 2964/3677/2 2966/3680/2 779/1035/2
f 519/775/2 1647/2086/2 1649/2089/2
f 519/775/2 1649/2089/2 1651/2092/2
f 2962/3674/2 2964/3677/2 779/1035/2
f 2959/3670/2 2962/3674/2 779/1035/2
f 519/775/2 1651/2092/2 1653/2095/2
f 519/775/2 1653/2095/2 1655/2098/2
f 2957/3667/2 2959/3670/2 779/1035/2
f 2955/3664/2 2957/3667/2 779/1035/2
f 519/775/2 1655/2098/2 1657/2101/2
f 519/775/2 1657/2101/2 1659/2104/2
f 2953/3661/2 2955/3664/2 779/1035/2
f 2951/3658/2 2953/3661/2 779/1035/2
f 519/775/2 1659/2104/2 1661/2107/2
f 519/775/2 1661/2107/2 1663/2110/2
f 2949/3655/2 2951/3658/2 779/1035/2
f 2947/3652/2 2949/3655/2 779/1035/2
f 779/1035/2 519/775/2 1663/2110/2
f 779/1035/2 1663/2110/2 1665/2113/2
f 2946/3650/2 2947/3652/2 779/1035/2
f 3896/4691/2 3898/4694/2 262/393/2
f 776/1032/2 3017/3757/2 3020/3761/2
f 776/1032/2 3020/3761/2 3021/3763/2
f 3894/4688/2 3896/4691/2 262/393/2
f 3892/4685/2 3894/4688/2 262/393/2
f 776/1032/2 3021/3763/2 3023/3766/2
f 776/1032/2 3023/3766/2 3025/3769/2
f 3889/4681/2 3892/4685/2 262/393/2
f 3888/4679/2 3889/4681/2 262/393/2
f 776/1032/2 3025/3769/2 3027/3772/2
f 776/1032/2 3027/3772/2 3029/3775/2
f 3885/4675/2 3888/4679/2 262/393/2
f 3884/4673/2 3885/4675/2 262/393/2
f 776/1032/2 3029/3775/2 3031/3778/2
f 776/1032/2 3031/3778/2 3033/3781/2
f 3882/4670/2 3884/4673/2 262/393/2
f 3880/4667/2 3882/4670/2 262/393/2
f 776/1032/2 3033/3781/2 3035/3784/2
f 776/1032/2 3035/3784/2 3037/3787/2
f 3878/4664/2 3880/4667/2 262/393/2
f 3876/4661/2 3878/4664/2 262/393/2
f 776/1032/2 3037/3787/2 3039/3790/2
f 776/1032/2 3039/3790/2 3041/3793/2
f 3874/4658/2 3876/4661/2 262/393/2
f 3872/4655/2 3874/4658/2 262/393/2
f 776/1032/2 3041/3793/2 3043/3796/2
f 776/1032/2 3043/3796/2 3045/3799/2
f 3869/4651/2 3872/4655/2 262/393/2
f 3868/4649/2 3869/4651/2 262/393/2
f 776/1032/2 3045/3799/2 3047/3802/2
f 776/1032/2 3047/3802/2 3049/3805/2
f 3865/4645/2 3868/4649/2 262/393/2
f 3863/4642/2 3865/4645/2 262/393/2
f 776/1032/2 3049/3805/2 3051/3808/2
f 776/1032/2 3051/3808/2 3053/3811/2
f 3861/4639/2 3863/4642/2 262/393/2
f 3859/4636/2 3861/4639/2 262/393/2
f 776/1032/2 3053/3811/2 3055/3814/2
f 776/1032/2 3055/3814/2 3057/3817/2
f 3857/4633/2 3859/4636/2 262/393/2
f 3855/4630/2 3857/4633/2 262/393/2
f 776/1032/2 3057/3817/2 3059/3820/2
f 776/1032/2 3059/3820/2 3061/3823/2
f 3853/4627/2 3855/4630/2 262/393/2
f 3851/4624/2 3853/4627/2 262/393/2
f 776/1032/2 3061/3823/2 3063/3826/2
f 776/1032/2 3063/3826/2 3066/3830/2
f 3849/4621/2 3851/4624/2 262/393/2
f 3847/4618/2 3849/4621/2 262/393/2
f 776/1032/2 3066/3830/2 3067/3832/2
f 776/1032/2 3067/3832/2 3069/3835/2
f 3845/4615/2 3847/4618/2 262/393/2
f 3843/4612/2 3845/4615/2 262/393/2
f 262/393/2 776/1032/2 3069/3835/2
f 262/393/2 3069/3835/2 3072/3839/2
f 3841/4609/2 3843/4612/2 262/393/2
f 4352/5375/2 3841/4609/2 262/393/2
f 262/393/2 3072/3839/2 2561/3073/2
f 262/393/2 2561/3073/2 2563/3076/2
f 4350/5372/2 4352/5375/2 262/393/2
f 4347/5368/2 4350/5372/2 262/393/2
f 262/393/2 2563/3076/2 2565/3079/2
f 262/393/2 2565/3079/2 2568/3083/2
f 4345/5365/2 4347/5368/2 262/393/2
f 4344/5363/2 4345/5365/2 262/393/2
f 262/393/2 2568/3083/2 2569/3085/2
f 262/393/2 2569/3085/2 2571/3088/2
f 4342/5360/2 4344/5363/2 262/393/2
f 4340/5357/2 4342/5360/2 262/393/2
f 262/393/2 2571/3088/2 2574/3092/2
f 262/393/2 2574/3092/2 2576/3095/2
f 4338/5354/2 4340/5357/2 262/393/2
f 4336/5351/2 4338/5354/2 262/393/2
f 262/393/2 2576/3095/2 2578/3098/2
f 262/393/2 2578/3098/2 2580/3101/2
f 4334/5348/2 4336/5351/2 262/393/2
f 4331/5344/2 4334/5348/2 262/393/2
f 262/393/2 2580/3101/2 2582/3104/2
f 262/393/2 2582/3104/2 2584/3107/2
f 4330/5342/2 4331/5344/2 262/393/2
f 4327/5338/2 4330/5342/2 262/393/2
f 262/393/2 2584/3107/2 2586/3110/2
f 262/393/2 2586/3110/2 2587/3112/2
f 4327/5338/2 262/393/2 2587/3112/2
f 4327/5338/2 2587/3112/2 2590/3116/2
f 4326/5336/2 4327/5338/2 2590/3116/2
f 4326/5336/2 2590/3116/2 2592/3119/2
f 4323/5332/2 4326/5336/2 2592/3119/2
f 4323/5332/2 2592/3119/2 2594/3122/2
f 4321/5329/2 4323/5332/2 2594/3122/2
f 4321/5329/2 2594/3122/2 2595/3124/2
f 4319/5326/2 4321/5329/2 2595/3124/2
f 4319/5326/2 2595/3124/2 2598/3128/2
f 4317/5323/2 4319/5326/2 2598/3128/2
f 4317/5323/2 2598/3128/2 2600/3131/2
f 4315/5320/2 4317/5323/2 2600/3131/2
f 4315/5320/2 2600/3131/2 2602/3134/2
f 4313/5317/2 4315/5320/2 2602/3134/2
f 4313/5317/2 2602/3134/2 2604/3137/2
f 4311/5314/2 4313/5317/2 2604/3137/2
f 4311/5314/2 2604/3137/2 2606/3140/2
f 4309/5311/2 4311/5314/2 2606/3140/2
f 4309/5311/2 2606/3140/2 2607/3142/2
f 4308/5309/2 4309/5311/2 2607/3142/2
f 4308/5309/2 2607/3142/2 2609/3145/2
f 4306/5306/2 4308/5309/2 2609/3145/2
f 4306/5306/2 2609/3145/2 2611/3148/2
f 4304/5303/2 4306/5306/2 2611/3148/2
f 4304/5303/2 2611/3148/2 2614/3152/2
f 4301/5299/2 4304/5303/2 2614/3152/2
f 4301/5299/2 2614/3152/2 2615/3154/2
f 4299/5296/2 4301/5299/2 2615/3154/2
f 4299/5296/2 2615/3154/2 2617/3157/2
f 4297/5293/2 4299/5296/2 2617/3157/2
f 4297/5293/2 2617/3157/2 2619/3160/2
f 4295/5290/2 4297/5293/2 2619/3160/2
f 4295/5290/2 2619/3160/2 2621/3163/2
f 4294/5288/2 4295/5290/2 2621/3163/2
f 4294/5288/2 2621/3163/2 2623/3166/2
f 4292/5285/2 4294/5288/2 2623/3166/2
f 4292/5285/2 2623/3166/2 2625/3169/2
f 4289/5281/2 4292/5285/2 2625/3169/2
f 4289/5281/2 2625/3169/2 2628/3173/2
f 4288/5279/2 4289/5281/2 2628/3173/2
f 4288/5279/2 2628/3173/2 2630/3176/2
f 4285/5275/2 4288/5279/2 2630/3176/2
f 4285/5275/2 2630/3176/2 2632/3179/2
f 4283/5272/2 4285/5275/2 2632/3179/2
f 4283/5272/2 2632/3179/2 2634/3182/2
f 4281/5269/2 4283/5272/2 2634/3182/2
f 4281/5269/2 2634/3182/2 2636/3185/2
f 4279/5266/2 4281/5269/2 2636/3185/2
f 4279/5266/2 2636/3185/2 2637/3187/2
f 4278/5264/2 4279/5266/2 2637/3187/2
f 4278/5264/2 2637/3187/2 2639/3190/2
f 4276/5261/2 4278/5264/2 2639/3190/2
f 4276/5261/2 2639/3190/2 2641/3193/2
f 4274/5258/2 4276/5261/2 2641/3193/2
f 4274/5258/2 2641/3193/2 2643/3196/2
f 4272/5255/2 4274/5258/2 2643/3196/2
f 4272/5255/2 2643/3196/2 2645/3199/2
f 4270/5252/2 4272/5255/2 2645/3199/2
f 4270/5252/2 2645/3199/2 2648/3203/2
f 4267/5248/2 4270/5252/2 2648/3203/2
f 4267/5248/2 2648/3203/2 2650/3206/2
f 4265/5245/2 4267/5248/2 2650/3206/2
f 4265/5245/2 2650/3206/2 2651/3208/2
f 4263/5242/2 4265/5245/2 2651/3208/2
f 4263/5242/2 2651/3208/2 2654/3212/2
f 4261/5239/2 4263/5242/2 2654/3212/2
f 4261/5239/2 2654/3212/2 2656/3215/2
f 4259/5236/2 4261/5239/2 2656/3215/2
f 4259/5236/2 2656/3215/2 2657/3217/2
f 4257/5233/2 4259/5236/2 2657/3217/2
f 4257/5233/2 2657/3217/2 2660/3221/2
f 4255/5230/2 4257/5233/2 2660/3221/2
f 4255/5230/2 2660/3221/2 2661/3223/2
f 4253/5227/2 4255/5230/2 2661/3223/2
f 4253/5227/2 2661/3223/2 2664/3227/2
f 4251/5224/2 4253/5227/2 2664/3227/2
f 4251/5224/2 2664/3227/2 2666/3230/2
f 4249/5221/2 4251/5224/2 2666/3230/2
f 4249/5221/2 2666/3230/2 2668/3233/2
f 4247/5218/2 4249/5221/2 2668/3233/2
f 4247/5218/2 2668/3233/2 2670/3236/2
f 4245/5215/2 4247/5218/2 2670/3236/2
f 4245/5215/2 2670/3236/2 2672/3239/2
f 4243/5212/2 4245/5215/2 2672/3239/2
f 4243/5212/2 2672/3239/2 2674/3242/2
f 4241/5209/2 4243/5212/2 2674/3242/2
f 4241/5209/2 2674/3242/2 2675/3244/2
f 4239/5206/2 4241/5209/2 2675/3244/2
f 4239/5206/2 2675/3244/2 2678/3248/2
f 4237/5203/2 4239/5206/2 2678/3248/2
f 4237/5203/2 2678/3248/2 2680/3251/2
f 4235/5200/2 4237/5203/2 2680/3251/2
f 4235/5200/2 2680/3251/2 2682/3254/2
f 4233/5197/2 4235/5200/2 2682/3254/2
f 4233/5197/2 2682/3254/2 2684/3257/2
f 4232/5195/2 4233/5197/2 2684/3257/2
f 4232/5195/2 2684/3257/2 2686/3260/2
f 4230/5192/2 4232/5195/2 2686/3260/2
f 2688/3263/2 2689/3265/2 4226/5186/2
f 4230/5192/2 2686/3260/2 2688/3263/2
f 2688/3263/2 4226/5186/2 4227/5188/2
f 1591/2002/2 1594/2006/2 519/775/2
f 2/3/2 202/302/2 204/305/2
f 2/3/2 204/305/2 205/307/2
f 1589/1999/2 1591/2002/2 519/775/2
f 1587/1996/2 1589/1999/2 519/775/2
f 2/3/2 205/307/2 208/311/2
f 2/3/2 208/311/2 210/314/2
f 1586/1994/2 1587/1996/2 519/775/2
f 1584/1991/2 1586/1994/2 519/775/2
f 2/3/2 210/314/2 211/316/2
f 2/3/2 211/316/2 214/320/2
f 1582/1988/2 1584/1991/2 519/775/2
f 1580/1985/2 1582/1988/2 519/775/2
f 2/3/2 214/320/2 216/323/2
f 2/3/2 216/323/2 218/326/2
f 1577/1981/2 1580/1985/2 519/775/2
f 1576/1979/2 1577/1981/2 519/775/2
f 2/3/2 218/326/2 219/328/2
f 2/3/2 219/328/2 221/331/2
f 1573/1975/2 1576/1979/2 519/775/2
f 1571/1972/2 1573/1975/2 519/775/2
f 2/3/2 221/331/2 223/334/2
f 2/3/2 223/334/2 226/338/2
f 1569/1969/2 1571/1972/2 519/775/2
f 1567/1966/2 1569/1969/2 519/775/2
f 2/3/2 226/338/2 227/340/2
f 2/3/2 227/340/2 229/343/2
f 1565/1963/2 1567/1966/2 519/775/2
f 1564/1961/2 1565/1963/2 519/775/2
f 2/3/2 229/343/2 231/346/2
f 2/3/2 231/346/2 233/349/2
f 1562/1958/2 1564/1961/2 519/775/2
f 1560/1955/2 1562/1958/2 519/775/2
f 2/3/2 233/349/2 235/352/2
f 2/3/2 235/352/2 237/355/2
f 1557/1951/2 1560/1955/2 519/775/2
f 1556/1949/2 1557/1951/2 519/775/2
f 2/3/2 237/355/2 239/358/2
f 2/3/2 239/358/2 241/361/2
f 1553/1945/2 1556/1949/2 519/775/2
f 1552/1943/2 1553/1945/2 519/775/2
f 2/3/2 241/361/2 244/365/2
f 2/3/2 244/365/2 246/368/2
f 1550/1940/2 1552/1943/2 519/775/2
f 1547/1936/2 1550/1940/2 519/775/2
f 2/3/2 246/368/2 248/371/2
f 2/3/2 248/371/2 250/374/2
f 1546/1934/2 1547/1936/2 519/775/2
f 1544/1931/2 1546/1934/2 519/775/2
f 2/3/2 250/374/2 252/377/2
f 2/3/2 252/377/2 253/379/2
f 1541/1927/2 1544/1931/2 519/775/2
f 1539/1924/2 1541/1927/2 519/775/2
f 519/775/2 2/3/2 253/379/2
f 519/775/2 253/379/2 255/382/2
f 1538/1922/2 1539/1924/2 519/775/2
f 1536/1919/2 1538/1922/2 519/775/2
f 519/775/2 255/382/2 257/385/2
f 519/775/2 257/385/2 259/388/2
f 1534/1916/2 1536/1919/2 519/775/2
f 1531/1912/2 1534/1916/2 519/775/2
f 519/775/2 259/388/2 261/391/2
f 519/775/2 261/391/2 263/394/2
f 1530/1910/2 1531/1912/2 519/775/2
f 1528/1907/2 1530/1910/2 519/775/2
f 519/775/2 263/394/2 265/397/2
f 519/775/2 265/397/2 267/400/2
f 1526/1904/2 1528/1907/2 519/775/2
f 1523/1900/2 1526/1904/2 519/775/2
f 519/775/2 267/400/2 269/403/2
f 519/775/2 269/403/2 271/406/2
f 1521/1897/2 1523/1900/2 519/775/2
f 1519/1894/2 1521/1897/2 519/775/2
f 519/775/2 271/406/2 273/409/2
f 519/775/2 273/409/2 275/412/2
f 1517/1891/2 1519/1894/2 519/775/2
f 1516/1889/2 1517/1891/2 519/775/2
f 519/775/2 275/412/2 277/415/2
f 519/775/2 277/415/2 280/419/2
f 1513/1885/2 1516/1889/2 519/775/2
f 1511/1882/2 1513/1885/2 519/775/2
f 519/775/2 280/419/2 282/422/2
f 519/775/2 282/422/2 283/424/2
f 1511/1882/2 519/775/2 283/424/2
f 1511/1882/2 283/424/2 285/427/2
f 1509/1879/2 1511/1882/2 285/427/2
f 1509/1879/2 285/427/2 287/430/2
f 1507/1876/2 1509/1879/2 287/430/2
f 1507/1876/2 287/430/2 289/433/2
f 1505/1873/2 1507/1876/2 289/433/2
f 1505/1873/2 289/433/2 291/436/2
f 1503/1870/2 1505/1873/2 291/436/2
f 1503/1870/2 291/436/2 293/439/2
f 1502/1868/2 1503/1870/2 293/439/2
f 1502/1868/2 293/439/2 295/442/2
f 1500/1865/2 1502/1868/2 295/442/2
f 1500/1865/2 295/442/2 297/445/2
f 1497/1861/2 1500/1865/2 297/445/2
f 1497/1861/2 297/445/2 300/449/2
f 1495/1858/2 1497/1861/2 300/449/2
f 1495/1858/2 300/449/2 302/452/2
f 1494/1856/2 1495/1858/2 302/452/2
f 1494/1856/2 302/452/2 304/455/2
f 1492/1853/2 1494/1856/2 304/455/2
f 1492/1853/2 304/455/2 306/458/2
f 1490/1850/2 1492/1853/2 306/458/2
f 1490/1850/2 306/458/2 308/461/2
f 1488/1847/2 1490/1850/2 308/461/2
f 1488/1847/2 308/461/2 309/463/2
f 1486/1844/2 1488/1847/2 309/463/2
f 1486/1844/2 309/463/2 312/467/2
f 1484/1841/2 1486/1844/2 312/467/2
f 1484/1841/2 312/467/2 313/469/2
f 1482/1838/2 1484/1841/2 313/469/2
f 1482/1838/2 313/469/2 316/473/2
f 1480/1835/2 1482/1838/2 316/473/2
f 1480/1835/2 316/473/2 318/476/2
f 1478/1832/2 1480/1835/2 318/476/2
f 1478/1832/2 318/476/2 319/478/2
f 1476/1829/2 1478/1832/2 319/478/2
f 1476/1829/2 319/478/2 321/481/2
f 1474/1826/2 1476/1829/2 321/481/2
f 1474/1826/2 321/481/2 323/484/2
f 1472/1823/2 1474/1826/2 323/484/2
f 1472/1823/2 323/484/2 325/487/2
f 1469/1819/2 1472/1823/2 325/487/2
f 1469/1819/2 325/487/2 327/490/2
f 1468/1817/2 1469/1819/2 327/490/2
f 1468/1817/2 327/490/2 330/494/2
f 1465/1813/2 1468/1817/2 330/494/2
f 1465/1813/2 330/494/2 332/497/2
f 1463/1810/2 1465/1813/2 332/497/2
f 1463/1810/2 332/497/2 333/499/2
f 1462/1808/2 1463/1810/2 333/499/2
f 1462/1808/2 333/499/2 335/502/2
f 1459/1804/2 1462/1808/2 335/502/2
f 1459/1804/2 335/502/2 337/505/2
f 1458/1802/2 1459/1804/2 337/505/2
f 1458/1802/2 337/505/2 339/508/2
f 1456/1799/2 1458/1802/2 339/508/2
f 1456/1799/2 339/508/2 341/511/2
f 1454/1796/2 1456/1799/2 341/511/2
f 1454/1796/2 341/511/2 343/514/2
f 1452/1793/2 1454/1796/2 343/514/2
f 1452/1793/2 343/514/2 345/517/2
f 1449/1789/2 1452/1793/2 345/517/2
f 1449/1789/2 345/517/2 347/520/2
f 1448/1787/2 1449/1789/2 347/520/2
f 1448/1787/2 347/520/2 349/523/2
f 1446/1784/2 1448/1787/2 349/523/2
f 1446/1784/2 349/523/2 351/526/2
f 1444/1781/2 1446/1784/2 351/526/2
f 1444/1781/2 351/526/2 353/529/2
f 1442/1778/2 1444/1781/2 353/529/2
f 1442/1778/2 353/529/2 355/532/2
f 1440/1775/2 1442/1778/2 355/532/2
f 1440/1775/2 355/532/2 357/535/2
f 1438/1772/2 1440/1775/2 357/535/2
f 1438/1772/2 357/535/2 360/539/2
f 1435/1768/2 1438/1772/2 360/539/2
f 1435/1768/2 360/539/2 362/542/2
f 1433/1765/2 1435/1768/2 362/542/2
f 1433/1765/2 362/542/2 364/545/2
f 1431/1762/2 1433/1765/2 364/545/2
f 1431/1762/2 364/545/2 366/548/2
f 1429/1759/2 1431/1762/2 366/548/2
f 1429/1759/2 366/548/2 368/551/2
f 1428/1757/2 1429/1759/2 368/551/2
f 1428/1757/2 368/551/2 370/554/2
f 1425/1753/2 1428/1757/2 370/554/2
f 1425/1753/2 370/554/2 372/557/2
f 1423/1750/2 1425/1753/2 372/557/2
f 1423/1750/2 372/557/2 373/559/2
f 1421/1747/2 1423/1750/2 373/559/2
f 1421/1747/2 373/559/2 375/562/2
f 1419/1744/2 1421/1747/2 375/562/2
f 1419/1744/2 375/562/2 377/565/2
f 1417/1741/2 1419/1744/2 377/565/2
f 1417/1741/2 377/565/2 379/568/2
f 1416/1739/2 1417/1741/2 379/568/2
f 1416/1739/2 379/568/2 381/571/2
f 1413/1735/2 1416/1739/2 381/571/2
f 383/574/2 385/577/2 1410/1730/2
f 1413/1735/2 381/571/2 383/574/2
f 383/574/2 1410/1730/2 1411/1732/2
f 4229/5191/2047 2491/3003/2047 2490/3002/2047
f 4228/5190/4 2490/3002/4 2489/3001/4
f 4225/5185/5 2489/3001/5 2488/3000/5
f 4223/5182/2048 2488/3000/2048 2487/2999/2048
f 4222/5181/2049 2487/2999/2049 2486/2998/2049
f 4220/5178/8 2486/2998/8 2485/2997/8
f 4218/5175/1270 2485/2997/1270 2484/2996/1270
f 4216/5172/10 2484/2996/10 2483/2995/10
f 4214/5169/2050 2483/2995/2050 2482/2994/2050
f 4212/5166/12 2482/2994/12 2481/2993/12
f 4210/5163/2051 2481/2993/2051 2480/2992/2051
f 4208/5160/1262 2480/2992/1262 2479/2991/1262
f 4206/5157/15 2479/2991/15 2478/2990/15
f 4203/5152/2052 2478/2990/2052 2477/2989/2052
f 4202/5151/17 2477/2989/17 2476/2988/17
f 4200/5148/2053 2476/2988/2053 2475/2987/2053
f 4198/5145/2054 2475/2987/2054 2474/2986/2054
f 4195/5140/20 2474/2986/20 2473/2985/20
f 4193/5137/2055 2473/2985/2055 2472/2984/2055
f 4191/5134/2056 2472/2984/2056 2471/2983/2056
f 4189/5131/23 2471/2983/23 2470/2982/23
f 4187/5128/24 2470/2982/24 2469/2981/24
f 4186/5127/25 2469/2981/25 2468/2980/25
f 4183/5122/26 2468/2980/26 2467/2979/26
f 4181/5119/2057 2467/2979/2057 2466/2978/2057
f 4179/5116/28 2466/2978/28 2465/2977/28
f 4177/5113/29 2465/2977/29 2464/2976/29
f 4175/5110/30 2464/2976/30 2463/2975/30
f 4174/5109/31 2463/2975/31 2462/2974/31
f 4172/5106/2058 2462/2974/2058 2461/2973/2058
f 4170/5103/33 2461/2973/33 2460/2972/33
f 4168/5100/34 2460/2972/34 2459/2971/34
f 4166/5097/35 2459/2971/35 2458/2970/35
f 4164/5094/36 2458/2970/36 2457/2969/36
f 4162/5091/37 2457/2969/37 2456/2968/37
f 4159/5086/2059 2456/2968/2059 2455/2967/2059
f 4158/5085/39 2455/2967/39 2454/2966/39
f 4156/5082/2060 2454/2966/2060 2453/2965/2060
f 4154/5079/41 2453/2965/41 2452/2964/41
f 4152/5076/2061 2452/2964/2061 2451/2963/2061
f 4149/5071/43 2451/2963/43 2450/2962/43
f 4148/5070/44 2450/2962/44 2449/2961/44
f 4145/5065/45 2449/2961/45 2448/2960/45
f 4143/5062/46 2448/2960/46 2447/2959/46
f 4141/5059/47 2447/2959/47 2446/2958/47
f 4139/5056/48 2446/2958/48 2445/2957/48
f 4137/5053/49 2445/2957/49 2444/2956/49
f 4133/5047/50 2443/2955/50 2442/2954/50
f 4131/5044/51 2442/2954/51 2441/2953/51
f 4130/5043/52 2441/2953/52 2440/2952/52
f 4128/5040/53 2440/2952/53 2439/2951/53
f 4126/5037/54 2439/2951/54 2438/2950/54
f 4124/5034/55 2438/2950/55 2437/2949/55
f 4122/5031/56 2437/2949/56 2436/2948/56
f 4120/5028/1222 2436/2948/1222 2435/2947/1222
f 4118/5025/58 2435/2947/58 2434/2946/58
f 4116/5022/1219 2434/2946/1219 2433/2945/1219
f 4114/5019/60 2433/2945/60 2432/2944/60
f 4112/5016/1217 2432/2944/1217 2431/2943/1217
f 4110/5013/62 2431/2943/62 2430/2942/62
f 4108/5010/63 2430/2942/63 2429/2941/63
f 4106/5007/64 2429/2941/64 2428/2940/64
f 4104/5004/65 2428/2940/65 2427/2939/65
f 4102/5001/66 2427/2939/66 2426/2938/66
f 4099/4996/1213 2426/2938/1213 2425/2937/1213
f 4098/4995/68 2425/2937/68 2424/2936/68
f 4095/4990/69 2424/2936/69 2423/2935/69
f 4094/4989/70 2423/2935/70 2422/2934/70
f 4092/4986/71 2422/2934/71 2421/2933/71
f 4090/4983/1209 2421/2933/1209 2420/2932/1209
f 4088/4980/73 2420/2932/73 2419/2931/73
f 4086/4977/74 2419/2931/74 2418/2930/74
f 4084/4974/75 2418/2930/75 2417/2929/75
f 4082/4971/1205 2417/2929/1205 2416/2928/1205
f 4080/4968/77 2416/2928/77 2415/2927/77
f 4078/4965/2062 2415/2927/2062 2414/2926/2062
f 4076/4962/79 2414/2926/79 2413/2925/79
f 4074/4959/2063 2413/2925/2063 2412/2924/2063
f 4072/4956/2064 2412/2924/2064 2411/2923/2064
f 4070/4953/82 2411/2923/82 2410/2922/82
f 4068/4950/1200 2410/2922/1200 2409/2921/1200
f 4066/4947/84 2409/2921/84 2408/2920/84
f 4064/4944/2065 2408/2920/2065 2407/2919/2065
f 4062/4941/2066 2407/2919/2066 2406/2918/2066
f 4060/4938/87 2406/2918/87 2405/2917/87
f 4058/4935/2067 2405/2917/2067 2404/2916/2067
f 4056/4932/89 2404/2916/89 2403/2915/89
f 4054/4929/2068 2403/2915/2068 2402/2914/2068
f 4052/4926/91 2402/2914/91 2401/2913/91
f 4050/4923/2069 2401/2913/2069 2400/2912/2069
f 4048/4920/2070 2400/2912/2070 2399/2911/2070
f 4046/4917/94 2399/2911/94 2398/2910/94
f 4044/4914/95 2398/2910/95 2397/2909/95
f 4042/4911/1193 2397/2909/1193 2396/2908/1193
f 4040/4908/97 2396/2908/97 2395/2907/97
f 4038/4905/98 2395/2907/98 2394/2906/98
f 4036/4902/2071 2394/2906/2071 2393/2905/2071
f 4033/4897/2072 2393/2905/2072 2392/2904/2072
f 4031/4894/101 2392/2904/101 2391/2903/101
f 4029/4891/2073 2391/2903/2073 2390/2902/2073
f 4027/4888/1185 2390/2902/1185 2389/2901/1185
f 4025/4885/104 2389/2901/104 2388/2900/104
f 4023/4882/105 2388/2900/105 2387/2899/105
f 4021/4879/106 2387/2899/106 2386/2898/106
f 4019/4876/1180 2386/2898/1180 2385/2897/1180
f 4017/4873/1179 2385/2897/1179 2384/2896/1179
f 4015/4870/2074 2384/2896/2074 2383/2895/2074
f 4013/4867/2075 2383/2895/2075 2382/2894/2075
f 4011/4864/2076 2382/2894/2076 2381/2893/2076
f 4009/4861/2077 2381/2893/2077 2380/2892/2077
f 4007/4858/113 2380/2892/113 2379/2891/113
f 4005/4855/2078 2379/2891/2078 2378/2890/2078
f 4003/4852/1169 2378/2890/1169 2377/2889/1169
f 4001/4849/2079 2377/2889/2079 2376/2888/2079
f 3999/4846/1166 2376/2888/1166 2375/2887/1166
f 3997/4843/2080 2375/2887/2080 2374/2886/2080
f 3995/4840/2081 2374/2886/2081 2373/2885/2081
f 3993/4837/2082 2373/2885/2082 2372/2884/2082
f 3991/4834/2083 2372/2884/2083 2371/2883/2083
f 3989/4831/2084 2371/2883/2084 2370/2882/2084
f 3987/4828/123 2370/2882/123 2369/2881/123
f 3986/4827/2085 2369/2881/2085 2368/2880/2085
f 3984/4824/2086 2368/2880/2086 2367/2879/2086
f 3982/4821/2087 2367/2879/2087 2366/2878/2087
f 3979/4816/127 2366/2878/127 2365/2877/127
f 3978/4815/128 2365/2877/128 2364/2876/128
f 3976/4812/129 2364/2876/129 2363/2875/129
f 3974/4809/130 2363/2875/130 2362/2874/130
f 3972/4806/1147 2362/2874/1147 2361/2873/1147
f 3970/4803/132 2361/2873/132 2360/2872/132
f 3967/4798/1142 2360/2872/1142 2359/2871/1142
f 3966/4797/134 2359/2871/134 2358/2870/134
f 3964/4794/135 2358/2870/135 2357/2869/135
f 3961/4789/136 2357/2869/136 2356/2868/136
f 3959/4786/137 2356/2868/137 2355/2867/137
f 3957/4783/138 2355/2867/138 2354/2866/138
f 3956/4782/1131 2354/2866/1131 2353/2865/1131
f 3953/4777/1129 2353/2865/1129 2352/2864/1129
f 3951/4774/2088 2352/2864/2088 2351/2863/2088
f 3949/4771/1125 2351/2863/1125 2350/2862/1125
f 3948/4770/143 2350/2862/143 2349/2861/143
f 3945/4765/144 2349/2861/144 2348/2860/144
f 3943/4762/145 2348/2860/145 2347/2859/145
f 3942/4761/1116 2347/2859/1116 2346/2858/1116
f 3940/4758/147 2346/2858/147 2345/2857/147
f 3937/4753/2089 2345/2857/2089 2344/2856/2089
f 3935/4750/149 2344/2856/149 2343/2855/149
f 3934/4749/2090 2343/2855/2090 2342/2854/2090
f 3931/4744/2091 2342/2854/2091 2341/2853/2091
f 3930/4743/2092 2341/2853/2092 2340/2852/2092
f 3928/4740/153 2340/2852/153 2339/2851/153
f 3926/4737/2093 2339/2851/2093 2338/2850/2093
f 3924/4734/155 2338/2850/155 2337/2849/155
f 3921/4729/2094 2337/2849/2094 2336/2848/2094
f 3919/4726/2095 2336/2848/2095 2335/2847/2095
f 3917/4723/2096 2335/2847/2096 2334/2846/2096
f 3915/4720/2097 2334/2846/2097 2333/2845/2097
f 3913/4717/2098 2333/2845/2098 2332/2844/2098
f 3911/4714/2099 2332/2844/2099 2331/2843/2099
f 3909/4711/2100 2331/2843/2100 2330/2842/2100
f 3907/4708/2101 2330/2842/2101 2329/2841/2101
f 3905/4705/164 2329/2841/164 2328/2840/164
f 3903/4702/165 2328/2840/165 2327/2839/165
f 3901/4699/2102 2327/2839/2102 2326/2838/2102
f 3899/4696/167 2326/2838/167 2325/2837/167
f 3897/4693/168 2325/2837/168 2324/2836/168
f 3895/4690/169 2324/2836/169 2323/2835/169
f 3893/4687/170 2323/2835/170 2322/2834/170
f 3891/4684/2103 2322/2834/2103 2321/2833/2103
f 3890/4683/2104 2321/2833/2104 2320/2832/2104
f 3887/4678/173 2320/2832/173 2319/2831/173
f 3886/4677/2105 2319/2831/2105 2318/2830/2105
f 3883/4672/175 2318/2830/175 2317/2829/175
f 3881/4669/2106 2317/2829/2106 2316/2828/2106
f 3879/4666/1051 2316/2828/1051 2315/2827/1051
f 3875/4660/2107 2314/2826/2107 2313/2825/2107
f 3873/4657/2108 2313/2825/2108 2312/2824/2108
f 3871/4654/180 2312/2824/180 2311/2823/180
f 3870/4653/1042 2311/2823/1042 2310/2822/1042
f 3867/4648/182 2310/2822/182 2309/2821/182
f 3866/4647/1039 2309/2821/1039 2308/2820/1039
f 3864/4644/2109 2308/2820/2109 2307/2819/2109
f 3862/4641/185 2307/2819/185 2306/2818/185
f 3860/4638/186 2306/2818/186 2305/2817/186
f 3858/4635/187 2305/2817/187 2303/2815/187
f 3856/4632/188 2303/2815/188 2302/2814/188
f 3854/4629/2110 2302/2814/2110 2300/2812/2110
f 3852/4626/190 2300/2812/190 2298/2810/190
f 3850/4623/191 2298/2810/191 2296/2808/191
f 3848/4620/2111 2296/2808/2111 2294/2806/2111
f 3846/4617/2112 2294/2806/2112 2292/2804/2112
f 3844/4614/2113 2292/2804/2113 2290/2802/2113
f 3842/4611/2114 2290/2802/2114 2288/2800/2114
f 3840/4608/2115 2288/2800/2115 2285/2797/2115
f 3839/4607/1301 2285/2797/1301 2283/2795/1301
f 3838/4606/2116 2283/2795/2116 2282/2794/2116
f 3837/4605/1298 2282/2794/1298 2280/2792/1298
f 3836/4604/200 2280/2792/200 2278/2790/200
f 3835/4603/2117 2278/2790/2117 2276/2788/2117
f 3834/4602/202 2276/2788/202 2274/2786/202
f 3833/4601/1291 2274/2786/1291 2272/2784/1291
f 3832/4600/2118 2272/2784/2118 2270/2782/2118
f 3831/4599/2119 2270/2782/2119 2267/2779/2119
f 3830/4598/206 2267/2779/206 2265/2777/206
f 3829/4597/2120 2265/2777/2120 2263/2775/2120
f 3828/4596/2121 2263/2775/2121 2262/2774/2121
f 3827/4595/209 2262/2774/209 2259/2771/209
f 3826/4594/210 2259/2771/210 2258/2770/210
f 3825/4593/211 2258/2770/211 2256/2768/211
f 3824/4592/212 2256/2768/212 2254/2766/212
f 3823/4591/2122 2254/2766/2122 2252/2764/2122
f 3822/4590/2123 2252/2764/2123 2249/2761/2123
f 3821/4589/1271 2249/2761/1271 2248/2760/1271
f 3820/4588/2124 2248/2760/2124 2246/2758/2124
f 3819/4587/217 2246/2758/217 2244/2756/217
f 3818/4586/218 2244/2756/218 2242/2754/218
f 3817/4585/219 2242/2754/219 2240/2752/219
f 3816/4584/220 2240/2752/220 2238/2750/220
f 3815/4583/221 2238/2750/221 2235/2747/221
f 3814/4582/2125 2235/2747/2125 2233/2745/2125
f 3813/4581/223 2233/2745/223 2231/2743/223
f 3812/4580/1257 2231/2743/1257 2229/2741/1257
f 3811/4579/225 2229/2741/225 2228/2740/225
f 3810/4578/226 2228/2740/226 2226/2738/226
f 3809/4577/2126 2226/2738/2126 2224/2736/2126
f 3808/4576/2127 2224/2736/2127 2222/2734/2127
f 3807/4575/1250 2222/2734/1250 2220/2732/1250
f 3806/4574/2128 2220/2732/2128 2217/2729/2128
f 3805/4573/2129 2217/2729/2129 2216/2728/2129
f 3804/4572/1246 2216/2728/1246 2213/2725/1246
f 3803/4571/2130 2213/2725/2130 2212/2724/2130
f 3802/4570/2131 2212/2724/2131 2210/2722/2131
f 3801/4569/2132 2210/2722/2132 2207/2719/2132
f 3800/4568/1243 2207/2719/1243 2206/2718/1243
f 3799/4567/1241 2206/2718/1241 2204/2716/1241
f 3798/4566/2133 2204/2716/2133 2202/2714/2133
f 3797/4565/2134 2202/2714/2134 2200/2712/2134
f 3796/4564/2135 2200/2712/2135 2197/2709/2135
f 3795/4563/2136 2197/2709/2136 2196/2708/2136
f 3794/4562/242 2196/2708/242 2193/2705/242
f 3793/4561/1237 2193/2705/1237 2191/2703/1237
f 3792/4560/2137 2191/2703/2137 2190/2702/2137
f 3791/4559/2138 2190/2702/2138 2187/2699/2138
f 3790/4558/2139 2187/2699/2139 2185/2697/2139
f 3789/4557/2140 2185/2697/2140 2184/2696/2140
f 3788/4556/2141 2184/2696/2141 2182/2694/2141
f 3787/4555/249 2182/2694/249 2179/2691/249
f 3786/4554/250 2179/2691/250 2177/2689/250
f 3690/4458/1134 1988/2500/1134 1990/2502/1134
f 3785/4553/252 2177/2689/252 2175/2687/252
f 3689/4457/253 1986/2498/253 1988/2500/253
f 3784/4552/1231 2175/2687/1231 2173/2685/1231
f 3688/4456/255 1983/2495/255 1986/2498/255
f 3783/4551/2142 2173/2685/2142 2171/2683/2142
f 3687/4455/257 1981/2493/257 1983/2495/257
f 3782/4550/258 2171/2683/258 2170/2682/258
f 3686/4454/259 1979/2491/259 1981/2493/259
f 3781/4549/2143 2170/2682/2143 2168/2680/2143
f 3685/4453/261 1978/2490/261 1979/2491/261
f 3780/4548/2144 2168/2680/2144 2165/2677/2144
f 3684/4452/1123 1976/2488/1123 1978/2490/1123
f 3779/4547/264 2165/2677/264 2164/2676/264
f 3683/4451/265 1973/2485/265 1976/2488/265
f 3778/4546/266 2164/2676/266 2162/2674/266
f 3682/4450/1117 1971/2483/1117 1973/2485/1117
f 3777/4545/2145 2162/2674/2145 2159/2671/2145
f 3681/4449/269 1969/2481/269 1971/2483/269
f 3776/4544/270 2159/2671/270 2158/2670/270
f 3680/4448/271 1968/2480/271 1969/2481/271
f 3775/4543/272 2158/2670/272 2155/2667/272
f 3679/4447/1109 1965/2477/1109 1968/2480/1109
f 3774/4542/2146 2155/2667/2146 2153/2665/2146
f 3678/4446/2147 1963/2475/2147 1965/2477/2147
f 3773/4541/2148 2153/2665/2148 2151/2663/2148
f 3677/4445/2149 1961/2473/2149 1963/2475/2149
f 3772/4540/278 2151/2663/278 2149/2661/278
f 3676/4444/2150 1959/2471/2150 1961/2473/2150
f 3771/4539/1220 2149/2661/1220 2148/2660/1220
f 3675/4443/1100 1957/2469/1100 1959/2471/1100
f 3770/4538/282 2148/2660/282 2145/2657/282
f 3674/4442/2151 1956/2468/2151 1957/2469/2151
f 3769/4537/2152 2145/2657/2152 2143/2655/2152
f 3673/4441/2153 1953/2465/2153 1956/2468/2153
f 3768/4536/286 2143/2655/286 2142/2654/286
f 3672/4440/2154 1952/2464/2154 1953/2465/2154
f 3767/4535/2155 2142/2654/2155 2139/2651/2155
f 3671/4439/2156 1949/2461/2156 1952/2464/2156
f 3766/4534/1215 2139/2651/1215 2137/2649/1215
f 3670/4438/2157 1947/2459/2157 1949/2461/2157
f 3765/4533/292 2137/2649/292 2136/2648/292
f 3669/4437/2158 1946/2458/2158 1947/2459/2158
f 3764/4532/2159 2136/2648/2159 2133/2645/2159
f 3668/4436/1085 1944/2456/1085 1946/2458/1085
f 3763/4531/296 2133/2645/296 2132/2644/296
f 3667/4435/2160 1942/2454/2160 1944/2456/2160
f 3762/4530/2161 2132/2644/2161 2129/2641/2161
f 3666/4434/1081 1940/2452/1081 1942/2454/1081
f 3761/4529/2162 2129/2641/2162 2128/2640/2162
f 3665/4433/2163 1937/2449/2163 1940/2452/2163
f 3760/4528/302 2128/2640/302 2125/2637/302
f 3664/4432/303 1936/2448/303 1937/2449/303
f 3759/4527/2164 2125/2637/2164 2124/2636/2164
f 3663/4431/2165 1933/2445/2165 1936/2448/2165
f 3758/4526/2166 2124/2636/2166 2122/2634/2166
f 3662/4430/2167 1931/2443/2167 1933/2445/2167
f 3757/4525/308 2122/2634/308 2120/2632/308
f 3661/4429/2168 1929/2441/2168 1931/2443/2168
f 3756/4524/310 2120/2632/310 2118/2630/310
f 3660/4428/2169 1927/2439/2169 1929/2441/2169
f 3755/4523/312 2118/2630/312 2116/2628/312
f 3659/4427/1067 1925/2437/1067 1927/2439/1067
f 3754/4522/314 2116/2628/314 2114/2626/314
f 3658/4426/1066 1923/2435/1066 1925/2437/1066
f 3753/4521/2170 2114/2626/2170 2112/2624/2170
f 3657/4425/317 1921/2433/317 1923/2435/317
f 3752/4520/318 2112/2624/318 2109/2621/318
f 3656/4424/319 1920/2432/319 1921/2433/319
f 3751/4519/320 2109/2621/320 2108/2620/320
f 3655/4423/321 1917/2429/321 1920/2432/321
f 3750/4518/322 2108/2620/322 2106/2618/322
f 3654/4422/2171 1916/2428/2171 1917/2429/2171
f 3749/4517/324 2106/2618/324 2104/2616/324
f 3653/4421/2172 1914/2426/2172 1916/2428/2172
f 3748/4516/2173 2104/2616/2173 2102/2614/2173
f 3652/4420/327 1911/2423/327 1914/2426/327
f 3747/4515/328 2102/2614/328 2100/2612/328
f 3651/4419/2174 1909/2421/2174 1911/2423/2174
f 3746/4514/330 2100/2612/330 2098/2610/330
f 3650/4418/1049 1907/2419/1049 1909/2421/1049
f 3745/4513/332 2098/2610/332 2096/2608/332
f 3649/4417/333 1905/2417/333 1907/2419/333
f 3744/4512/334 2096/2608/334 2094/2606/334
f 3648/4416/335 1904/2416/335 1905/2417/335
f 3743/4511/336 2094/2606/336 2092/2604/336
f 3647/4415/1043 1902/2414/1043 1904/2416/1043
f 3742/4510/2175 2092/2604/2175 2089/2601/2175
f 3646/4414/339 1899/2411/339 1902/2414/339
f 3741/4509/340 2089/2601/340 2088/2600/340
f 3645/4413/341 1898/2410/341 1899/2411/341
f 3740/4508/2176 2088/2600/2176 2085/2597/2176
f 3644/4412/2177 1895/2407/2177 1898/2410/2177
f 3739/4507/344 2085/2597/344 2084/2596/344
f 3643/4411/2178 1894/2406/2178 1895/2407/2178
f 3738/4506/2179 2084/2596/2179 2081/2593/2179
f 3642/4410/1 1891/2403/1 1894/2406/1
f 3737/4505/347 2081/2593/347 2079/2591/347
f 3641/4409/2180 1889/2401/2180 1891/2403/2180
f 3736/4504/349 2079/2591/349 2077/2589/349
f 3640/4408/350 1888/2400/350 1889/2401/350
f 3735/4503/351 2077/2589/351 2076/2588/351
f 3639/4407/2181 1886/2398/2181 1888/2400/2181
f 3734/4502/353 2076/2588/353 2073/2585/353
f 3638/4406/354 1883/2395/354 1886/2398/354
f 3733/4501/355 2073/2585/355 2071/2583/355
f 3637/4405/2182 1882/2394/2182 1883/2395/2182
f 3732/4500/357 2071/2583/357 2070/2582/357
f 3636/4404/2183 1880/2392/2183 1882/2394/2183
f 3731/4499/359 2070/2582/359 2067/2579/359
f 3635/4403/360 1878/2390/360 1880/2392/360
f 3728/4496/1189 2063/2575/1189 2065/2577/1189
f 3634/4402/1310 1876/2388/1310 1878/2390/1310
f 3727/4495/2184 2062/2574/2184 2063/2575/2184
f 3633/4401/364 1874/2386/364 1876/2388/364
f 3726/4494/365 2059/2571/365 2062/2574/365
f 3632/4400/1305 1872/2384/1305 1874/2386/1305
f 3725/4493/2185 2058/2570/2185 2059/2571/2185
f 3631/4399/1302 1869/2381/1302 1872/2384/1302
f 3724/4492/369 2055/2567/369 2058/2570/369
f 3630/4398/370 1868/2380/370 1869/2381/370
f 3723/4491/2186 2053/2565/2186 2055/2567/2186
f 3629/4397/2187 1866/2378/2187 1868/2380/2187
f 3722/4490/2188 2052/2564/2188 2053/2565/2188
f 3628/4396/1297 1864/2376/1297 1866/2378/1297
f 3721/4489/375 2049/2561/375 2052/2564/375
f 3627/4395/376 1862/2374/376 1864/2376/376
f 3720/4488/377 2048/2560/377 2049/2561/377
f 3626/4394/378 1860/2372/378 1862/2374/378
f 3719/4487/379 2046/2558/379 2048/2560/379
f 3625/4393/380 1858/2370/380 1860/2372/380
f 3718/4486/381 2043/2555/381 2046/2558/381
f 3624/4392/382 1856/2368/382 1858/2370/382
f 3717/4485/2189 2041/2553/2189 2043/2555/2189
f 3623/4391/1288 1853/2365/1288 1856/2368/1288
f 3716/4484/385 2040/2552/385 2041/2553/385
f 3622/4390/386 1851/2363/386 1853/2365/386
f 3715/4483/387 2037/2549/387 2040/2552/387
f 3621/4389/388 1849/2361/388 1851/2363/388
f 3714/4482/2190 2036/2548/2190 2037/2549/2190
f 3620/4388/390 1848/2360/390 1849/2361/390
f 3713/4481/2191 2034/2546/2191 2036/2548/2191
f 3619/4387/392 1845/2357/392 1848/2360/392
f 3712/4480/2192 2031/2543/2192 2034/2546/2192
f 3618/4386/1279 1843/2355/1279 1845/2357/1279
f 3711/4479/2193 2029/2541/2193 2031/2543/2193
f 3617/4385/396 1841/2353/396 1843/2355/396
f 3710/4478/2194 2027/2539/2194 2029/2541/2194
f 3616/4384/398 1839/2351/398 1841/2353/398
f 3709/4477/2195 2026/2538/2195 2027/2539/2195
f 3615/4383/400 1838/2350/400 1839/2351/400
f 3708/4476/2196 2024/2536/2196 2026/2538/2196
f 3614/4382/402 1836/2348/402 1838/2350/402
f 3707/4475/2197 2021/2533/2197 2024/2536/2197
f 3613/4381/404 1833/2345/404 1836/2348/404
f 3706/4474/405 2019/2531/405 2021/2533/405
f 4135/5050/406 2444/2956/406 1811/2323/406
f 3612/4380/1269 1831/2343/1269 1833/2345/1269
f 3705/4473/2198 2017/2529/2198 2019/2531/2198
f 3877/4663/409 2315/2827/409 2583/3106/409
f 3611/4379/410 1829/2341/410 1831/2343/410
f 3704/4472/411 2015/2527/411 2017/2529/411
f 3730/4498/412 2067/2579/412 2443/2955/412
f 3610/4378/1266 1828/2340/1266 1829/2341/1266
f 3703/4471/2199 2014/2526/2199 2015/2527/2199
f 3729/4497/415 2065/2577/415 2314/2826/415
f 3609/4377/416 1826/2338/416 1828/2340/416
f 3702/4470/2200 2012/2524/2200 2014/2526/2200
f 4391/5415/2201 2583/3106/2201 2581/3103/2201
f 3608/4376/1264 1824/2336/1264 1826/2338/1264
f 3701/4469/2202 2010/2522/2202 2012/2524/2202
f 4389/5413/2203 2581/3103/2203 2579/3100/2203
f 3607/4375/422 1822/2334/422 1824/2336/422
f 3700/4468/423 2007/2519/423 2010/2522/423
f 4387/5411/424 2579/3100/424 2577/3097/424
f 3606/4374/425 1820/2332/425 1822/2334/425
f 3699/4467/2204 2005/2517/2204 2007/2519/2204
f 4385/5409/1146 2577/3097/1146 2575/3094/1146
f 3605/4373/428 1818/2330/428 1820/2332/428
f 3698/4466/2205 2003/2515/2205 2005/2517/2205
f 4383/5407/430 2575/3094/430 2573/3091/430
f 3604/4372/431 1815/2327/431 1818/2330/431
f 3697/4465/432 2002/2514/432 2003/2515/432
f 4382/5406/1141 2573/3091/1141 2572/3090/1141
f 3603/4371/434 1814/2326/434 1815/2327/434
f 3696/4464/435 2000/2512/435 2002/2514/435
f 4379/5403/2206 2572/3090/2206 2570/3087/2206
f 3601/4369/437 1810/2322/437 1814/2326/437
f 3695/4463/438 1997/2509/438 2000/2512/438
f 4378/5402/439 2570/3087/439 2567/3082/439
f 3602/4370/440 1811/2323/440 1810/2322/440
f 3694/4462/441 1995/2507/441 1997/2509/441
f 4376/5400/442 2567/3082/442 2566/3081/442
f 3693/4461/1139 1994/2506/1139 1995/2507/1139
f 4374/5398/444 2566/3081/444 2564/3078/444
f 3692/4460/2207 1991/2503/2207 1994/2506/2207
f 4371/5395/446 2564/3078/446 2562/3075/446
f 3691/4459/1135 1990/2502/1135 1991/2503/1135
f 4369/5393/2208 2562/3075/2208 2560/3072/2208
f 4367/5391/449 2560/3072/449 2559/3071/449
f 4365/5389/450 2559/3071/450 2558/3070/450
f 4363/5387/2209 2558/3070/2209 2557/3069/2209
f 4361/5385/2210 2557/3069/2210 2556/3068/2210
f 4359/5383/2211 2556/3068/2211 2555/3067/2211
f 4357/5381/2212 2555/3067/2212 2554/3066/2212
f 4355/5379/2213 2554/3066/2213 2553/3065/2213
f 4353/5377/1113 2553/3065/1113 2552/3064/1113
f 4351/5374/2214 2552/3064/2214 2551/3063/2214
f 4349/5371/1107 2551/3063/1107 2550/3062/1107
f 4348/5370/459 2550/3062/459 2549/3061/459
f 4346/5367/2215 2549/3061/2215 2548/3060/2215
f 4343/5362/461 2548/3060/461 2547/3059/461
f 4341/5359/1098 2547/3059/1098 2546/3058/1098
f 4339/5356/2216 2546/3058/2216 2545/3057/2216
f 4337/5353/2217 2545/3057/2217 2544/3056/2217
f 4335/5350/465 2544/3056/465 2543/3055/465
f 4333/5347/2218 2543/3055/2218 2542/3054/2218
f 4332/5346/2219 2542/3054/2219 2541/3053/2219
f 4329/5341/468 2541/3053/468 2540/3052/468
f 4328/5340/469 2540/3052/469 2539/3051/469
f 4325/5335/470 2539/3051/470 2538/3050/470
f 4324/5334/471 2538/3050/471 2537/3049/471
f 4322/5331/2220 2537/3049/2220 2536/3048/2220
f 4320/5328/2221 2536/3048/2221 2535/3047/2221
f 4318/5325/1073 2535/3047/1073 2534/3046/1073
f 4316/5322/2222 2534/3046/2222 2533/3045/2222
f 4314/5319/476 2533/3045/476 2532/3044/476
f 4312/5316/477 2532/3044/477 2531/3043/477
f 4310/5313/478 2531/3043/478 2530/3042/478
f 4307/5308/479 2530/3042/479 2529/3041/479
f 4305/5305/480 2529/3041/480 2528/3040/480
f 4303/5302/2223 2528/3040/2223 2527/3039/2223
f 4302/5301/482 2527/3039/482 2526/3038/482
f 4300/5298/1057 2526/3038/1057 2525/3037/1057
f 4298/5295/484 2525/3037/484 2524/3036/484
f 4296/5292/485 2524/3036/485 2523/3035/485
f 4293/5287/2224 2523/3035/2224 2522/3034/2224
f 4291/5284/2225 2522/3034/2225 2521/3033/2225
f 4290/5283/1046 2521/3033/1046 2520/3032/1046
f 4287/5278/2226 2520/3032/2226 2519/3031/2226
f 4286/5277/2227 2519/3031/2227 2518/3030/2227
f 4284/5274/1041 2518/3030/1041 2517/3029/1041
f 4282/5271/2228 2517/3029/2228 2516/3028/2228
f 4280/5268/2229 2516/3028/2229 2515/3027/2229
f 4277/5263/2230 2515/3027/2230 2514/3026/2230
f 4275/5260/1321 2514/3026/1321 2513/3025/1321
f 4273/5257/1320 2513/3025/1320 2512/3024/1320
f 4271/5254/2231 2512/3024/2231 2511/3023/2231
f 4269/5251/2232 2511/3023/2232 2510/3022/2232
f 4268/5250/2233 2510/3022/2233 2509/3021/2233
f 4266/5247/2234 2509/3021/2234 2508/3020/2234
f 4264/5244/501 2508/3020/501 2507/3019/501
f 4262/5241/1311 2507/3019/1311 2506/3018/1311
f 4260/5238/2235 2506/3018/2235 2505/3017/2235
f 4258/5235/2236 2505/3017/2236 2504/3016/2236
f 4256/5232/2237 2504/3016/2237 2503/3015/2237
f 4254/5229/2238 2503/3015/2238 2502/3014/2238
f 4252/5226/2239 2502/3014/2239 2501/3013/2239
f 4250/5223/508 2501/3013/508 2500/3012/508
f 4248/5220/509 2500/3012/509 2499/3011/509
f 4246/5217/510 2499/3011/510 2498/3010/510
f 4244/5214/1292 2498/3010/1292 2497/3009/1292
f 4242/5211/2240 2497/3009/2240 2496/3008/2240
f 4240/5208/513 2496/3008/513 2495/3007/513
f 4238/5205/2241 2495/3007/2241 2494/3006/2241
f 4236/5202/2242 2494/3006/2242 2493/3005/2242
f 4234/5199/516 2493/3005/516 2492/3004/516
f 4231/5194/517 2492/3004/517 2491/3003/517
f 1810/2322/1322 1811/2323/1322 1030/1286/1322
f 1814/2326/519 1810/2322/519 1029/1285/519
f 1814/2326/2243 1031/1287/2243 1032/1288/2243
f 1818/2330/2244 1815/2327/2244 1032/1288/2244
f 1818/2330/522 1033/1289/522 1034/1290/522
f 1820/2332/2245 1034/1290/2245 1035/1291/2245
f 1822/2334/524 1035/1291/524 1036/1292/524
f 1826/2338/1326 1824/2336/1326 1036/1292/1326
f 1828/2340/526 1826/2338/526 1037/1293/526
f 1828/2340/527 1038/1294/527 1039/1295/527
f 1829/2341/2246 1039/1295/2246 1040/1296/2246
f 1831/2343/1329 1040/1296/1329 1041/1297/1329
f 1836/2348/530 1833/2345/530 1041/1297/530
f 1836/2348/2247 1042/1298/2247 1043/1299/2247
f 1838/2350/1331 1043/1299/1331 1044/1300/1331
f 1839/2351/2248 1044/1300/2248 1045/1301/2248
f 1843/2355/2249 1841/2353/2249 1045/1301/2249
f 1843/2355/1334 1046/1302/1334 1047/1303/1334
f 1848/2360/2250 1845/2357/2250 1047/1303/2250
f 1848/2360/2251 1048/1304/2251 1049/1305/2251
f 1851/2363/538 1849/2361/538 1049/1305/538
f 1853/2365/539 1851/2363/539 1050/1306/539
f 1853/2365/540 1051/1307/540 1052/1308/540
f 1858/2370/541 1856/2368/541 1052/1308/541
f 1858/2370/542 1053/1309/542 1054/1310/542
f 1860/2372/543 1054/1310/543 1055/1311/543
f 1864/2376/2252 1862/2374/2252 1055/1311/2252
f 1864/2376/2253 1056/1312/2253 1057/1313/2253
f 1868/2380/546 1866/2378/546 1057/1313/546
f 1868/2380/2254 1058/1314/2254 1059/1315/2254
f 1872/2384/548 1869/2381/548 1059/1315/548
f 1872/2384/1342 1060/1316/1342 1061/1317/1342
f 1874/2386/550 1061/1317/550 1062/1318/550
f 1878/2390/2255 1876/2388/2255 1062/1318/2255
f 1880/2392/2256 1878/2390/2256 1063/1319/2256
f 1880/2392/553 1064/1320/553 1065/1321/553
f 1883/2395/2257 1882/2394/2257 1065/1321/2257
f 1883/2395/2258 1066/1322/2258 1067/1323/2258
f 1886/2398/556 1067/1323/556 1068/1324/556
f 1888/2400/2259 1068/1324/2259 1069/1325/2259
f 1889/2401/558 1069/1325/558 1070/1326/558
f 1894/2406/1346 1891/2403/1346 1070/1326/1346
f 1894/2406/560 1071/1327/560 1072/1328/560
f 1898/2410/2260 1895/2407/2260 1072/1328/2260
f 1899/2411/1348 1898/2410/1348 1073/1329/1348
f 1899/2411/563 1074/1330/563 1075/1331/563
f 1904/2416/2261 1902/2414/2261 1075/1331/2261
f 1905/2417/2262 1904/2416/2262 1076/1332/2262
f 1907/2419/2263 1905/2417/2263 1077/1333/2263
f 1907/2419/567 1078/1334/567 1079/1335/567
f 1911/2423/568 1909/2421/568 1079/1335/568
f 1911/2423/2264 1080/1336/2264 1081/1337/2264
f 1916/2428/2265 1914/2426/2265 1081/1337/2265
f 1916/2428/571 1082/1338/571 1083/1339/571
f 1920/2432/572 1917/2429/572 1083/1339/572
f 1920/2432/2266 1084/1340/2266 1085/1341/2266
f 1921/2433/2267 1085/1341/2267 1086/1342/2267
f 1925/2437/2268 1923/2435/2268 1086/1342/2268
f 1925/2437/1358 1087/1343/1358 1088/1344/1358
f 1927/2439/2269 1088/1344/2269 1089/1345/2269
f 1929/2441/578 1089/1345/578 1090/1346/578
f 1931/2443/579 1090/1346/579 1091/1347/579
f 1936/2448/2270 1933/2445/2270 1091/1347/2270
f 1936/2448/2271 1092/1348/2271 1093/1349/2271
f 1940/2452/2272 1937/2449/2272 1093/1349/2272
f 1940/2452/2273 1094/1350/2273 1095/1351/2273
f 1944/2456/584 1942/2454/584 1095/1351/584
f 1946/2458/2274 1944/2456/2274 1096/1352/2274
f 1946/2458/2275 1097/1353/2275 1098/1354/2275
f 1949/2461/2276 1947/2459/2276 1098/1354/2276
f 1949/2461/588 1099/1355/588 1100/1356/588
f 1953/2465/2277 1952/2464/2277 1100/1356/2277
f 1956/2468/1372 1953/2465/1372 1101/1357/1372
f 1956/2468/2278 1102/1358/2278 1103/1359/2278
f 1959/2471/2279 1957/2469/2279 1103/1359/2279
f 1959/2471/2280 1104/1360/2280 1105/1361/2280
f 1961/2473/2281 1105/1361/2281 1106/1362/2281
f 1965/2477/2282 1963/2475/2282 1106/1362/2282
f 1965/2477/2283 1107/1363/2283 1108/1364/2283
f 1968/2480/2284 1108/1364/2284 1109/1365/2284
f 1969/2481/598 1109/1365/598 1110/1366/598
f 1971/2483/2285 1110/1366/2285 1111/1367/2285
f 1976/2488/2286 1973/2485/2286 1111/1367/2286
f 1976/2488/2287 1112/1368/2287 1113/1369/2287
f 1978/2490/2288 1113/1369/2288 1114/1370/2288
f 1981/2493/2289 1979/2491/2289 1114/1370/2289
f 1981/2493/604 1115/1371/604 1116/1372/604
f 1986/2498/2290 1983/2495/2290 1116/1372/2290
f 1986/2498/2291 1117/1373/2291 1118/1374/2291
f 1988/2500/2292 1118/1374/2292 1119/1375/2292
f 1991/2503/2293 1990/2502/2293 1119/1375/2293
f 1991/2503/2294 1120/1376/2294 1121/1377/2294
f 1995/2507/2295 1994/2506/2295 1121/1377/2295
f 1995/2507/2296 1122/1378/2296 1123/1379/2296
f 1997/2509/1390 1123/1379/1390 1124/1380/1390
f 2002/2514/2297 2000/2512/2297 1124/1380/2297
f 2002/2514/614 1125/1381/614 1126/1382/614
f 2003/2515/2298 1126/1382/2298 1127/1383/2298
f 2007/2519/2299 2005/2517/2299 1127/1383/2299
f 2007/2519/617 1128/1384/617 1129/1385/617
f 2012/2524/618 2010/2522/618 1129/1385/618
f 2012/2524/2300 1130/1386/2300 1131/1387/2300
f 2015/2527/2301 2014/2526/2301 1131/1387/2301
f 2017/2529/621 2015/2527/621 1132/1388/621
f 2017/2529/2302 1133/1389/2302 1134/1390/2302
f 2021/2533/2303 2019/2531/2303 1134/1390/2303
f 2021/2533/2304 1135/1391/2304 1136/1392/2304
f 2024/2536/1402 1136/1392/1402 1137/1393/1402
f 2027/2539/2305 2026/2538/2305 1137/1393/2305
f 2027/2539/627 1138/1394/627 1139/1395/627
f 2029/2541/2306 1139/1395/2306 1140/1396/2306
f 2031/2543/2307 1140/1396/2307 1141/1397/2307
f 2036/2548/2308 2034/2546/2308 1141/1397/2308
f 2037/2549/2309 2036/2548/2309 1142/1398/2309
f 2037/2549/2310 1143/1399/2310 1144/1400/2310
f 2040/2552/2311 1144/1400/2311 1145/1401/2311
f 2041/2553/2312 1145/1401/2312 1146/1402/2312
f 2043/2555/2313 1146/1402/2313 1147/1403/2313
f 2046/2558/2314 1147/1403/2314 1148/1404/2314
f 2048/2560/637 1148/1404/637 1149/1405/637
f 2049/2561/2315 1149/1405/2315 1150/1406/2315
f 2053/2565/1416 2052/2564/1416 1150/1406/1416
f 2053/2565/2316 1151/1407/2316 1152/1408/2316
f 2058/2570/1418 2055/2567/1418 1152/1408/1418
f 2058/2570/2317 1153/1409/2317 1154/1410/2317
f 2062/2574/2318 2059/2571/2318 1154/1410/2318
f 2062/2574/2319 1155/1411/2319 1156/1412/2319
f 2063/2575/645 1156/1412/645 1157/1413/645
f 2070/2582/2320 1159/1415/2320 1158/1414/2320
f 2071/2583/647 1160/1416/647 1159/1415/647
f 2071/2583/2321 2073/2585/2321 1161/1417/2321
f 2076/2588/2322 1162/1418/2322 1161/1417/2322
f 2076/2588/650 2077/2589/650 1163/1419/650
f 2079/2591/651 1164/1420/651 1163/1419/651
f 2079/2591/652 2081/2593/652 1165/1421/652
f 2084/2596/1427 1166/1422/1427 1165/1421/1427
f 2085/2597/654 1167/1423/654 1166/1422/654
f 2088/2600/2323 1168/1424/2323 1167/1423/2323
f 2089/2601/656 1169/1425/656 1168/1424/656
f 2092/2604/1429 1170/1426/1429 1169/1425/1429
f 2094/2606/658 1171/1427/658 1170/1426/658
f 2096/2608/2324 1172/1428/2324 1171/1427/2324
f 2096/2608/2325 2098/2610/2325 1173/1429/2325
f 2098/2610/1431 2100/2612/1431 1174/1430/1431
f 2102/2614/2326 1175/1431/2326 1174/1430/2326
f 2104/2616/663 1176/1432/663 1175/1431/663
f 2106/2618/2327 1177/1433/2327 1176/1432/2327
f 2106/2618/1434 2108/2620/1434 1178/1434/1434
f 2109/2621/666 1179/1435/666 1178/1434/666
f 2112/2624/667 1180/1436/667 1179/1435/667
f 2112/2624/668 2114/2626/668 1181/1437/668
f 2116/2628/669 1182/1438/669 1181/1437/669
f 2116/2628/670 2118/2630/670 1183/1439/670
f 2118/2630/671 2120/2632/671 1184/1440/671
f 2122/2634/2328 1185/1441/2328 1184/1440/2328
f 2122/2634/1438 2124/2636/1438 1186/1442/1438
f 2125/2637/674 1187/1443/674 1186/1442/674
f 2125/2637/1439 2128/2640/1439 1188/1444/1439
f 2129/2641/676 1189/1445/676 1188/1444/676
f 2132/2644/677 1190/1446/677 1189/1445/677
f 2132/2644/678 2133/2645/678 1191/1447/678
f 2136/2648/2329 1192/1448/2329 1191/1447/2329
f 2137/2649/2330 1193/1449/2330 1192/1448/2330
f 2137/2649/681 2139/2651/681 1194/1450/681
f 2142/2654/2331 1195/1451/2331 1194/1450/2331
f 2142/2654/2332 2143/2655/2332 1196/1452/2332
f 2145/2657/2333 1197/1453/2333 1196/1452/2333
f 2148/2660/685 1198/1454/685 1197/1453/685
f 2148/2660/686 2149/2661/686 1199/1455/686
f 2151/2663/2334 1200/1456/2334 1199/1455/2334
f 2151/2663/688 2153/2665/688 1201/1457/688
f 2155/2667/2335 1202/1458/2335 1201/1457/2335
f 2158/2670/2336 1203/1459/2336 1202/1458/2336
f 2158/2670/691 2159/2671/691 1204/1460/691
f 2162/2674/2337 1205/1461/2337 1204/1460/2337
f 2164/2676/1453 1206/1462/1453 1205/1461/1453
f 2165/2677/2338 1207/1463/2338 1206/1462/2338
f 2165/2677/695 2168/2680/695 1208/1464/695
f 2170/2682/696 1209/1465/696 1208/1464/696
f 2171/2683/2339 1210/1466/2339 1209/1465/2339
f 2173/2685/2340 1211/1467/2340 1210/1466/2340
f 2175/2687/699 1212/1468/699 1211/1467/699
f 2177/2689/700 1213/1469/700 1212/1468/700
f 2177/2689/2341 2179/2691/2341 1214/1470/2341
f 2179/2691/2342 2182/2694/2342 1215/1471/2342
f 2184/2696/2343 1216/1472/2343 1215/1471/2343
f 2184/2696/2344 2185/2697/2344 1217/1473/2344
f 2187/2699/2345 1218/1474/2345 1217/1473/2345
f 2187/2699/706 2190/2702/706 1219/1475/706
f 2190/2702/707 2191/2703/707 1220/1476/707
f 2193/2705/2346 1221/1477/2346 1220/1476/2346
f 2193/2705/2347 2196/2708/2347 1222/1478/2347
f 2197/2709/2348 1223/1479/2348 1222/1478/2348
f 2197/2709/2349 2200/2712/2349 1224/1480/2349
f 2202/2714/712 1225/1481/712 1224/1480/712
f 2204/2716/2350 1226/1482/2350 1225/1481/2350
f 2206/2718/2351 1227/1483/2351 1226/1482/2351
f 2207/2719/2352 1228/1484/2352 1227/1483/2352
f 2207/2719/716 2210/2722/716 1229/1485/716
f 2212/2724/2353 1230/1486/2353 1229/1485/2353
f 2213/2725/2354 1231/1487/2354 1230/1486/2354
f 2213/2725/2355 2216/2728/2355 1232/1488/2355
f 2217/2729/1476 1233/1489/1476 1232/1488/1476
f 2217/2729/1477 2220/2732/1477 1234/1490/1477
f 2222/2734/2356 1235/1491/2356 1234/1490/2356
f 2224/2736/1479 1236/1492/1479 1235/1491/1479
f 2224/2736/2357 2226/2738/2357 1237/1493/2357
f 2226/2738/2358 2228/2740/2358 1238/1494/2358
f 2228/2740/726 2229/2741/726 1239/1495/726
f 2229/2741/2359 2231/2743/2359 1240/1496/2359
f 2233/2745/2360 1241/1497/2360 1240/1496/2360
f 2233/2745/2361 2235/2747/2361 1242/1498/2361
f 2235/2747/1485 2238/2750/1485 1243/1499/1485
f 2240/2752/2362 1244/1500/2362 1243/1499/2362
f 2240/2752/732 2242/2754/732 1245/1501/732
f 2244/2756/2363 1246/1502/2363 1245/1501/2363
f 2246/2758/2364 1247/1503/2364 1246/1502/2364
f 2248/2760/2365 1248/1504/2365 1247/1503/2365
f 2249/2761/2366 1249/1505/2366 1248/1504/2366
f 2249/2761/2367 2252/2764/2367 1250/1506/2367
f 2254/2766/2368 1251/1507/2368 1250/1506/2368
f 2254/2766/2369 2256/2768/2369 1252/1508/2369
f 2256/2768/2370 2258/2770/2370 1253/1509/2370
f 2259/2771/2371 1254/1510/2371 1253/1509/2371
f 2259/2771/742 2262/2774/742 1255/1511/742
f 2262/2774/2372 2263/2775/2372 1256/1512/2372
f 2265/2777/2373 1257/1513/2373 1256/1512/2373
f 2265/2777/745 2267/2779/745 1258/1514/745
f 2270/2782/746 1259/1515/746 1258/1514/746
f 2270/2782/2374 2272/2784/2374 1260/1516/2374
f 2274/2786/2375 1261/1517/2375 1260/1516/2375
f 2276/2788/749 1262/1518/749 1261/1517/749
f 2276/2788/2376 2278/2790/2376 1263/1519/2376
f 2280/2792/2377 1264/1520/2377 1263/1519/2377
f 2280/2792/2378 2282/2794/2378 1265/1521/2378
f 2282/2794/2379 2283/2795/2379 1266/1522/2379
f 2285/2797/2380 1267/1523/2380 1266/1522/2380
f 2285/2797/755 2288/2800/755 1268/1524/755
f 2290/2802/2381 1269/1525/2381 1268/1524/2381
f 2290/2802/2382 2292/2804/2382 1270/1526/2382
f 2294/2806/2383 1271/1527/2383 1270/1526/2383
f 2296/2808/2384 1272/1528/2384 1271/1527/2384
f 2298/2810/2385 1273/1529/2385 1272/1528/2385
f 2298/2810/2386 2300/2812/2386 1274/1530/2386
f 2302/2814/2387 1275/1531/2387 1274/1530/2387
f 2303/2815/2388 1276/1532/2388 1275/1531/2388
f 2305/2817/2389 1277/1533/2389 1276/1532/2389
f 2305/2817/765 2306/2818/765 1278/1534/765
f 2306/2818/2390 2307/2819/2390 1279/1535/2390
f 2308/2820/2391 1280/1536/2391 1279/1535/2391
f 2309/2821/768 1281/1537/768 1280/1536/768
f 2310/2822/2392 1284/1542/2392 1281/1537/2392
f 2310/2822/2393 2311/2823/2393 1286/1545/2393
f 2312/2824/2394 1288/1548/2394 1286/1545/2394
f 2312/2824/2395 2313/2825/2395 1290/1551/2395
f 2313/2825/773 2314/2826/773 1292/1554/773
f 2316/2828/774 1296/1560/774 1294/1557/774
f 2317/2829/2396 1297/1561/2396 1296/1560/2396
f 2317/2829/2397 2318/2830/2397 1300/1566/2397
f 2319/2831/2398 1302/1569/2398 1300/1566/2398
f 2319/2831/1525 2320/2832/1525 1304/1572/1525
f 2321/2833/2399 1306/1575/2399 1304/1572/2399
f 2321/2833/1527 2322/2834/1527 1308/1578/1527
f 2323/2835/2400 1310/1581/2400 1308/1578/2400
f 2324/2836/782 1312/1584/782 1310/1581/782
f 2325/2837/2401 1314/1587/2401 1312/1584/2401
f 2326/2838/2402 1316/1590/2402 1314/1587/2402
f 2327/2839/2403 1318/1593/2403 1316/1590/2403
f 2328/2840/2404 1319/1594/2404 1318/1593/2404
f 2329/2841/2405 1321/1597/2405 1319/1594/2405
f 2329/2841/2406 2330/2842/2406 1324/1602/2406
f 2330/2842/2407 2331/2843/2407 1325/1603/2407
f 2332/2844/2408 1327/1606/2408 1325/1603/2408
f 2333/2845/1538 1329/1609/1538 1327/1606/1538
f 2334/2846/792 1331/1612/792 1329/1609/792
f 2334/2846/2409 2335/2847/2409 1333/1615/2409
f 2336/2848/1541 1335/1618/1541 1333/1615/1541
f 2337/2849/2410 1337/1621/2410 1335/1618/2410
f 2337/2849/2411 2338/2850/2411 1339/1624/2411
f 2339/2851/2412 1341/1627/2412 1339/1624/2412
f 2339/2851/798 2340/2852/798 1343/1630/798
f 2340/2852/2413 2341/2853/2413 1345/1633/2413
f 2342/2854/2414 1347/1636/2414 1345/1633/2414
f 2342/2854/2415 2343/2855/2415 1349/1639/2415
f 2344/2856/802 1351/1642/802 1349/1639/802
f 2344/2856/2416 2345/2857/2416 1353/1645/2416
f 2346/2858/2417 1355/1648/2417 1353/1645/2417
f 2347/2859/805 1357/1651/805 1355/1648/805
f 2347/2859/2418 2348/2860/2418 1359/1654/2418
f 2349/2861/1554 1361/1657/1554 1359/1654/1554
f 2350/2862/2419 1363/1660/2419 1361/1657/2419
f 2350/2862/2420 2351/2863/2420 1365/1663/2420
f 2352/2864/2421 1367/1666/2421 1365/1663/2421
f 2352/2864/2422 2353/2865/2422 1369/1669/2422
f 2354/2866/2423 1372/1674/2423 1369/1669/2423
f 2355/2867/2424 1374/1677/2424 1372/1674/2424
f 2355/2867/2425 2356/2868/2425 1376/1680/2425
f 2357/2869/815 1377/1681/815 1376/1680/815
f 2357/2869/2426 2358/2870/2426 1379/1684/2426
f 2359/2871/2427 1381/1687/2427 1379/1684/2427
f 2360/2872/2428 1383/1690/2428 1381/1687/2428
f 2360/2872/2429 2361/2873/2429 1385/1693/2429
f 2362/2874/2430 1387/1696/2430 1385/1693/2430
f 2363/2875/821 1389/1699/821 1387/1696/821
f 2364/2876/2431 1391/1702/2431 1389/1699/2431
f 2364/2876/2432 2365/2877/2432 1393/1705/2432
f 2366/2878/2433 1395/1708/2433 1393/1705/2433
f 2367/2879/2434 1397/1711/2434 1395/1708/2434
f 2368/2880/2435 1399/1714/2435 1397/1711/2435
f 2369/2881/2436 1401/1717/2436 1399/1714/2436
f 2370/2882/2437 1403/1720/2437 1401/1717/2437
f 2370/2882/2438 2371/2883/2438 1405/1723/2438
f 2371/2883/2439 2372/2884/2439 1407/1726/2439
f 2373/2885/831 1409/1729/831 1407/1726/831
f 2373/2885/2440 2374/2886/2440 1412/1734/2440
f 2375/2887/2441 1414/1737/2441 1412/1734/2441
f 2375/2887/2442 2376/2888/2442 1415/1738/2442
f 2376/2888/835 2377/2889/835 1418/1743/835
f 2378/2890/2443 1420/1746/2443 1418/1743/2443
f 2378/2890/2444 2379/2891/2444 1422/1749/2444
f 2380/2892/2445 1424/1752/2445 1422/1749/2445
f 2380/2892/2446 2381/2893/2446 1426/1755/2446
f 2382/2894/840 1427/1756/840 1426/1755/840
f 2383/2895/841 1430/1761/841 1427/1756/841
f 2384/2896/2447 1432/1764/2447 1430/1761/2447
f 2385/2897/1586 1434/1767/1586 1432/1764/1586
f 2385/2897/2448 2386/2898/2448 1436/1770/2448
f 2387/2899/2449 1437/1771/2449 1436/1770/2449
f 2388/2900/2450 1439/1774/2450 1437/1771/2450
f 2388/2900/2451 2389/2901/2451 1441/1777/2451
f 2390/2902/1590 1443/1780/1590 1441/1777/1590
f 2390/2902/2452 2391/2903/2452 1445/1783/2452
f 2392/2904/2453 1447/1786/2453 1445/1783/2453
f 2393/2905/851 1450/1791/851 1447/1786/851
f 2393/2905/1592 2394/2906/1592 1451/1792/1592
f 2394/2906/2454 2395/2907/2454 1453/1795/2454
f 2395/2907/2455 2396/2908/2455 1455/1798/2455
f 2396/2908/2456 2397/2909/2456 1457/1801/2456
f 2398/2910/856 1460/1806/856 1457/1801/856
f 2398/2910/1595 2399/2911/1595 1461/1807/1595
f 2399/2911/2457 2400/2912/2457 1464/1812/2457
f 2401/2913/859 1466/1815/859 1464/1812/859
f 2401/2913/1597 2402/2914/1597 1467/1816/1597
f 2403/2915/861 1470/1821/861 1467/1816/861
f 2404/2916/2458 1471/1822/2458 1470/1821/2458
f 2405/2917/863 1473/1825/863 1471/1822/863
f 2406/2918/2459 1475/1828/2459 1473/1825/2459
f 2406/2918/2460 2407/2919/2460 1477/1831/2460
f 2408/2920/866 1479/1834/866 1477/1831/866
f 2408/2920/2461 2409/2921/2461 1481/1837/2461
f 2409/2921/2462 2410/2922/2462 1483/1840/2462
f 2411/2923/869 1485/1843/869 1483/1840/869
f 2411/2923/870 2412/2924/870 1487/1846/870
f 2412/2924/2463 2413/2925/2463 1489/1849/2463
f 2414/2926/2464 1491/1852/2464 1489/1849/2464
f 2414/2926/873 2415/2927/873 1493/1855/873
f 2416/2928/874 1496/1860/874 1493/1855/874
f 2416/2928/2465 2417/2929/2465 1498/1863/2465
f 2418/2930/876 1499/1864/876 1498/1863/876
f 2419/2931/877 1501/1867/877 1499/1864/877
f 2419/2931/878 2420/2932/878 1504/1872/878
f 2421/2933/879 1506/1875/879 1504/1872/879
f 2421/2933/880 2422/2934/880 1508/1878/880
f 2422/2934/881 2423/2935/881 1510/1881/881
f 2424/2936/2466 1512/1884/2466 1510/1881/2466
f 2424/2936/2467 2425/2937/2467 1514/1887/2467
f 2426/2938/1610 1515/1888/1610 1514/1887/1610
f 2426/2938/2468 2427/2939/2468 1518/1893/2468
f 2428/2940/2469 1520/1896/2469 1518/1893/2469
f 2429/2941/1612 1522/1899/1612 1520/1896/1612
f 2430/2942/2470 1524/1902/2470 1522/1899/2470
f 2430/2942/889 2431/2943/889 1525/1903/889
f 2432/2944/1614 1527/1906/1614 1525/1903/1614
f 2433/2945/2471 1529/1909/2471 1527/1906/2471
f 2434/2946/892 1532/1914/892 1529/1909/892
f 2434/2946/893 2435/2947/893 1533/1915/893
f 2435/2947/1617 2436/2948/1617 1535/1918/1617
f 2437/2949/895 1537/1921/895 1535/1918/895
f 2438/2950/2472 1540/1926/2472 1537/1921/2472
f 2439/2951/897 1542/1929/897 1540/1926/897
f 2439/2951/2473 2440/2952/2473 1543/1930/2473
f 2441/2953/2474 1545/1933/2474 1543/1930/2474
f 2441/2953/900 2442/2954/900 1548/1938/900
f 2442/2954/1621 2443/2955/1621 1549/1939/1621
f 2445/2957/2475 1554/1947/2475 1551/1942/2475
f 2446/2958/903 1555/1948/903 1554/1947/903
f 2446/2958/2476 2447/2959/2476 1558/1953/2476
f 2448/2960/2477 1559/1954/2477 1558/1953/2477
f 2448/2960/906 2449/2961/906 1561/1957/906
f 2450/2962/907 1563/1960/907 1561/1957/907
f 2450/2962/908 2451/2963/908 1566/1965/908
f 2452/2964/1627 1568/1968/1627 1566/1965/1627
f 2453/2965/910 1570/1971/910 1568/1968/910
f 2454/2966/2478 1572/1974/2478 1570/1971/2478
f 2455/2967/912 1574/1977/912 1572/1974/912
f 2456/2968/1629 1575/1978/1629 1574/1977/1629
f 2457/2969/914 1578/1983/914 1575/1978/914
f 2458/2970/2479 1579/1984/2479 1578/1983/2479
f 2458/2970/2480 2459/2971/2480 1581/1987/2480
f 2459/2971/1631 2460/2972/1631 1583/1990/1631
f 2461/2973/2481 1585/1993/2481 1583/1990/2481
f 2462/2974/919 1588/1998/919 1585/1993/919
f 2463/2975/2482 1590/2001/2482 1588/1998/2482
f 2463/2975/1634 2464/2976/1634 1592/2004/1634
f 2465/2977/922 1593/2005/922 1592/2004/922
f 2466/2978/923 1596/2010/923 1593/2005/923
f 2466/2978/924 2467/2979/924 1598/2013/924
f 2468/2980/925 1600/2016/925 1598/2013/925
f 2468/2980/926 2469/2981/926 1602/2019/926
f 2469/2981/927 2470/2982/927 1604/2022/927
f 2471/2983/2483 1606/2025/2483 1604/2022/2483
f 2471/2983/1638 2472/2984/1638 1607/2026/1638
f 2473/2985/930 1610/2031/930 1607/2026/930
f 2473/2985/1639 2474/2986/1639 1612/2034/1639
f 2475/2987/932 1614/2037/932 1612/2034/932
f 2476/2988/933 1616/2040/933 1614/2037/933
f 2476/2988/934 2477/2989/934 1618/2043/934
f 2478/2990/2484 1620/2046/2484 1618/2043/2484
f 2479/2991/2485 1622/2049/2485 1620/2046/2485
f 2479/2991/937 2480/2992/937 1624/2052/937
f 2481/2993/2486 1626/2055/2486 1624/2052/2486
f 2481/2993/2487 2482/2994/2487 1628/2058/2487
f 2483/2995/2488 1630/2061/2488 1628/2058/2488
f 2484/2996/941 1632/2064/941 1630/2061/941
f 2484/2996/942 2485/2997/942 1633/2065/942
f 2486/2998/2489 1635/2068/2489 1633/2065/2489
f 2486/2998/944 2487/2999/944 1637/2071/944
f 2488/3000/2490 1639/2074/2490 1637/2071/2490
f 2489/3001/2491 1641/2077/2491 1639/2074/2491
f 2489/3001/947 2490/3002/947 1643/2080/947
f 2491/3003/2492 1645/2083/2492 1643/2080/2492
f 2492/3004/1653 1648/2088/1653 1645/2083/1653
f 2493/3005/2493 1650/2091/2493 1648/2088/2493
f 2493/3005/951 2494/3006/951 1652/2094/951
f 2495/3007/952 1654/2097/952 1652/2094/952
f 2496/3008/2494 1656/2100/2494 1654/2097/2494
f 2497/3009/2495 1658/2103/2495 1656/2100/2495
f 2498/3010/955 1660/2106/955 1658/2103/955
f 2499/3011/956 1662/2109/956 1660/2106/956
f 2499/3011/2496 2500/3012/2496 1664/2112/2496
f 2500/3012/2497 2501/3013/2497 1666/2115/2497
f 2502/3014/2498 1667/2116/2498 1666/2115/2498
f 2502/3014/2499 2503/3015/2499 1670/2121/2499
f 2504/3016/2500 1672/2124/2500 1670/2121/2500
f 2504/3016/962 2505/3017/962 1674/2127/962
f 2505/3017/963 2506/3018/963 1676/2130/963
f 2507/3019/2501 1678/2133/2501 1676/2130/2501
f 2507/3019/2502 2508/3020/2502 1680/2136/2502
f 2509/3021/2503 1682/2139/2503 1680/2136/2503
f 2509/3021/2504 2510/3022/2504 1684/2142/2504
f 2511/3023/968 1686/2145/968 1684/2142/968
f 2512/3024/2505 1688/2148/2505 1686/2145/2505
f 2513/3025/2506 1690/2151/2506 1688/2148/2506
f 2514/3026/2507 1692/2154/2507 1690/2151/2507
f 2514/3026/972 2515/3027/972 1694/2157/972
f 2516/3028/2508 1695/2158/2508 1694/2157/2508
f 2517/3029/2509 1698/2163/2509 1695/2158/2509
f 2517/3029/2510 2518/3030/2510 1700/2166/2510
f 2519/3031/1676 1702/2169/1676 1700/2166/1676
f 2519/3031/1677 2520/3032/1677 1704/2172/1677
f 2521/3033/2511 1706/2175/2511 1704/2172/2511
f 2522/3034/1679 1708/2178/1679 1706/2175/1679
f 2522/3034/2512 2523/3035/2512 1710/2181/2512
f 2523/3035/2513 2524/3036/2513 1712/2184/2513
f 2524/3036/982 2525/3037/982 1714/2187/982
f 2525/3037/2514 2526/3038/2514 1716/2190/2514
f 2527/3039/2515 1717/2191/2515 1716/2190/2515
f 2527/3039/2516 2528/3040/2516 1719/2194/2516
f 2528/3040/1685 2529/3041/1685 1721/2197/1685
f 2530/3042/2517 1724/2202/2517 1721/2197/2517
f 2530/3042/988 2531/3043/988 1725/2203/988
f 2532/3044/2518 1728/2208/2518 1725/2203/2518
f 2533/3045/2519 1730/2211/2519 1728/2208/2519
f 2534/3046/2520 1731/2212/2520 1730/2211/2520
f 2535/3047/2521 1733/2215/2521 1731/2212/2521
f 2535/3047/2522 2536/3048/2522 1735/2218/2522
f 2537/3049/2523 1737/2221/2523 1735/2218/2523
f 2537/3049/2524 2538/3050/2524 1739/2224/2524
f 2538/3050/2525 2539/3051/2525 1741/2227/2525
f 2540/3052/2526 1743/2230/2526 1741/2227/2526
f 2540/3052/998 2541/3053/998 1745/2233/998
f 2541/3053/2527 2542/3054/2527 1747/2236/2527
f 2543/3055/2528 1750/2241/2528 1747/2236/2528
f 2543/3055/1001 2544/3056/1001 1752/2244/1001
f 2545/3057/1002 1754/2247/1002 1752/2244/1002
f 2545/3057/2529 2546/3058/2529 1756/2250/2529
f 2547/3059/2530 1758/2253/2530 1756/2250/2530
f 2548/3060/1005 1760/2256/1005 1758/2253/1005
f 2548/3060/2531 2549/3061/2531 1762/2259/2531
f 2550/3062/2532 1763/2260/2532 1762/2259/2532
f 2550/3062/2533 2551/3063/2533 1765/2263/2533
f 2551/3063/2534 2552/3064/2534 1767/2266/2534
f 2553/3065/2535 1770/2271/2535 1767/2266/2535
f 2553/3065/1011 2554/3066/1011 1772/2274/1011
f 2555/3067/2536 1773/2275/2536 1772/2274/2536
f 2555/3067/2537 2556/3068/2537 1776/2280/2537
f 2557/3069/2538 1778/2283/2538 1776/2280/2538
f 2558/3070/2539 1780/2286/2539 1778/2283/2539
f 2559/3071/2540 1782/2289/2540 1780/2286/2540
f 2559/3071/2541 2560/3072/2541 1784/2292/2541
f 2562/3075/2542 1785/2293/2542 1784/2292/2542
f 2564/3078/2543 1787/2296/2543 1785/2293/2543
f 2566/3081/2544 1789/2299/2544 1787/2296/2544
f 2566/3081/1021 2567/3082/1021 1791/2302/1021
f 2567/3082/2545 2570/3087/2545 1794/2306/2545
f 2572/3090/2546 1796/2308/2546 1794/2306/2546
f 2573/3091/1024 1798/2310/1024 1796/2308/1024
f 2575/3094/2547 1800/2312/2547 1798/2310/2547
f 2575/3094/2548 2577/3097/2548 1802/2314/2548
f 2579/3100/2549 1804/2316/2549 1802/2314/2549
f 2579/3100/2550 2581/3103/2550 1805/2317/2550
f 2581/3103/1029 2583/3106/1029 1808/2320/1029
f 2065/2577/1030 1157/1413/1030 1292/1554/1030
f 2067/2579/1031 1158/1414/1031 1549/1939/1031
f 2315/2827/1032 1294/1557/1032 1808/2320/1032
f 2444/2956/1033 1551/1942/1033 1030/1286/1033
f 1694/2157/1034 3501/4269/1034 3499/4267/1034
f 1279/1535/1035 3085/3853/1035 3083/3851/1035
f 1071/1327/2551 2669/3235/2551 2671/3238/2551
f 1695/2158/1036 3503/4271/1036 3501/4269/1036
f 1280/1536/1037 3087/3855/1037 3085/3853/1037
f 1072/1328/1038 2671/3238/1038 2673/3241/1038
f 1698/2163/2552 3505/4273/2552 3503/4271/2552
f 1281/1537/2553 3090/3858/2553 3087/3855/2553
f 1073/1329/341 2673/3241/341 2676/3246/341
f 1700/2166/1041 3507/4275/1041 3505/4273/1041
f 1284/1542/182 3092/3860/182 3090/3858/182
f 1074/1330/339 2676/3246/339 2677/3247/339
f 1702/2169/490 3509/4277/490 3507/4275/490
f 1286/1545/1042 3094/3862/1042 3092/3860/1042
f 1075/1331/1043 2677/3247/1043 2679/3250/1043
f 1704/2172/2554 3511/4279/2554 3509/4277/2554
f 1288/1548/180 3096/3864/180 3094/3862/180
f 1076/1332/1045 2679/3250/1045 2681/3253/1045
f 1706/2175/1046 3513/4281/1046 3511/4279/1046
f 1290/1551/1047 3098/3866/1047 3096/3864/1047
f 1077/1333/333 2681/3253/333 2683/3256/333
f 1708/2178/1048 3515/4283/1048 3513/4281/1048
f 1292/1554/178 3100/3868/178 3098/3866/178
f 1078/1334/1049 2683/3256/1049 2685/3259/1049
f 1710/2181/486 3517/4285/486 3515/4283/486
f 1296/1560/1051 3103/3871/1051 3101/3869/1051
f 1079/1335/2555 2685/3259/2555 2687/3262/2555
f 1712/2184/1053 3519/4287/1053 3517/4285/1053
f 1297/1561/1054 3105/3873/1054 3103/3871/1054
f 1080/1336/327 2687/3262/327 2690/3267/327
f 1714/2187/484 3522/4290/484 3519/4287/484
f 1300/1566/175 3107/3875/175 3105/3873/175
f 1081/1337/2556 2690/3267/2556 2692/3270/2556
f 1716/2190/483 3524/4292/483 3522/4290/483
f 1302/1569/174 3110/3878/174 3107/3875/174
f 1082/1338/323 2692/3270/323 2693/3271/323
f 1717/2191/1058 3526/4294/1058 3524/4292/1058
f 1304/1572/173 3112/3880/173 3110/3878/173
f 1083/1339/321 2693/3271/321 2695/3274/321
f 1719/2194/481 3527/4295/481 3526/4294/481
f 1306/1575/172 3114/3882/172 3112/3880/172
f 1084/1340/1061 2695/3274/1061 2698/3279/1061
f 1721/2197/480 3530/4298/480 3527/4295/480
f 1308/1578/1063 3115/3883/1063 3114/3882/1063
f 1085/1341/317 2698/3279/317 2700/3282/317
f 1724/2202/479 3531/4299/479 3530/4298/479
f 1310/1581/1065 3118/3886/1065 3115/3883/1065
f 1086/1342/1066 2700/3282/1066 2702/3285/1066
f 1725/2203/2557 3534/4302/2557 3531/4299/2557
f 1312/1584/169 3119/3887/169 3118/3886/169
f 1087/1343/1067 2702/3285/1067 2704/3288/1067
f 1728/2208/477 3536/4304/477 3534/4302/477
f 1314/1587/168 3122/3890/168 3119/3887/168
f 1088/1344/1068 2704/3288/1068 2706/3291/1068
f 1730/2211/2558 3537/4305/2558 3536/4304/2558
f 1316/1590/167 3124/3892/167 3122/3890/167
f 1089/1345/2559 2706/3291/2559 2708/3294/2559
f 1731/2212/475 3539/4307/475 3537/4305/475
f 1318/1593/1071 3126/3894/1071 3124/3892/1071
f 1090/1346/1072 2708/3294/1072 2710/3297/1072
f 1733/2215/474 3541/4309/474 3539/4307/474
f 1319/1594/165 3128/3896/165 3126/3894/165
f 1091/1347/305 2710/3297/305 2712/3300/305
f 1735/2218/2560 3543/4311/2560 3541/4309/2560
f 1321/1597/2561 3130/3898/2561 3128/3896/2561
f 1092/1348/303 2712/3300/303 2714/3303/303
f 1737/2221/472 3545/4313/472 3543/4311/472
f 1324/1602/2101 3132/3900/2101 3130/3898/2101
f 1093/1349/1078 2714/3303/1078 2715/3304/1078
f 1739/2224/471 3547/4315/471 3545/4313/471
f 1325/1603/1080 3134/3902/1080 3132/3900/1080
f 1094/1350/1081 2715/3304/1081 2717/3307/1081
f 1741/2227/1082 3549/4317/1082 3547/4315/1082
f 1327/1606/161 3136/3904/161 3134/3902/161
f 1095/1351/1083 2717/3307/1083 2720/3312/1083
f 1743/2230/1084 3551/4319/1084 3549/4317/1084
f 1329/1609/2562 3138/3906/2562 3136/3904/2562
f 1096/1352/1085 2720/3312/1085 2721/3313/1085
f 1745/2233/468 3554/4322/468 3551/4319/468
f 1331/1612/1086 3140/3908/1086 3138/3906/1086
f 1097/1353/293 2721/3313/293 2724/3318/293
f 1747/2236/1088 3556/4324/1088 3554/4322/1088
f 1333/1615/158 3142/3910/158 3140/3908/158
f 1098/1354/291 2724/3318/291 2726/3321/291
f 1750/2241/1090 3557/4325/1090 3556/4324/1090
f 1335/1618/2563 3144/3912/2563 3142/3910/2563
f 1099/1355/1091 2726/3321/1091 2728/3324/1091
f 1752/2244/2564 3560/4328/2564 3557/4325/2564
f 1337/1621/156 3145/3913/156 3144/3912/156
f 1100/1356/1093 2728/3324/1093 2730/3327/1093
f 1754/2247/1094 3562/4330/1094 3560/4328/1094
f 1339/1624/2565 3148/3916/2565 3145/3913/2565
f 1101/1357/2153 2730/3327/2153 2732/3330/2153
f 1756/2250/1096 3564/4332/1096 3562/4330/1096
f 1341/1627/2566 3149/3917/2566 3148/3916/2566
f 1102/1358/283 2732/3330/283 2733/3331/283
f 1758/2253/1098 3565/4333/1098 3564/4332/1098
f 1343/1630/153 3151/3919/153 3149/3917/153
f 1103/1359/1100 2733/3331/1100 2735/3334/1100
f 1760/2256/2567 3568/4336/2567 3565/4333/2567
f 1345/1633/152 3153/3921/152 3151/3919/152
f 1104/1360/2568 2735/3334/2568 2738/3339/2568
f 1762/2259/2569 3569/4337/2569 3568/4336/2569
f 1347/1636/1103 3156/3924/1103 3153/3921/1103
f 1105/1361/277 2738/3339/277 2739/3340/277
f 1763/2260/459 3572/4340/459 3569/4337/459
f 1349/1639/1105 3157/3925/1105 3156/3924/1105
f 1106/1362/1106 2739/3340/1106 2741/3343/1106
f 1765/2263/1107 3574/4342/1107 3572/4340/1107
f 1351/1642/2570 3159/3927/2570 3157/3925/2570
f 1107/1363/2571 2741/3343/2571 2744/3348/2571
f 1767/2266/2214 3576/4344/2214 3574/4342/2214
f 1353/1645/1111 3161/3929/1111 3159/3927/1111
f 1108/1364/1112 2744/3348/1112 2745/3349/1112
f 1770/2271/2572 3578/4346/2572 3576/4344/2572
f 1355/1648/1114 3163/3931/1114 3161/3929/1114
f 1109/1365/2573 2745/3349/2573 2748/3354/2573
f 1772/2274/1115 3580/4348/1115 3578/4346/1115
f 1357/1651/1116 3165/3933/1116 3163/3931/1116
f 1110/1366/267 2748/3354/267 2750/3357/267
f 1773/2275/2212 3581/4349/2212 3580/4348/2212
f 1359/1654/1119 3167/3935/1119 3165/3933/1119
f 1111/1367/1120 2750/3357/1120 2752/3360/1120
f 1776/2280/1121 3584/4352/1121 3581/4349/1121
f 1361/1657/1122 3169/3937/1122 3167/3935/1122
f 1112/1368/2574 2752/3360/2574 2754/3363/2574
f 1778/2283/1124 3585/4353/1124 3584/4352/1124
f 1363/1660/2575 3171/3939/2575 3169/3937/2575
f 1113/1369/2576 2754/3363/2576 2756/3366/2576
f 1780/2286/2577 3586/4354/2577 3585/4353/2577
f 1365/1663/1125 3173/3941/1125 3171/3939/1125
f 1114/1370/2578 2756/3366/2578 2758/3369/2578
f 1782/2289/2579 3587/4355/2579 3586/4354/2579
f 1367/1666/2580 3175/3943/2580 3173/3941/2580
f 1115/1371/257 2758/3369/257 2759/3370/257
f 1784/2292/2581 3588/4356/2581 3587/4355/2581
f 1369/1669/140 3178/3946/140 3175/3943/140
f 1116/1372/255 2759/3370/255 2762/3375/255
f 1785/2293/1130 3589/4357/1130 3588/4356/1130
f 1372/1674/2582 3180/3948/2582 3178/3946/2582
f 1117/1373/253 2762/3375/253 2764/3378/253
f 1787/2296/446 3590/4358/446 3589/4357/446
f 1374/1677/138 3182/3950/138 3180/3948/138
f 1118/1374/2583 2764/3378/2583 2765/3379/2583
f 1789/2299/444 3591/4359/444 3590/4358/444
f 1376/1680/137 3184/3952/137 3182/3950/137
f 1119/1375/447 2765/3379/447 2767/3382/447
f 1791/2302/442 3592/4360/442 3591/4359/442
f 1377/1681/136 3186/3954/136 3184/3952/136
f 1120/1376/2584 2767/3382/2584 2770/3387/2584
f 1794/2306/1138 3593/4361/1138 3592/4360/1138
f 1379/1684/2585 3187/3955/2585 3186/3954/2585
f 1121/1377/1139 2770/3387/1139 2772/3390/1139
f 1796/2308/1140 3594/4362/1140 3593/4361/1140
f 1381/1687/2586 3190/3958/2586 3187/3955/2586
f 1122/1378/2587 2772/3390/2587 2774/3393/2587
f 1798/2310/2588 3595/4363/2588 3594/4362/2588
f 1383/1690/2589 3192/3960/2589 3190/3958/2589
f 1123/1379/1143 2774/3393/1143 2776/3396/1143
f 1800/2312/430 3596/4364/430 3595/4363/430
f 1385/1693/1144 3193/3961/1144 3192/3960/1144
f 1124/1380/1145 2776/3396/1145 2778/3399/1145
f 1802/2314/1146 3597/4365/1146 3596/4364/1146
f 1387/1696/131 3195/3963/131 3193/3961/131
f 1125/1381/432 2778/3399/432 2780/3402/432
f 1804/2316/424 3598/4366/424 3597/4365/424
f 1389/1699/2590 3197/3965/2590 3195/3963/2590
f 1126/1382/1148 2780/3402/1148 2781/3403/1148
f 1805/2317/1149 3599/4367/1149 3598/4366/1149
f 1391/1702/1150 3199/3967/1150 3197/3965/1150
f 1127/1383/1151 2781/3403/1151 2783/3406/1151
f 1808/2320/418 3600/4368/418 3599/4367/418
f 1393/1705/2591 3201/3969/2591 3199/3967/2591
f 1128/1384/2592 2783/3406/2592 2785/3409/2592
f 1157/1413/415 2842/3495/415 3100/3868/415
f 1395/1708/1153 3203/3971/1153 3201/3969/1153
f 1129/1385/1154 2785/3409/1154 2788/3414/1154
f 1158/1414/412 2843/3496/412 3357/4125/412
f 1397/1711/126 3205/3973/126 3203/3971/126
f 1130/1386/1155 2788/3414/1155 2790/3417/1155
f 1294/1557/409 3101/3869/409 3600/4368/409
f 1399/1714/2593 3207/3975/2593 3205/3973/2593
f 1131/1387/414 2790/3417/414 2791/3418/414
f 1551/1942/406 3359/4127/406 2588/3114/406
f 1401/1717/1157 3209/3977/1157 3207/3975/1157
f 1132/1388/411 2791/3418/411 2794/3423/411
f 1403/1720/123 3211/3979/123 3209/3977/123
f 1133/1389/2594 2794/3423/2594 2796/3426/2594
f 1405/1723/2084 3214/3982/2084 3211/3979/2084
f 1134/1390/2595 2796/3426/2595 2798/3429/2595
f 1407/1726/1161 3215/3983/1161 3214/3982/1161
f 1135/1391/403 2798/3429/403 2800/3432/403
f 1409/1729/1162 3217/3985/1162 3215/3983/1162
f 1136/1392/2596 2800/3432/2596 2802/3435/2596
f 1412/1734/119 3219/3987/119 3217/3985/119
f 1137/1393/399 2802/3435/399 2804/3438/399
f 1414/1737/118 3221/3989/118 3219/3987/118
f 1138/1394/1165 2804/3438/1165 2806/3441/1165
f 1415/1738/1166 3224/3992/1166 3221/3989/1166
f 1139/1395/2597 2806/3441/2597 2808/3444/2597
f 1418/1743/1167 3226/3994/1167 3224/3992/1167
f 1140/1396/1168 2808/3444/1168 2809/3445/1168
f 1420/1746/1169 3228/3996/1169 3226/3994/1169
f 1141/1397/1170 2809/3445/1170 2812/3450/1170
f 1422/1749/1171 3230/3998/1171 3228/3996/1171
f 1142/1398/2190 2812/3450/2190 2814/3453/2190
f 1424/1752/113 3232/4000/113 3230/3998/113
f 1143/1399/2598 2814/3453/2598 2816/3456/2598
f 1426/1755/112 3234/4002/112 3232/4000/112
f 1144/1400/385 2816/3456/385 2818/3459/385
f 1427/1756/1175 3236/4004/1175 3234/4002/1175
f 1145/1401/1176 2818/3459/1176 2820/3462/1176
f 1430/1761/2599 3238/4006/2599 3236/4004/2599
f 1146/1402/381 2820/3462/381 2822/3465/381
f 1432/1764/1178 3239/4007/1178 3238/4006/1178
f 1147/1403/379 2822/3465/379 2824/3468/379
f 1434/1767/1179 3241/4009/1179 3239/4007/1179
f 1148/1404/377 2824/3468/377 2826/3471/377
f 1436/1770/1180 3243/4011/1180 3241/4009/1180
f 1149/1405/1181 2826/3471/1181 2828/3474/1181
f 1437/1771/106 3245/4013/106 3243/4011/106
f 1150/1406/1182 2828/3474/1182 2830/3477/1182
f 1439/1774/1183 3247/4015/1183 3245/4013/1183
f 1151/1407/371 2830/3477/371 2832/3480/371
f 1441/1777/104 3249/4017/104 3247/4015/104
f 1152/1408/369 2832/3480/369 2834/3483/369
f 1443/1780/1185 3251/4019/1185 3249/4017/1185
f 1153/1409/367 2834/3483/367 2836/3486/367
f 1445/1783/2600 3253/4021/2600 3251/4019/2600
f 1154/1410/365 2836/3486/365 2838/3489/365
f 1447/1786/101 3255/4023/101 3253/4021/101
f 1155/1411/1187 2838/3489/1187 2840/3492/1187
f 1450/1791/100 3257/4025/100 3255/4023/100
f 1156/1412/1189 2840/3492/1189 2842/3495/1189
f 1451/1792/1190 3260/4028/1190 3257/4025/1190
f 1159/1415/1191 2846/3501/1191 2843/3496/1191
f 1453/1795/98 3262/4030/98 3260/4028/98
f 1160/1416/357 2848/3504/357 2846/3501/357
f 1455/1798/1192 3264/4032/1192 3262/4030/1192
f 1161/1417/355 2850/3507/355 2848/3504/355
f 1457/1801/1193 3266/4034/1193 3264/4032/1193
f 1162/1418/353 2851/3508/353 2850/3507/353
f 1460/1806/95 3268/4036/95 3266/4034/95
f 1163/1419/351 2853/3511/351 2851/3508/351
f 1461/1807/94 3270/4038/94 3268/4036/94
f 1164/1420/1195 2855/3514/1195 2853/3511/1195
f 1464/1812/1196 3271/4039/1196 3270/4038/1196
f 1165/1421/347 2857/3517/347 2855/3514/347
f 1466/1815/2601 3273/4041/2601 3271/4039/2601
f 1166/1422/346 2859/3520/346 2857/3517/346
f 1467/1816/2602 3276/4044/2602 3273/4041/2602
f 1167/1423/344 2861/3523/344 2859/3520/344
f 1470/1821/90 3278/4046/90 3276/4044/90
f 1168/1424/342 2863/3526/342 2861/3523/342
f 1471/1822/89 3280/4048/89 3278/4046/89
f 1169/1425/340 2865/3529/340 2863/3526/340
f 1473/1825/1197 3282/4050/1197 3280/4048/1197
f 1170/1426/338 2867/3532/338 2865/3529/338
f 1475/1828/2603 3284/4052/2603 3282/4050/2603
f 1171/1427/336 2869/3535/336 2867/3532/336
f 1477/1831/2066 3286/4054/2066 3284/4052/2066
f 1172/1428/334 2871/3538/334 2869/3535/334
f 1479/1834/85 3287/4055/85 3286/4054/85
f 1173/1429/332 2873/3541/332 2871/3538/332
f 1481/1837/84 3290/4058/84 3287/4055/84
f 1174/1430/330 2875/3544/330 2873/3541/330
f 1483/1840/1200 3292/4060/1200 3290/4058/1200
f 1175/1431/328 2878/3549/328 2875/3544/328
f 1485/1843/82 3293/4061/82 3292/4060/82
f 1176/1432/326 2880/3552/326 2878/3549/326
f 1487/1846/81 3295/4063/81 3293/4061/81
f 1177/1433/2604 2882/3555/2604 2880/3552/2604
f 1489/1849/80 3297/4065/80 3295/4063/80
f 1178/1434/1202 2884/3558/1202 2882/3555/1202
f 1491/1852/1203 3299/4067/1203 3297/4065/1203
f 1179/1435/320 2886/3561/320 2884/3558/320
f 1493/1855/2062 3301/4069/2062 3299/4067/2062
f 1180/1436/318 2888/3564/318 2886/3561/318
f 1496/1860/1204 3303/4071/1204 3301/4069/1204
f 1181/1437/316 2889/3565/316 2888/3564/316
f 1498/1863/1205 3305/4073/1205 3303/4071/1205
f 1182/1438/314 2892/3570/314 2889/3565/314
f 1499/1864/1206 3308/4076/1206 3305/4073/1206
f 1183/1439/312 2894/3573/312 2892/3570/312
f 1501/1867/2605 3309/4077/2605 3308/4076/2605
f 1184/1440/1208 2896/3576/1208 2894/3573/1208
f 1504/1872/73 3311/4079/73 3309/4077/73
f 1185/1441/308 2898/3579/308 2896/3576/308
f 1506/1875/1209 3314/4082/1209 3311/4079/1209
f 1186/1442/306 2900/3582/306 2898/3579/306
f 1508/1878/71 3316/4084/71 3314/4082/71
f 1187/1443/2164 2902/3585/2164 2900/3582/2164
f 1510/1881/70 3318/4086/70 3316/4084/70
f 1188/1444/1210 2904/3588/1210 2902/3585/1210
f 1512/1884/1211 3320/4088/1211 3318/4086/1211
f 1189/1445/300 2906/3591/300 2904/3588/300
f 1514/1887/2606 3321/4089/2606 3320/4088/2606
f 1190/1446/298 2908/3594/298 2906/3591/298
f 1515/1888/1213 3324/4092/1213 3321/4089/1213
f 1191/1447/296 2909/3595/296 2908/3594/296
f 1518/1893/66 3326/4094/66 3324/4092/66
f 1192/1448/294 2911/3598/294 2909/3595/294
f 1520/1896/1214 3328/4096/1214 3326/4094/1214
f 1193/1449/2607 2913/3601/2607 2911/3598/2607
f 1522/1899/64 3329/4097/64 3328/4096/64
f 1194/1450/1215 2916/3606/1215 2913/3601/1215
f 1524/1902/63 3331/4099/63 3329/4097/63
f 1195/1451/2608 2917/3607/2608 2916/3606/2608
f 1525/1903/62 3333/4101/62 3331/4099/62
f 1196/1452/286 2919/3610/286 2917/3607/286
f 1527/1906/1217 3335/4103/1217 3333/4101/1217
f 1197/1453/1218 2921/3613/1218 2919/3610/1218
f 1529/1909/60 3337/4105/60 3335/4103/60
f 1198/1454/282 2923/3616/282 2921/3613/282
f 1532/1914/1219 3339/4107/1219 3337/4105/1219
f 1199/1455/1220 2926/3621/1220 2923/3616/1220
f 1533/1915/58 3341/4109/58 3339/4107/58
f 1200/1456/278 2928/3624/278 2926/3621/278
f 1535/1918/1222 3343/4111/1222 3341/4109/1222
f 1201/1457/2148 2930/3627/2148 2928/3624/2148
f 1537/1921/56 3346/4114/56 3343/4111/56
f 1202/1458/1224 2932/3630/1224 2930/3627/1224
f 1540/1926/1225 3348/4116/1225 3346/4114/1225
f 1203/1459/2609 2934/3633/2609 2932/3630/2609
f 1542/1929/54 3350/4118/54 3348/4116/54
f 1204/1460/270 2936/3636/270 2934/3633/270
f 1543/1930/53 3352/4120/53 3350/4118/53
f 1205/1461/268 2938/3639/268 2936/3636/268
f 1545/1933/52 3354/4122/52 3352/4120/52
f 1206/1462/1226 2940/3642/1226 2938/3639/1226
f 1548/1938/51 3356/4124/51 3354/4122/51
f 1207/1463/264 2942/3645/264 2940/3642/264
f 1549/1939/1227 3357/4125/1227 3356/4124/1227
f 1208/1464/262 2944/3648/262 2942/3645/262
f 1554/1947/1228 3361/4129/1228 3359/4127/1228
f 1209/1465/2610 2945/3649/2610 2944/3648/2610
f 1555/1948/48 3363/4131/48 3361/4129/48
f 1210/1466/2611 2948/3654/2611 2945/3649/2611
f 1558/1953/47 3365/4133/47 3363/4131/47
f 1211/1467/2142 2950/3657/2142 2948/3654/2142
f 1559/1954/46 3367/4135/46 3365/4133/46
f 1212/1468/1231 2952/3660/1231 2950/3657/1231
f 1561/1957/45 3370/4138/45 3367/4135/45
f 1213/1469/252 2954/3663/252 2952/3660/252
f 1563/1960/1232 3372/4140/1232 3370/4138/1232
f 1214/1470/1233 2956/3666/1233 2954/3663/1233
f 1566/1965/43 3374/4142/43 3372/4140/43
f 1215/1471/249 2958/3669/249 2956/3666/249
f 1568/1968/42 3376/4144/42 3374/4142/42
f 1216/1472/248 2960/3672/248 2958/3669/248
f 1570/1971/41 3377/4145/41 3376/4144/41
f 1217/1473/247 2961/3673/247 2960/3672/247
f 1572/1974/40 3379/4147/40 3377/4145/40
f 1218/1474/1234 2963/3676/1234 2961/3673/1234
f 1574/1977/39 3381/4149/39 3379/4147/39
f 1219/1475/2612 2965/3679/2612 2963/3676/2612
f 1575/1978/38 3383/4151/38 3381/4149/38
f 1220/1476/1236 2967/3682/1236 2965/3679/1236
f 1578/1983/37 3386/4154/37 3383/4151/37
f 1221/1477/1237 2970/3687/1237 2967/3682/1237
f 1579/1984/36 3388/4156/36 3386/4154/36
f 1222/1478/242 2971/3688/242 2970/3687/242
f 1581/1987/35 3389/4157/35 3388/4156/35
f 1223/1479/1238 2974/3693/1238 2971/3688/1238
f 1583/1990/34 3392/4160/34 3389/4157/34
f 1224/1480/240 2975/3694/240 2974/3693/240
f 1585/1993/33 3394/4162/33 3392/4160/33
f 1225/1481/1239 2978/3699/1239 2975/3694/1239
f 1588/1998/32 3396/4164/32 3394/4162/32
f 1226/1482/238 2980/3702/238 2978/3699/238
f 1590/2001/2613 3398/4166/2613 3396/4164/2613
f 1227/1483/2614 2981/3703/2614 2980/3702/2614
f 1592/2004/1242 3400/4168/1242 3398/4166/1242
f 1228/1484/1243 2984/3708/1243 2981/3703/1243
f 1593/2005/29 3402/4170/29 3400/4168/29
f 1229/1485/1244 2985/3709/1244 2984/3708/1244
f 1596/2010/28 3404/4172/28 3402/4170/28
f 1230/1486/1245 2987/3712/1245 2985/3709/1245
f 1598/2013/27 3405/4173/27 3404/4172/27
f 1231/1487/2615 2989/3715/2615 2987/3712/2615
f 1600/2016/26 3408/4176/26 3405/4173/26
f 1232/1488/1246 2992/3720/1246 2989/3715/1246
f 1602/2019/25 3410/4178/25 3408/4176/25
f 1233/1489/231 2993/3721/231 2992/3720/231
f 1604/2022/1248 3412/4180/1248 3410/4178/1248
f 1234/1490/2616 2995/3724/2616 2993/3721/2616
f 1606/2025/23 3414/4182/23 3412/4180/23
f 1235/1491/1250 2997/3727/1250 2995/3724/1250
f 1607/2026/22 3416/4184/22 3414/4182/22
f 1236/1492/1251 2999/3730/1251 2997/3727/1251
f 1610/2031/2055 3418/4186/2055 3416/4184/2055
f 1237/1493/227 3002/3735/227 2999/3730/227
f 1030/1286/1253 2588/3114/1253 2585/3109/1253
f 1612/2034/1254 3419/4187/1254 3418/4186/1254
f 1238/1494/1255 3004/3738/1255 3002/3735/1255
f 1029/1285/437 2585/3109/437 2589/3115/437
f 1614/2037/19 3422/4190/19 3419/4187/19
f 1239/1495/225 3006/3741/225 3004/3738/225
f 1031/1287/434 2589/3115/434 2591/3118/434
f 1616/2040/18 3424/4192/18 3422/4190/18
f 1240/1496/224 3008/3744/224 3006/3741/224
f 1032/1288/431 2591/3118/431 2593/3121/431
f 1618/2043/17 3425/4193/17 3424/4192/17
f 1241/1497/1258 3010/3747/1258 3008/3744/1258
f 1033/1289/428 2593/3121/428 2596/3126/428
f 1620/2046/16 3428/4196/16 3425/4193/16
f 1242/1498/222 3012/3750/222 3010/3747/222
f 1034/1290/1260 2596/3126/1260 2597/3127/1260
f 1622/2049/2617 3430/4198/2617 3428/4196/2617
f 1243/1499/221 3014/3753/221 3012/3750/221
f 1035/1291/422 2597/3127/422 2599/3130/422
f 1624/2052/1262 3432/4200/1262 3430/4198/1262
f 1244/1500/220 3016/3756/220 3014/3753/220
f 1036/1292/1264 2599/3130/1264 2601/3133/1264
f 1626/2055/2618 3434/4202/2618 3432/4200/2618
f 1245/1501/2619 3018/3759/2619 3016/3756/2619
f 1037/1293/416 2601/3133/416 2603/3136/416
f 1628/2058/12 3436/4204/12 3434/4202/12
f 1246/1502/218 3019/3760/218 3018/3759/218
f 1038/1294/1266 2603/3136/1266 2605/3139/1266
f 1630/2061/1267 3438/4206/1267 3436/4204/1267
f 1247/1503/2620 3022/3765/2620 3019/3760/2620
f 1039/1295/410 2605/3139/410 2608/3144/410
f 1632/2064/10 3440/4208/10 3438/4206/10
f 1248/1504/216 3024/3768/216 3022/3765/216
f 1040/1296/1269 2608/3144/1269 2610/3147/1269
f 1633/2065/1270 3442/4210/1270 3440/4208/1270
f 1249/1505/215 3026/3771/215 3024/3768/215
f 1041/1297/404 2610/3147/404 2612/3150/404
f 1635/2068/8 3443/4211/8 3442/4210/8
f 1250/1506/2621 3028/3774/2621 3026/3771/2621
f 1042/1298/402 2612/3150/402 2613/3151/402
f 1637/2071/2049 3445/4213/2049 3443/4211/2049
f 1251/1507/213 3030/3777/213 3028/3774/213
f 1043/1299/400 2613/3151/400 2616/3156/400
f 1639/2074/1275 3447/4215/1275 3445/4213/1275
f 1252/1508/212 3032/3780/212 3030/3777/212
f 1044/1300/398 2616/3156/398 2618/3159/398
f 1641/2077/2622 3450/4218/2622 3447/4215/2622
f 1253/1509/1277 3034/3783/1277 3032/3780/1277
f 1045/1301/396 2618/3159/396 2620/3162/396
f 1643/2080/4 3451/4219/4 3450/4218/4
f 1254/1510/1278 3036/3786/1278 3034/3783/1278
f 1046/1302/1279 2620/3162/1279 2622/3165/1279
f 1645/2083/3 3453/4221/3 3451/4219/3
f 1255/1511/209 3038/3789/209 3036/3786/209
f 1047/1303/2623 2622/3165/2623 2624/3168/2623
f 1648/2088/1281 3455/4223/1281 3453/4221/1281
f 1256/1512/1282 3040/3792/1282 3038/3789/1282
f 1048/1304/1283 2624/3168/1283 2626/3171/1283
f 1650/2091/516 3457/4225/516 3455/4223/516
f 1257/1513/1284 3042/3795/1284 3040/3792/1284
f 1049/1305/388 2626/3171/388 2627/3172/388
f 1652/2094/515 3459/4227/515 3457/4225/515
f 1258/1514/2624 3044/3798/2624 3042/3795/2624
f 1050/1306/386 2627/3172/386 2629/3175/386
f 1654/2097/2625 3461/4229/2625 3459/4227/2625
f 1259/1515/1287 3046/3801/1287 3044/3798/1287
f 1051/1307/1288 2629/3175/1288 2631/3178/1288
f 1656/2100/2626 3463/4231/2626 3461/4229/2626
f 1260/1516/1289 3048/3804/1289 3046/3801/1289
f 1052/1308/382 2631/3178/382 2633/3181/382
f 1658/2103/2240 3465/4233/2240 3463/4231/2240
f 1261/1517/1291 3050/3807/1291 3048/3804/1291
f 1053/1309/2627 2633/3181/2627 2635/3184/2627
f 1660/2106/1292 3467/4235/1292 3465/4233/1292
f 1262/1518/2628 3052/3810/2628 3050/3807/2628
f 1054/1310/1293 2635/3184/1293 2638/3189/1293
f 1662/2109/510 3469/4237/510 3467/4235/510
f 1263/1519/2629 3054/3813/2629 3052/3810/2629
f 1055/1311/376 2638/3189/376 2640/3192/376
f 1664/2112/1295 3471/4239/1295 3469/4237/1295
f 1264/1520/200 3056/3816/200 3054/3813/200
f 1056/1312/1297 2640/3192/1297 2642/3195/1297
f 1666/2115/508 3473/4241/508 3471/4239/508
f 1265/1521/1298 3058/3819/1298 3056/3816/1298
f 1057/1313/2187 2642/3195/2187 2644/3198/2187
f 1667/2116/507 3476/4244/507 3473/4241/507
f 1266/1522/2116 3060/3822/2116 3058/3819/2116
f 1058/1314/1300 2644/3198/1300 2646/3201/1300
f 1670/2121/506 3478/4246/506 3476/4244/506
f 1267/1523/2630 3062/3825/2630 3060/3822/2630
f 1059/1315/1302 2646/3201/1302 2647/3202/1302
f 1672/2124/1303 3480/4248/1303 3478/4246/1303
f 1268/1524/1304 3064/3828/1304 3062/3825/1304
f 1060/1316/1305 2647/3202/1305 2649/3205/1305
f 1674/2127/2631 3482/4250/2631 3480/4248/2631
f 1269/1525/2114 3065/3829/2114 3064/3828/2114
f 1061/1317/364 2649/3205/364 2652/3210/364
f 1676/2130/1308 3484/4252/1308 3482/4250/1308
f 1270/1526/1309 3068/3834/1309 3065/3829/1309
f 1062/1318/1310 2652/3210/1310 2653/3211/1310
f 1678/2133/1311 3486/4254/1311 3484/4252/1311
f 1271/1527/1312 3070/3837/1312 3068/3834/1312
f 1063/1319/360 2653/3211/360 2655/3214/360
f 1680/2136/501 3488/4256/501 3486/4254/501
f 1272/1528/2632 3071/3838/2632 3070/3837/2632
f 1064/1320/358 2655/3214/358 2658/3219/358
f 1682/2139/1314 3490/4258/1314 3488/4256/1314
f 1273/1529/2633 3074/3842/2633 3071/3838/2633
f 1065/1321/2182 2658/3219/2182 2659/3220/2182
f 1684/2142/499 3492/4260/499 3490/4258/499
f 1274/1530/2634 3076/3844/2634 3074/3842/2634
f 1066/1322/2635 2659/3220/2635 2662/3225/2635
f 1686/2145/1317 3493/4261/1317 3492/4260/1317
f 1275/1531/1318 3078/3846/1318 3076/3844/1318
f 1067/1323/1319 2662/3225/1319 2663/3226/1319
f 1688/2148/497 3495/4263/497 3493/4261/497
f 1276/1532/188 3080/3848/188 3078/3846/188
f 1068/1324/350 2663/3226/350 2665/3229/350
f 1690/2151/2636 3497/4265/2636 3495/4263/2636
f 1277/1533/187 3082/3850/187 3080/3848/187
f 1069/1325/348 2665/3229/348 2667/3232/348
f 1692/2154/1321 3499/4267/1321 3497/4265/1321
f 1278/1534/186 3083/3851/186 3082/3850/186
f 5/7/1322 2/3/1322 3602/4370/1322
f 8/12/2637 5/7/2637 3601/4369/2637
f 8/12/1323 3603/4371/1323 3604/4372/1323
f 12/18/2638 10/15/2638 3604/4372/2638
f 12/18/2639 3605/4373/2639 3606/4374/2639
f 16/24/2640 14/21/2640 3606/4374/2640
f 16/24/524 3607/4375/524 3608/4376/524
f 20/30/525 18/27/525 3608/4376/525
f 20/30/526 3609/4377/526 3610/4378/526
f 22/33/2641 3610/4378/2641 3611/4379/2641
f 26/39/2642 24/36/2642 3611/4379/2642
f 26/39/1329 3612/4380/1329 3613/4381/1329
f 30/45/530 28/42/530 3613/4381/530
f 30/45/2247 3614/4382/2247 3615/4383/2247
f 34/51/2643 32/48/2643 3615/4383/2643
f 34/51/533 3616/4384/533 3617/4385/533
f 38/57/2644 36/54/2644 3617/4385/2644
f 38/57/1334 3618/4386/1334 3619/4387/1334
f 41/61/2645 39/58/2645 3619/4387/2645
f 41/61/537 3620/4388/537 3621/4389/537
f 46/69/538 44/66/538 3621/4389/538
f 46/69/539 3622/4390/539 3623/4391/539
f 48/72/540 3623/4391/540 3624/4392/540
f 52/78/541 50/75/541 3624/4392/541
f 52/78/2646 3625/4393/2646 3626/4394/2646
f 54/81/543 3626/4394/543 3627/4395/543
f 58/87/2647 56/84/2647 3627/4395/2647
f 58/87/545 3628/4396/545 3629/4397/545
f 62/93/546 60/90/546 3629/4397/546
f 62/93/547 3630/4398/547 3631/4399/547
f 66/99/2648 64/96/2648 3631/4399/2648
f 66/99/2649 3632/4400/2649 3633/4401/2649
f 70/105/550 68/102/550 3633/4401/550
f 70/105/2255 3634/4402/2255 3635/4403/2255
f 74/111/2650 72/108/2650 3635/4403/2650
f 74/111/2651 3636/4404/2651 3637/4405/2651
f 78/117/2652 76/114/2652 3637/4405/2652
f 78/117/2258 3638/4406/2258 3639/4407/2258
f 82/123/2653 80/120/2653 3639/4407/2653
f 84/126/2259 82/123/2259 3640/4408/2259
f 84/126/2654 3641/4409/2654 3642/4410/2654
f 88/132/2655 86/129/2655 3642/4410/2655
f 88/132/560 3643/4411/560 3644/4412/560
f 92/138/2656 90/135/2656 3644/4412/2656
f 92/138/2657 3645/4413/2657 3646/4414/2657
f 96/144/2658 94/141/2658 3646/4414/2658
f 96/144/2659 3647/4415/2659 3648/4416/2659
f 98/147/565 3648/4416/565 3649/4417/565
f 100/150/2263 3649/4417/2263 3650/4418/2263
f 104/156/2660 102/153/2660 3650/4418/2660
f 106/159/2661 104/156/2661 3651/4419/2661
f 108/162/2662 106/159/2662 3652/4420/2662
f 110/165/2663 108/162/2663 3653/4421/2663
f 110/165/2664 3654/4422/2664 3655/4423/2664
f 112/168/572 3655/4423/572 3656/4424/572
f 113/169/2665 3656/4424/2665 3657/4425/2665
f 118/177/2267 115/172/2267 3657/4425/2267
f 118/177/2666 3658/4426/2666 3659/4427/2666
f 122/183/2667 120/180/2667 3659/4427/2667
f 122/183/2269 3660/4428/2269 3661/4429/2269
f 124/186/2668 3661/4429/2668 3662/4430/2668
f 127/190/1361 125/187/1361 3662/4430/1361
f 130/195/2669 127/190/2669 3663/4431/2669
f 130/195/2670 3664/4432/2670 3665/4433/2670
f 133/199/2671 132/198/2671 3665/4433/2671
f 133/199/2273 3666/4434/2273 3667/4435/2273
f 135/202/584 3667/4435/584 3668/4436/584
f 139/208/2672 137/205/2672 3668/4436/2672
f 139/208/2275 3669/4437/2275 3670/4438/2275
f 142/213/2673 3670/4438/2673 3671/4439/2673
f 146/219/1370 144/216/1370 3671/4439/1370
f 147/220/589 146/219/589 3672/4440/589
f 149/223/2674 147/220/2674 3673/4441/2674
f 149/223/2675 3674/4442/2675 3675/4443/2675
f 151/226/592 3675/4443/592 3676/4444/592
f 153/229/593 3676/4444/593 3677/4445/593
f 155/232/2676 3677/4445/2676 3678/4446/2676
f 157/235/595 3678/4446/595 3679/4447/595
f 159/238/2677 3679/4447/2677 3680/4448/2677
f 164/246/2678 161/241/2678 3680/4448/2678
f 165/247/2679 164/246/2679 3681/4449/2679
f 165/247/2680 3682/4450/2680 3683/4451/2680
f 167/250/2681 3683/4451/2681 3684/4452/2681
f 172/258/1382 169/253/1382 3684/4452/1382
f 172/258/602 3685/4453/602 3686/4454/602
f 175/262/2682 173/259/2682 3686/4454/2682
f 175/262/2683 3687/4455/2683 3688/4456/2683
f 179/268/2684 177/265/2684 3688/4456/2684
f 179/268/606 3689/4457/606 3690/4458/606
f 181/271/2685 3690/4458/2685 3691/4459/2685
f 185/277/2686 184/276/2686 3691/4459/2686
f 185/277/2687 3692/4460/2687 3693/4461/2687
f 189/283/2688 188/282/2688 3693/4461/2688
f 189/283/2689 3694/4462/2689 3695/4463/2689
f 194/291/1390 192/288/1390 3695/4463/1390
f 194/291/2297 3696/4464/2297 3697/4465/2297
f 197/295/2690 196/294/2690 3697/4465/2690
f 200/300/2691 197/295/2691 3698/4466/2691
f 200/300/2299 3699/4467/2299 3700/4468/2299
f 203/304/2692 201/301/2692 3700/4468/2692
f 206/309/2693 203/304/2693 3701/4469/2693
f 206/309/2300 3702/4470/2300 3703/4471/2300
f 207/310/2301 3703/4471/2301 3704/4472/2301
f 212/318/2694 209/313/2694 3704/4472/2694
f 213/319/2695 212/318/2695 3705/4473/2695
f 213/319/2696 3706/4474/2696 3707/4475/2696
f 217/325/2697 215/322/2697 3707/4475/2697
f 217/325/2698 3708/4476/2698 3709/4477/2698
f 222/333/2699 220/330/2699 3709/4477/2699
f 222/333/2700 3710/4478/2700 3711/4479/2700
f 224/336/628 3711/4479/628 3712/4480/628
f 225/337/2701 3712/4480/2701 3713/4481/2701
f 230/345/2702 228/342/2702 3713/4481/2702
f 230/345/2703 3714/4482/2703 3715/4483/2703
f 234/351/2704 232/348/2704 3715/4483/2704
f 234/351/2311 3716/4484/2311 3717/4485/2311
f 238/357/2705 236/354/2705 3717/4485/2705
f 238/357/2706 3718/4486/2706 3719/4487/2706
f 242/363/2707 240/360/2707 3719/4487/2707
f 242/363/2708 3720/4488/2708 3721/4489/2708
f 243/364/2709 3721/4489/2709 3722/4490/2709
f 247/370/2710 245/367/2710 3722/4490/2710
f 247/370/2711 3723/4491/2711 3724/4492/2711
f 251/376/2712 249/373/2712 3724/4492/2712
f 251/376/2713 3725/4493/2713 3726/4494/2713
f 256/384/2714 254/381/2714 3726/4494/2714
f 256/384/2319 3727/4495/2319 3728/4496/2319
f 258/387/2715 3728/4496/2715 3729/4497/2715
f 515/771/646 3731/4499/646 3730/4498/646
f 513/769/647 3732/4500/647 3731/4499/647
f 513/769/1423 512/768/1423 3733/4501/1423
f 509/763/2716 3734/4502/2716 3733/4501/2716
f 509/763/2717 508/762/2717 3735/4503/2717
f 505/757/2718 3736/4504/2718 3735/4503/2718
f 505/757/652 503/754/652 3737/4505/652
f 501/751/653 3738/4506/653 3737/4505/653
f 500/750/654 3739/4507/654 3738/4506/654
f 500/750/2719 498/747/2719 3740/4508/2719
f 496/744/2720 3741/4509/2720 3740/4508/2720
f 496/744/1429 494/741/1429 3742/4510/1429
f 492/738/658 3743/4511/658 3742/4510/658
f 492/738/2721 490/735/2721 3744/4512/2721
f 488/732/660 3745/4513/660 3744/4512/660
f 488/732/2722 486/729/2722 3746/4514/2722
f 484/726/2723 3747/4515/2723 3746/4514/2723
f 484/726/663 482/723/663 3748/4516/663
f 480/720/2327 3749/4517/2327 3748/4516/2327
f 480/720/2724 478/717/2724 3750/4518/2724
f 476/714/666 3751/4519/666 3750/4518/666
f 476/714/2725 474/711/2725 3752/4520/2725
f 472/708/668 3753/4521/668 3752/4520/668
f 472/708/2726 470/705/2726 3754/4522/2726
f 470/705/2727 468/702/2727 3755/4523/2727
f 466/699/671 3756/4524/671 3755/4523/671
f 464/696/2728 3757/4525/2728 3756/4524/2728
f 464/696/2729 462/693/2729 3758/4526/2729
f 459/688/674 3759/4527/674 3758/4526/674
f 459/688/1439 458/687/1439 3760/4528/1439
f 456/684/2730 3761/4529/2730 3760/4528/2730
f 456/684/677 454/681/677 3762/4530/677
f 452/678/678 3763/4531/678 3762/4530/678
f 452/678/2731 449/673/2731 3764/4532/2731
f 447/670/2330 3765/4533/2330 3764/4532/2330
f 447/670/2732 445/667/2732 3766/4534/2732
f 443/664/2331 3767/4535/2331 3766/4534/2331
f 443/664/2733 442/663/2733 3768/4536/2733
f 439/658/2734 3769/4537/2734 3768/4536/2734
f 437/655/685 3770/4538/685 3769/4537/685
f 437/655/686 436/654/686 3771/4539/686
f 434/651/687 3772/4540/687 3771/4539/687
f 434/651/2735 432/648/2735 3773/4541/2735
f 430/645/2335 3774/4542/2335 3773/4541/2335
f 430/645/690 428/642/690 3775/4543/690
f 426/639/2736 3776/4544/2736 3775/4543/2736
f 424/636/692 3777/4545/692 3776/4544/692
f 424/636/2737 422/633/2737 3778/4546/2737
f 422/633/2738 420/630/2738 3779/4547/2738
f 418/627/2739 3780/4548/2739 3779/4547/2739
f 416/624/696 3781/4549/696 3780/4548/696
f 414/621/2740 3782/4550/2740 3781/4549/2740
f 412/618/2741 3783/4551/2741 3782/4550/2741
f 412/618/2742 410/615/2742 3784/4552/2742
f 408/612/2743 3785/4553/2743 3784/4552/2743
f 408/612/2341 406/609/2341 3786/4554/2341
f 406/609/2744 404/606/2744 3787/4555/2744
f 404/606/2343 402/603/2343 3788/4556/2343
f 399/598/704 3789/4557/704 3788/4556/704
f 397/595/2345 3790/4558/2345 3789/4557/2345
f 397/595/2745 395/592/2745 3791/4559/2745
f 393/589/1466 3792/4560/1466 3791/4559/1466
f 392/588/2746 3793/4561/2746 3792/4560/2746
f 392/588/2747 389/583/2747 3794/4562/2747
f 388/582/2748 3795/4563/2748 3794/4562/2748
f 388/582/2749 386/579/2749 3796/4564/2749
f 386/579/2750 384/576/2750 3797/4565/2750
f 382/573/2751 3798/4566/2751 3797/4565/2751
f 380/570/2351 3799/4567/2351 3798/4566/2351
f 380/570/2752 378/567/2752 3800/4568/2752
f 376/564/1473 3801/4569/1473 3800/4568/1473
f 376/564/2753 374/561/2753 3802/4570/2753
f 371/556/718 3803/4571/718 3802/4570/718
f 371/556/2754 369/553/2754 3804/4572/2754
f 369/553/2755 367/550/2755 3805/4573/2755
f 367/550/2756 365/547/2756 3806/4574/2756
f 363/544/2757 3807/4575/2757 3806/4574/2757
f 363/544/2758 361/541/2758 3808/4576/2758
f 361/541/2759 359/538/2759 3809/4577/2759
f 358/537/2760 3810/4578/2760 3809/4577/2760
f 356/534/726 3811/4579/726 3810/4578/726
f 354/531/2761 3812/4580/2761 3811/4579/2761
f 354/531/2762 352/528/2762 3813/4581/2762
f 350/525/1484 3814/4582/1484 3813/4581/1484
f 350/525/1485 348/522/1485 3815/4583/1485
f 346/519/2362 3816/4584/2362 3815/4583/2362
f 346/519/2763 344/516/2763 3817/4585/2763
f 342/513/2764 3818/4586/2764 3817/4585/2764
f 342/513/2765 340/510/2765 3819/4587/2765
f 340/510/2766 338/507/2766 3820/4588/2766
f 336/504/2767 3821/4589/2767 3820/4588/2767
f 336/504/2768 334/501/2768 3822/4590/2768
f 331/496/2368 3823/4591/2368 3822/4590/2368
f 331/496/2769 329/493/2769 3824/4592/2769
f 328/492/740 3825/4593/740 3824/4592/740
f 328/492/2770 326/489/2770 3826/4594/2770
f 324/486/2771 3827/4595/2771 3826/4594/2771
f 322/483/2772 3828/4596/2772 3827/4595/2772
f 322/483/2773 320/480/2773 3829/4597/2773
f 317/475/745 3830/4598/745 3829/4597/745
f 315/472/2774 3831/4599/2774 3830/4598/2774
f 315/472/2775 314/471/2775 3832/4600/2775
f 311/466/748 3833/4601/748 3832/4600/748
f 310/465/2776 3834/4602/2776 3833/4601/2776
f 310/465/2777 307/460/2777 3835/4603/2777
f 305/457/2778 3836/4604/2778 3835/4603/2778
f 303/454/2779 3837/4605/2779 3836/4604/2779
f 303/454/753 301/451/753 3838/4606/753
f 299/448/2780 3839/4607/2780 3838/4606/2780
f 299/448/2781 298/447/2781 3840/4608/2781
f 298/447/2782 296/444/2782 3842/4611/2782
f 296/444/2783 294/441/2783 3844/4614/2783
f 292/438/2784 3846/4617/2784 3844/4614/2784
f 292/438/2785 290/435/2785 3848/4620/2785
f 288/432/2786 3850/4623/2786 3848/4620/2786
f 288/432/2787 286/429/2787 3852/4626/2787
f 284/426/2387 3854/4629/2387 3852/4626/2387
f 284/426/2788 281/421/2788 3856/4632/2788
f 279/418/2789 3858/4635/2789 3856/4632/2789
f 278/417/2790 3860/4638/2790 3858/4635/2790
f 278/417/2791 276/414/2791 3862/4641/2791
f 274/411/767 3864/4644/767 3862/4641/767
f 274/411/2792 272/408/2792 3866/4647/2792
f 270/405/769 3867/4648/769 3866/4647/769
f 270/405/2793 268/402/2793 3870/4653/2793
f 266/399/2394 3871/4654/2394 3870/4653/2394
f 266/399/2794 264/396/2794 3873/4657/2794
f 264/396/2795 260/390/2795 3875/4660/2795
f 1028/1284/2796 3879/4666/2796 3877/4663/2796
f 1027/1283/2396 3881/4669/2396 3879/4666/2396
f 1027/1283/2797 1026/1282/2797 3883/4672/2797
f 1025/1281/2798 3886/4677/2798 3883/4672/2798
f 1025/1281/2799 1023/1279/2799 3887/4678/2799
f 1021/1277/2800 3890/4683/2800 3887/4678/2800
f 1021/1277/2801 1020/1276/2801 3891/4684/2801
f 1018/1274/2802 3893/4687/2802 3891/4684/2802
f 1015/1271/2803 3895/4690/2803 3893/4687/2803
f 1015/1271/2804 1013/1269/2804 3897/4693/2804
f 1011/1267/2805 3899/4696/2805 3897/4693/2805
f 1011/1267/2806 1010/1266/2806 3901/4699/2806
f 1008/1264/2404 3903/4702/2404 3901/4699/2404
f 1008/1264/2807 1005/1261/2807 3905/4705/2807
f 1004/1260/2808 3907/4708/2808 3905/4705/2808
f 1004/1260/2809 1001/1257/2809 3909/4711/2809
f 999/1255/2810 3911/4714/2810 3909/4711/2810
f 999/1255/2811 997/1253/2811 3913/4717/2811
f 995/1251/2812 3915/4720/2812 3913/4717/2812
f 995/1251/2813 993/1249/2813 3917/4723/2813
f 991/1247/2814 3919/4726/2814 3917/4723/2814
f 991/1247/2815 990/1246/2815 3921/4729/2815
f 987/1243/2816 3924/4734/2816 3921/4729/2816
f 987/1243/2817 985/1241/2817 3926/4737/2817
f 985/1241/2818 983/1239/2818 3928/4740/2818
f 981/1237/2413 3930/4743/2413 3928/4740/2413
f 979/1235/2819 3931/4744/2819 3930/4743/2819
f 979/1235/2820 977/1233/2820 3934/4749/2820
f 975/1231/2821 3935/4750/2821 3934/4749/2821
f 975/1231/2822 973/1229/2822 3937/4753/2822
f 971/1227/2823 3940/4758/2823 3937/4753/2823
f 971/1227/2824 970/1226/2824 3942/4761/2824
f 968/1224/2418 3943/4762/2418 3942/4761/2418
f 968/1224/1554 966/1222/1554 3945/4765/1554
f 964/1220/2825 3948/4770/2825 3945/4765/2825
f 964/1220/2826 962/1218/2826 3949/4771/2826
f 960/1216/2827 3951/4774/2827 3949/4771/2827
f 960/1216/2828 958/1214/2828 3953/4777/2828
f 956/1212/2829 3956/4782/2829 3953/4777/2829
f 954/1210/813 3957/4783/813 3956/4782/813
f 954/1210/2830 952/1208/2830 3959/4786/2830
f 950/1206/2831 3961/4789/2831 3959/4786/2831
f 950/1206/2832 948/1204/2832 3964/4794/2832
f 946/1202/817 3966/4797/817 3964/4794/817
f 946/1202/1562 944/1200/1562 3967/4798/1562
f 942/1198/2833 3970/4803/2833 3967/4798/2833
f 940/1196/2834 3972/4806/2834 3970/4803/2834
f 940/1196/2835 938/1194/2835 3974/4809/2835
f 938/1194/2836 936/1192/2836 3976/4812/2836
f 933/1189/1566 3978/4815/1566 3976/4812/1566
f 931/1187/2837 3979/4816/2837 3978/4815/2837
f 929/1185/2838 3982/4821/2838 3979/4816/2838
f 927/1183/2839 3984/4824/2839 3982/4821/2839
f 927/1183/2840 925/1181/2840 3986/4827/2840
f 923/1179/2437 3987/4828/2437 3986/4827/2437
f 923/1179/2841 921/1177/2841 3989/4831/2841
f 921/1177/830 920/1176/830 3991/4834/830
f 920/1176/1574 918/1174/1574 3993/4837/1574
f 916/1172/2842 3995/4840/2842 3993/4837/2842
f 914/1170/2441 3997/4843/2441 3995/4840/2441
f 914/1170/2843 912/1168/2843 3999/4846/2843
f 910/1166/835 4001/4849/835 3999/4846/835
f 908/1164/2443 4003/4852/2443 4001/4849/2443
f 908/1164/2844 906/1162/2844 4005/4855/2844
f 904/1160/2845 4007/4858/2845 4005/4855/2845
f 904/1160/2846 902/1158/2846 4009/4861/2846
f 902/1158/1583 900/1156/1583 4011/4864/1583
f 898/1154/2847 4013/4867/2847 4011/4864/2847
f 896/1152/2447 4015/4870/2447 4013/4867/2447
f 896/1152/2848 894/1150/2848 4017/4873/2848
f 892/1148/2849 4019/4876/2849 4017/4873/2849
f 892/1148/2449 890/1146/2449 4021/4879/2449
f 888/1144/2850 4023/4882/2850 4021/4879/2850
f 888/1144/847 886/1142/847 4025/4885/847
f 886/1142/2851 883/1139/2851 4027/4888/2851
f 883/1139/849 881/1137/849 4029/4891/849
f 879/1135/2453 4031/4894/2453 4029/4891/2453
f 879/1135/2852 877/1133/2852 4033/4897/2852
f 877/1133/2853 875/1131/2853 4036/4902/2853
f 874/1130/2454 4038/4905/2454 4036/4902/2454
f 871/1127/854 4040/4908/854 4038/4905/854
f 869/1125/2854 4042/4911/2854 4040/4908/2854
f 869/1125/2855 867/1123/2855 4044/4914/2855
f 865/1121/2856 4046/4917/2856 4044/4914/2856
f 865/1121/2857 863/1119/2857 4048/4920/2857
f 861/1117/859 4050/4923/859 4048/4920/859
f 861/1117/2858 860/1116/2858 4052/4926/2858
f 857/1113/2859 4054/4929/2859 4052/4926/2859
f 857/1113/2458 855/1111/2458 4056/4932/2458
f 855/1111/2860 853/1109/2860 4058/4935/2860
f 851/1107/2459 4060/4938/2459 4058/4935/2459
f 851/1107/2861 849/1105/2861 4062/4941/2861
f 847/1103/2862 4064/4944/2862 4062/4941/2862
f 847/1103/2863 846/1102/2863 4066/4947/2863
f 844/1100/2462 4068/4950/2462 4066/4947/2462
f 844/1100/2864 842/1098/2864 4070/4953/2864
f 840/1096/2865 4072/4956/2865 4070/4953/2865
f 838/1094/2866 4074/4959/2866 4072/4956/2866
f 838/1094/2867 835/1091/2867 4076/4962/2867
f 833/1089/873 4078/4965/873 4076/4962/873
f 831/1087/874 4080/4968/874 4078/4965/874
f 831/1087/2868 829/1085/2868 4082/4971/2868
f 827/1083/876 4084/4974/876 4082/4971/876
f 826/1082/2869 4086/4977/2869 4084/4974/2869
f 826/1082/878 823/1079/878 4088/4980/878
f 821/1077/879 4090/4983/879 4088/4980/879
f 819/1075/880 4092/4986/880 4090/4983/880
f 819/1075/881 818/1074/881 4094/4989/881
f 816/1072/882 4095/4990/882 4094/4989/882
f 816/1072/2870 814/1070/2870 4098/4995/2870
f 814/1070/2871 812/1068/2871 4099/4996/2871
f 812/1068/2872 809/1065/2872 4102/5001/2872
f 807/1063/886 4104/5004/886 4102/5001/886
f 807/1063/2873 805/1061/2873 4106/5007/2873
f 803/1059/2470 4108/5010/2470 4106/5007/2470
f 803/1059/889 802/1058/889 4110/5013/889
f 799/1055/1614 4112/5016/1614 4110/5013/1614
f 799/1055/2874 798/1054/2874 4114/5019/2874
f 796/1052/2875 4116/5022/2875 4114/5019/2875
f 794/1050/893 4118/5025/893 4116/5022/893
f 794/1050/894 792/1048/894 4120/5028/894
f 790/1046/895 4122/5031/895 4120/5028/895
f 790/1046/2876 788/1044/2876 4124/5034/2876
f 786/1042/2877 4126/5037/2877 4124/5034/2877
f 786/1042/2878 784/1040/2878 4128/5040/2878
f 782/1038/1620 4130/5043/1620 4128/5040/1620
f 782/1038/2879 779/1035/2879 4131/5044/2879
f 779/1035/1621 776/1032/1621 4133/5047/1621
f 773/1029/902 4137/5053/902 4135/5050/902
f 772/1028/903 4139/5056/903 4137/5053/903
f 772/1028/1623 769/1025/1623 4141/5059/1623
f 767/1023/2880 4143/5062/2880 4141/5059/2880
f 767/1023/2881 765/1021/2881 4145/5065/2881
f 763/1019/2882 4148/5070/2882 4145/5065/2882
f 763/1019/908 761/1017/908 4149/5071/908
f 760/1016/909 4152/5076/909 4149/5071/909
f 758/1014/910 4154/5079/910 4152/5076/910
f 758/1014/2883 756/1012/2883 4156/5082/2883
f 753/1009/2884 4158/5085/2884 4156/5082/2884
f 753/1009/1629 751/1007/1629 4159/5086/1629
f 750/1006/914 4162/5091/914 4159/5086/914
f 750/1006/2885 748/1004/2885 4164/5094/2885
f 745/1001/916 4166/5097/916 4164/5094/916
f 745/1001/2886 743/999/2886 4168/5100/2886
f 741/997/2887 4170/5103/2887 4168/5100/2887
f 741/997/919 739/995/919 4172/5106/919
f 737/993/2482 4174/5109/2482 4172/5106/2482
f 737/993/2888 735/991/2888 4175/5110/2888
f 733/989/922 4177/5113/922 4175/5110/922
f 733/989/2889 731/987/2889 4179/5116/2889
f 730/986/924 4181/5119/924 4179/5116/924
f 730/986/2890 728/984/2890 4183/5122/2890
f 728/984/2891 725/981/2891 4186/5127/2891
f 724/980/927 4187/5128/927 4186/5127/927
f 722/978/2892 4189/5131/2892 4187/5128/2892
f 722/978/2893 720/976/2893 4191/5134/2893
f 718/974/930 4193/5137/930 4191/5134/930
f 718/974/1639 716/972/1639 4195/5140/1639
f 714/970/2894 4198/5145/2894 4195/5140/2894
f 714/970/933 712/968/933 4200/5148/933
f 710/966/934 4202/5151/934 4200/5148/934
f 710/966/2895 708/964/2895 4203/5152/2895
f 706/962/2485 4206/5157/2485 4203/5152/2485
f 706/962/2896 703/959/2896 4208/5160/2896
f 701/957/2486 4210/5163/2486 4208/5160/2486
f 701/957/2897 699/955/2897 4212/5166/2897
f 697/953/2898 4214/5169/2898 4212/5166/2898
f 695/951/941 4216/5172/941 4214/5169/941
f 695/951/942 693/949/942 4218/5175/942
f 692/948/943 4220/5178/943 4218/5175/943
f 692/948/2899 690/946/2899 4222/5181/2899
f 688/944/2490 4223/5182/2490 4222/5181/2490
f 688/944/946 686/942/946 4225/5185/946
f 684/940/2900 4228/5190/2900 4225/5185/2900
f 681/937/948 4229/5191/948 4228/5190/948
f 681/937/2901 680/936/2901 4231/5194/2901
f 680/936/2902 678/934/2902 4234/5199/2902
f 676/932/2903 4236/5202/2903 4234/5199/2903
f 673/929/952 4238/5205/952 4236/5202/952
f 672/928/2904 4240/5208/2904 4238/5205/2904
f 670/926/2905 4242/5211/2905 4240/5208/2905
f 670/926/2906 668/924/2906 4244/5214/2906
f 666/922/2907 4246/5217/2907 4244/5214/2907
f 666/922/2496 664/920/2496 4248/5220/2496
f 664/920/2908 662/918/2908 4250/5223/2908
f 662/918/2498 660/916/2498 4252/5226/2498
f 657/913/960 4254/5229/960 4252/5226/960
f 656/912/2500 4256/5232/2500 4254/5229/2500
f 656/912/2909 654/910/2909 4258/5235/2909
f 652/908/1666 4260/5238/1666 4258/5235/1666
f 649/905/2910 4262/5241/2910 4260/5238/2910
f 649/905/2911 647/903/2911 4264/5244/2911
f 646/902/2912 4266/5247/2912 4264/5244/2912
f 646/902/2913 643/899/2913 4268/5250/2913
f 643/899/2914 641/897/2914 4269/5251/2914
f 639/895/2915 4271/5254/2915 4269/5251/2915
f 637/893/2506 4273/5257/2506 4271/5254/2506
f 637/893/2916 635/891/2916 4275/5260/2916
f 633/889/1673 4277/5263/1673 4275/5260/1673
f 633/889/2917 631/887/2917 4280/5268/2917
f 630/886/974 4282/5271/974 4280/5268/974
f 630/886/2918 628/884/2918 4284/5274/2918
f 628/884/2919 625/881/2919 4286/5277/2919
f 625/881/2920 624/880/2920 4287/5278/2920
f 622/878/2921 4290/5283/2921 4287/5278/2921
f 622/878/2922 619/875/2922 4291/5284/2922
f 619/875/2923 617/873/2923 4293/5287/2923
f 615/871/2924 4296/5292/2924 4293/5287/2924
f 614/870/982 4298/5295/982 4296/5292/982
f 611/867/2925 4300/5298/2925 4298/5295/2925
f 611/867/2926 609/865/2926 4302/5301/2926
f 607/863/1684 4303/5302/1684 4302/5301/1684
f 607/863/1685 605/861/1685 4305/5305/1685
f 603/859/2517 4307/5308/2517 4305/5305/2517
f 603/859/2927 601/857/2927 4310/5313/2927
f 599/855/2928 4312/5316/2928 4310/5313/2928
f 599/855/2929 597/853/2929 4314/5319/2929
f 597/853/2930 595/851/2930 4316/5322/2930
f 593/849/2931 4318/5325/2931 4316/5322/2931
f 593/849/2932 591/847/2932 4320/5328/2932
f 589/845/2523 4322/5331/2523 4320/5328/2523
f 589/845/2933 588/844/2933 4324/5334/2933
f 585/841/996 4325/5335/996 4324/5334/996
f 585/841/2934 583/839/2934 4328/5340/2934
f 582/838/2935 4329/5341/2935 4328/5340/2935
f 580/836/2936 4332/5346/2936 4329/5341/2936
f 580/836/2937 578/834/2937 4333/5347/2937
f 576/832/1001 4335/5350/1001 4333/5347/1001
f 574/830/2938 4337/5353/2938 4335/5350/2938
f 574/830/2939 572/828/2939 4339/5356/2939
f 570/826/1004 4341/5359/1004 4339/5356/1004
f 568/824/2940 4343/5362/2940 4341/5359/2940
f 568/824/2941 565/821/2941 4346/5367/2941
f 563/819/2942 4348/5370/2942 4346/5367/2942
f 561/817/2943 4349/5371/2943 4348/5370/2943
f 561/817/1009 560/816/1009 4351/5374/1009
f 557/813/2944 4353/5377/2944 4351/5374/2944
f 557/813/2945 555/811/2945 4355/5379/2945
f 555/811/2946 553/809/2946 4357/5381/2946
f 553/809/2947 552/808/2947 4359/5383/2947
f 549/805/2948 4361/5385/2948 4359/5383/2948
f 549/805/2949 547/803/2949 4363/5387/2949
f 545/801/2950 4365/5389/2950 4363/5387/2950
f 545/801/2951 544/800/2951 4367/5391/2951
f 542/798/2542 4369/5393/2542 4367/5391/2542
f 542/798/2952 540/796/2952 4371/5395/2952
f 538/794/2953 4374/5398/2953 4371/5395/2953
f 536/792/2954 4376/5400/2954 4374/5398/2954
f 536/792/2955 534/790/2955 4378/5402/2955
f 532/788/1023 4379/5403/1023 4378/5402/1023
f 532/788/2956 530/786/2956 4382/5406/2956
f 528/784/1025 4383/5407/1025 4382/5406/1025
f 528/784/2957 526/782/2957 4385/5409/2957
f 524/780/2549 4387/5411/2549 4385/5409/2549
f 524/780/2958 522/778/2958 4389/5413/2958
f 522/778/2959 518/774/2959 4391/5415/2959
f 3/4/1030 3729/4497/1030 3875/4660/1030
f 262/393/1031 3730/4498/1031 4133/5047/1031
f 777/1033/1032 3877/4663/1032 4391/5415/1032
f 519/775/1033 4135/5050/1033 3602/4370/1033
f 675/931/2 674/930/2 671/927/2
f 671/927/2960 669/925/2960 667/923/2960
f 667/923/2960 665/921/2960 663/919/2960
f 663/919/2960 661/917/2960 659/915/2960
f 659/915/2 658/914/2 655/911/2
f 655/911/2961 653/909/2961 651/907/2961
f 651/907/2961 650/906/2961 648/904/2961
f 648/904/2 645/901/2 644/900/2
f 644/900/2 642/898/2 640/896/2
f 640/896/2 638/894/2 636/892/2
f 636/892/2961 634/890/2961 632/888/2961
f 632/888/2961 629/885/2961 627/883/2961
f 627/883/2 626/882/2 623/879/2
f 623/879/2960 621/877/2960 620/876/2960
f 620/876/2960 618/874/2960 616/872/2960
f 616/872/2960 613/869/2960 612/868/2960
f 612/868/2 610/866/2 608/864/2
f 608/864/2 606/862/2 604/860/2
f 604/860/2961 602/858/2961 600/856/2961
f 600/856/2961 598/854/2961 596/852/2961
f 596/852/2 594/850/2 592/848/2
f 592/848/2961 590/846/2961 587/843/2961
f 587/843/2960 586/842/2960 584/840/2960
f 584/840/2961 581/837/2961 579/835/2961
f 579/835/2 577/833/2 575/831/2
f 575/831/2 573/829/2 571/827/2
f 571/827/2 569/825/2 567/823/2
f 567/823/2962 566/822/2962 564/820/2962
f 564/820/2 562/818/2 559/815/2
f 559/815/2 558/814/2 556/812/2
f 556/812/2962 554/810/2962 551/807/2962
f 551/807/2 550/806/2 548/804/2
f 548/804/2963 546/802/2963 543/799/2963
f 543/799/2 541/797/2 539/795/2
f 539/795/2 537/793/2 535/791/2
f 535/791/2 533/789/2 531/787/2
f 531/787/2 529/785/2 527/783/2
f 527/783/2 525/781/2 523/779/2
f 523/779/2 521/777/2 520/776/2
f 520/776/2 517/773/2 516/772/2
f 516/772/2 514/770/2 1024/1280/2
f 1024/1280/2 1022/1278/2 1019/1275/2
f 1019/1275/2 1017/1273/2 1016/1272/2
f 1016/1272/2 1014/1270/2 1012/1268/2
f 1012/1268/2 1009/1265/2 1007/1263/2
f 1007/1263/2 1006/1262/2 1003/1259/2
f 1003/1259/2 1002/1258/2 1000/1256/2
f 1000/1256/2 998/1254/2 996/1252/2
f 996/1252/2962 994/1250/2962 992/1248/2962
f 992/1248/2 989/1245/2 988/1244/2
f 988/1244/2963 986/1242/2963 984/1240/2963
f 984/1240/2 982/1238/2 980/1236/2
f 980/1236/2 978/1234/2 976/1232/2
f 976/1232/2963 974/1230/2963 972/1228/2963
f 972/1228/2 969/1225/2 967/1223/2
f 967/1223/2 965/1221/2 963/1219/2
f 963/1219/2 961/1217/2 959/1215/2
f 959/1215/2960 957/1213/2960 955/1211/2960
f 955/1211/2961 953/1209/2961 951/1207/2961
f 951/1207/2960 949/1205/2960 947/1203/2960
f 947/1203/2 945/1201/2 943/1199/2
f 943/1199/2960 941/1197/2960 939/1195/2960
f 939/1195/2960 937/1193/2960 935/1191/2960
f 935/1191/2 934/1190/2 932/1188/2
f 932/1188/2 930/1186/2 928/1184/2
f 928/1184/2961 926/1182/2961 924/1180/2961
f 924/1180/2961 922/1178/2961 919/1175/2961
f 919/1175/2961 917/1173/2961 915/1171/2961
f 915/1171/2 913/1169/2 911/1167/2
f 911/1167/2960 909/1165/2960 907/1163/2960
f 907/1163/2960 905/1161/2960 903/1159/2960
f 903/1159/2 901/1157/2 899/1155/2
f 899/1155/2 897/1153/2 895/1151/2
f 895/1151/2 893/1149/2 891/1147/2
f 891/1147/2960 889/1145/2960 887/1143/2960
f 887/1143/2960 885/1141/2960 884/1140/2960
f 884/1140/2 882/1138/2 880/1136/2
f 880/1136/2961 878/1134/2961 876/1132/2961
f 876/1132/2961 873/1129/2961 872/1128/2961
f 872/1128/2961 870/1126/2961 868/1124/2961
f 868/1124/2 866/1122/2 864/1120/2
f 864/1120/2 862/1118/2 859/1115/2
f 859/1115/2960 858/1114/2960 856/1112/2960
f 856/1112/2960 854/1110/2960 852/1108/2960
f 852/1108/2 850/1106/2 848/1104/2
f 848/1104/2960 845/1101/2960 843/1099/2960
f 843/1099/2961 841/1097/2961 839/1095/2961
f 839/1095/2960 837/1093/2960 836/1092/2960
f 836/1092/2 834/1090/2 832/1088/2
f 832/1088/2 830/1086/2 828/1084/2
f 828/1084/2 825/1081/2 824/1080/2
f 824/1080/2963 822/1078/2963 820/1076/2963
f 820/1076/2 817/1073/2 815/1071/2
f 815/1071/2 813/1069/2 811/1067/2
f 811/1067/2 810/1066/2 808/1064/2
f 808/1064/2 806/1062/2 804/1060/2
f 804/1060/2 801/1057/2 800/1056/2
f 800/1056/2 797/1053/2 795/1051/2
f 795/1051/2 793/1049/2 791/1047/2
f 791/1047/2 789/1045/2 787/1043/2
f 787/1043/2 785/1041/2 783/1039/2
f 783/1039/2 781/1037/2 780/1036/2
f 780/1036/2 778/1034/2 775/1031/2
f 775/1031/2 774/1030/2 771/1027/2
f 771/1027/2 770/1026/2 768/1024/2
f 768/1024/2 766/1022/2 764/1020/2
f 764/1020/2 762/1018/2 759/1015/2
f 759/1015/2 757/1013/2 755/1011/2
f 755/1011/2 754/1010/2 752/1008/2
f 752/1008/2 749/1005/2 747/1003/2
f 747/1003/2 746/1002/2 744/1000/2
f 744/1000/2 742/998/2 740/996/2
f 740/996/2963 738/994/2963 736/992/2963
f 736/992/2 734/990/2 732/988/2
f 732/988/2 729/985/2 727/983/2
f 727/983/2 726/982/2 723/979/2
f 723/979/2 721/977/2 719/975/2
f 719/975/2962 717/973/2962 715/971/2962
f 715/971/2 713/969/2 711/967/2
f 711/967/2 709/965/2 707/963/2
f 707/963/2 705/961/2 704/960/2
f 704/960/2961 702/958/2961 700/956/2961
f 700/956/2960 698/954/2960 696/952/2960
f 696/952/2961 694/950/2961 691/947/2961
f 691/947/2 689/945/2 687/943/2
f 687/943/2961 685/941/2961 683/939/2961
f 683/939/2961 682/938/2961 679/935/2961
f 679/935/2 677/933/2 675/931/2
f 675/931/2 671/927/2 667/923/2
f 667/923/2 663/919/2 659/915/2
f 659/915/2 655/911/2 651/907/2
f 651/907/2 648/904/2 644/900/2
f 644/900/2 640/896/2 636/892/2
f 636/892/2 632/888/2 627/883/2
f 627/883/2 623/879/2 620/876/2
f 620/876/2 616/872/2 612/868/2
f 612/868/2 608/864/2 604/860/2
f 604/860/2 600/856/2 596/852/2
f 596/852/2 592/848/2 587/843/2
f 587/843/2 584/840/2 579/835/2
f 579/835/2 575/831/2 571/827/2
f 571/827/2 567/823/2 564/820/2
f 564/820/2 559/815/2 556/812/2
f 556/812/2 551/807/2 548/804/2
f 548/804/2 543/799/2 539/795/2
f 539/795/2 535/791/2 531/787/2
f 531/787/2 527/783/2 523/779/2
f 523/779/2 520/776/2 516/772/2
f 516/772/2 1024/1280/2 1019/1275/2
f 1019/1275/2 1016/1272/2 1012/1268/2
f 1012/1268/2 1007/1263/2 1003/1259/2
f 1003/1259/2 1000/1256/2 996/1252/2
f 996/1252/2 992/1248/2 988/1244/2
f 988/1244/2 984/1240/2 980/1236/2
f 980/1236/2 976/1232/2 972/1228/2
f 972/1228/2 967/1223/2 963/1219/2
f 963/1219/2 959/1215/2 955/1211/2
f 955/1211/2 951/1207/2 947/1203/2
f 947/1203/2 943/1199/2 939/1195/2
f 939/1195/2 935/1191/2 932/1188/2
f 932/1188/2 928/1184/2 924/1180/2
f 924/1180/2 919/1175/2 915/1171/2
f 915/1171/2 911/1167/2 907/1163/2
f 907/1163/2 903/1159/2 899/1155/2
f 899/1155/2 895/1151/2 891/1147/2
f 891/1147/2 887/1143/2 884/1140/2
f 884/1140/2 880/1136/2 876/1132/2
f 876/1132/2 872/1128/2 868/1124/2
f 868/1124/2 864/1120/2 859/1115/2
f 859/1115/2 856/1112/2 852/1108/2
f 852/1108/2 848/1104/2 843/1099/2
f 843/1099/2 839/1095/2 836/1092/2
f 836/1092/2 832/1088/2 828/1084/2
f 828/1084/2 824/1080/2 820/1076/2
f 820/1076/2 815/1071/2 811/1067/2
f 811/1067/2 808/1064/2 804/1060/2
f 804/1060/2 800/1056/2 795/1051/2
f 795/1051/2 791/1047/2 787/1043/2
f 787/1043/2 783/1039/2 780/1036/2
f 780/1036/2 775/1031/2 771/1027/2
f 771/1027/2 768/1024/2 764/1020/2
f 764/1020/2 759/1015/2 755/1011/2
f 755/1011/2 752/1008/2 747/1003/2
f 747/1003/2 744/1000/2 740/996/2
f 740/996/2 736/992/2 732/988/2
f 732/988/2 727/983/2 723/979/2
f 723/979/2 719/975/2 715/971/2
f 715/971/2 711/967/2 707/963/2
f 707/963/2 704/960/2 700/956/2
f 700/956/2 696/952/2 691/947/2
f 691/947/2 687/943/2 683/939/2
f 683/939/2 679/935/2 675/931/2
f 675/931/2 667/923/2 659/915/2
f 659/915/2 651/907/2 644/900/2
f 644/900/2 636/892/2 627/883/2
f 627/883/2 620/876/2 612/868/2
f 612/868/2 604/860/2 596/852/2
f 596/852/2 587/843/2 579/835/2
f 579/835/2 571/827/2 564/820/2
f 564/820/2 556/812/2 548/804/2
f 548/804/2 539/795/2 531/787/2
f 531/787/2 523/779/2 516/772/2
f 516/772/2 1019/1275/2 1012/1268/2
f 1012/1268/2 1003/1259/2 996/1252/2
f 996/1252/2 988/1244/2 980/1236/2
f 980/1236/2 972/1228/2 963/1219/2
f 963/1219/2 955/1211/2 947/1203/2
f 947/1203/2 939/1195/2 932/1188/2
f 932/1188/2 924/1180/2 915/1171/2
f 915/1171/2 907/1163/2 899/1155/2
f 899/1155/2 891/1147/2 884/1140/2
f 884/1140/2 876/1132/2 868/1124/2
f 868/1124/2 859/1115/2 852/1108/2
f 852/1108/2 843/1099/2 836/1092/2
f 836/1092/2 828/1084/2 820/1076/2
f 820/1076/2 811/1067/2 804/1060/2
f 804/1060/2 795/1051/2 787/1043/2
f 787/1043/2 780/1036/2 771/1027/2
f 771/1027/2 764/1020/2 755/1011/2
f 755/1011/2 747/1003/2 740/996/2
f 740/996/2 732/988/2 723/979/2
f 723/979/2 715/971/2 707/963/2
f 707/963/2 700/956/2 691/947/2
f 691/947/2 683/939/2 675/931/2
f 675/931/2 659/915/2 644/900/2
f 644/900/2 627/883/2 612/868/2
f 612/868/2 596/852/2 579/835/2
f 579/835/2 564/820/2 548/804/2
f 548/804/2 531/787/2 516/772/2
f 516/772/2 1012/1268/2 996/1252/2
f 996/1252/2 980/1236/2 963/1219/2
f 963/1219/2 947/1203/2 932/1188/2
f 932/1188/2 915/1171/2 899/1155/2
f 899/1155/2 884/1140/2 868/1124/2
f 868/1124/2 852/1108/2 836/1092/2
f 836/1092/2 820/1076/2 804/1060/2
f 804/1060/2 787/1043/2 771/1027/2
f 771/1027/2 755/1011/2 740/996/2
f 740/996/2 723/979/2 707/963/2
f 707/963/2 691/947/2 675/931/2
f 675/931/2 644/900/2 612/868/2
f 612/868/2 579/835/2 548/804/2
f 548/804/2 516/772/2 996/1252/2
f 996/1252/2 963/1219/2 932/1188/2
f 932/1188/2 899/1155/2 868/1124/2
f 868/1124/2 836/1092/2 804/1060/2
f 804/1060/2 771/1027/2 740/996/2
f 740/996/2 707/963/2 675/931/2
f 675/931/2 612/868/2 548/804/2
f 548/804/2 996/1252/2 932/1188/2
f 932/1188/2 868/1124/2 804/1060/2
f 804/1060/2 740/996/2 675/931/2
f 675/931/2 548/804/2 932/1188/2
f 493/740/1722 491/737/1722 1003/1259/1722
f 795/1051/1723 797/1053/1723 285/428/1723
f 77/116/1724 75/113/1724 587/843/1724
f 495/743/1725 493/740/1725 1006/1262/1725
f 797/1053/1726 800/1056/1726 287/431/1726
f 79/119/1979 77/116/1979 590/846/1979
f 497/746/1728 495/743/1728 1007/1263/1728
f 800/1056/1729 801/1057/1729 289/434/1729
f 81/122/1730 79/119/1730 592/848/1730
f 499/749/1731 497/746/1731 1009/1265/1731
f 801/1057/1732 804/1060/1732 291/437/1732
f 83/125/1980 81/122/1980 594/850/1980
f 502/753/1734 499/749/1734 1012/1268/1734
f 804/1060/1735 806/1062/1735 293/440/1735
f 85/128/1736 83/125/1736 596/852/1736
f 504/756/1737 502/753/1737 1014/1270/1737
f 806/1062/1738 808/1064/1738 295/443/1738
f 87/131/2008 85/128/2008 598/854/2008
f 506/759/1740 504/756/1740 1016/1272/1740
f 808/1064/1741 810/1066/1741 297/446/1741
f 89/134/1742 87/131/1742 600/856/1742
f 507/761/1743 506/759/1743 1017/1273/1743
f 810/1066/1744 811/1067/1744 300/450/1744
f 91/137/1982 89/134/1982 602/858/1982
f 510/765/1746 507/761/1746 1019/1275/1746
f 811/1067/1747 813/1069/1747 302/453/1747
f 93/140/1983 91/137/1983 604/860/1983
f 511/767/1749 510/765/1749 1022/1278/1749
f 813/1069/1750 815/1071/1750 304/456/1750
f 95/143/1751 93/140/1751 606/862/1751
f 1/2/1752 511/767/1752 1024/1280/1752
f 815/1071/1753 817/1073/1753 306/459/1753
f 97/146/1754 95/143/1754 608/864/1754
f 817/1073/1755 820/1076/1755 308/462/1755
f 99/149/1756 97/146/1756 610/866/1756
f 820/1076/1757 822/1078/1757 309/464/1757
f 101/152/1758 99/149/1758 612/868/1758
f 822/1078/1759 824/1080/1759 312/468/1759
f 103/155/1760 101/152/1760 613/869/1760
f 824/1080/1761 825/1081/1761 313/470/1761
f 105/158/1762 103/155/1762 616/872/1762
f 825/1081/1763 828/1084/1763 316/474/1763
f 107/161/1764 105/158/1764 618/874/1764
f 828/1084/1765 830/1086/1765 318/477/1765
f 109/164/1984 107/161/1984 620/876/1984
f 830/1086/1767 832/1088/1767 319/479/1767
f 111/167/1768 109/164/1768 621/877/1768
f 832/1088/1769 834/1090/1769 321/482/1769
f 114/171/1770 111/167/1770 623/879/1770
f 834/1090/1771 836/1092/1771 323/485/1771
f 116/174/1772 114/171/1772 626/882/1772
f 836/1092/1773 837/1093/1773 325/488/1773
f 117/176/1774 116/174/1774 627/883/1774
f 837/1093/1775 839/1095/1775 327/491/1775
f 119/179/1776 117/176/1776 629/885/1776
f 839/1095/1777 841/1097/1777 330/495/1777
f 121/182/1778 119/179/1778 632/888/1778
f 841/1097/1779 843/1099/1779 332/498/1779
f 123/185/1780 121/182/1780 634/890/1780
f 843/1099/1781 845/1101/1781 333/500/1781
f 126/189/1782 123/185/1782 636/892/1782
f 845/1101/1783 848/1104/1783 335/503/1783
f 128/192/1784 126/189/1784 638/894/1784
f 848/1104/1785 850/1106/1785 337/506/1785
f 129/194/1786 128/192/1786 640/896/1786
f 850/1106/1787 852/1108/1787 339/509/1787
f 131/197/1788 129/194/1788 642/898/1788
f 852/1108/1789 854/1110/1789 341/512/1789
f 134/201/1790 131/197/1790 644/900/1790
f 854/1110/1791 856/1112/1791 343/515/1791
f 136/204/1792 134/201/1792 645/901/1792
f 856/1112/1793 858/1114/1793 345/518/1793
f 138/207/1794 136/204/1794 648/904/1794
f 858/1114/1795 859/1115/1795 347/521/1795
f 140/210/1796 138/207/1796 650/906/1796
f 859/1115/1797 862/1118/1797 349/524/1797
f 141/212/1798 140/210/1798 651/907/1798
f 862/1118/1799 864/1120/1799 351/527/1799
f 143/215/1800 141/212/1800 653/909/1800
f 864/1120/1801 866/1122/1801 353/530/1801
f 145/218/1802 143/215/1802 655/911/1802
f 866/1122/1803 868/1124/1803 355/533/1803
f 148/222/1804 145/218/1804 658/914/1804
f 868/1124/1805 870/1126/1805 357/536/1805
f 150/225/1806 148/222/1806 659/915/1806
f 870/1126/1807 872/1128/1807 360/540/1807
f 152/228/2964 150/225/2964 661/917/2964
f 872/1128/1809 873/1129/1809 362/543/1809
f 154/231/1810 152/228/1810 663/919/1810
f 873/1129/1811 876/1132/1811 364/546/1811
f 156/234/1812 154/231/1812 665/921/1812
f 876/1132/2965 878/1134/2965 366/549/2965
f 158/237/1814 156/234/1814 667/923/1814
f 878/1134/1815 880/1136/1815 368/552/1815
f 160/240/1816 158/237/1816 669/925/1816
f 880/1136/1817 882/1138/1817 370/555/1817
f 162/243/1818 160/240/1818 671/927/1818
f 882/1138/1989 884/1140/1989 372/558/1989
f 163/245/1820 162/243/1820 674/930/1820
f 884/1140/1990 885/1141/1990 373/560/1990
f 166/249/1822 163/245/1822 675/931/1822
f 885/1141/1823 887/1143/1823 375/563/1823
f 168/252/2966 166/249/2966 677/933/2966
f 887/1143/1825 889/1145/1825 377/566/1825
f 170/255/2967 168/252/2967 679/935/2967
f 889/1145/1827 891/1147/1827 379/569/1827
f 171/257/1828 170/255/1828 682/938/1828
f 891/1147/1829 893/1149/1829 381/572/1829
f 174/261/1991 171/257/1991 683/939/1991
f 893/1149/1831 895/1151/1831 383/575/1831
f 176/264/1832 174/261/1832 685/941/1832
f 895/1151/1833 897/1153/1833 385/578/1833
f 178/267/2968 176/264/2968 687/943/2968
f 897/1153/1835 899/1155/1835 387/581/1835
f 180/270/1836 178/267/1836 689/945/1836
f 899/1155/1837 901/1157/1837 390/585/1837
f 182/273/2969 180/270/2969 691/947/2969
f 901/1157/1839 903/1159/1839 391/587/1839
f 183/275/1840 182/273/1840 694/950/1840
f 903/1159/1841 905/1161/1841 394/591/1841
f 186/279/1842 183/275/1842 696/952/1842
f 905/1161/1843 907/1163/1843 396/594/1843
f 187/281/1844 186/279/1844 698/954/1844
f 907/1163/1845 909/1165/1845 398/597/1845
f 190/285/1846 187/281/1846 700/956/1846
f 909/1165/2970 911/1167/2970 400/600/2970
f 191/287/1848 190/285/1848 702/958/1848
f 911/1167/2971 913/1169/2971 401/602/2971
f 193/290/1850 191/287/1850 704/960/1850
f 913/1169/1851 915/1171/1851 403/605/1851
f 705/961/1852 707/963/1852 195/293/1852
f 915/1171/1853 917/1173/1853 405/608/1853
f 707/963/1854 709/965/1854 198/297/1854
f 917/1173/2010 919/1175/2010 407/611/2010
f 709/965/1856 711/967/1856 199/299/1856
f 919/1175/1857 922/1178/1857 409/614/1857
f 711/967/1858 713/969/1858 202/303/1858
f 922/1178/1859 924/1180/1859 411/617/1859
f 713/969/1860 715/971/1860 204/306/1860
f 924/1180/1861 926/1182/1861 413/620/1861
f 715/971/1862 717/973/1862 205/308/1862
f 926/1182/1863 928/1184/1863 415/623/1863
f 717/973/1864 719/975/1864 208/312/1864
f 928/1184/1865 930/1186/1865 417/626/1865
f 719/975/1866 721/977/1866 210/315/1866
f 930/1186/1867 932/1188/1867 419/629/1867
f 721/977/1868 723/979/1868 211/317/1868
f 4/6/1869 1/2/1869 514/770/1869
f 932/1188/1870 934/1190/1870 421/632/1870
f 723/979/1871 726/982/1871 214/321/1871
f 6/9/1872 4/6/1872 516/772/1872
f 934/1190/1873 935/1191/1873 423/635/1873
f 726/982/1874 727/983/1874 216/324/1874
f 7/11/1875 6/9/1875 517/773/1875
f 935/1191/1876 937/1193/1876 425/638/1876
f 727/983/1877 729/985/1877 218/327/1877
f 9/14/1878 7/11/1878 520/776/1878
f 937/1193/1879 939/1195/1879 427/641/1879
f 729/985/1880 732/988/1880 219/329/1880
f 11/17/1881 9/14/1881 521/777/1881
f 939/1195/1882 941/1197/1882 429/644/1882
f 732/988/1883 734/990/1883 221/332/1883
f 13/20/1884 11/17/1884 523/779/1884
f 941/1197/1885 943/1199/1885 431/647/1885
f 734/990/1886 736/992/1886 223/335/1886
f 15/23/1887 13/20/1887 525/781/1887
f 943/1199/1888 945/1201/1888 433/650/1888
f 736/992/1889 738/994/1889 226/339/1889
f 17/26/1890 15/23/1890 527/783/1890
f 945/1201/1891 947/1203/1891 435/653/1891
f 738/994/1892 740/996/1892 227/341/1892
f 19/29/1893 17/26/1893 529/785/1893
f 947/1203/1894 949/1205/1894 438/657/1894
f 740/996/1895 742/998/1895 229/344/1895
f 21/32/1896 19/29/1896 531/787/1896
f 949/1205/1897 951/1207/1897 440/660/1897
f 742/998/1898 744/1000/1898 231/347/1898
f 23/35/1899 21/32/1899 533/789/1899
f 951/1207/1900 953/1209/1900 441/662/1900
f 744/1000/1901 746/1002/1901 233/350/1901
f 25/38/1902 23/35/1902 535/791/1902
f 953/1209/1903 955/1211/1903 444/666/1903
f 746/1002/1904 747/1003/1904 235/353/1904
f 27/41/1905 25/38/1905 537/793/1905
f 955/1211/1906 957/1213/1906 446/669/1906
f 747/1003/1907 749/1005/1907 237/356/1907
f 29/44/1908 27/41/1908 539/795/1908
f 957/1213/1909 959/1215/1909 448/672/1909
f 749/1005/1910 752/1008/1910 239/359/1910
f 31/47/1911 29/44/1911 541/797/1911
f 959/1215/1912 961/1217/1912 450/675/1912
f 752/1008/1913 754/1010/1913 241/362/1913
f 33/50/1914 31/47/1914 543/799/1914
f 451/677/1915 450/675/1915 961/1217/1915
f 754/1010/1916 755/1011/1916 244/366/1916
f 35/53/1917 33/50/1917 546/802/1917
f 453/680/1918 451/677/1918 963/1219/1918
f 755/1011/1919 757/1013/1919 246/369/1919
f 37/56/1920 35/53/1920 548/804/1920
f 455/683/1921 453/680/1921 965/1221/1921
f 757/1013/1922 759/1015/1922 248/372/1922
f 40/60/1923 37/56/1923 550/806/1923
f 457/686/1924 455/683/1924 967/1223/1924
f 759/1015/1925 762/1018/1925 250/375/1925
f 42/63/1926 40/60/1926 551/807/1926
f 460/690/1927 457/686/1927 969/1225/1927
f 762/1018/1928 764/1020/1928 252/378/1928
f 43/65/1929 42/63/1929 554/810/1929
f 461/692/1930 460/690/1930 972/1228/1930
f 764/1020/1931 766/1022/1931 253/380/1931
f 45/68/1932 43/65/1932 556/812/1932
f 463/695/1933 461/692/1933 974/1230/1933
f 766/1022/1934 768/1024/1934 255/383/1934
f 47/71/1935 45/68/1935 558/814/1935
f 465/698/1936 463/695/1936 976/1232/1936
f 768/1024/1937 770/1026/1937 257/386/1937
f 49/74/1938 47/71/1938 559/815/1938
f 467/701/1939 465/698/1939 978/1234/1939
f 770/1026/1940 771/1027/1940 259/389/1940
f 51/77/1941 49/74/1941 562/818/1941
f 469/704/1942 467/701/1942 980/1236/1942
f 771/1027/1943 774/1030/1943 261/392/1943
f 53/80/1944 51/77/1944 564/820/1944
f 471/707/1945 469/704/1945 982/1238/1945
f 774/1030/1946 775/1031/1946 263/395/1946
f 55/83/1947 53/80/1947 566/822/1947
f 473/710/1948 471/707/1948 984/1240/1948
f 775/1031/1949 778/1034/1949 265/398/1949
f 57/86/1950 55/83/1950 567/823/1950
f 475/713/1951 473/710/1951 986/1242/1951
f 778/1034/1952 780/1036/1952 267/401/1952
f 59/89/1953 57/86/1953 569/825/1953
f 477/716/1954 475/713/1954 988/1244/1954
f 780/1036/1955 781/1037/1955 269/404/1955
f 61/92/1956 59/89/1956 571/827/1956
f 479/719/1957 477/716/1957 989/1245/1957
f 781/1037/1958 783/1039/1958 271/407/1958
f 63/95/1959 61/92/1959 573/829/1959
f 481/722/1960 479/719/1960 992/1248/1960
f 783/1039/1961 785/1041/1961 273/410/1961
f 65/98/1962 63/95/1962 575/831/1962
f 483/725/1963 481/722/1963 994/1250/1963
f 785/1041/1964 787/1043/1964 275/413/1964
f 67/101/1965 65/98/1965 577/833/1965
f 485/728/1966 483/725/1966 996/1252/1966
f 787/1043/1967 789/1045/1967 277/416/1967
f 69/104/1968 67/101/1968 579/835/1968
f 487/731/1969 485/728/1969 998/1254/1969
f 789/1045/1970 791/1047/1970 280/420/1970
f 71/107/1971 69/104/1971 581/837/1971
f 489/734/1972 487/731/1972 1000/1256/1972
f 791/1047/1973 793/1049/1973 282/423/1973
f 73/110/1974 71/107/1974 584/840/1974
f 491/737/1975 489/734/1975 1002/1258/1975
f 793/1049/1976 795/1051/1976 283/425/1976
f 75/113/1977 73/110/1977 586/842/1977
f 2072/2584/2 2069/2581/2 2068/2580/2
f 2068/2580/2 2066/2578/2 2064/2576/2
f 2064/2576/2 2061/2573/2 2060/2572/2
f 2060/2572/2 2057/2569/2 2056/2568/2
f 2056/2568/2 2054/2566/2 2051/2563/2
f 2051/2563/2 2050/2562/2 2047/2559/2
f 2047/2559/2 2045/2557/2 2044/2556/2
f 2044/2556/2 2042/2554/2 2039/2551/2
f 2039/2551/2 2038/2550/2 2035/2547/2
f 2035/2547/2 2033/2545/2 2032/2544/2
f 2032/2544/2 2030/2542/2 2028/2540/2
f 2028/2540/2 2025/2537/2 2023/2535/2
f 2023/2535/2 2022/2534/2 2020/2532/2
f 2020/2532/2963 2018/2530/2963 2016/2528/2963
f 2016/2528/2 2013/2525/2 2011/2523/2
f 2011/2523/2 2009/2521/2 2008/2520/2
f 2008/2520/2 2006/2518/2 2004/2516/2
f 2004/2516/2 2001/2513/2 1999/2511/2
f 1999/2511/2962 1998/2510/2962 1996/2508/2962
f 1996/2508/2 1993/2505/2 1992/2504/2
f 1992/2504/2 1989/2501/2 1987/2499/2
f 1987/2499/2 1985/2497/2 1984/2496/2
f 1984/2496/2961 1982/2494/2961 1980/2492/2961
f 1980/2492/2960 1977/2489/2960 1975/2487/2960
f 1975/2487/2961 1974/2486/2961 1972/2484/2961
f 1972/2484/2 1970/2482/2 1967/2479/2
f 1967/2479/2961 1966/2478/2961 1964/2476/2961
f 1964/2476/2961 1962/2474/2961 1960/2472/2961
f 1960/2472/2 1958/2470/2 1955/2467/2
f 1955/2467/2 1954/2466/2 1951/2463/2
f 1951/2463/2960 1950/2462/2960 1948/2460/2960
f 1948/2460/2960 1945/2457/2960 1943/2455/2960
f 1943/2455/2960 1941/2453/2960 1939/2451/2960
f 1939/2451/2 1938/2450/2 1935/2447/2
f 1935/2447/2961 1934/2446/2961 1932/2444/2961
f 1932/2444/2961 1930/2442/2961 1928/2440/2961
f 1928/2440/2 1926/2438/2 1924/2436/2
f 1924/2436/2 1922/2434/2 1919/2431/2
f 1919/2431/2 1918/2430/2 1915/2427/2
f 1915/2427/2961 1913/2425/2961 1912/2424/2961
f 1912/2424/2961 1910/2422/2961 1908/2420/2961
f 1908/2420/2 1906/2418/2 1903/2415/2
f 1903/2415/2960 1901/2413/2960 1900/2412/2960
f 1900/2412/2960 1897/2409/2960 1896/2408/2960
f 1896/2408/2960 1893/2405/2960 1892/2404/2960
f 1892/2404/2 1890/2402/2 1887/2399/2
f 1887/2399/2 1885/2397/2 1884/2396/2
f 1884/2396/2961 1881/2393/2961 1879/2391/2961
f 1879/2391/2961 1877/2389/2961 1875/2387/2961
f 1875/2387/2 1873/2385/2 1871/2383/2
f 1871/2383/2961 1870/2382/2961 1867/2379/2961
f 1867/2379/2960 1865/2377/2960 1863/2375/2960
f 1863/2375/2961 1861/2373/2961 1859/2371/2961
f 1859/2371/2 1857/2369/2 1855/2367/2
f 1855/2367/2 1854/2366/2 1852/2364/2
f 1852/2364/2 1850/2362/2 1847/2359/2
f 1847/2359/2962 1846/2358/2962 1844/2356/2962
f 1844/2356/2 1842/2354/2 1840/2352/2
f 1840/2352/2 1837/2349/2 1835/2347/2
f 1835/2347/2962 1834/2346/2962 1832/2344/2962
f 1832/2344/2 1830/2342/2 1827/2339/2
f 1827/2339/2963 1825/2337/2963 1823/2335/2963
f 1823/2335/2 1821/2333/2 1819/2331/2
f 1819/2331/2 1817/2329/2 1816/2328/2
f 1816/2328/2 1813/2325/2 1812/2324/2
f 1812/2324/2 1809/2321/2 1807/2319/2
f 1807/2319/2 1806/2318/2 1803/2315/2
f 1803/2315/2 1801/2313/2 1799/2311/2
f 1799/2311/2 1797/2309/2 1795/2307/2
f 1795/2307/2 1793/2305/2 2304/2816/2
f 2304/2816/2 2301/2813/2 2299/2811/2
f 2299/2811/2 2297/2809/2 2295/2807/2
f 2295/2807/2 2293/2805/2 2291/2803/2
f 2291/2803/2 2289/2801/2 2287/2799/2
f 2287/2799/2 2286/2798/2 2284/2796/2
f 2284/2796/2 2281/2793/2 2279/2791/2
f 2279/2791/2 2277/2789/2 2275/2787/2
f 2275/2787/2962 2273/2785/2962 2271/2783/2962
f 2271/2783/2 2269/2781/2 2268/2780/2
f 2268/2780/2963 2266/2778/2963 2264/2776/2963
f 2264/2776/2 2261/2773/2 2260/2772/2
f 2260/2772/2 2257/2769/2 2255/2767/2
f 2255/2767/2963 2253/2765/2963 2251/2763/2963
f 2251/2763/2 2250/2762/2 2247/2759/2
f 2247/2759/2 2245/2757/2 2243/2755/2
f 2243/2755/2 2241/2753/2 2239/2751/2
f 2239/2751/2960 2237/2749/2960 2236/2748/2960
f 2236/2748/2961 2234/2746/2961 2232/2744/2961
f 2232/2744/2960 2230/2742/2960 2227/2739/2960
f 2227/2739/2 2225/2737/2 2223/2735/2
f 2223/2735/2960 2221/2733/2960 2219/2731/2960
f 2219/2731/2960 2218/2730/2960 2215/2727/2960
f 2215/2727/2 2214/2726/2 2211/2723/2
f 2211/2723/2 2209/2721/2 2208/2720/2
f 2208/2720/2961 2205/2717/2961 2203/2715/2961
f 2203/2715/2961 2201/2713/2961 2199/2711/2961
f 2199/2711/2961 2198/2710/2961 2195/2707/2961
f 2195/2707/2 2194/2706/2 2192/2704/2
f 2192/2704/2960 2189/2701/2960 2188/2700/2960
f 2188/2700/2960 2186/2698/2960 2183/2695/2960
f 2183/2695/2 2181/2693/2 2180/2692/2
f 2180/2692/2 2178/2690/2 2176/2688/2
f 2176/2688/2 2174/2686/2 2172/2684/2
f 2172/2684/2960 2169/2681/2960 2167/2679/2960
f 2167/2679/2960 2166/2678/2960 2163/2675/2960
f 2163/2675/2 2161/2673/2 2160/2672/2
f 2160/2672/2961 2157/2669/2961 2156/2668/2961
f 2156/2668/2961 2154/2666/2961 2152/2664/2961
f 2152/2664/2961 2150/2662/2961 2147/2659/2961
f 2147/2659/2 2146/2658/2 2144/2656/2
f 2144/2656/2 2141/2653/2 2140/2652/2
f 2140/2652/2960 2138/2650/2960 2135/2647/2960
f 2135/2647/2960 2134/2646/2960 2131/2643/2960
f 2131/2643/2 2130/2642/2 2127/2639/2
f 2127/2639/2960 2126/2638/2960 2123/2635/2960
f 2123/2635/2961 2121/2633/2961 2119/2631/2961
f 2119/2631/2960 2117/2629/2960 2115/2627/2960
f 2115/2627/2 2113/2625/2 2111/2623/2
f 2111/2623/2 2110/2622/2 2107/2619/2
f 2107/2619/2 2105/2617/2 2103/2615/2
f 2103/2615/2963 2101/2613/2963 2099/2611/2963
f 2099/2611/2 2097/2609/2 2095/2607/2
f 2095/2607/2 2093/2605/2 2091/2603/2
f 2091/2603/2 2090/2602/2 2087/2599/2
f 2087/2599/2 2086/2598/2 2083/2595/2
f 2083/2595/2 2082/2594/2 2080/2592/2
f 2080/2592/2 2078/2590/2 2075/2587/2
f 2075/2587/2 2074/2586/2 2072/2584/2
f 2072/2584/2 2068/2580/2 2064/2576/2
f 2064/2576/2 2060/2572/2 2056/2568/2
f 2056/2568/2 2051/2563/2 2047/2559/2
f 2047/2559/2 2044/2556/2 2039/2551/2
f 2039/2551/2 2035/2547/2 2032/2544/2
f 2032/2544/2 2028/2540/2 2023/2535/2
f 2023/2535/2 2020/2532/2 2016/2528/2
f 2016/2528/2 2011/2523/2 2008/2520/2
f 2008/2520/2 2004/2516/2 1999/2511/2
f 1999/2511/2 1996/2508/2 1992/2504/2
f 1992/2504/2 1987/2499/2 1984/2496/2
f 1984/2496/2 1980/2492/2 1975/2487/2
f 1975/2487/2 1972/2484/2 1967/2479/2
f 1967/2479/2 1964/2476/2 1960/2472/2
f 1960/2472/2 1955/2467/2 1951/2463/2
f 1951/2463/2 1948/2460/2 1943/2455/2
f 1943/2455/2 1939/2451/2 1935/2447/2
f 1935/2447/2 1932/2444/2 1928/2440/2
f 1928/2440/2 1924/2436/2 1919/2431/2
f 1919/2431/2 1915/2427/2 1912/2424/2
f 1912/2424/2 1908/2420/2 1903/2415/2
f 1903/2415/2 1900/2412/2 1896/2408/2
f 1896/2408/2 1892/2404/2 1887/2399/2
f 1887/2399/2 1884/2396/2 1879/2391/2
f 1879/2391/2 1875/2387/2 1871/2383/2
f 1871/2383/2 1867/2379/2 1863/2375/2
f 1863/2375/2 1859/2371/2 1855/2367/2
f 1855/2367/2 1852/2364/2 1847/2359/2
f 1847/2359/2 1844/2356/2 1840/2352/2
f 1840/2352/2 1835/2347/2 1832/2344/2
f 1832/2344/2 1827/2339/2 1823/2335/2
f 1823/2335/2 1819/2331/2 1816/2328/2
f 1816/2328/2 1812/2324/2 1807/2319/2
f 1807/2319/2 1803/2315/2 1799/2311/2
f 1799/2311/2 1795/2307/2 2304/2816/2
f 2304/2816/2 2299/2811/2 2295/2807/2
f 2295/2807/2 2291/2803/2 2287/2799/2
f 2287/2799/2 2284/2796/2 2279/2791/2
f 2279/2791/2 2275/2787/2 2271/2783/2
f 2271/2783/2 2268/2780/2 2264/2776/2
f 2264/2776/2 2260/2772/2 2255/2767/2
f 2255/2767/2 2251/2763/2 2247/2759/2
f 2247/2759/2 2243/2755/2 2239/2751/2
f 2239/2751/2 2236/2748/2 2232/2744/2
f 2232/2744/2 2227/2739/2 2223/2735/2
f 2223/2735/2 2219/2731/2 2215/2727/2
f 2215/2727/2 2211/2723/2 2208/2720/2
f 2208/2720/2 2203/2715/2 2199/2711/2
f 2199/2711/2 2195/2707/2 2192/2704/2
f 2192/2704/2 2188/2700/2 2183/2695/2
f 2183/2695/2 2180/2692/2 2176/2688/2
f 2176/2688/2 2172/2684/2 2167/2679/2
f 2167/2679/2 2163/2675/2 2160/2672/2
f 2160/2672/2 2156/2668/2 2152/2664/2
f 2152/2664/2 2147/2659/2 2144/2656/2
f 2144/2656/2 2140/2652/2 2135/2647/2
f 2135/2647/2 2131/2643/2 2127/2639/2
f 2127/2639/2 2123/2635/2 2119/2631/2
f 2119/2631/2 2115/2627/2 2111/2623/2
f 2111/2623/2 2107/2619/2 2103/2615/2
f 2103/2615/2 2099/2611/2 2095/2607/2
f 2095/2607/2 2091/2603/2 2087/2599/2
f 2087/2599/2 2083/2595/2 2080/2592/2
f 2080/2592/2 2075/2587/2 2072/2584/2
f 2072/2584/2 2064/2576/2 2056/2568/2
f 2056/2568/2 2047/2559/2 2039/2551/2
f 2039/2551/2 2032/2544/2 2023/2535/2
f 2023/2535/2 2016/2528/2 2008/2520/2
f 2008/2520/2 1999/2511/2 1992/2504/2
f 1992/2504/2 1984/2496/2 1975/2487/2
f 1975/2487/2 1967/2479/2 1960/2472/2
f 1960/2472/2 1951/2463/2 1943/2455/2
f 1943/2455/2 1935/2447/2 1928/2440/2
f 1928/2440/2 1919/2431/2 1912/2424/2
f 1912/2424/2 1903/2415/2 1896/2408/2
f 1896/2408/2 1887/2399/2 1879/2391/2
f 1879/2391/2 1871/2383/2 1863/2375/2
f 1863/2375/2 1855/2367/2 1847/2359/2
f 1847/2359/2 1840/2352/2 1832/2344/2
f 1832/2344/2 1823/2335/2 1816/2328/2
f 1816/2328/2 1807/2319/2 1799/2311/2
f 1799/2311/2 2304/2816/2 2295/2807/2
f 2295/2807/2 2287/2799/2 2279/2791/2
f 2279/2791/2 2271/2783/2 2264/2776/2
f 2264/2776/2 2255/2767/2 2247/2759/2
f 2247/2759/2 2239/2751/2 2232/2744/2
f 2232/2744/2 2223/2735/2 2215/2727/2
f 2215/2727/2 2208/2720/2 2199/2711/2
f 2199/2711/2 2192/2704/2 2183/2695/2
f 2183/2695/2 2176/2688/2 2167/2679/2
f 2167/2679/2 2160/2672/2 2152/2664/2
f 2152/2664/2 2144/2656/2 2135/2647/2
f 2135/2647/2 2127/2639/2 2119/2631/2
f 2119/2631/2 2111/2623/2 2103/2615/2
f 2103/2615/2 2095/2607/2 2087/2599/2
f 2087/2599/2 2080/2592/2 2072/2584/2
f 2072/2584/2 2056/2568/2 2039/2551/2
f 2039/2551/2 2023/2535/2 2008/2520/2
f 2008/2520/2 1992/2504/2 1975/2487/2
f 1975/2487/2 1960/2472/2 1943/2455/2
f 1943/2455/2 1928/2440/2 1912/2424/2
f 1912/2424/2 1896/2408/2 1879/2391/2
f 1879/2391/2 1863/2375/2 1847/2359/2
f 1847/2359/2 1832/2344/2 1816/2328/2
f 1816/2328/2 1799/2311/2 2295/2807/2
f 2295/2807/2 2279/2791/2 2264/2776/2
f 2264/2776/2 2247/2759/2 2232/2744/2
f 2232/2744/2 2215/2727/2 2199/2711/2
f 2199/2711/2 2183/2695/2 2167/2679/2
f 2167/2679/2 2152/2664/2 2135/2647/2
f 2135/2647/2 2119/2631/2 2103/2615/2
f 2103/2615/2 2087/2599/2 2072/2584/2
f 2072/2584/2 2039/2551/2 2008/2520/2
f 2008/2520/2 1975/2487/2 1943/2455/2
f 1943/2455/2 1912/2424/2 1879/2391/2
f 1879/2391/2 1847/2359/2 1816/2328/2
f 1816/2328/2 2295/2807/2 2264/2776/2
f 2264/2776/2 2232/2744/2 2199/2711/2
f 2199/2711/2 2167/2679/2 2135/2647/2
f 2135/2647/2 2103/2615/2 2072/2584/2
f 2072/2584/2 2008/2520/2 1943/2455/2
f 1943/2455/2 1879/2391/2 1816/2328/2
f 1816/2328/2 2264/2776/2 2199/2711/2
f 2199/2711/2 2135/2647/2 2072/2584/2
f 2072/2584/2 1943/2455/2 1816/2328/2
f 1774/2277/1978 1771/2273/1978 2284/2796/1978
f 2075/2587/1723 2078/2590/1723 1565/1964/1723
f 1358/1653/1724 1356/1650/1724 1867/2379/1724
f 1775/2279/1725 1774/2277/1725 2286/2798/1725
f 2078/2590/1726 2080/2592/1726 1567/1967/1726
f 1360/1656/1979 1358/1653/1979 1870/2382/1979
f 1777/2282/1728 1775/2279/1728 2287/2799/1728
f 2080/2592/1729 2082/2594/1729 1569/1970/1729
f 1362/1659/1730 1360/1656/1730 1871/2383/1730
f 1779/2285/1731 1777/2282/1731 2289/2801/1731
f 2082/2594/1732 2083/2595/1732 1571/1973/1732
f 1364/1662/1980 1362/1659/1980 1873/2385/1980
f 1781/2288/1734 1779/2285/1734 2291/2803/1734
f 2083/2595/1735 2086/2598/1735 1573/1976/1735
f 1366/1665/1981 1364/1662/1981 1875/2387/1981
f 1783/2291/1737 1781/2288/1737 2293/2805/1737
f 2086/2598/1738 2087/2599/1738 1576/1980/1738
f 1368/1668/1739 1366/1665/1739 1877/2389/1739
f 1786/2295/1740 1783/2291/1740 2295/2807/1740
f 2087/2599/1741 2090/2602/1741 1577/1982/1741
f 1370/1671/1742 1368/1668/1742 1879/2391/1742
f 1788/2298/1743 1786/2295/1743 2297/2809/1743
f 2090/2602/1744 2091/2603/1744 1580/1986/1744
f 1371/1673/1982 1370/1671/1982 1881/2393/1982
f 1790/2301/1746 1788/2298/1746 2299/2811/1746
f 2091/2603/1747 2093/2605/1747 1582/1989/1747
f 1373/1676/1983 1371/1673/1983 1884/2396/1983
f 1792/2304/1749 1790/2301/1749 2301/2813/1749
f 2093/2605/1750 2095/2607/1750 1584/1992/1750
f 1375/1679/1751 1373/1676/1751 1885/2397/1751
f 1282/1539/1752 1792/2304/1752 2304/2816/1752
f 2095/2607/1753 2097/2609/1753 1586/1995/1753
f 1378/1683/1754 1375/1679/1754 1887/2399/1754
f 2097/2609/1755 2099/2611/1755 1587/1997/1755
f 1380/1686/1756 1378/1683/1756 1890/2402/1756
f 2099/2611/1757 2101/2613/1757 1589/2000/1757
f 1382/1689/1758 1380/1686/1758 1892/2404/1758
f 2101/2613/1759 2103/2615/1759 1591/2003/1759
f 1384/1692/1760 1382/1689/1760 1893/2405/1760
f 2103/2615/1761 2105/2617/1761 1594/2007/1761
f 1386/1695/1762 1384/1692/1762 1896/2408/1762
f 2105/2617/1763 2107/2619/1763 1595/2009/1763
f 1388/1698/1764 1386/1695/1764 1897/2409/1764
f 2107/2619/1765 2110/2622/1765 1597/2012/1765
f 1390/1701/1984 1388/1698/1984 1900/2412/1984
f 2110/2622/1767 2111/2623/1767 1599/2015/1767
f 1392/1704/1768 1390/1701/1768 1901/2413/1768
f 2111/2623/1769 2113/2625/1769 1601/2018/1769
f 1394/1707/1770 1392/1704/1770 1903/2415/1770
f 2113/2625/1771 2115/2627/1771 1603/2021/1771
f 1396/1710/2003 1394/1707/2003 1906/2418/2003
f 2115/2627/1773 2117/2629/1773 1605/2024/1773
f 1398/1713/1774 1396/1710/1774 1908/2420/1774
f 2117/2629/1775 2119/2631/1775 1608/2028/1775
f 1400/1716/1776 1398/1713/1776 1910/2422/1776
f 2119/2631/1777 2121/2633/1777 1609/2030/1777
f 1402/1719/1778 1400/1716/1778 1912/2424/1778
f 2121/2633/1779 2123/2635/1779 1611/2033/1779
f 1404/1722/1780 1402/1719/1780 1913/2425/1780
f 2123/2635/1781 2126/2638/1781 1613/2036/1781
f 1406/1725/1985 1404/1722/1985 1915/2427/1985
f 2126/2638/2972 2127/2639/2972 1615/2039/2972
f 1408/1728/1784 1406/1725/1784 1918/2430/1784
f 2127/2639/1785 2130/2642/1785 1617/2042/1785
f 1410/1731/1786 1408/1728/1786 1919/2431/1786
f 2130/2642/1787 2131/2643/1787 1619/2045/1787
f 1411/1733/1788 1410/1731/1788 1922/2434/1788
f 2131/2643/2973 2134/2646/2973 1621/2048/2973
f 1413/1736/1790 1411/1733/1790 1924/2436/1790
f 2134/2646/1791 2135/2647/1791 1623/2051/1791
f 1416/1740/1986 1413/1736/1986 1926/2438/1986
f 2135/2647/1793 2138/2650/1793 1625/2054/1793
f 1417/1742/1794 1416/1740/1794 1928/2440/1794
f 2138/2650/2974 2140/2652/2974 1627/2057/2974
f 1419/1745/1796 1417/1742/1796 1930/2442/1796
f 2140/2652/1797 2141/2653/1797 1629/2060/1797
f 1421/1748/1798 1419/1745/1798 1932/2444/1798
f 2141/2653/2975 2144/2656/2975 1631/2063/2975
f 1423/1751/1800 1421/1748/1800 1934/2446/1800
f 2144/2656/2976 2146/2658/2976 1634/2067/2976
f 1425/1754/1802 1423/1751/1802 1935/2447/1802
f 2146/2658/1803 2147/2659/1803 1636/2070/1803
f 1428/1758/1804 1425/1754/1804 1938/2450/1804
f 2147/2659/1805 2150/2662/1805 1638/2073/1805
f 1429/1760/1806 1428/1758/1806 1939/2451/1806
f 2150/2662/1807 2152/2664/1807 1640/2076/1807
f 1431/1763/1808 1429/1760/1808 1941/2453/1808
f 2152/2664/1809 2154/2666/1809 1642/2079/1809
f 1433/1766/1810 1431/1763/1810 1943/2455/1810
f 2154/2666/1811 2156/2668/1811 1644/2082/1811
f 1435/1769/1812 1433/1766/1812 1945/2457/1812
f 2156/2668/2965 2157/2669/2965 1646/2085/2965
f 1438/1773/1814 1435/1769/1814 1948/2460/1814
f 2157/2669/2977 2160/2672/2977 1647/2087/2977
f 1440/1776/1816 1438/1773/1816 1950/2462/1816
f 2160/2672/1817 2161/2673/1817 1649/2090/1817
f 1442/1779/1818 1440/1776/1818 1951/2463/1818
f 2161/2673/1989 2163/2675/1989 1651/2093/1989
f 1444/1782/1820 1442/1779/1820 1954/2466/1820
f 2163/2675/1990 2166/2678/1990 1653/2096/1990
f 1446/1785/1822 1444/1782/1822 1955/2467/1822
f 2166/2678/1823 2167/2679/1823 1655/2099/1823
f 1448/1788/1824 1446/1785/1824 1958/2470/1824
f 2167/2679/1825 2169/2681/1825 1657/2102/1825
f 1449/1790/1826 1448/1788/1826 1960/2472/1826
f 2169/2681/1827 2172/2684/1827 1659/2105/1827
f 1452/1794/1828 1449/1790/1828 1962/2474/1828
f 2172/2684/1829 2174/2686/1829 1661/2108/1829
f 1454/1797/1991 1452/1794/1991 1964/2476/1991
f 2174/2686/1831 2176/2688/1831 1663/2111/1831
f 1456/1800/1992 1454/1797/1992 1966/2478/1992
f 2176/2688/1833 2178/2690/1833 1665/2114/1833
f 1458/1803/1834 1456/1800/1834 1967/2479/1834
f 2178/2690/1835 2180/2692/1835 1668/2118/1835
f 1459/1805/1836 1458/1803/1836 1970/2482/1836
f 2180/2692/1837 2181/2693/1837 1669/2120/1837
f 1462/1809/1838 1459/1805/1838 1972/2484/1838
f 2181/2693/1839 2183/2695/1839 1671/2123/1839
f 1463/1811/1840 1462/1809/1840 1974/2486/1840
f 2183/2695/1841 2186/2698/1841 1673/2126/1841
f 1465/1814/1842 1463/1811/1842 1975/2487/1842
f 2186/2698/1843 2188/2700/1843 1675/2129/1843
f 1468/1818/1844 1465/1814/1844 1977/2489/1844
f 2188/2700/1845 2189/2701/1845 1677/2132/1845
f 1469/1820/1846 1468/1818/1846 1980/2492/1846
f 2189/2701/1847 2192/2704/1847 1679/2135/1847
f 1472/1824/1848 1469/1820/1848 1982/2494/1848
f 2192/2704/1849 2194/2706/1849 1681/2138/1849
f 1474/1827/1850 1472/1824/1850 1984/2496/1850
f 2194/2706/1851 2195/2707/1851 1683/2141/1851
f 1985/2497/1852 1987/2499/1852 1476/1830/1852
f 2195/2707/1853 2198/2710/1853 1685/2144/1853
f 1987/2499/1854 1989/2501/1854 1478/1833/1854
f 2198/2710/2010 2199/2711/2010 1687/2147/2010
f 1989/2501/1856 1992/2504/1856 1480/1836/1856
f 2199/2711/1857 2201/2713/1857 1689/2150/1857
f 1992/2504/1858 1993/2505/1858 1482/1839/1858
f 2201/2713/1859 2203/2715/1859 1691/2153/1859
f 1993/2505/1860 1996/2508/1860 1484/1842/1860
f 2203/2715/1861 2205/2717/1861 1693/2156/1861
f 1996/2508/1862 1998/2510/1862 1486/1845/1862
f 2205/2717/1863 2208/2720/1863 1696/2160/1863
f 1998/2510/1864 1999/2511/1864 1488/1848/1864
f 2208/2720/1865 2209/2721/1865 1697/2162/1865
f 1999/2511/1866 2001/2513/1866 1490/1851/1866
f 2209/2721/1867 2211/2723/1867 1699/2165/1867
f 2001/2513/1868 2004/2516/1868 1492/1854/1868
f 1283/1541/1869 1282/1539/1869 1793/2305/1869
f 2211/2723/1870 2214/2726/1870 1701/2168/1870
f 2004/2516/1871 2006/2518/1871 1494/1857/1871
f 1285/1544/1872 1283/1541/1872 1795/2307/1872
f 2214/2726/1873 2215/2727/1873 1703/2171/1873
f 2006/2518/1874 2008/2520/1874 1495/1859/1874
f 1287/1547/1875 1285/1544/1875 1797/2309/1875
f 2215/2727/1876 2218/2730/1876 1705/2174/1876
f 2008/2520/1877 2009/2521/1877 1497/1862/1877
f 1289/1550/1878 1287/1547/1878 1799/2311/1878
f 2218/2730/2978 2219/2731/2978 1707/2177/2978
f 2009/2521/1880 2011/2523/1880 1500/1866/1880
f 1291/1553/1881 1289/1550/1881 1801/2313/1881
f 2219/2731/1882 2221/2733/1882 1709/2180/1882
f 2011/2523/1883 2013/2525/1883 1502/1869/1883
f 1293/1556/1884 1291/1553/1884 1803/2315/1884
f 2221/2733/1885 2223/2735/1885 1711/2183/1885
f 2013/2525/1886 2016/2528/1886 1503/1871/1886
f 1295/1559/1887 1293/1556/1887 1806/2318/1887
f 2223/2735/1888 2225/2737/1888 1713/2186/1888
f 2016/2528/1889 2018/2530/1889 1505/1874/1889
f 1298/1563/1890 1295/1559/1890 1807/2319/1890
f 2225/2737/1891 2227/2739/1891 1715/2189/1891
f 2018/2530/1892 2020/2532/1892 1507/1877/1892
f 1299/1565/1893 1298/1563/1893 1809/2321/1893
f 2227/2739/1894 2230/2742/1894 1718/2193/1894
f 2020/2532/1895 2022/2534/1895 1509/1880/1895
f 1301/1568/1896 1299/1565/1896 1812/2324/1896
f 2230/2742/1897 2232/2744/1897 1720/2196/1897
f 2022/2534/1898 2023/2535/1898 1511/1883/1898
f 1303/1571/1999 1301/1568/1999 1813/2325/1999
f 2232/2744/1900 2234/2746/1900 1722/2199/1900
f 2023/2535/1901 2025/2537/1901 1513/1886/1901
f 1305/1574/1902 1303/1571/1902 1816/2328/1902
f 2234/2746/1903 2236/2748/1903 1723/2201/1903
f 2025/2537/1904 2028/2540/1904 1516/1890/1904
f 1307/1577/1905 1305/1574/1905 1817/2329/1905
f 2236/2748/1906 2237/2749/1906 1726/2205/1906
f 2028/2540/2000 2030/2542/2000 1517/1892/2000
f 1309/1580/1908 1307/1577/1908 1819/2331/1908
f 2237/2749/1909 2239/2751/1909 1727/2207/1909
f 2030/2542/1910 2032/2544/1910 1519/1895/1910
f 1311/1583/1911 1309/1580/1911 1821/2333/1911
f 2239/2751/1912 2241/2753/1912 1729/2210/1912
f 2032/2544/1913 2033/2545/1913 1521/1898/1913
f 1313/1586/1914 1311/1583/1914 1823/2335/1914
f 1732/2214/1915 1729/2210/1915 2241/2753/1915
f 2033/2545/1916 2035/2547/1916 1523/1901/1916
f 1315/1589/1917 1313/1586/1917 1825/2337/1917
f 1734/2217/1918 1732/2214/1918 2243/2755/1918
f 2035/2547/1919 2038/2550/1919 1526/1905/1919
f 1317/1592/1920 1315/1589/1920 1827/2339/1920
f 1736/2220/1921 1734/2217/1921 2245/2757/1921
f 2038/2550/1922 2039/2551/1922 1528/1908/1922
f 1320/1596/1923 1317/1592/1923 1830/2342/1923
f 1738/2223/1924 1736/2220/1924 2247/2759/1924
f 2039/2551/1925 2042/2554/1925 1530/1911/1925
f 1322/1599/1926 1320/1596/1926 1832/2344/1926
f 1740/2226/1927 1738/2223/1927 2250/2762/1927
f 2042/2554/1928 2044/2556/1928 1531/1913/1928
f 1323/1601/1929 1322/1599/1929 1834/2346/1929
f 1742/2229/1930 1740/2226/1930 2251/2763/1930
f 2044/2556/1931 2045/2557/1931 1534/1917/1931
f 1326/1605/1932 1323/1601/1932 1835/2347/1932
f 1744/2232/1933 1742/2229/1933 2253/2765/1933
f 2045/2557/1934 2047/2559/1934 1536/1920/1934
f 1328/1608/1935 1326/1605/1935 1837/2349/1935
f 1746/2235/1936 1744/2232/1936 2255/2767/1936
f 2047/2559/1937 2050/2562/1937 1538/1923/1937
f 1330/1611/1938 1328/1608/1938 1840/2352/1938
f 1748/2238/1939 1746/2235/1939 2257/2769/1939
f 2050/2562/1940 2051/2563/1940 1539/1925/1940
f 1332/1614/1941 1330/1611/1941 1842/2354/1941
f 1749/2240/1942 1748/2238/1942 2260/2772/1942
f 2051/2563/1943 2054/2566/1943 1541/1928/1943
f 1334/1617/1944 1332/1614/1944 1844/2356/1944
f 1751/2243/1945 1749/2240/1945 2261/2773/1945
f 2054/2566/1946 2056/2568/1946 1544/1932/1946
f 1336/1620/1947 1334/1617/1947 1846/2358/1947
f 1753/2246/1948 1751/2243/1948 2264/2776/1948
f 2056/2568/1949 2057/2569/1949 1546/1935/1949
f 1338/1623/1950 1336/1620/1950 1847/2359/1950
f 1755/2249/1951 1753/2246/1951 2266/2778/1951
f 2057/2569/1952 2060/2572/1952 1547/1937/1952
f 1340/1626/1953 1338/1623/1953 1850/2362/1953
f 1757/2252/1954 1755/2249/1954 2268/2780/1954
f 2060/2572/1955 2061/2573/1955 1550/1941/1955
f 1342/1629/1956 1340/1626/1956 1852/2364/1956
f 1759/2255/1957 1757/2252/1957 2269/2781/1957
f 2061/2573/1958 2064/2576/1958 1552/1944/1958
f 1344/1632/1959 1342/1629/1959 1854/2366/1959
f 1761/2258/1960 1759/2255/1960 2271/2783/1960
f 2064/2576/1961 2066/2578/1961 1553/1946/1961
f 1346/1635/1962 1344/1632/1962 1855/2367/1962
f 1764/2262/1963 1761/2258/1963 2273/2785/1963
f 2066/2578/1964 2068/2580/1964 1556/1950/1964
f 1348/1638/1965 1346/1635/1965 1857/2369/1965
f 1766/2265/1966 1764/2262/1966 2275/2787/1966
f 2068/2580/1967 2069/2581/1967 1557/1952/1967
f 1350/1641/1968 1348/1638/1968 1859/2371/1968
f 1768/2268/1969 1766/2265/1969 2277/2789/1969
f 2069/2581/2001 2072/2584/2001 1560/1956/2001
f 1352/1644/1971 1350/1641/1971 1861/2373/1971
f 1769/2270/1972 1768/2268/1972 2279/2791/1972
f 2072/2584/1973 2074/2586/1973 1562/1959/1973
f 1354/1647/1974 1352/1644/1974 1863/2375/1974
f 1771/2273/1975 1769/2270/1975 2281/2793/1975
f 2074/2586/1976 2075/2587/1976 1564/1962/1976
f 1865/2377/1977 1867/2379/1977 1356/1650/1977
f 3315/4083/2 3313/4081/2 3312/4080/2
f 3312/4080/2 3310/4078/2 3307/4075/2
f 3307/4075/2 3306/4074/2 3304/4072/2
f 3304/4072/2 3302/4070/2 3300/4068/2
f 3300/4068/2963 3298/4066/2963 3296/4064/2963
f 3296/4064/2 3294/4062/2 3291/4059/2
f 3291/4059/2 3289/4057/2 3288/4056/2
f 3288/4056/2962 3285/4053/2962 3283/4051/2962
f 3283/4051/2963 3281/4049/2963 3279/4047/2963
f 3279/4047/2962 3277/4045/2962 3275/4043/2962
f 3275/4043/2962 3274/4042/2962 3272/4040/2962
f 3272/4040/2962 3269/4037/2962 3267/4035/2962
f 3267/4035/2963 3265/4033/2963 3263/4031/2963
f 3263/4031/2 3261/4029/2 3259/4027/2
f 3259/4027/2960 3258/4026/2960 3256/4024/2960
f 3256/4024/2 3254/4022/2 3252/4020/2
f 3252/4020/2 3250/4018/2 3248/4016/2
f 3248/4016/2961 3246/4014/2961 3244/4012/2961
f 3244/4012/2961 3242/4010/2961 3240/4008/2961
f 3240/4008/2 3237/4005/2 3235/4003/2
f 3235/4003/2 3233/4001/2 3231/3999/2
f 3231/3999/2960 3229/3997/2960 3227/3995/2960
f 3227/3995/2960 3225/3993/2960 3223/3991/2960
f 3223/3991/2 3222/3990/2 3220/3988/2
f 3220/3988/2 3218/3986/2 3216/3984/2
f 3216/3984/2961 3213/3981/2961 3212/3980/2961
f 3212/3980/2 3210/3978/2 3208/3976/2
f 3208/3976/2 3206/3974/2 3204/3972/2
f 3204/3972/2 3202/3970/2 3200/3968/2
f 3200/3968/2 3198/3966/2 3196/3964/2
f 3196/3964/2 3194/3962/2 3191/3959/2
f 3191/3959/2961 3189/3957/2961 3188/3956/2961
f 3188/3956/2 3185/3953/2 3183/3951/2
f 3183/3951/2 3181/3949/2 3179/3947/2
f 3179/3947/2960 3177/3945/2960 3176/3944/2960
f 3176/3944/2960 3174/3942/2960 3172/3940/2960
f 3172/3940/2 3170/3938/2 3168/3936/2
f 3168/3936/2 3166/3934/2 3164/3932/2
f 3164/3932/2961 3162/3930/2961 3160/3928/2961
f 3160/3928/2961 3158/3926/2961 3155/3923/2961
f 3155/3923/2 3154/3922/2 3152/3920/2
f 3152/3920/2 3150/3918/2 3147/3915/2
f 3147/3915/2960 3146/3914/2960 3143/3911/2960
f 3143/3911/2 3141/3909/2 3139/3907/2
f 3139/3907/2963 3137/3905/2963 3135/3903/2963
f 3135/3903/2962 3133/3901/2962 3131/3899/2962
f 3131/3899/2962 3129/3897/2962 3127/3895/2962
f 3127/3895/2962 3125/3893/2962 3123/3891/2962
f 3123/3891/2963 3121/3889/2963 3120/3888/2963
f 3120/3888/2 3117/3885/2 3116/3884/2
f 3116/3884/2963 3113/3881/2963 3111/3879/2963
f 3111/3879/2 3109/3877/2 3108/3876/2
f 3108/3876/2 3106/3874/2 3104/3872/2
f 3104/3872/2 3102/3870/2 3099/3867/2
f 3099/3867/2 3097/3865/2 3095/3863/2
f 3095/3863/2 3093/3861/2 3091/3859/2
f 3091/3859/2 3089/3857/2 3088/3856/2
f 3088/3856/2 3086/3854/2 3084/3852/2
f 3084/3852/2 3081/3849/2 3079/3847/2
f 3079/3847/2 3077/3845/2 3075/3843/2
f 3075/3843/2 3073/3841/2 3583/4351/2
f 3583/4351/2 3582/4350/2 3579/4347/2
f 3579/4347/2 3577/4345/2 3575/4343/2
f 3575/4343/2 3573/4341/2 3571/4339/2
f 3571/4339/2 3570/4338/2 3567/4335/2
f 3567/4335/2 3566/4334/2 3563/4331/2
f 3563/4331/2 3561/4329/2 3559/4327/2
f 3559/4327/2 3558/4326/2 3555/4323/2
f 3555/4323/2962 3553/4321/2962 3552/4320/2962
f 3552/4320/2 3550/4318/2 3548/4316/2
f 3548/4316/2962 3546/4314/2962 3544/4312/2962
f 3544/4312/2 3542/4310/2 3540/4308/2
f 3540/4308/2962 3538/4306/2962 3535/4303/2962
f 3535/4303/2963 3533/4301/2963 3532/4300/2963
f 3532/4300/2963 3529/4297/2963 3528/4296/2963
f 3528/4296/2963 3525/4293/2963 3523/4291/2963
f 3523/4291/2962 3521/4289/2962 3520/4288/2962
f 3520/4288/2 3518/4286/2 3516/4284/2
f 3516/4284/2961 3514/4282/2961 3512/4280/2961
f 3512/4280/2 3510/4278/2 3508/4276/2
f 3508/4276/2 3506/4274/2 3504/4272/2
f 3504/4272/2960 3502/4270/2960 3500/4268/2960
f 3500/4268/2960 3498/4266/2960 3496/4264/2960
f 3496/4264/2 3494/4262/2 3491/4259/2
f 3491/4259/2 3489/4257/2 3487/4255/2
f 3487/4255/2961 3485/4253/2961 3483/4251/2961
f 3483/4251/2961 3481/4249/2961 3479/4247/2961
f 3479/4247/2 3477/4245/2 3475/4243/2
f 3475/4243/2 3474/4242/2 3472/4240/2
f 3472/4240/2960 3470/4238/2960 3468/4236/2960
f 3468/4236/2 3466/4234/2 3464/4232/2
f 3464/4232/2 3462/4230/2 3460/4228/2
f 3460/4228/2 3458/4226/2 3456/4224/2
f 3456/4224/2 3454/4222/2 3452/4220/2
f 3452/4220/2 3449/4217/2 3448/4216/2
f 3448/4216/2960 3446/4214/2960 3444/4212/2960
f 3444/4212/2 3441/4209/2 3439/4207/2
f 3439/4207/2 3437/4205/2 3435/4203/2
f 3435/4203/2961 3433/4201/2961 3431/4199/2961
f 3431/4199/2961 3429/4197/2961 3427/4195/2961
f 3427/4195/2 3426/4194/2 3423/4191/2
f 3423/4191/2 3421/4189/2 3420/4188/2
f 3420/4188/2960 3417/4185/2960 3415/4183/2960
f 3415/4183/2960 3413/4181/2960 3411/4179/2960
f 3411/4179/2 3409/4177/2 3407/4175/2
f 3407/4175/2 3406/4174/2 3403/4171/2
f 3403/4171/2961 3401/4169/2961 3399/4167/2961
f 3399/4167/2 3397/4165/2 3395/4163/2
f 3395/4163/2962 3393/4161/2962 3391/4159/2962
f 3391/4159/2963 3390/4158/2963 3387/4155/2963
f 3387/4155/2963 3385/4153/2963 3384/4152/2963
f 3384/4152/2963 3382/4150/2963 3380/4148/2963
f 3380/4148/2962 3378/4146/2962 3375/4143/2962
f 3375/4143/2963 3373/4141/2963 3371/4139/2963
f 3371/4139/2 3369/4137/2 3368/4136/2
f 3368/4136/2 3366/4134/2 3364/4132/2
f 3364/4132/2 3362/4130/2 3360/4128/2
f 3360/4128/2 3358/4126/2 3355/4123/2
f 3355/4123/2 3353/4121/2 3351/4119/2
f 3351/4119/2 3349/4117/2 3347/4115/2
f 3347/4115/2 3345/4113/2 3344/4112/2
f 3344/4112/2 3342/4110/2 3340/4108/2
f 3340/4108/2 3338/4106/2 3336/4104/2
f 3336/4104/2 3334/4102/2 3332/4100/2
f 3332/4100/2 3330/4098/2 3327/4095/2
f 3327/4095/2 3325/4093/2 3323/4091/2
f 3323/4091/2 3322/4090/2 3319/4087/2
f 3319/4087/2 3317/4085/2 3315/4083/2
f 3315/4083/2 3312/4080/2 3307/4075/2
f 3307/4075/2 3304/4072/2 3300/4068/2
f 3300/4068/2 3296/4064/2 3291/4059/2
f 3291/4059/2 3288/4056/2 3283/4051/2
f 3283/4051/2 3279/4047/2 3275/4043/2
f 3275/4043/2 3272/4040/2 3267/4035/2
f 3267/4035/2 3263/4031/2 3259/4027/2
f 3259/4027/2 3256/4024/2 3252/4020/2
f 3252/4020/2 3248/4016/2 3244/4012/2
f 3244/4012/2 3240/4008/2 3235/4003/2
f 3235/4003/2 3231/3999/2 3227/3995/2
f 3227/3995/2 3223/3991/2 3220/3988/2
f 3220/3988/2 3216/3984/2 3212/3980/2
f 3212/3980/2 3208/3976/2 3204/3972/2
f 3204/3972/2 3200/3968/2 3196/3964/2
f 3196/3964/2 3191/3959/2 3188/3956/2
f 3188/3956/2 3183/3951/2 3179/3947/2
f 3179/3947/2 3176/3944/2 3172/3940/2
f 3172/3940/2 3168/3936/2 3164/3932/2
f 3164/3932/2 3160/3928/2 3155/3923/2
f 3155/3923/2 3152/3920/2 3147/3915/2
f 3147/3915/2 3143/3911/2 3139/3907/2
f 3139/3907/2 3135/3903/2 3131/3899/2
f 3131/3899/2 3127/3895/2 3123/3891/2
f 3123/3891/2 3120/3888/2 3116/3884/2
f 3116/3884/2 3111/3879/2 3108/3876/2
f 3108/3876/2 3104/3872/2 3099/3867/2
f 3099/3867/2 3095/3863/2 3091/3859/2
f 3091/3859/2 3088/3856/2 3084/3852/2
f 3084/3852/2 3079/3847/2 3075/3843/2
f 3075/3843/2 3583/4351/2 3579/4347/2
f 3579/4347/2 3575/4343/2 3571/4339/2
f 3571/4339/2 3567/4335/2 3563/4331/2
f 3563/4331/2 3559/4327/2 3555/4323/2
f 3555/4323/2 3552/4320/2 3548/4316/2
f 3548/4316/2 3544/4312/2 3540/4308/2
f 3540/4308/2 3535/4303/2 3532/4300/2
f 3532/4300/2 3528/4296/2 3523/4291/2
f 3523/4291/2 3520/4288/2 3516/4284/2
f 3516/4284/2 3512/4280/2 3508/4276/2
f 3508/4276/2 3504/4272/2 3500/4268/2
f 3500/4268/2 3496/4264/2 3491/4259/2
f 3491/4259/2 3487/4255/2 3483/4251/2
f 3483/4251/2 3479/4247/2 3475/4243/2
f 3475/4243/2 3472/4240/2 3468/4236/2
f 3468/4236/2 3464/4232/2 3460/4228/2
f 3460/4228/2 3456/4224/2 3452/4220/2
f 3452/4220/2 3448/4216/2 3444/4212/2
f 3444/4212/2 3439/4207/2 3435/4203/2
f 3435/4203/2 3431/4199/2 3427/4195/2
f 3427/4195/2 3423/4191/2 3420/4188/2
f 3420/4188/2 3415/4183/2 3411/4179/2
f 3411/4179/2 3407/4175/2 3403/4171/2
f 3403/4171/2 3399/4167/2 3395/4163/2
f 3395/4163/2 3391/4159/2 3387/4155/2
f 3387/4155/2 3384/4152/2 3380/4148/2
f 3380/4148/2 3375/4143/2 3371/4139/2
f 3371/4139/2 3368/4136/2 3364/4132/2
f 3364/4132/2 3360/4128/2 3355/4123/2
f 3355/4123/2 3351/4119/2 3347/4115/2
f 3347/4115/2 3344/4112/2 3340/4108/2
f 3340/4108/2 3336/4104/2 3332/4100/2
f 3332/4100/2 3327/4095/2 3323/4091/2
f 3323/4091/2 3319/4087/2 3315/4083/2
f 3315/4083/2 3307/4075/2 3300/4068/2
f 3300/4068/2 3291/4059/2 3283/4051/2
f 3283/4051/2 3275/4043/2 3267/4035/2
f 3267/4035/2 3259/4027/2 3252/4020/2
f 3252/4020/2 3244/4012/2 3235/4003/2
f 3235/4003/2 3227/3995/2 3220/3988/2
f 3220/3988/2 3212/3980/2 3204/3972/2
f 3204/3972/2 3196/3964/2 3188/3956/2
f 3188/3956/2 3179/3947/2 3172/3940/2
f 3172/3940/2 3164/3932/2 3155/3923/2
f 3155/3923/2 3147/3915/2 3139/3907/2
f 3139/3907/2 3131/3899/2 3123/3891/2
f 3123/3891/2 3116/3884/2 3108/3876/2
f 3108/3876/2 3099/3867/2 3091/3859/2
f 3091/3859/2 3084/3852/2 3075/3843/2
f 3075/3843/2 3579/4347/2 3571/4339/2
f 3571/4339/2 3563/4331/2 3555/4323/2
f 3555/4323/2 3548/4316/2 3540/4308/2
f 3540/4308/2 3532/4300/2 3523/4291/2
f 3523/4291/2 3516/4284/2 3508/4276/2
f 3508/4276/2 3500/4268/2 3491/4259/2
f 3491/4259/2 3483/4251/2 3475/4243/2
f 3475/4243/2 3468/4236/2 3460/4228/2
f 3460/4228/2 3452/4220/2 3444/4212/2
f 3444/4212/2 3435/4203/2 3427/4195/2
f 3427/4195/2 3420/4188/2 3411/4179/2
f 3411/4179/2 3403/4171/2 3395/4163/2
f 3395/4163/2 3387/4155/2 3380/4148/2
f 3380/4148/2 3371/4139/2 3364/4132/2
f 3364/4132/2 3355/4123/2 3347/4115/2
f 3347/4115/2 3340/4108/2 3332/4100/2
f 3332/4100/2 3323/4091/2 3315/4083/2
f 3315/4083/2 3300/4068/2 3283/4051/2
f 3283/4051/2 3267/4035/2 3252/4020/2
f 3252/4020/2 3235/4003/2 3220/3988/2
f 3220/3988/2 3204/3972/2 3188/3956/2
f 3188/3956/2 3172/3940/2 3155/3923/2
f 3155/3923/2 3139/3907/2 3123/3891/2
f 3123/3891/2 3108/3876/2 3091/3859/2
f 3091/3859/2 3075/3843/2 3571/4339/2
f 3571/4339/2 3555/4323/2 3540/4308/2
f 3540/4308/2 3523/4291/2 3508/4276/2
f 3508/4276/2 3491/4259/2 3475/4243/2
f 3475/4243/2 3460/4228/2 3444/4212/2
f 3444/4212/2 3427/4195/2 3411/4179/2
f 3411/4179/2 3395/4163/2 3380/4148/2
f 3380/4148/2 3364/4132/2 3347/4115/2
f 3347/4115/2 3332/4100/2 3315/4083/2
f 3315/4083/2 3283/4051/2 3252/4020/2
f 3252/4020/2 3220/3988/2 3188/3956/2
f 3188/3956/2 3155/3923/2 3123/3891/2
f 3123/3891/2 3091/3859/2 3571/4339/2
f 3571/4339/2 3540/4308/2 3508/4276/2
f 3508/4276/2 3475/4243/2 3444/4212/2
f 3444/4212/2 3411/4179/2 3380/4148/2
f 3380/4148/2 3347/4115/2 3315/4083/2
f 3315/4083/2 3252/4020/2 3188/3956/2
f 3188/3956/2 3123/3891/2 3571/4339/2
f 3571/4339/2 3508/4276/2 3444/4212/2
f 3444/4212/2 3380/4148/2 3315/4083/2
f 3315/4083/2 3188/3956/2 3571/4339/2
f 3053/3812/1978 3051/3809/1978 3563/4331/1978
f 3355/4123/1723 3358/4126/1723 2845/3500/1723
f 2637/3188/1724 2636/3186/1724 3147/3915/1724
f 3055/3815/1725 3053/3812/1725 3566/4334/1725
f 3358/4126/1726 3360/4128/1726 2847/3503/1726
f 2639/3191/1979 2637/3188/1979 3150/3918/1979
f 3057/3818/1728 3055/3815/1728 3567/4335/1728
f 3360/4128/1729 3362/4130/1729 2849/3506/1729
f 2641/3194/1730 2639/3191/1730 3152/3920/1730
f 3059/3821/1731 3057/3818/1731 3570/4338/1731
f 3362/4130/1732 3364/4132/1732 2852/3510/1732
f 2643/3197/1980 2641/3194/1980 3154/3922/1980
f 3061/3824/1734 3059/3821/1734 3571/4339/1734
f 3364/4132/1735 3366/4134/1735 2854/3513/1735
f 2645/3200/1981 2643/3197/1981 3155/3923/1981
f 3063/3827/1737 3061/3824/1737 3573/4341/1737
f 3366/4134/1738 3368/4136/1738 2856/3516/1738
f 2648/3204/1739 2645/3200/1739 3158/3926/1739
f 3066/3831/1740 3063/3827/1740 3575/4343/1740
f 3368/4136/1741 3369/4137/1741 2858/3519/1741
f 2650/3207/1742 2648/3204/1742 3160/3928/1742
f 3067/3833/1743 3066/3831/1743 3577/4345/1743
f 3369/4137/1744 3371/4139/1744 2860/3522/1744
f 2651/3209/1982 2650/3207/1982 3162/3930/1982
f 3069/3836/1746 3067/3833/1746 3579/4347/1746
f 3371/4139/1747 3373/4141/1747 2862/3525/1747
f 2654/3213/1983 2651/3209/1983 3164/3932/1983
f 3072/3840/1749 3069/3836/1749 3582/4350/1749
f 3373/4141/2002 3375/4143/2002 2864/3528/2002
f 2656/3216/1751 2654/3213/1751 3166/3934/1751
f 2561/3074/1752 3072/3840/1752 3583/4351/1752
f 3375/4143/1753 3378/4146/1753 2866/3531/1753
f 2657/3218/1754 2656/3216/1754 3168/3936/1754
f 3378/4146/1755 3380/4148/1755 2868/3534/1755
f 2660/3222/1756 2657/3218/1756 3170/3938/1756
f 3380/4148/1757 3382/4150/1757 2870/3537/1757
f 2661/3224/1758 2660/3222/1758 3172/3940/1758
f 3382/4150/1759 3384/4152/1759 2872/3540/1759
f 2664/3228/1760 2661/3224/1760 3174/3942/1760
f 3384/4152/1761 3385/4153/1761 2874/3543/1761
f 2666/3231/1762 2664/3228/1762 3176/3944/1762
f 3385/4153/1763 3387/4155/1763 2876/3546/1763
f 2668/3234/1764 2666/3231/1764 3177/3945/1764
f 3387/4155/1765 3390/4158/1765 2877/3548/1765
f 2670/3237/1984 2668/3234/1984 3179/3947/1984
f 3390/4158/1767 3391/4159/1767 2879/3551/1767
f 2672/3240/1768 2670/3237/1768 3181/3949/1768
f 3391/4159/1769 3393/4161/1769 2881/3554/1769
f 2674/3243/1770 2672/3240/1770 3183/3951/1770
f 3393/4161/1771 3395/4163/1771 2883/3557/1771
f 2675/3245/2003 2674/3243/2003 3185/3953/2003
f 3395/4163/2979 3397/4165/2979 2885/3560/2979
f 2678/3249/1774 2675/3245/1774 3188/3956/1774
f 3397/4165/1775 3399/4167/1775 2887/3563/1775
f 2680/3252/1776 2678/3249/1776 3189/3957/1776
f 3399/4167/1777 3401/4169/1777 2890/3567/1777
f 2682/3255/1778 2680/3252/1778 3191/3959/1778
f 3401/4169/1779 3403/4171/1779 2891/3569/1779
f 2684/3258/1780 2682/3255/1780 3194/3962/1780
f 3403/4171/1781 3406/4174/1781 2893/3572/1781
f 2686/3261/1985 2684/3258/1985 3196/3964/1985
f 3406/4174/1783 3407/4175/1783 2895/3575/1783
f 2688/3264/1784 2686/3261/1784 3198/3966/1784
f 3407/4175/1785 3409/4177/1785 2897/3578/1785
f 2689/3266/1786 2688/3264/1786 3200/3968/1786
f 3409/4177/1787 3411/4179/1787 2899/3581/1787
f 2691/3269/1788 2689/3266/1788 3202/3970/1788
f 3411/4179/2973 3413/4181/2973 2901/3584/2973
f 2694/3273/1790 2691/3269/1790 3204/3972/1790
f 3413/4181/1791 3415/4183/1791 2903/3587/1791
f 2696/3276/1986 2694/3273/1986 3206/3974/1986
f 3415/4183/1793 3417/4185/1793 2905/3590/1793
f 2697/3278/1794 2696/3276/1794 3208/3976/1794
f 3417/4185/2974 3420/4188/2974 2907/3593/2974
f 2699/3281/1796 2697/3278/1796 3210/3978/1796
f 3420/4188/1797 3421/4189/1797 2910/3597/1797
f 2701/3284/1798 2699/3281/1798 3212/3980/1798
f 3421/4189/2975 3423/4191/2975 2912/3600/2975
f 2703/3287/1800 2701/3284/1800 3213/3981/1800
f 3423/4191/2976 3426/4194/2976 2914/3603/2976
f 2705/3290/1988 2703/3287/1988 3216/3984/1988
f 3426/4194/1803 3427/4195/1803 2915/3605/1803
f 2707/3293/1804 2705/3290/1804 3218/3986/1804
f 3427/4195/1805 3429/4197/1805 2918/3609/1805
f 2709/3296/1806 2707/3293/1806 3220/3988/1806
f 3429/4197/1807 3431/4199/1807 2920/3612/1807
f 2711/3299/1808 2709/3296/1808 3222/3990/1808
f 3431/4199/1809 3433/4201/1809 2922/3615/1809
f 2713/3302/1810 2711/3299/1810 3223/3991/1810
f 3433/4201/1811 3435/4203/1811 2924/3618/1811
f 2716/3306/1812 2713/3302/1812 3225/3993/1812
f 3435/4203/2965 3437/4205/2965 2925/3620/2965
f 2718/3309/1814 2716/3306/1814 3227/3995/1814
f 3437/4205/2977 3439/4207/2977 2927/3623/2977
f 2719/3311/1816 2718/3309/1816 3229/3997/1816
f 3439/4207/2004 3441/4209/2004 2929/3626/2004
f 2722/3315/1818 2719/3311/1818 3231/3999/1818
f 3441/4209/1989 3444/4212/1989 2931/3629/1989
f 2723/3317/1820 2722/3315/1820 3233/4001/1820
f 3444/4212/1990 3446/4214/1990 2933/3632/1990
f 2725/3320/1822 2723/3317/1822 3235/4003/1822
f 3446/4214/1823 3448/4216/1823 2935/3635/1823
f 2727/3323/1824 2725/3320/1824 3237/4005/1824
f 3448/4216/1825 3449/4217/1825 2937/3638/1825
f 2729/3326/1826 2727/3323/1826 3240/4008/1826
f 3449/4217/1827 3452/4220/1827 2939/3641/1827
f 2731/3329/1828 2729/3326/1828 3242/4010/1828
f 3452/4220/1829 3454/4222/1829 2941/3644/1829
f 2734/3333/1991 2731/3329/1991 3244/4012/1991
f 3454/4222/1831 3456/4224/1831 2943/3647/1831
f 2736/3336/1992 2734/3333/1992 3246/4014/1992
f 3456/4224/1833 3458/4226/1833 2946/3651/1833
f 2737/3338/1834 2736/3336/1834 3248/4016/1834
f 3458/4226/1835 3460/4228/1835 2947/3653/1835
f 2740/3342/1836 2737/3338/1836 3250/4018/1836
f 3460/4228/1837 3462/4230/1837 2949/3656/1837
f 2742/3345/1838 2740/3342/1838 3252/4020/1838
f 3462/4230/1839 3464/4232/1839 2951/3659/1839
f 2743/3347/1840 2742/3345/1840 3254/4022/1840
f 3464/4232/1841 3466/4234/1841 2953/3662/1841
f 2746/3351/1842 2743/3347/1842 3256/4024/1842
f 3466/4234/1843 3468/4236/1843 2955/3665/1843
f 2747/3353/1844 2746/3351/1844 3258/4026/1844
f 3468/4236/1845 3470/4238/1845 2957/3668/1845
f 2749/3356/1846 2747/3353/1846 3259/4027/1846
f 3470/4238/1847 3472/4240/1847 2959/3671/1847
f 2751/3359/1848 2749/3356/1848 3261/4029/1848
f 3472/4240/1849 3474/4242/1849 2962/3675/1849
f 2753/3362/1850 2751/3359/1850 3263/4031/1850
f 3474/4242/2005 3475/4243/2005 2964/3678/2005
f 3265/4033/1852 3267/4035/1852 2755/3365/1852
f 3475/4243/1853 3477/4245/1853 2966/3681/1853
f 3267/4035/1854 3269/4037/1854 2757/3368/1854
f 3477/4245/2010 3479/4247/2010 2968/3684/2010
f 3269/4037/1856 3272/4040/1856 2760/3372/1856
f 3479/4247/1857 3481/4249/1857 2969/3686/1857
f 3272/4040/1858 3274/4042/1858 2761/3374/1858
f 3481/4249/1859 3483/4251/1859 2972/3690/1859
f 3274/4042/1860 3275/4043/1860 2763/3377/1860
f 3483/4251/1861 3485/4253/1861 2973/3692/1861
f 3275/4043/1862 3277/4045/1862 2766/3381/1862
f 3485/4253/1863 3487/4255/1863 2976/3696/1863
f 3277/4045/1864 3279/4047/1864 2768/3384/1864
f 3487/4255/1865 3489/4257/1865 2977/3698/1865
f 3279/4047/1866 3281/4049/1866 2769/3386/1866
f 3489/4257/1867 3491/4259/1867 2979/3701/1867
f 3281/4049/1868 3283/4051/1868 2771/3389/1868
f 2563/3077/1869 2561/3074/1869 3073/3841/1869
f 3491/4259/1870 3494/4262/1870 2982/3705/1870
f 3283/4051/2006 3285/4053/2006 2773/3392/2006
f 2565/3080/1872 2563/3077/1872 3075/3843/1872
f 3494/4262/1873 3496/4264/1873 2983/3707/1873
f 3285/4053/1874 3288/4056/1874 2775/3395/1874
f 2568/3084/1875 2565/3080/1875 3077/3845/1875
f 3496/4264/1876 3498/4266/1876 2986/3711/1876
f 3288/4056/1877 3289/4057/1877 2777/3398/1877
f 2569/3086/1878 2568/3084/1878 3079/3847/1878
f 3498/4266/2978 3500/4268/2978 2988/3714/2978
f 3289/4057/1880 3291/4059/1880 2779/3401/1880
f 2571/3089/1881 2569/3086/1881 3081/3849/1881
f 3500/4268/1882 3502/4270/1882 2990/3717/1882
f 3291/4059/1883 3294/4062/1883 2782/3405/1883
f 2574/3093/1884 2571/3089/1884 3084/3852/1884
f 3502/4270/1885 3504/4272/1885 2991/3719/1885
f 3294/4062/1886 3296/4064/1886 2784/3408/1886
f 2576/3096/1887 2574/3093/1887 3086/3854/1887
f 3504/4272/1888 3506/4274/1888 2994/3723/1888
f 3296/4064/1889 3298/4066/1889 2786/3411/1889
f 2578/3099/1890 2576/3096/1890 3088/3856/1890
f 3506/4274/1891 3508/4276/1891 2996/3726/1891
f 3298/4066/1892 3300/4068/1892 2787/3413/1892
f 2580/3102/1893 2578/3099/1893 3089/3857/1893
f 3508/4276/1894 3510/4278/1894 2998/3729/1894
f 3300/4068/1895 3302/4070/1895 2789/3416/1895
f 2582/3105/1896 2580/3102/1896 3091/3859/1896
f 3510/4278/1897 3512/4280/1897 3000/3732/1897
f 3302/4070/1898 3304/4072/1898 2792/3420/1898
f 2584/3108/1999 2582/3105/1999 3093/3861/1999
f 3512/4280/1900 3514/4282/1900 3001/3734/1900
f 3304/4072/1901 3306/4074/1901 2793/3422/1901
f 2586/3111/1902 2584/3108/1902 3095/3863/1902
f 3514/4282/1903 3516/4284/1903 3003/3737/1903
f 3306/4074/1904 3307/4075/1904 2795/3425/1904
f 2587/3113/1905 2586/3111/1905 3097/3865/1905
f 3516/4284/1906 3518/4286/1906 3005/3740/1906
f 3307/4075/2000 3310/4078/2000 2797/3428/2000
f 2590/3117/1908 2587/3113/1908 3099/3867/1908
f 3518/4286/1909 3520/4288/1909 3007/3743/1909
f 3310/4078/1910 3312/4080/1910 2799/3431/1910
f 2592/3120/1911 2590/3117/1911 3102/3870/1911
f 3520/4288/1912 3521/4289/1912 3009/3746/1912
f 3312/4080/1913 3313/4081/1913 2801/3434/1913
f 2594/3123/1914 2592/3120/1914 3104/3872/1914
f 3011/3749/1915 3009/3746/1915 3521/4289/1915
f 3313/4081/1916 3315/4083/1916 2803/3437/1916
f 2595/3125/1917 2594/3123/1917 3106/3874/1917
f 3013/3752/1918 3011/3749/1918 3523/4291/1918
f 3315/4083/1919 3317/4085/1919 2805/3440/1919
f 2598/3129/1920 2595/3125/1920 3108/3876/1920
f 3015/3755/1921 3013/3752/1921 3525/4293/1921
f 3317/4085/1922 3319/4087/1922 2807/3443/1922
f 2600/3132/1923 2598/3129/1923 3109/3877/1923
f 3017/3758/1924 3015/3755/1924 3528/4296/1924
f 3319/4087/1925 3322/4090/1925 2810/3447/1925
f 2602/3135/1926 2600/3132/1926 3111/3879/1926
f 3020/3762/1927 3017/3758/1927 3529/4297/1927
f 3322/4090/1928 3323/4091/1928 2811/3449/1928
f 2604/3138/1929 2602/3135/1929 3113/3881/1929
f 3021/3764/1930 3020/3762/1930 3532/4300/1930
f 3323/4091/1931 3325/4093/1931 2813/3452/1931
f 2606/3141/1932 2604/3138/1932 3116/3884/1932
f 3023/3767/1933 3021/3764/1933 3533/4301/1933
f 3325/4093/1934 3327/4095/1934 2815/3455/1934
f 2607/3143/1935 2606/3141/1935 3117/3885/1935
f 3025/3770/1936 3023/3767/1936 3535/4303/1936
f 3327/4095/1937 3330/4098/1937 2817/3458/1937
f 2609/3146/1938 2607/3143/1938 3120/3888/1938
f 3027/3773/1939 3025/3770/1939 3538/4306/1939
f 3330/4098/1940 3332/4100/1940 2819/3461/1940
f 2611/3149/1941 2609/3146/1941 3121/3889/1941
f 3029/3776/1942 3027/3773/1942 3540/4308/1942
f 3332/4100/1943 3334/4102/1943 2821/3464/1943
f 2614/3153/1944 2611/3149/1944 3123/3891/1944
f 3031/3779/1945 3029/3776/1945 3542/4310/1945
f 3334/4102/1946 3336/4104/1946 2823/3467/1946
f 2615/3155/1947 2614/3153/1947 3125/3893/1947
f 3033/3782/1948 3031/3779/1948 3544/4312/1948
f 3336/4104/1949 3338/4106/1949 2825/3470/1949
f 2617/3158/1950 2615/3155/1950 3127/3895/1950
f 3035/3785/1951 3033/3782/1951 3546/4314/1951
f 3338/4106/1952 3340/4108/1952 2827/3473/1952
f 2619/3161/1953 2617/3158/1953 3129/3897/1953
f 3037/3788/1954 3035/3785/1954 3548/4316/1954
f 3340/4108/1955 3342/4110/1955 2829/3476/1955
f 2621/3164/1956 2619/3161/1956 3131/3899/1956
f 3039/3791/1957 3037/3788/1957 3550/4318/1957
f 3342/4110/1958 3344/4112/1958 2831/3479/1958
f 2623/3167/1959 2621/3164/1959 3133/3901/1959
f 3041/3794/1960 3039/3791/1960 3552/4320/1960
f 3344/4112/1961 3345/4113/1961 2833/3482/1961
f 2625/3170/1962 2623/3167/1962 3135/3903/1962
f 3043/3797/1963 3041/3794/1963 3553/4321/1963
f 3345/4113/1964 3347/4115/1964 2835/3485/1964
f 2628/3174/1965 2625/3170/1965 3137/3905/1965
f 3045/3800/1966 3043/3797/1966 3555/4323/1966
f 3347/4115/1967 3349/4117/1967 2837/3488/1967
f 2630/3177/1968 2628/3174/1968 3139/3907/1968
f 3047/3803/1969 3045/3800/1969 3558/4326/1969
f 3349/4117/2001 3351/4119/2001 2839/3491/2001
f 2632/3180/1971 2630/3177/1971 3141/3909/1971
f 3049/3806/1972 3047/3803/1972 3559/4327/1972
f 3351/4119/1973 3353/4121/1973 2841/3494/1973
f 2634/3183/1974 2632/3180/1974 3143/3911/1974
f 3051/3809/1975 3049/3806/1975 3561/4329/1975
f 3353/4121/1976 3355/4123/1976 2844/3498/1976
f 2636/3186/1977 2634/3183/1977 3146/3914/1977
f 4448/5472/2 4447/5471/2 4446/5470/2
f 4446/5470/2 4445/5469/2 4444/5468/2
f 4444/5468/2961 4443/5467/2961 4442/5466/2961
f 4442/5466/2 4441/5465/2 4440/5464/2
f 4440/5464/2 4439/5463/2 4438/5462/2
f 4438/5462/2 4437/5461/2 4436/5460/2
f 4436/5460/2 4435/5459/2 4434/5458/2
f 4434/5458/2 4433/5457/2 4432/5456/2
f 4432/5456/2961 4431/5455/2961 4430/5454/2961
f 4430/5454/2 4429/5453/2 4428/5452/2
f 4428/5452/2 4427/5451/2 4426/5450/2
f 4426/5450/2960 4425/5449/2960 4424/5448/2960
f 4424/5448/2960 4423/5447/2960 4422/5446/2960
f 4422/5446/2 4421/5445/2 4420/5444/2
f 4420/5444/2 4419/5443/2 4418/5442/2
f 4418/5442/2961 4417/5441/2961 4416/5440/2961
f 4416/5440/2961 4415/5439/2961 4414/5438/2961
f 4414/5438/2 4413/5437/2 4412/5436/2
f 4412/5436/2 4411/5435/2 4410/5434/2
f 4410/5434/2960 4409/5433/2960 4408/5432/2960
f 4408/5432/2 4407/5431/2 4406/5430/2
f 4406/5430/2963 4405/5429/2963 4404/5428/2963
f 4404/5428/2962 4403/5427/2962 4402/5426/2962
f 4402/5426/2962 4401/5425/2962 4400/5424/2962
f 4400/5424/2962 4399/5423/2962 4398/5422/2962
f 4398/5422/2963 4397/5421/2963 4396/5420/2963
f 4396/5420/2 4395/5419/2 4394/5418/2
f 4394/5418/2963 4393/5417/2963 4392/5416/2963
f 4392/5416/2 4390/5414/2 4388/5412/2
f 4388/5412/2 4386/5410/2 4384/5408/2
f 4384/5408/2 4381/5405/2 4380/5404/2
f 4380/5404/2 4377/5401/2 4375/5399/2
f 4375/5399/2 4373/5397/2 4372/5396/2
f 4372/5396/2 4370/5394/2 4368/5392/2
f 4368/5392/2 4366/5390/2 4364/5388/2
f 4364/5388/2 4362/5386/2 4360/5384/2
f 4360/5384/2 4358/5382/2 4356/5380/2
f 4356/5380/2 4354/5378/2 4628/5652/2
f 4628/5652/2 4627/5651/2 4626/5650/2
f 4626/5650/2 4625/5649/2 4624/5648/2
f 4624/5648/2 4623/5647/2 4622/5646/2
f 4622/5646/2 4621/5645/2 4620/5644/2
f 4620/5644/2 4619/5643/2 4618/5642/2
f 4618/5642/2 4617/5641/2 4616/5640/2
f 4616/5640/2 4615/5639/2 4614/5638/2
f 4614/5638/2962 4613/5637/2962 4612/5636/2962
f 4612/5636/2 4611/5635/2 4610/5634/2
f 4610/5634/2962 4609/5633/2962 4608/5632/2962
f 4608/5632/2 4607/5631/2 4606/5630/2
f 4606/5630/2962 4605/5629/2962 4604/5628/2962
f 4604/5628/2963 4603/5627/2963 4602/5626/2963
f 4602/5626/2963 4601/5625/2963 4600/5624/2963
f 4600/5624/2963 4599/5623/2963 4598/5622/2963
f 4598/5622/2962 4597/5621/2962 4596/5620/2962
f 4596/5620/2 4595/5619/2 4594/5618/2
f 4594/5618/2961 4593/5617/2961 4592/5616/2961
f 4592/5616/2 4591/5615/2 4590/5614/2
f 4590/5614/2 4589/5613/2 4588/5612/2
f 4588/5612/2960 4587/5611/2960 4586/5610/2960
f 4586/5610/2960 4585/5609/2960 4584/5608/2960
f 4584/5608/2 4583/5607/2 4582/5606/2
f 4582/5606/2 4581/5605/2 4580/5604/2
f 4580/5604/2961 4579/5603/2961 4578/5602/2961
f 4578/5602/2961 4577/5601/2961 4576/5600/2961
f 4576/5600/2 4575/5599/2 4574/5598/2
f 4574/5598/2 4573/5597/2 4572/5596/2
f 4572/5596/2960 4571/5595/2960 4570/5594/2960
f 4570/5594/2 4569/5593/2 4568/5592/2
f 4568/5592/2 4567/5591/2 4566/5590/2
f 4566/5590/2 4565/5589/2 4564/5588/2
f 4564/5588/2 4563/5587/2 4562/5586/2
f 4562/5586/2 4561/5585/2 4560/5584/2
f 4560/5584/2960 4559/5583/2960 4558/5582/2960
f 4558/5582/2 4557/5581/2 4556/5580/2
f 4556/5580/2 4555/5579/2 4554/5578/2
f 4554/5578/2961 4553/5577/2961 4552/5576/2961
f 4552/5576/2961 4551/5575/2961 4550/5574/2961
f 4550/5574/2 4549/5573/2 4548/5572/2
f 4548/5572/2 4547/5571/2 4546/5570/2
f 4546/5570/2960 4545/5569/2960 4544/5568/2960
f 4544/5568/2960 4543/5567/2960 4542/5566/2960
f 4542/5566/2 4541/5565/2 4540/5564/2
f 4540/5564/2 4539/5563/2 4538/5562/2
f 4538/5562/2961 4537/5561/2961 4536/5560/2961
f 4536/5560/2 4535/5559/2 4534/5558/2
f 4534/5558/2962 4533/5557/2962 4532/5556/2962
f 4532/5556/2963 4531/5555/2963 4530/5554/2963
f 4530/5554/2963 4529/5553/2963 4528/5552/2963
f 4528/5552/2963 4527/5551/2963 4526/5550/2963
f 4526/5550/2962 4525/5549/2962 4524/5548/2962
f 4524/5548/2963 4523/5547/2963 4522/5546/2963
f 4522/5546/2 4521/5545/2 4520/5544/2
f 4520/5544/2 4519/5543/2 4518/5542/2
f 4518/5542/2 4517/5541/2 4516/5540/2
f 4516/5540/2 4515/5539/2 4514/5538/2
f 4514/5538/2 4513/5537/2 4512/5536/2
f 4512/5536/2 4511/5535/2 4510/5534/2
f 4510/5534/2 4509/5533/2 4508/5532/2
f 4508/5532/2 4507/5531/2 4506/5530/2
f 4506/5530/2 4505/5529/2 4504/5528/2
f 4504/5528/2 4503/5527/2 4502/5526/2
f 4502/5526/2 4501/5525/2 4500/5524/2
f 4500/5524/2 4499/5523/2 4498/5522/2
f 4498/5522/2 4497/5521/2 4496/5520/2
f 4496/5520/2 4495/5519/2 4494/5518/2
f 4494/5518/2 4493/5517/2 4492/5516/2
f 4492/5516/2 4491/5515/2 4490/5514/2
f 4490/5514/2 4489/5513/2 4488/5512/2
f 4488/5512/2 4487/5511/2 4486/5510/2
f 4486/5510/2963 4485/5509/2963 4484/5508/2963
f 4484/5508/2 4483/5507/2 4482/5506/2
f 4482/5506/2 4481/5505/2 4480/5504/2
f 4480/5504/2962 4479/5503/2962 4478/5502/2962
f 4478/5502/2963 4477/5501/2963 4476/5500/2963
f 4476/5500/2962 4475/5499/2962 4474/5498/2962
f 4474/5498/2962 4473/5497/2962 4472/5496/2962
f 4472/5496/2962 4471/5495/2962 4470/5494/2962
f 4470/5494/2963 4469/5493/2963 4468/5492/2963
f 4468/5492/2 4467/5491/2 4466/5490/2
f 4466/5490/2960 4465/5489/2960 4464/5488/2960
f 4464/5488/2 4463/5487/2 4462/5486/2
f 4462/5486/2 4461/5485/2 4460/5484/2
f 4460/5484/2961 4459/5483/2961 4458/5482/2961
f 4458/5482/2961 4457/5481/2961 4456/5480/2961
f 4456/5480/2 4455/5479/2 4454/5478/2
f 4454/5478/2 4453/5477/2 4452/5476/2
f 4452/5476/2960 4451/5475/2960 4450/5474/2960
f 4450/5474/2960 4449/5473/2960 4448/5472/2960
f 4448/5472/2 4446/5470/2 4444/5468/2
f 4444/5468/2 4442/5466/2 4440/5464/2
f 4440/5464/2 4438/5462/2 4436/5460/2
f 4436/5460/2 4434/5458/2 4432/5456/2
f 4432/5456/2 4430/5454/2 4428/5452/2
f 4428/5452/2 4426/5450/2 4424/5448/2
f 4424/5448/2 4422/5446/2 4420/5444/2
f 4420/5444/2 4418/5442/2 4416/5440/2
f 4416/5440/2 4414/5438/2 4412/5436/2
f 4412/5436/2 4410/5434/2 4408/5432/2
f 4408/5432/2 4406/5430/2 4404/5428/2
f 4404/5428/2 4402/5426/2 4400/5424/2
f 4400/5424/2 4398/5422/2 4396/5420/2
f 4396/5420/2 4394/5418/2 4392/5416/2
f 4392/5416/2 4388/5412/2 4384/5408/2
f 4384/5408/2 4380/5404/2 4375/5399/2
f 4375/5399/2 4372/5396/2 4368/5392/2
f 4368/5392/2 4364/5388/2 4360/5384/2
f 4360/5384/2 4356/5380/2 4628/5652/2
f 4628/5652/2 4626/5650/2 4624/5648/2
f 4624/5648/2 4622/5646/2 4620/5644/2
f 4620/5644/2 4618/5642/2 4616/5640/2
f 4616/5640/2 4614/5638/2 4612/5636/2
f 4612/5636/2 4610/5634/2 4608/5632/2
f 4608/5632/2 4606/5630/2 4604/5628/2
f 4604/5628/2 4602/5626/2 4600/5624/2
f 4600/5624/2 4598/5622/2 4596/5620/2
f 4596/5620/2 4594/5618/2 4592/5616/2
f 4592/5616/2 4590/5614/2 4588/5612/2
f 4588/5612/2 4586/5610/2 4584/5608/2
f 4584/5608/2 4582/5606/2 4580/5604/2
f 4580/5604/2 4578/5602/2 4576/5600/2
f 4576/5600/2 4574/5598/2 4572/5596/2
f 4572/5596/2 4570/5594/2 4568/5592/2
f 4568/5592/2 4566/5590/2 4564/5588/2
f 4564/5588/2 4562/5586/2 4560/5584/2
f 4560/5584/2 4558/5582/2 4556/5580/2
f 4556/5580/2 4554/5578/2 4552/5576/2
f 4552/5576/2 4550/5574/2 4548/5572/2
f 4548/5572/2 4546/5570/2 4544/5568/2
f 4544/5568/2 4542/5566/2 4540/5564/2
f 4540/5564/2 4538/5562/2 4536/5560/2
f 4536/5560/2 4534/5558/2 4532/5556/2
f 4532/5556/2 4530/5554/2 4528/5552/2
f 4528/5552/2 4526/5550/2 4524/5548/2
f 4524/5548/2 4522/5546/2 4520/5544/2
f 4520/5544/2 4518/5542/2 4516/5540/2
f 4516/5540/2 4514/5538/2 4512/5536/2
f 4512/5536/2 4510/5534/2 4508/5532/2
f 4508/5532/2 4506/5530/2 4504/5528/2
f 4504/5528/2 4502/5526/2 4500/5524/2
f 4500/5524/2 4498/5522/2 4496/5520/2
f 4496/5520/2 4494/5518/2 4492/5516/2
f 4492/5516/2 4490/5514/2 4488/5512/2
f 4488/5512/2 4486/5510/2 4484/5508/2
f 4484/5508/2 4482/5506/2 4480/5504/2
f 4480/5504/2 4478/5502/2 4476/5500/2
f 4476/5500/2 4474/5498/2 4472/5496/2
f 4472/5496/2 4470/5494/2 4468/5492/2
f 4468/5492/2 4466/5490/2 4464/5488/2
f 4464/5488/2 4462/5486/2 4460/5484/2
f 4460/5484/2 4458/5482/2 4456/5480/2
f 4456/5480/2 4454/5478/2 4452/5476/2
f 4452/5476/2 4450/5474/2 4448/5472/2
f 4448/5472/2 4444/5468/2 4440/5464/2
f 4440/5464/2 4436/5460/2 4432/5456/2
f 4432/5456/2 4428/5452/2 4424/5448/2
f 4424/5448/2 4420/5444/2 4416/5440/2
f 4416/5440/2 4412/5436/2 4408/5432/2
f 4408/5432/2 4404/5428/2 4400/5424/2
f 4400/5424/2 4396/5420/2 4392/5416/2
f 4392/5416/2 4384/5408/2 4375/5399/2
f 4375/5399/2 4368/5392/2 4360/5384/2
f 4360/5384/2 4628/5652/2 4624/5648/2
f 4624/5648/2 4620/5644/2 4616/5640/2
f 4616/5640/2 4612/5636/2 4608/5632/2
f 4608/5632/2 4604/5628/2 4600/5624/2
f 4600/5624/2 4596/5620/2 4592/5616/2
f 4592/5616/2 4588/5612/2 4584/5608/2
f 4584/5608/2 4580/5604/2 4576/5600/2
f 4576/5600/2 4572/5596/2 4568/5592/2
f 4568/5592/2 4564/5588/2 4560/5584/2
f 4560/5584/2 4556/5580/2 4552/5576/2
f 4552/5576/2 4548/5572/2 4544/5568/2
f 4544/5568/2 4540/5564/2 4536/5560/2
f 4536/5560/2 4532/5556/2 4528/5552/2
f 4528/5552/2 4524/5548/2 4520/5544/2
f 4520/5544/2 4516/5540/2 4512/5536/2
f 4512/5536/2 4508/5532/2 4504/5528/2
f 4504/5528/2 4500/5524/2 4496/5520/2
f 4496/5520/2 4492/5516/2 4488/5512/2
f 4488/5512/2 4484/5508/2 4480/5504/2
f 4480/5504/2 4476/5500/2 4472/5496/2
f 4472/5496/2 4468/5492/2 4464/5488/2
f 4464/5488/2 4460/5484/2 4456/5480/2
f 4456/5480/2 4452/5476/2 4448/5472/2
f 4448/5472/2 4440/5464/2 4432/5456/2
f 4432/5456/2 4424/5448/2 4416/5440/2
f 4416/5440/2 4408/5432/2 4400/5424/2
f 4400/5424/2 4392/5416/2 4375/5399/2
f 4375/5399/2 4360/5384/2 4624/5648/2
f 4624/5648/2 4616/5640/2 4608/5632/2
f 4608/5632/2 4600/5624/2 4592/5616/2
f 4592/5616/2 4584/5608/2 4576/5600/2
f 4576/5600/2 4568/5592/2 4560/5584/2
f 4560/5584/2 4552/5576/2 4544/5568/2
f 4544/5568/2 4536/5560/2 4528/5552/2
f 4528/5552/2 4520/5544/2 4512/5536/2
f 4512/5536/2 4504/5528/2 4496/5520/2
f 4496/5520/2 4488/5512/2 4480/5504/2
f 4480/5504/2 4472/5496/2 4464/5488/2
f 4464/5488/2 4456/5480/2 4448/5472/2
f 4448/5472/2 4432/5456/2 4416/5440/2
f 4416/5440/2 4400/5424/2 4375/5399/2
f 4375/5399/2 4624/5648/2 4608/5632/2
f 4608/5632/2 4592/5616/2 4576/5600/2
f 4576/5600/2 4560/5584/2 4544/5568/2
f 4544/5568/2 4528/5552/2 4512/5536/2
f 4512/5536/2 4496/5520/2 4480/5504/2
f 4480/5504/2 4464/5488/2 4448/5472/2
f 4448/5472/2 4416/5440/2 4375/5399/2
f 4375/5399/2 4608/5632/2 4576/5600/2
f 4576/5600/2 4544/5568/2 4512/5536/2
f 4512/5536/2 4480/5504/2 4448/5472/2
f 4448/5472/2 4375/5399/2 4576/5600/2
f 4334/5349/1722 4331/5345/1722 4618/5642/1722
f 4514/5538/1723 4515/5539/1723 4125/5036/1723
f 3918/4725/1724 3916/4722/1724 4410/5434/1724
f 4336/5352/1725 4334/5349/1725 4619/5643/1725
f 4515/5539/1726 4516/5540/1726 4127/5039/1726
f 3920/4728/1979 3918/4725/1979 4411/5435/1979
f 4338/5355/1728 4336/5352/1728 4620/5644/1728
f 4516/5540/1729 4517/5541/1729 4129/5042/1729
f 3922/4731/1730 3920/4728/1730 4412/5436/1730
f 4340/5358/1731 4338/5355/1731 4621/5645/1731
f 4517/5541/1732 4518/5542/1732 4132/5046/1732
f 3923/4733/1980 3922/4731/1980 4413/5437/1980
f 4342/5361/1734 4340/5358/1734 4622/5646/1734
f 4518/5542/1735 4519/5543/1735 4134/5049/1735
f 3925/4736/1736 3923/4733/1736 4414/5438/1736
f 4344/5364/1737 4342/5361/1737 4623/5647/1737
f 4519/5543/1738 4520/5544/1738 4136/5052/1738
f 3927/4739/1739 3925/4736/1739 4415/5439/1739
f 4345/5366/1740 4344/5364/1740 4624/5648/1740
f 4520/5544/1741 4521/5545/1741 4138/5055/1741
f 3929/4742/1742 3927/4739/1742 4416/5440/1742
f 4347/5369/1743 4345/5366/1743 4625/5649/1743
f 4521/5545/1744 4522/5546/1744 4140/5058/1744
f 3932/4746/1982 3929/4742/1982 4417/5441/1982
f 4350/5373/1746 4347/5369/1746 4626/5650/1746
f 4522/5546/1747 4523/5547/1747 4142/5061/1747
f 3933/4748/1983 3932/4746/1983 4418/5442/1983
f 4352/5376/1749 4350/5373/1749 4627/5651/1749
f 4523/5547/2002 4524/5548/2002 4144/5064/2002
f 3936/4752/1751 3933/4748/1751 4419/5443/1751
f 3841/4610/1752 4352/5376/1752 4628/5652/1752
f 4524/5548/1753 4525/5549/1753 4146/5067/1753
f 3938/4755/1754 3936/4752/1754 4420/5444/1754
f 4525/5549/1755 4526/5550/1755 4147/5069/1755
f 3939/4757/1756 3938/4755/1756 4421/5445/1756
f 4526/5550/1757 4527/5551/1757 4150/5073/1757
f 3941/4760/1758 3939/4757/1758 4422/5446/1758
f 4527/5551/2980 4528/5552/2980 4151/5075/2980
f 3944/4764/1760 3941/4760/1760 4423/5447/1760
f 4528/5552/1761 4529/5553/1761 4153/5078/1761
f 3946/4767/1762 3944/4764/1762 4424/5448/1762
f 4529/5553/1763 4530/5554/1763 4155/5081/1763
f 3947/4769/1764 3946/4767/1764 4425/5449/1764
f 4530/5554/1765 4531/5555/1765 4157/5084/1765
f 3950/4773/1984 3947/4769/1984 4426/5450/1984
f 4531/5555/1767 4532/5556/1767 4160/5088/1767
f 3952/4776/1768 3950/4773/1768 4427/5451/1768
f 4532/5556/1769 4533/5557/1769 4161/5090/1769
f 3954/4779/1770 3952/4776/1770 4428/5452/1770
f 4533/5557/1771 4534/5558/1771 4163/5093/1771
f 3955/4781/2003 3954/4779/2003 4429/5453/2003
f 4534/5558/1773 4535/5559/1773 4165/5096/1773
f 3958/4785/1774 3955/4781/1774 4430/5454/1774
f 4535/5559/1775 4536/5560/1775 4167/5099/1775
f 3960/4788/2981 3958/4785/2981 4431/5455/2981
f 4536/5560/1777 4537/5561/1777 4169/5102/1777
f 3962/4791/1778 3960/4788/1778 4432/5456/1778
f 4537/5561/1779 4538/5562/1779 4171/5105/1779
f 3963/4793/1780 3962/4791/1780 4433/5457/1780
f 4538/5562/1781 4539/5563/1781 4173/5108/1781
f 3965/4796/1782 3963/4793/1782 4434/5458/1782
f 4539/5563/1783 4540/5564/1783 4176/5112/1783
f 3968/4800/1784 3965/4796/1784 4435/5459/1784
f 4540/5564/1785 4541/5565/1785 4178/5115/1785
f 3969/4802/1786 3968/4800/1786 4436/5460/1786
f 4541/5565/2982 4542/5566/2982 4180/5118/2982
f 3971/4805/1788 3969/4802/1788 4437/5461/1788
f 4542/5566/1789 4543/5567/1789 4182/5121/1789
f 3973/4808/1790 3971/4805/1790 4438/5462/1790
f 4543/5567/1791 4544/5568/1791 4184/5124/1791
f 3975/4811/1792 3973/4808/1792 4439/5463/1792
f 4544/5568/1793 4545/5569/1793 4185/5126/1793
f 3977/4814/1794 3975/4811/1794 4440/5464/1794
f 4545/5569/1795 4546/5570/1795 4188/5130/1795
f 3980/4818/1796 3977/4814/1796 4441/5465/1796
f 4546/5570/1797 4547/5571/1797 4190/5133/1797
f 3981/4820/1798 3980/4818/1798 4442/5466/1798
f 4547/5571/1799 4548/5572/1799 4192/5136/1799
f 3983/4823/1800 3981/4820/1800 4443/5467/1800
f 4548/5572/1801 4549/5573/1801 4194/5139/1801
f 3985/4826/1988 3983/4823/1988 4444/5468/1988
f 4549/5573/1803 4550/5574/1803 4196/5142/1803
f 3988/4830/1804 3985/4826/1804 4445/5469/1804
f 4550/5574/1805 4551/5575/1805 4197/5144/1805
f 3990/4833/1806 3988/4830/1806 4446/5470/1806
f 4551/5575/1807 4552/5576/1807 4199/5147/1807
f 3992/4836/2964 3990/4833/2964 4447/5471/2964
f 4552/5576/1809 4553/5577/1809 4201/5150/1809
f 3994/4839/1810 3992/4836/1810 4448/5472/1810
f 4553/5577/1811 4554/5578/1811 4204/5154/1811
f 3996/4842/1812 3994/4839/1812 4449/5473/1812
f 4554/5578/1813 4555/5579/1813 4205/5156/1813
f 3998/4845/1814 3996/4842/1814 4450/5474/1814
f 4555/5579/1815 4556/5580/1815 4207/5159/1815
f 4000/4848/1816 3998/4845/1816 4451/5475/1816
f 4556/5580/1817 4557/5581/1817 4209/5162/1817
f 4002/4851/1818 4000/4848/1818 4452/5476/1818
f 4557/5581/1989 4558/5582/1989 4211/5165/1989
f 4004/4854/1820 4002/4851/1820 4453/5477/1820
f 4558/5582/1990 4559/5583/1990 4213/5168/1990
f 4006/4857/1822 4004/4854/1822 4454/5478/1822
f 4559/5583/1823 4560/5584/1823 4215/5171/1823
f 4008/4860/1824 4006/4857/1824 4455/5479/1824
f 4560/5584/1825 4561/5585/1825 4217/5174/1825
f 4010/4863/2967 4008/4860/2967 4456/5480/2967
f 4561/5585/1827 4562/5586/1827 4219/5177/1827
f 4012/4866/1828 4010/4863/1828 4457/5481/1828
f 4562/5586/1829 4563/5587/1829 4221/5180/1829
f 4014/4869/1830 4012/4866/1830 4458/5482/1830
f 4563/5587/1831 4564/5588/1831 4224/5184/1831
f 4016/4872/1992 4014/4869/1992 4459/5483/1992
f 4564/5588/1833 4565/5589/1833 4226/5187/1833
f 4018/4875/1834 4016/4872/1834 4460/5484/1834
f 4565/5589/1835 4566/5590/1835 4227/5189/1835
f 4020/4878/1836 4018/4875/1836 4461/5485/1836
f 4566/5590/1837 4567/5591/1837 4230/5193/1837
f 4022/4881/1838 4020/4878/1838 4462/5486/1838
f 4567/5591/1839 4568/5592/1839 4232/5196/1839
f 4024/4884/1840 4022/4881/1840 4463/5487/1840
f 4568/5592/1841 4569/5593/1841 4233/5198/1841
f 4026/4887/1842 4024/4884/1842 4464/5488/1842
f 4569/5593/1843 4570/5594/1843 4235/5201/1843
f 4028/4890/1844 4026/4887/1844 4465/5489/1844
f 4570/5594/1845 4571/5595/1845 4237/5204/1845
f 4030/4893/1846 4028/4890/1846 4466/5490/1846
f 4571/5595/2970 4572/5596/2970 4239/5207/2970
f 4032/4896/2983 4030/4893/2983 4467/5491/2983
f 4572/5596/1849 4573/5597/1849 4241/5210/1849
f 4034/4899/1850 4032/4896/1850 4468/5492/1850
f 4573/5597/1851 4574/5598/1851 4243/5213/1851
f 4469/5493/1852 4470/5494/1852 4035/4901/1852
f 4574/5598/1853 4575/5599/1853 4245/5216/1853
f 4470/5494/1854 4471/5495/1854 4037/4904/1854
f 4575/5599/2010 4576/5600/2010 4247/5219/2010
f 4471/5495/1856 4472/5496/1856 4039/4907/1856
f 4576/5600/1857 4577/5601/1857 4249/5222/1857
f 4472/5496/1858 4473/5497/1858 4041/4910/1858
f 4577/5601/1859 4578/5602/1859 4251/5225/1859
f 4473/5497/1860 4474/5498/1860 4043/4913/1860
f 4578/5602/1861 4579/5603/1861 4253/5228/1861
f 4474/5498/1862 4475/5499/1862 4045/4916/1862
f 4579/5603/1863 4580/5604/1863 4255/5231/1863
f 4475/5499/1864 4476/5500/1864 4047/4919/1864
f 4580/5604/1865 4581/5605/1865 4257/5234/1865
f 4476/5500/1866 4477/5501/1866 4049/4922/1866
f 4581/5605/1867 4582/5606/1867 4259/5237/1867
f 4477/5501/1868 4478/5502/1868 4051/4925/1868
f 3843/4613/1869 3841/4610/1869 4354/5378/1869
f 4582/5606/1870 4583/5607/1870 4261/5240/1870
f 4478/5502/2006 4479/5503/2006 4053/4928/2006
f 3845/4616/1872 3843/4613/1872 4356/5380/1872
f 4583/5607/1873 4584/5608/1873 4263/5243/1873
f 4479/5503/1874 4480/5504/1874 4055/4931/1874
f 3847/4619/1875 3845/4616/1875 4358/5382/1875
f 4584/5608/1876 4585/5609/1876 4265/5246/1876
f 4480/5504/1877 4481/5505/1877 4057/4934/1877
f 3849/4622/1878 3847/4619/1878 4360/5384/1878
f 4585/5609/1879 4586/5610/1879 4267/5249/1879
f 4481/5505/1880 4482/5506/1880 4059/4937/1880
f 3851/4625/1881 3849/4622/1881 4362/5386/1881
f 4586/5610/1882 4587/5611/1882 4270/5253/1882
f 4482/5506/1883 4483/5507/1883 4061/4940/1883
f 3853/4628/1884 3851/4625/1884 4364/5388/1884
f 4587/5611/1885 4588/5612/1885 4272/5256/1885
f 4483/5507/1886 4484/5508/1886 4063/4943/1886
f 3855/4631/1887 3853/4628/1887 4366/5390/1887
f 4588/5612/1888 4589/5613/1888 4274/5259/1888
f 4484/5508/1889 4485/5509/1889 4065/4946/1889
f 3857/4634/2984 3855/4631/2984 4368/5392/2984
f 4589/5613/1891 4590/5614/1891 4276/5262/1891
f 4485/5509/1892 4486/5510/1892 4067/4949/1892
f 3859/4637/1893 3857/4634/1893 4370/5394/1893
f 4590/5614/1894 4591/5615/1894 4278/5265/1894
f 4486/5510/1895 4487/5511/1895 4069/4952/1895
f 3861/4640/1896 3859/4637/1896 4372/5396/1896
f 4591/5615/1897 4592/5616/1897 4279/5267/1897
f 4487/5511/1898 4488/5512/1898 4071/4955/1898
f 3863/4643/1899 3861/4640/1899 4373/5397/1899
f 4592/5616/1900 4593/5617/1900 4281/5270/1900
f 4488/5512/1901 4489/5513/1901 4073/4958/1901
f 3865/4646/1902 3863/4643/1902 4375/5399/1902
f 4593/5617/1903 4594/5618/1903 4283/5273/1903
f 4489/5513/1904 4490/5514/1904 4075/4961/1904
f 3868/4650/1905 3865/4646/1905 4377/5401/1905
f 4594/5618/1906 4595/5619/1906 4285/5276/1906
f 4490/5514/1907 4491/5515/1907 4077/4964/1907
f 3869/4652/1908 3868/4650/1908 4380/5404/1908
f 4595/5619/1909 4596/5620/1909 4288/5280/1909
f 4491/5515/1910 4492/5516/1910 4079/4967/1910
f 3872/4656/1911 3869/4652/1911 4381/5405/1911
f 4596/5620/1912 4597/5621/1912 4289/5282/1912
f 4492/5516/1913 4493/5517/1913 4081/4970/1913
f 3874/4659/1914 3872/4656/1914 4384/5408/1914
f 4292/5286/1915 4289/5282/1915 4597/5621/1915
f 4493/5517/2985 4494/5518/2985 4083/4973/2985
f 3876/4662/1917 3874/4659/1917 4386/5410/1917
f 4294/5289/1918 4292/5286/1918 4598/5622/1918
f 4494/5518/1919 4495/5519/1919 4085/4976/1919
f 3878/4665/1920 3876/4662/1920 4388/5412/1920
f 4295/5291/1921 4294/5289/1921 4599/5623/1921
f 4495/5519/1922 4496/5520/1922 4087/4979/1922
f 3880/4668/1923 3878/4665/1923 4390/5414/1923
f 4297/5294/1924 4295/5291/1924 4600/5624/1924
f 4496/5520/1925 4497/5521/1925 4089/4982/1925
f 3882/4671/1926 3880/4668/1926 4392/5416/1926
f 4299/5297/1927 4297/5294/1927 4601/5625/1927
f 4497/5521/1928 4498/5522/1928 4091/4985/1928
f 3884/4674/1929 3882/4671/1929 4393/5417/1929
f 4301/5300/2986 4299/5297/2986 4602/5626/2986
f 4498/5522/1931 4499/5523/1931 4093/4988/1931
f 3885/4676/1932 3884/4674/1932 4394/5418/1932
f 4304/5304/1933 4301/5300/1933 4603/5627/1933
f 4499/5523/1934 4500/5524/1934 4096/4992/1934
f 3888/4680/1935 3885/4676/1935 4395/5419/1935
f 4306/5307/1936 4304/5304/1936 4604/5628/1936
f 4500/5524/1937 4501/5525/1937 4097/4994/1937
f 3889/4682/1938 3888/4680/1938 4396/5420/1938
f 4308/5310/1939 4306/5307/1939 4605/5629/1939
f 4501/5525/1940 4502/5526/1940 4100/4998/1940
f 3892/4686/1941 3889/4682/1941 4397/5421/1941
f 4309/5312/1942 4308/5310/1942 4606/5630/1942
f 4502/5526/1943 4503/5527/1943 4101/5000/1943
f 4398/5422/1944 4399/5423/1944 3894/4689/1944
f 4311/5315/1945 4309/5312/1945 4607/5631/1945
f 4503/5527/1946 4504/5528/1946 4103/5003/1946
f 3896/4692/1947 3894/4689/1947 4399/5423/1947
f 4313/5318/1948 4311/5315/1948 4608/5632/1948
f 4504/5528/1949 4505/5529/1949 4105/5006/1949
f 3898/4695/1950 3896/4692/1950 4400/5424/1950
f 4315/5321/1951 4313/5318/1951 4609/5633/1951
f 4505/5529/1952 4506/5530/1952 4107/5009/1952
f 3900/4698/1953 3898/4695/1953 4401/5425/1953
f 4317/5324/1954 4315/5321/1954 4610/5634/1954
f 4506/5530/1955 4507/5531/1955 4109/5012/1955
f 3902/4701/1956 3900/4698/1956 4402/5426/1956
f 4319/5327/1957 4317/5324/1957 4611/5635/1957
f 4507/5531/1958 4508/5532/1958 4111/5015/1958
f 3904/4704/1959 3902/4701/1959 4403/5427/1959
f 4321/5330/1960 4319/5327/1960 4612/5636/1960
f 4508/5532/1961 4509/5533/1961 4113/5018/1961
f 3906/4707/1962 3904/4704/1962 4404/5428/1962
f 4323/5333/1963 4321/5330/1963 4613/5637/1963
f 4509/5533/1964 4510/5534/1964 4115/5021/1964
f 3908/4710/1965 3906/4707/1965 4405/5429/1965
f 4326/5337/1966 4323/5333/1966 4614/5638/1966
f 4510/5534/1967 4511/5535/1967 4117/5024/1967
f 3910/4713/1968 3908/4710/1968 4406/5430/1968
f 4327/5339/1969 4326/5337/1969 4615/5639/1969
f 4511/5535/1970 4512/5536/1970 4119/5027/1970
f 3912/4716/1971 3910/4713/1971 4407/5431/1971
f 4330/5343/1972 4327/5339/1972 4616/5640/1972
f 4512/5536/1973 4513/5537/1973 4121/5030/1973
f 3914/4719/1974 3912/4716/1974 4408/5432/1974
f 4331/5345/1975 4330/5343/1975 4617/5641/1975
f 4513/5537/1976 4514/5538/1976 4123/5033/1976
f 3916/4722/1977 3914/4719/1977 4409/5433/1977
f 3584/4352/2013 3585/4353/2013 3586/4354/2013
f 3586/4354/2013 3587/4355/2013 3588/4356/2013
f 3588/4356/2013 3589/4357/2013 3590/4358/2013
f 3590/4358/2013 3591/4359/2013 3592/4360/2013
f 3592/4360/2013 3593/4361/2013 3594/4362/2013
f 3594/4362/2013 3595/4363/2013 3596/4364/2013
f 3596/4364/2013 3597/4365/2013 3598/4366/2013
f 3598/4366/2013 3599/4367/2013 3600/4368/2013
f 3600/4368/2987 3101/3869/2987 3103/3871/2987
f 3103/3871/2013 3105/3873/2013 3107/3875/2013
f 3107/3875/2013 3110/3878/2013 3112/3880/2013
f 3112/3880/2013 3114/3882/2013 3115/3883/2013
f 3115/3883/2013 3118/3886/2013 3119/3887/2013
f 3119/3887/2013 3122/3890/2013 3124/3892/2013
f 3124/3892/2013 3126/3894/2013 3128/3896/2013
f 3128/3896/2013 3130/3898/2013 3132/3900/2013
f 3132/3900/2013 3134/3902/2013 3136/3904/2013
f 3136/3904/2013 3138/3906/2013 3140/3908/2013
f 3140/3908/2013 3142/3910/2013 3144/3912/2013
f 3144/3912/2013 3145/3913/2013 3148/3916/2013
f 3148/3916/2013 3149/3917/2013 3151/3919/2013
f 3151/3919/2013 3153/3921/2013 3156/3924/2013
f 3156/3924/2013 3157/3925/2013 3159/3927/2013
f 3159/3927/2013 3161/3929/2013 3163/3931/2013
f 3163/3931/2013 3165/3933/2013 3167/3935/2013
f 3167/3935/2013 3169/3937/2013 3171/3939/2013
f 3171/3939/2013 3173/3941/2013 3175/3943/2013
f 3175/3943/2013 3178/3946/2013 3180/3948/2013
f 3180/3948/2013 3182/3950/2013 3184/3952/2013
f 3184/3952/2013 3186/3954/2013 3187/3955/2013
f 3187/3955/2013 3190/3958/2013 3192/3960/2013
f 3192/3960/2013 3193/3961/2013 3195/3963/2013
f 3195/3963/2013 3197/3965/2013 3199/3967/2013
f 3199/3967/2013 3201/3969/2013 3203/3971/2013
f 3203/3971/2013 3205/3973/2013 3207/3975/2013
f 3207/3975/2013 3209/3977/2013 3211/3979/2013
f 3211/3979/2013 3214/3982/2013 3215/3983/2013
f 3215/3983/2013 3217/3985/2013 3219/3987/2013
f 3219/3987/2013 3221/3989/2013 3224/3992/2013
f 3224/3992/2013 3226/3994/2013 3228/3996/2013
f 3228/3996/2013 3230/3998/2013 3232/4000/2013
f 3232/4000/2013 3234/4002/2013 3236/4004/2013
f 3236/4004/2013 3238/4006/2013 3239/4007/2013
f 3239/4007/2013 3241/4009/2013 3243/4011/2013
f 3243/4011/2013 3245/4013/2013 3247/4015/2013
f 3247/4015/2013 3249/4017/2013 3251/4019/2013
f 3251/4019/2013 3253/4021/2013 3255/4023/2013
f 3255/4023/2013 3257/4025/2013 3260/4028/2013
f 3260/4028/2013 3262/4030/2013 3264/4032/2013
f 3264/4032/2013 3266/4034/2013 3268/4036/2013
f 3268/4036/2013 3270/4038/2013 3271/4039/2013
f 3271/4039/2013 3273/4041/2013 3276/4044/2013
f 3276/4044/2013 3278/4046/2013 3280/4048/2013
f 3280/4048/2013 3282/4050/2013 3284/4052/2013
f 3284/4052/2013 3286/4054/2013 3287/4055/2013
f 3287/4055/2013 3290/4058/2013 3292/4060/2013
f 3292/4060/2013 3293/4061/2013 3295/4063/2013
f 3295/4063/2013 3297/4065/2013 3299/4067/2013
f 3299/4067/2013 3301/4069/2013 3303/4071/2013
f 3303/4071/2013 3305/4073/2013 3308/4076/2013
f 3308/4076/2013 3309/4077/2013 3311/4079/2013
f 3311/4079/2013 3314/4082/2013 3316/4084/2013
f 3316/4084/2013 3318/4086/2013 3320/4088/2013
f 3320/4088/2013 3321/4089/2013 3324/4092/2013
f 3324/4092/2013 3326/4094/2013 3328/4096/2013
f 3328/4096/2013 3329/4097/2013 3331/4099/2013
f 3331/4099/2013 3333/4101/2013 3335/4103/2013
f 3335/4103/2013 3337/4105/2013 3339/4107/2013
f 3339/4107/2013 3341/4109/2013 3343/4111/2013
f 3343/4111/2013 3346/4114/2013 3348/4116/2013
f 3348/4116/2013 3350/4118/2013 3352/4120/2013
f 3352/4120/2013 3354/4122/2013 3356/4124/2013
f 3356/4124/2013 3357/4125/2013 2843/3496/2013
f 2843/3496/2013 2846/3501/2013 2848/3504/2013
f 2848/3504/2013 2850/3507/2013 2851/3508/2013
f 2851/3508/2013 2853/3511/2013 2855/3514/2013
f 2855/3514/2013 2857/3517/2013 2859/3520/2013
f 2859/3520/2013 2861/3523/2013 2863/3526/2013
f 2863/3526/2013 2865/3529/2013 2867/3532/2013
f 2867/3532/2013 2869/3535/2013 2871/3538/2013
f 2871/3538/2013 2873/3541/2013 2875/3544/2013
f 2875/3544/2013 2878/3549/2013 2880/3552/2013
f 2880/3552/2013 2882/3555/2013 2884/3558/2013
f 2884/3558/2013 2886/3561/2013 2888/3564/2013
f 2888/3564/2013 2889/3565/2013 2892/3570/2013
f 2892/3570/2013 2894/3573/2013 2896/3576/2013
f 2896/3576/2013 2898/3579/2013 2900/3582/2013
f 2900/3582/2013 2902/3585/2013 2904/3588/2013
f 2904/3588/2013 2906/3591/2013 2908/3594/2013
f 2908/3594/2013 2909/3595/2013 2911/3598/2013
f 2911/3598/2013 2913/3601/2013 2916/3606/2013
f 2916/3606/2013 2917/3607/2013 2919/3610/2013
f 2919/3610/2013 2921/3613/2013 2923/3616/2013
f 2923/3616/2013 2926/3621/2013 2928/3624/2013
f 2928/3624/2013 2930/3627/2013 2932/3630/2013
f 2932/3630/2013 2934/3633/2013 2936/3636/2013
f 2936/3636/2013 2938/3639/2013 2940/3642/2013
f 2940/3642/2013 2942/3645/2013 2944/3648/2013
f 2944/3648/2013 2945/3649/2013 2948/3654/2013
f 2948/3654/2013 2950/3657/2013 2952/3660/2013
f 2952/3660/2013 2954/3663/2013 2956/3666/2013
f 2956/3666/2013 2958/3669/2013 2960/3672/2013
f 2960/3672/2013 2961/3673/2013 2963/3676/2013
f 2963/3676/2013 2965/3679/2013 2967/3682/2013
f 2967/3682/2013 2970/3687/2013 2971/3688/2013
f 2971/3688/2013 2974/3693/2013 2975/3694/2013
f 2975/3694/2013 2978/3699/2013 2980/3702/2013
f 2980/3702/2013 2981/3703/2013 2984/3708/2013
f 2984/3708/2013 2985/3709/2013 2987/3712/2013
f 2987/3712/2013 2989/3715/2013 2992/3720/2013
f 2992/3720/2013 2993/3721/2013 2995/3724/2013
f 2995/3724/2013 2997/3727/2013 2999/3730/2013
f 2999/3730/2013 3002/3735/2013 3004/3738/2013
f 3004/3738/2013 3006/3741/2013 3008/3744/2013
f 3008/3744/2013 3010/3747/2013 3012/3750/2013
f 3012/3750/2013 3014/3753/2013 3016/3756/2013
f 3016/3756/2013 3018/3759/2013 3019/3760/2013
f 3019/3760/2013 3022/3765/2013 3024/3768/2013
f 3024/3768/2013 3026/3771/2013 3028/3774/2013
f 3028/3774/2013 3030/3777/2013 3032/3780/2013
f 3032/3780/2013 3034/3783/2013 3036/3786/2013
f 3036/3786/2013 3038/3789/2013 3040/3792/2013
f 3040/3792/2013 3042/3795/2013 3044/3798/2013
f 3044/3798/2013 3046/3801/2013 3048/3804/2013
f 3048/3804/2013 3050/3807/2013 3052/3810/2013
f 3052/3810/2013 3054/3813/2013 3056/3816/2013
f 3056/3816/2013 3058/3819/2013 3060/3822/2013
f 3060/3822/2013 3062/3825/2013 3064/3828/2013
f 3064/3828/2013 3065/3829/2013 3068/3834/2013
f 3068/3834/2013 3070/3837/2013 3071/3838/2013
f 3071/3838/2013 3074/3842/2013 3076/3844/2013
f 3076/3844/2013 3078/3846/2013 3080/3848/2013
f 3080/3848/2013 3082/3850/2013 3083/3851/2013
f 3083/3851/2013 3085/3853/2013 3087/3855/2013
f 3087/3855/2013 3090/3858/2013 3092/3860/2013
f 3092/3860/2013 3094/3862/2013 3096/3864/2013
f 3096/3864/2013 3098/3866/2013 3100/3868/2013
f 3100/3868/2988 2842/3495/2988 2840/3492/2988
f 2840/3492/2013 2838/3489/2013 2836/3486/2013
f 2836/3486/2013 2834/3483/2013 2832/3480/2013
f 2832/3480/2013 2830/3477/2013 2828/3474/2013
f 2828/3474/2013 2826/3471/2013 2824/3468/2013
f 2824/3468/2013 2822/3465/2013 2820/3462/2013
f 2820/3462/2013 2818/3459/2013 2816/3456/2013
f 2816/3456/2013 2814/3453/2013 2812/3450/2013
f 2812/3450/2013 2809/3445/2013 2808/3444/2013
f 2808/3444/2013 2806/3441/2013 2804/3438/2013
f 2804/3438/2013 2802/3435/2013 2800/3432/2013
f 2800/3432/2013 2798/3429/2013 2796/3426/2013
f 2796/3426/2013 2794/3423/2013 2791/3418/2013
f 2791/3418/2013 2790/3417/2013 2788/3414/2013
f 2788/3414/2013 2785/3409/2013 2783/3406/2013
f 2783/3406/2013 2781/3403/2013 2780/3402/2013
f 2780/3402/2013 2778/3399/2013 2776/3396/2013
f 2776/3396/2013 2774/3393/2013 2772/3390/2013
f 2772/3390/2013 2770/3387/2013 2767/3382/2013
f 2767/3382/2013 2765/3379/2013 2764/3378/2013
f 2764/3378/2013 2762/3375/2013 2759/3370/2013
f 2759/3370/2013 2758/3369/2013 2756/3366/2013
f 2756/3366/2013 2754/3363/2013 2752/3360/2013
f 2752/3360/2013 2750/3357/2013 2748/3354/2013
f 2748/3354/2013 2745/3349/2013 2744/3348/2013
f 2744/3348/2013 2741/3343/2013 2739/3340/2013
f 2739/3340/2013 2738/3339/2013 2735/3334/2013
f 2735/3334/2013 2733/3331/2013 2732/3330/2013
f 2732/3330/2013 2730/3327/2013 2728/3324/2013
f 2728/3324/2013 2726/3321/2013 2724/3318/2013
f 2724/3318/2013 2721/3313/2013 2720/3312/2013
f 2720/3312/2013 2717/3307/2013 2715/3304/2013
f 2715/3304/2013 2714/3303/2013 2712/3300/2013
f 2712/3300/2013 2710/3297/2013 2708/3294/2013
f 2708/3294/2013 2706/3291/2013 2704/3288/2013
f 2704/3288/2013 2702/3285/2013 2700/3282/2013
f 2700/3282/2013 2698/3279/2013 2695/3274/2013
f 2695/3274/2013 2693/3271/2013 2692/3270/2013
f 2692/3270/2013 2690/3267/2013 2687/3262/2013
f 2687/3262/2013 2685/3259/2013 2683/3256/2013
f 2683/3256/2013 2681/3253/2013 2679/3250/2013
f 2679/3250/2013 2677/3247/2013 2676/3246/2013
f 2676/3246/2013 2673/3241/2013 2671/3238/2013
f 2671/3238/2013 2669/3235/2013 2667/3232/2013
f 2667/3232/2013 2665/3229/2013 2663/3226/2013
f 2663/3226/2013 2662/3225/2013 2659/3220/2013
f 2659/3220/2013 2658/3219/2013 2655/3214/2013
f 2655/3214/2013 2653/3211/2013 2652/3210/2013
f 2652/3210/2013 2649/3205/2013 2647/3202/2013
f 2647/3202/2013 2646/3201/2013 2644/3198/2013
f 2644/3198/2013 2642/3195/2013 2640/3192/2013
f 2640/3192/2013 2638/3189/2013 2635/3184/2013
f 2635/3184/2013 2633/3181/2013 2631/3178/2013
f 2631/3178/2013 2629/3175/2013 2627/3172/2013
f 2627/3172/2013 2626/3171/2013 2624/3168/2013
f 2624/3168/2013 2622/3165/2013 2620/3162/2013
f 2620/3162/2013 2618/3159/2013 2616/3156/2013
f 2616/3156/2013 2613/3151/2013 2612/3150/2013
f 2612/3150/2013 2610/3147/2013 2608/3144/2013
f 2608/3144/2013 2605/3139/2013 2603/3136/2013
f 2603/3136/2013 2601/3133/2013 2599/3130/2013
f 2599/3130/2013 2597/3127/2013 2596/3126/2013
f 2596/3126/2013 2593/3121/2013 2591/3118/2013
f 2591/3118/2013 2589/3115/2013 2585/3109/2013
f 2585/3109/2013 2588/3114/2013 3359/4127/2013
f 3359/4127/2013 3361/4129/2013 3363/4131/2013
f 3363/4131/2013 3365/4133/2013 3367/4135/2013
f 3367/4135/2013 3370/4138/2013 3372/4140/2013
f 3372/4140/2013 3374/4142/2013 3376/4144/2013
f 3376/4144/2013 3377/4145/2013 3379/4147/2013
f 3379/4147/2013 3381/4149/2013 3383/4151/2013
f 3383/4151/2013 3386/4154/2013 3388/4156/2013
f 3388/4156/2013 3389/4157/2013 3392/4160/2013
f 3392/4160/2013 3394/4162/2013 3396/4164/2013
f 3396/4164/2013 3398/4166/2013 3400/4168/2013
f 3400/4168/2013 3402/4170/2013 3404/4172/2013
f 3404/4172/2013 3405/4173/2013 3408/4176/2013
f 3408/4176/2013 3410/4178/2013 3412/4180/2013
f 3412/4180/2013 3414/4182/2013 3416/4184/2013
f 3416/4184/2013 3418/4186/2013 3419/4187/2013
f 3419/4187/2013 3422/4190/2013 3424/4192/2013
f 3424/4192/2013 3425/4193/2013 3428/4196/2013
f 3428/4196/2013 3430/4198/2013 3432/4200/2013
f 3432/4200/2013 3434/4202/2013 3436/4204/2013
f 3436/4204/2013 3438/4206/2013 3440/4208/2013
f 3440/4208/2013 3442/4210/2013 3443/4211/2013
f 3443/4211/2013 3445/4213/2013 3447/4215/2013
f 3447/4215/2013 3450/4218/2013 3451/4219/2013
f 3451/4219/2013 3453/4221/2013 3455/4223/2013
f 3455/4223/2013 3457/4225/2013 3459/4227/2013
f 3459/4227/2013 3461/4229/2013 3463/4231/2013
f 3463/4231/2013 3465/4233/2013 3467/4235/2013
f 3467/4235/2013 3469/4237/2013 3471/4239/2013
f 3471/4239/2013 3473/4241/2013 3476/4244/2013
f 3476/4244/2013 3478/4246/2013 3480/4248/2013
f 3480/4248/2013 3482/4250/2013 3484/4252/2013
f 3484/4252/2013 3486/4254/2013 3488/4256/2013
f 3488/4256/2013 3490/4258/2013 3492/4260/2013
f 3492/4260/2013 3493/4261/2013 3495/4263/2013
f 3495/4263/2013 3497/4265/2013 3499/4267/2013
f 3499/4267/2013 3501/4269/2013 3503/4271/2013
f 3503/4271/2013 3505/4273/2013 3507/4275/2013
f 3507/4275/2013 3509/4277/2013 3511/4279/2013
f 3511/4279/2013 3513/4281/2013 3515/4283/2013
f 3515/4283/2013 3517/4285/2013 3519/4287/2013
f 3519/4287/2013 3522/4290/2013 3524/4292/2013
f 3524/4292/2013 3526/4294/2013 3527/4295/2013
f 3527/4295/2013 3530/4298/2013 3531/4299/2013
f 3531/4299/2013 3534/4302/2013 3536/4304/2013
f 3536/4304/2013 3537/4305/2013 3539/4307/2013
f 3539/4307/2013 3541/4309/2013 3543/4311/2013
f 3543/4311/2013 3545/4313/2013 3547/4315/2013
f 3547/4315/2013 3549/4317/2013 3551/4319/2013
f 3551/4319/2013 3554/4322/2013 3556/4324/2013
f 3556/4324/2013 3557/4325/2013 3560/4328/2013
f 3560/4328/2013 3562/4330/2013 3564/4332/2013
f 3564/4332/2013 3565/4333/2013 3568/4336/2013
f 3568/4336/2013 3569/4337/2013 3572/4340/2013
f 3572/4340/2013 3574/4342/2013 3576/4344/2013
f 3576/4344/2013 3578/4346/2013 3580/4348/2013
f 3580/4348/2013 3581/4349/2013 3584/4352/2013
f 3584/4352/2013 3586/4354/2013 3588/4356/2013
f 3588/4356/2013 3590/4358/2013 3592/4360/2013
f 3592/4360/2013 3594/4362/2013 3596/4364/2013
f 3596/4364/2013 3598/4366/2013 3600/4368/2013
f 3600/4368/2989 3103/3871/2989 3107/3875/2989
f 3107/3875/2013 3112/3880/2013 3115/3883/2013
f 3115/3883/2013 3119/3887/2013 3124/3892/2013
f 3124/3892/2013 3128/3896/2013 3132/3900/2013
f 3132/3900/2013 3136/3904/2013 3140/3908/2013
f 3140/3908/2013 3144/3912/2013 3148/3916/2013
f 3148/3916/2013 3151/3919/2013 3156/3924/2013
f 3156/3924/2013 3159/3927/2013 3163/3931/2013
f 3163/3931/2013 3167/3935/2013 3171/3939/2013
f 3171/3939/2013 3175/3943/2013 3180/3948/2013
f 3180/3948/2013 3184/3952/2013 3187/3955/2013
f 3187/3955/2013 3192/3960/2013 3195/3963/2013
f 3195/3963/2013 3199/3967/2013 3203/3971/2013
f 3203/3971/2013 3207/3975/2013 3211/3979/2013
f 3211/3979/2013 3215/3983/2013 3219/3987/2013
f 3219/3987/2013 3224/3992/2013 3228/3996/2013
f 3228/3996/2013 3232/4000/2013 3236/4004/2013
f 3236/4004/2013 3239/4007/2013 3243/4011/2013
f 3243/4011/2013 3247/4015/2013 3251/4019/2013
f 3251/4019/2013 3255/4023/2013 3260/4028/2013
f 3260/4028/2013 3264/4032/2013 3268/4036/2013
f 3268/4036/2013 3271/4039/2013 3276/4044/2013
f 3276/4044/2013 3280/4048/2013 3284/4052/2013
f 3284/4052/2013 3287/4055/2013 3292/4060/2013
f 3292/4060/2013 3295/4063/2013 3299/4067/2013
f 3299/4067/2013 3303/4071/2013 3308/4076/2013
f 3308/4076/2013 3311/4079/2013 3316/4084/2013
f 3316/4084/2013 3320/4088/2013 3324/4092/2013
f 3324/4092/2013 3328/4096/2013 3331/4099/2013
f 3331/4099/2013 3335/4103/2013 3339/4107/2013
f 3339/4107/2013 3343/4111/2013 3348/4116/2013
f 3348/4116/2013 3352/4120/2013 3356/4124/2013
f 3356/4124/2013 2843/3496/2013 2848/3504/2013
f 2848/3504/2013 2851/3508/2013 2855/3514/2013
f 2855/3514/2013 2859/3520/2013 2863/3526/2013
f 2863/3526/2013 2867/3532/2013 2871/3538/2013
f 2871/3538/2013 2875/3544/2013 2880/3552/2013
f 2880/3552/2013 2884/3558/2013 2888/3564/2013
f 2888/3564/2013 2892/3570/2013 2896/3576/2013
f 2896/3576/2013 2900/3582/2013 2904/3588/2013
f 2904/3588/2013 2908/3594/2013 2911/3598/2013
f 2911/3598/2013 2916/3606/2013 2919/3610/2013
f 2919/3610/2013 2923/3616/2013 2928/3624/2013
f 2928/3624/2013 2932/3630/2013 2936/3636/2013
f 2936/3636/2013 2940/3642/2013 2944/3648/2013
f 2944/3648/2013 2948/3654/2013 2952/3660/2013
f 2952/3660/2013 2956/3666/2013 2960/3672/2013
f 2960/3672/2013 2963/3676/2013 2967/3682/2013
f 2967/3682/2013 2971/3688/2013 2975/3694/2013
f 2975/3694/2013 2980/3702/2013 2984/3708/2013
f 2984/3708/2013 2987/3712/2013 2992/3720/2013
f 2992/3720/2013 2995/3724/2013 2999/3730/2013
f 2999/3730/2013 3004/3738/2013 3008/3744/2013
f 3008/3744/2013 3012/3750/2013 3016/3756/2013
f 3016/3756/2013 3019/3760/2013 3024/3768/2013
f 3024/3768/2013 3028/3774/2013 3032/3780/2013
f 3032/3780/2013 3036/3786/2013 3040/3792/2013
f 3040/3792/2013 3044/3798/2013 3048/3804/2013
f 3048/3804/2013 3052/3810/2013 3056/3816/2013
f 3056/3816/2013 3060/3822/2013 3064/3828/2013
f 3064/3828/2013 3068/3834/2013 3071/3838/2013
f 3071/3838/2013 3076/3844/2013 3080/3848/2013
f 3080/3848/2013 3083/3851/2013 3087/3855/2013
f 3087/3855/2013 3092/3860/2013 3096/3864/2013
f 3096/3864/2990 3100/3868/2990 2840/3492/2990
f 2840/3492/2013 2836/3486/2013 2832/3480/2013
f 2832/3480/2013 2828/3474/2013 2824/3468/2013
f 2824/3468/2013 2820/3462/2013 2816/3456/2013
f 2816/3456/2013 2812/3450/2013 2808/3444/2013
f 2808/3444/2013 2804/3438/2013 2800/3432/2013
f 2800/3432/2013 2796/3426/2013 2791/3418/2013
f 2791/3418/2013 2788/3414/2013 2783/3406/2013
f 2783/3406/2013 2780/3402/2013 2776/3396/2013
f 2776/3396/2013 2772/3390/2013 2767/3382/2013
f 2767/3382/2013 2764/3378/2013 2759/3370/2013
f 2759/3370/2013 2756/3366/2013 2752/3360/2013
f 2752/3360/2013 2748/3354/2013 2744/3348/2013
f 2744/3348/2013 2739/3340/2013 2735/3334/2013
f 2735/3334/2013 2732/3330/2013 2728/3324/2013
f 2728/3324/2013 2724/3318/2013 2720/3312/2013
f 2720/3312/2013 2715/3304/2013 2712/3300/2013
f 2712/3300/2013 2708/3294/2013 2704/3288/2013
f 2704/3288/2013 2700/3282/2013 2695/3274/2013
f 2695/3274/2013 2692/3270/2013 2687/3262/2013
f 2687/3262/2013 2683/3256/2013 2679/3250/2013
f 2679/3250/2013 2676/3246/2013 2671/3238/2013
f 2671/3238/2013 2667/3232/2013 2663/3226/2013
f 2663/3226/2013 2659/3220/2013 2655/3214/2013
f 2655/3214/2013 2652/3210/2013 2647/3202/2013
f 2647/3202/2013 2644/3198/2013 2640/3192/2013
f 2640/3192/2013 2635/3184/2013 2631/3178/2013
f 2631/3178/2013 2627/3172/2013 2624/3168/2013
f 2624/3168/2013 2620/3162/2013 2616/3156/2013
f 2616/3156/2013 2612/3150/2013 2608/3144/2013
f 2608/3144/2013 2603/3136/2013 2599/3130/2013
f 2599/3130/2013 2596/3126/2013 2591/3118/2013
f 2591/3118/2013 2585/3109/2013 3359/4127/2013
f 3359/4127/2013 3363/4131/2013 3367/4135/2013
f 3367/4135/2013 3372/4140/2013 3376/4144/2013
f 3376/4144/2013 3379/4147/2013 3383/4151/2013
f 3383/4151/2013 3388/4156/2013 3392/4160/2013
f 3392/4160/2013 3396/4164/2013 3400/4168/2013
f 3400/4168/2013 3404/4172/2013 3408/4176/2013
f 3408/4176/2013 3412/4180/2013 3416/4184/2013
f 3416/4184/2013 3419/4187/2013 3424/4192/2013
f 3424/4192/2013 3428/4196/2013 3432/4200/2013
f 3432/4200/2013 3436/4204/2013 3440/4208/2013
f 3440/4208/2013 3443/4211/2013 3447/4215/2013
f 3447/4215/2013 3451/4219/2013 3455/4223/2013
f 3455/4223/2013 3459/4227/2013 3463/4231/2013
f 3463/4231/2013 3467/4235/2013 3471/4239/2013
f 3471/4239/2013 3476/4244/2013 3480/4248/2013
f 3480/4248/2013 3484/4252/2013 3488/4256/2013
f 3488/4256/2013 3492/4260/2013 3495/4263/2013
f 3495/4263/2013 3499/4267/2013 3503/4271/2013
f 3503/4271/2013 3507/4275/2013 3511/4279/2013
f 3511/4279/2013 3515/4283/2013 3519/4287/2013
f 3519/4287/2013 3524/4292/2013 3527/4295/2013
f 3527/4295/2013 3531/4299/2013 3536/4304/2013
f 3536/4304/2013 3539/4307/2013 3543/4311/2013
f 3543/4311/2013 3547/4315/2013 3551/4319/2013
f 3551/4319/2013 3556/4324/2013 3560/4328/2013
f 3560/4328/2013 3564/4332/2013 3568/4336/2013
f 3568/4336/2013 3572/4340/2013 3576/4344/2013
f 3576/4344/2013 3580/4348/2013 3584/4352/2013
f 3584/4352/2013 3588/4356/2013 3592/4360/2013
f 3592/4360/2013 3596/4364/2013 3600/4368/2013
f 3600/4368/2013 3107/3875/2013 3115/3883/2013
f 3115/3883/2013 3124/3892/2013 3132/3900/2013
f 3132/3900/2013 3140/3908/2013 3148/3916/2013
f 3148/3916/2013 3156/3924/2013 3163/3931/2013
f 3163/3931/2013 3171/3939/2013 3180/3948/2013
f 3180/3948/2013 3187/3955/2013 3195/3963/2013
f 3195/3963/2013 3203/3971/2013 3211/3979/2013
f 3211/3979/2013 3219/3987/2013 3228/3996/2013
f 3228/3996/2013 3236/4004/2013 3243/4011/2013
f 3243/4011/2013 3251/4019/2013 3260/4028/2013
f 3260/4028/2013 3268/4036/2013 3276/4044/2013
f 3276/4044/2013 3284/4052/2013 3292/4060/2013
f 3292/4060/2013 3299/4067/2013 3308/4076/2013
f 3308/4076/2013 3316/4084/2013 3324/4092/2013
f 3324/4092/2013 3331/4099/2013 3339/4107/2013
f 3339/4107/2013 3348/4116/2013 3356/4124/2013
f 3356/4124/2013 2848/3504/2013 2855/3514/2013
f 2855/3514/2013 2863/3526/2013 2871/3538/2013
f 2871/3538/2013 2880/3552/2013 2888/3564/2013
f 2888/3564/2013 2896/3576/2013 2904/3588/2013
f 2904/3588/2013 2911/3598/2013 2919/3610/2013
f 2919/3610/2013 2928/3624/2013 2936/3636/2013
f 2936/3636/2013 2944/3648/2013 2952/3660/2013
f 2952/3660/2013 2960/3672/2013 2967/3682/2013
f 2967/3682/2013 2975/3694/2013 2984/3708/2013
f 2984/3708/2013 2992/3720/2013 2999/3730/2013
f 2999/3730/2013 3008/3744/2013 3016/3756/2013
f 3016/3756/2013 3024/3768/2013 3032/3780/2013
f 3032/3780/2013 3040/3792/2013 3048/3804/2013
f 3048/3804/2013 3056/3816/2013 3064/3828/2013
f 3064/3828/2013 3071/3838/2013 3080/3848/2013
f 3080/3848/2013 3087/3855/2013 3096/3864/2013
f 3096/3864/2991 2840/3492/2991 2832/3480/2991
f 2832/3480/2013 2824/3468/2013 2816/3456/2013
f 2816/3456/2013 2808/3444/2013 2800/3432/2013
f 2800/3432/2013 2791/3418/2013 2783/3406/2013
f 2783/3406/2013 2776/3396/2013 2767/3382/2013
f 2767/3382/2013 2759/3370/2013 2752/3360/2013
f 2752/3360/2013 2744/3348/2013 2735/3334/2013
f 2735/3334/2013 2728/3324/2013 2720/3312/2013
f 2720/3312/2013 2712/3300/2013 2704/3288/2013
f 2704/3288/2013 2695/3274/2013 2687/3262/2013
f 2687/3262/2013 2679/3250/2013 2671/3238/2013
f 2671/3238/2013 2663/3226/2013 2655/3214/2013
f 2655/3214/2013 2647/3202/2013 2640/3192/2013
f 2640/3192/2013 2631/3178/2013 2624/3168/2013
f 2624/3168/2013 2616/3156/2013 2608/3144/2013
f 2608/3144/2013 2599/3130/2013 2591/3118/2013
f 2591/3118/2013 3359/4127/2013 3367/4135/2013
f 3367/4135/2013 3376/4144/2013 3383/4151/2013
f 3383/4151/2013 3392/4160/2013 3400/4168/2013
f 3400/4168/2013 3408/4176/2013 3416/4184/2013
f 3416/4184/2013 3424/4192/2013 3432/4200/2013
f 3432/4200/2013 3440/4208/2013 3447/4215/2013
f 3447/4215/2013 3455/4223/2013 3463/4231/2013
f 3463/4231/2013 3471/4239/2013 3480/4248/2013
f 3480/4248/2013 3488/4256/2013 3495/4263/2013
f 3495/4263/2013 3503/4271/2013 3511/4279/2013
f 3511/4279/2013 3519/4287/2013 3527/4295/2013
f 3527/4295/2013 3536/4304/2013 3543/4311/2013
f 3543/4311/2013 3551/4319/2013 3560/4328/2013
f 3560/4328/2013 3568/4336/2013 3576/4344/2013
f 3576/4344/2013 3584/4352/2013 3592/4360/2013
f 3592/4360/2013 3600/4368/2013 3115/3883/2013
f 3115/3883/2013 3132/3900/2013 3148/3916/2013
f 3148/3916/2013 3163/3931/2013 3180/3948/2013
f 3180/3948/2013 3195/3963/2013 3211/3979/2013
f 3211/3979/2013 3228/3996/2013 3243/4011/2013
f 3243/4011/2013 3260/4028/2013 3276/4044/2013
f 3276/4044/2013 3292/4060/2013 3308/4076/2013
f 3308/4076/2013 3324/4092/2013 3339/4107/2013
f 3339/4107/2013 3356/4124/2013 2855/3514/2013
f 2855/3514/2013 2871/3538/2013 2888/3564/2013
f 2888/3564/2013 2904/3588/2013 2919/3610/2013
f 2919/3610/2013 2936/3636/2013 2952/3660/2013
f 2952/3660/2013 2967/3682/2013 2984/3708/2013
f 2984/3708/2013 2999/3730/2013 3016/3756/2013
f 3016/3756/2013 3032/3780/2013 3048/3804/2013
f 3048/3804/2013 3064/3828/2013 3080/3848/2013
f 3080/3848/2013 3096/3864/2013 2832/3480/2013
f 2832/3480/2013 2816/3456/2013 2800/3432/2013
f 2800/3432/2013 2783/3406/2013 2767/3382/2013
f 2767/3382/2013 2752/3360/2013 2735/3334/2013
f 2735/3334/2013 2720/3312/2013 2704/3288/2013
f 2704/3288/2013 2687/3262/2013 2671/3238/2013
f 2671/3238/2013 2655/3214/2013 2640/3192/2013
f 2640/3192/2013 2624/3168/2013 2608/3144/2013
f 2608/3144/2013 2591/3118/2013 3367/4135/2013
f 3367/4135/2013 3383/4151/2013 3400/4168/2013
f 3400/4168/2013 3416/4184/2013 3432/4200/2013
f 3432/4200/2013 3447/4215/2013 3463/4231/2013
f 3463/4231/2013 3480/4248/2013 3495/4263/2013
f 3495/4263/2013 3511/4279/2013 3527/4295/2013
f 3527/4295/2013 3543/4311/2013 3560/4328/2013
f 3560/4328/2013 3576/4344/2013 3592/4360/2013
f 3592/4360/2013 3115/3883/2013 3148/3916/2013
f 3148/3916/2013 3180/3948/2013 3211/3979/2013
f 3211/3979/2013 3243/4011/2013 3276/4044/2013
f 3276/4044/2013 3308/4076/2013 3339/4107/2013
f 3339/4107/2013 2855/3514/2013 2888/3564/2013
f 2888/3564/2013 2919/3610/2013 2952/3660/2013
f 2952/3660/2013 2984/3708/2013 3016/3756/2013
f 3016/3756/2013 3048/3804/2013 3080/3848/2013
f 3080/3848/2013 2832/3480/2013 2800/3432/2013
f 2800/3432/2013 2767/3382/2013 2735/3334/2013
f 2735/3334/2013 2704/3288/2013 2671/3238/2013
f 2671/3238/2013 2640/3192/2013 2608/3144/2013
f 2608/3144/2013 3367/4135/2013 3400/4168/2013
f 3400/4168/2013 3432/4200/2013 3463/4231/2013
f 3463/4231/2013 3495/4263/2013 3527/4295/2013
f 3527/4295/2013 3560/4328/2013 3592/4360/2013
f 3592/4360/2013 3148/3916/2013 3211/3979/2013
f 3211/3979/2013 3276/4044/2013 3339/4107/2013
f 3339/4107/2013 2888/3564/2013 2952/3660/2013
f 2952/3660/2013 3016/3756/2013 3080/3848/2013
f 3080/3848/2013 2800/3432/2013 2735/3334/2013
f 2735/3334/2013 2671/3238/2013 2608/3144/2013
f 2608/3144/2013 3400/4168/2013 3463/4231/2013
f 3463/4231/2013 3527/4295/2013 3592/4360/2013
f 3592/4360/2013 3211/3979/2013 3339/4107/2013
f 3339/4107/2013 2952/3660/2013 3080/3848/2013
f 3080/3848/2013 2735/3334/2013 2608/3144/2013
f 2608/3144/2013 3463/4231/2013 3592/4360/2013
f 3592/4360/2013 3339/4107/2013 3080/3848/2013
f 4629/5653/2013 4630/5654/2013 4631/5655/2013
f 4631/5655/2013 4632/5656/2013 4633/5657/2013
f 4633/5657/2013 4634/5658/2013 4635/5659/2013
f 4635/5659/2013 4636/5660/2013 4637/5661/2013
f 4637/5661/2013 4638/5662/2013 4639/5663/2013
f 4639/5663/2013 4640/5664/2013 4641/5665/2013
f 4641/5665/2013 4642/5666/2013 4643/5667/2013
f 4643/5667/2013 4644/5668/2013 4645/5669/2013
f 4645/5669/2013 4646/5670/2013 4647/5671/2013
f 4647/5671/2013 4648/5672/2013 4649/5673/2013
f 4649/5673/2013 4650/5674/2013 4651/5675/2013
f 4651/5675/2013 4652/5676/2013 4653/5677/2013
f 4653/5677/2013 4654/5678/2013 4655/5679/2013
f 4655/5679/2013 4656/5680/2013 4657/5681/2013
f 4657/5681/2013 4658/5682/2013 4659/5683/2013
f 4659/5683/2013 4660/5684/2013 4629/5653/2013
f 4629/5653/2013 4631/5655/2013 4633/5657/2013
f 4633/5657/2013 4635/5659/2013 4637/5661/2013
f 4637/5661/2013 4639/5663/2013 4641/5665/2013
f 4641/5665/2013 4643/5667/2013 4645/5669/2013
f 4645/5669/2013 4647/5671/2013 4649/5673/2013
f 4649/5673/2013 4651/5675/2013 4653/5677/2013
f 4653/5677/2013 4655/5679/2013 4657/5681/2013
f 4657/5681/2013 4659/5683/2013 4629/5653/2013
f 4629/5653/2013 4633/5657/2013 4637/5661/2013
f 4637/5661/2013 4641/5665/2013 4645/5669/2013
f 4645/5669/2013 4649/5673/2013 4653/5677/2013
f 4653/5677/2013 4657/5681/2013 4629/5653/2013
f 4629/5653/2013 4637/5661/2013 4645/5669/2013
f 4663/5687/2 4662/5686/2 4661/5685/2
f 4661/5685/2 4692/5716/2 4691/5715/2
f 4691/5715/2 4690/5714/2 4689/5713/2
f 4689/5713/2 4688/5712/2 4687/5711/2
f 4687/5711/2 4686/5710/2 4685/5709/2
f 4685/5709/2 4684/5708/2 4683/5707/2
f 4683/5707/2 4682/5706/2 4681/5705/2
f 4681/5705/2 4680/5704/2 4679/5703/2
f 4679/5703/2 4678/5702/2 4677/5701/2
f 4677/5701/2 4676/5700/2 4675/5699/2
f 4675/5699/2 4674/5698/2 4673/5697/2
f 4673/5697/2 4672/5696/2 4671/5695/2
f 4671/5695/2 4670/5694/2 4669/5693/2
f 4669/5693/2 4668/5692/2 4667/5691/2
f 4667/5691/2 4666/5690/2 4665/5689/2
f 4665/5689/2 4664/5688/2 4663/5687/2
f 4663/5687/2 4661/5685/2 4691/5715/2
f 4691/5715/2 4689/5713/2 4687/5711/2
f 4687/5711/2 4685/5709/2 4683/5707/2
f 4683/5707/2 4681/5705/2 4679/5703/2
f 4679/5703/2 4677/5701/2 4675/5699/2
f 4675/5699/2 4673/5697/2 4671/5695/2
f 4671/5695/2 4669/5693/2 4667/5691/2
f 4667/5691/2 4665/5689/2 4663/5687/2
f 4663/5687/2 4691/5715/2 4687/5711/2
f 4687/5711/2 4683/5707/2 4679/5703/2
f 4679/5703/2 4675/5699/2 4671/5695/2
f 4671/5695/2 4667/5691/2 4663/5687/2
f 4663/5687/2 4687/5711/2 4679/5703/2
f 4687/5711/2014 4688/5712/2014 4656/5680/2014
f 4674/5698/2015 4675/5699/2015 4643/5667/2015
f 4661/5685/2016 4662/5686/2016 4630/5654/2016
f 4688/5712/2017 4689/5713/2017 4657/5681/2017
f 4675/5699/2018 4676/5700/2018 4644/5668/2018
f 4662/5686/2019 4663/5687/2019 4631/5655/2019
f 4689/5713/2020 4690/5714/2020 4658/5682/2020
f 4676/5700/2021 4677/5701/2021 4645/5669/2021
f 4663/5687/2022 4664/5688/2022 4632/5656/2022
f 4690/5714/2023 4691/5715/2023 4659/5683/2023
f 4677/5701/2024 4678/5702/2024 4646/5670/2024
f 4664/5688/2025 4665/5689/2025 4633/5657/2025
f 4691/5715/2026 4692/5716/2026 4660/5684/2026
f 4678/5702/2027 4679/5703/2027 4647/5671/2027
f 4665/5689/2028 4666/5690/2028 4634/5658/2028
f 4692/5716/2029 4661/5685/2029 4629/5653/2029
f 4679/5703/2030 4680/5704/2030 4648/5672/2030
f 4666/5690/2031 4667/5691/2031 4635/5659/2031
f 4680/5704/2032 4681/5705/2032 4649/5673/2032
f 4667/5691/2033 4668/5692/2033 4636/5660/2033
f 4681/5705/2034 4682/5706/2034 4650/5674/2034
f 4668/5692/2035 4669/5693/2035 4637/5661/2035
f 4682/5706/2036 4683/5707/2036 4651/5675/2036
f 4669/5693/2037 4670/5694/2037 4638/5662/2037
f 4683/5707/2038 4684/5708/2038 4652/5676/2038
f 4670/5694/2039 4671/5695/2039 4639/5663/2039
f 4684/5708/2040 4685/5709/2040 4653/5677/2040
f 4671/5695/2041 4672/5696/2041 4640/5664/2041
f 4685/5709/2042 4686/5710/2042 4654/5678/2042
f 4672/5696/2043 4673/5697/2043 4641/5665/2043
f 4686/5710/2044 4687/5711/2044 4655/5679/2044
f 4673/5697/2045 4674/5698/2045 4642/5666/2045
f 4693/5717/2013 4694/5718/2013 4695/5719/2013
f 4695/5719/2013 4696/5720/2013 4697/5721/2013
f 4697/5721/2013 4698/5722/2013 4699/5723/2013
f 4699/5723/2013 4700/5724/2013 4701/5725/2013
f 4701/5725/2013 4702/5726/2013 4703/5727/2013
f 4703/5727/2013 4704/5728/2013 4705/5729/2013
f 4705/5729/2013 4706/5730/2013 4707/5731/2013
f 4707/5731/2013 4708/5732/2013 4709/5733/2013
f 4709/5733/2013 4710/5734/2013 4711/5735/2013
f 4711/5735/2013 4712/5736/2013 4713/5737/2013
f 4713/5737/2013 4714/5738/2013 4715/5739/2013
f 4715/5739/2013 4716/5740/2013 4717/5741/2013
f 4717/5741/2013 4718/5742/2013 4719/5743/2013
f 4719/5743/2013 4720/5744/2013 4721/5745/2013
f 4721/5745/2013 4722/5746/2013 4723/5747/2013
f 4723/5747/2013 4724/5748/2013 4693/5717/2013
f 4693/5717/2013 4695/5719/2013 4697/5721/2013
f 4697/5721/2013 4699/5723/2013 4701/5725/2013
f 4701/5725/2013 4703/5727/2013 4705/5729/2013
f 4705/5729/2013 4707/5731/2013 4709/5733/2013
f 4709/5733/2013 4711/5735/2013 4713/5737/2013
f 4713/5737/2013 4715/5739/2013 4717/5741/2013
f 4717/5741/2013 4719/5743/2013 4721/5745/2013
f 4721/5745/2013 4723/5747/2013 4693/5717/2013
f 4693/5717/2013 4697/5721/2013 4701/5725/2013
f 4701/5725/2013 4705/5729/2013 4709/5733/2013
f 4709/5733/2013 4713/5737/2013 4717/5741/2013
f 4717/5741/2013 4721/5745/2013 4693/5717/2013
f 4693/5717/2013 4701/5725/2013 4709/5733/2013
f 4727/5751/2 4726/5750/2 4725/5749/2
f 4725/5749/2 4756/5780/2 4755/5779/2
f 4755/5779/2 4754/5778/2 4753/5777/2
f 4753/5777/2 4752/5776/2 4751/5775/2
f 4751/5775/2 4750/5774/2 4749/5773/2
f 4749/5773/2 4748/5772/2 4747/5771/2
f 4747/5771/2 4746/5770/2 4745/5769/2
f 4745/5769/2 4744/5768/2 4743/5767/2
f 4743/5767/2 4742/5766/2 4741/5765/2
f 4741/5765/2 4740/5764/2 4739/5763/2
f 4739/5763/2 4738/5762/2 4737/5761/2
f 4737/5761/2 4736/5760/2 4735/5759/2
f 4735/5759/2 4734/5758/2 4733/5757/2
f 4733/5757/2 4732/5756/2 4731/5755/2
f 4731/5755/2 4730/5754/2 4729/5753/2
f 4729/5753/2 4728/5752/2 4727/5751/2
f 4727/5751/2 4725/5749/2 4755/5779/2
f 4755/5779/2 4753/5777/2 4751/5775/2
f 4751/5775/2 4749/5773/2 4747/5771/2
f 4747/5771/2 4745/5769/2 4743/5767/2
f 4743/5767/2 4741/5765/2 4739/5763/2
f 4739/5763/2 4737/5761/2 4735/5759/2
f 4735/5759/2 4733/5757/2 4731/5755/2
f 4731/5755/2 4729/5753/2 4727/5751/2
f 4727/5751/2 4755/5779/2 4751/5775/2
f 4751/5775/2 4747/5771/2 4743/5767/2
f 4743/5767/2 4739/5763/2 4735/5759/2
f 4735/5759/2 4731/5755/2 4727/5751/2
f 4727/5751/2 4751/5775/2 4743/5767/2
f 4751/5775/2014 4752/5776/2014 4720/5744/2014
f 4738/5762/2015 4739/5763/2015 4707/5731/2015
f 4725/5749/2016 4726/5750/2016 4694/5718/2016
f 4752/5776/2017 4753/5777/2017 4721/5745/2017
f 4739/5763/2018 4740/5764/2018 4708/5732/2018
f 4726/5750/2019 4727/5751/2019 4695/5719/2019
f 4753/5777/2020 4754/5778/2020 4722/5746/2020
f 4740/5764/2021 4741/5765/2021 4709/5733/2021
f 4727/5751/2022 4728/5752/2022 4696/5720/2022
f 4754/5778/2023 4755/5779/2023 4723/5747/2023
f 4741/5765/2024 4742/5766/2024 4710/5734/2024
f 4728/5752/2025 4729/5753/2025 4697/5721/2025
f 4755/5779/2026 4756/5780/2026 4724/5748/2026
f 4742/5766/2027 4743/5767/2027 4711/5735/2027
f 4729/5753/2028 4730/5754/2028 4698/5722/2028
f 4756/5780/2029 4725/5749/2029 4693/5717/2029
f 4743/5767/2030 4744/5768/2030 4712/5736/2030
f 4730/5754/2031 4731/5755/2031 4699/5723/2031
f 4744/5768/2032 4745/5769/2032 4713/5737/2032
f 4731/5755/2033 4732/5756/2033 4700/5724/2033
f 4745/5769/2034 4746/5770/2034 4714/5738/2034
f 4732/5756/2035 4733/5757/2035 4701/5725/2035
f 4746/5770/2036 4747/5771/2036 4715/5739/2036
f 4733/5757/2037 4734/5758/2037 4702/5726/2037
f 4747/5771/2038 4748/5772/2038 4716/5740/2038
f 4734/5758/2039 4735/5759/2039 4703/5727/2039
f 4748/5772/2040 4749/5773/2040 4717/5741/2040
f 4735/5759/2041 4736/5760/2041 4704/5728/2041
f 4749/5773/2042 4750/5774/2042 4718/5742/2042
f 4736/5760/2043 4737/5761/2043 4705/5729/2043
f 4750/5774/2044 4751/5775/2044 4719/5743/2044
f 4737/5761/2045 4738/5762/2045 4706/5730/2045
f 4757/5781/2013 4758/5782/2013 4759/5783/2013
f 4759/5783/2013 4760/5784/2013 4761/5785/2013
f 4761/5785/2013 4762/5786/2013 4763/5787/2013
f 4763/5787/2013 4764/5788/2013 4765/5789/2013
f 4765/5789/2013 4766/5790/2013 4767/5791/2013
f 4767/5791/2013 4768/5792/2013 4769/5793/2013
f 4769/5793/2013 4770/5794/2013 4771/5795/2013
f 4771/5795/2013 4772/5796/2013 4773/5797/2013
f 4773/5797/2013 4774/5798/2013 4775/5799/2013
f 4775/5799/2013 4776/5800/2013 4777/5801/2013
f 4777/5801/2013 4778/5802/2013 4779/5803/2013
f 4779/5803/2013 4780/5804/2013 4781/5805/2013
f 4781/5805/2013 4782/5806/2013 4783/5807/2013
f 4783/5807/2013 4784/5808/2013 4785/5809/2013
f 4785/5809/2013 4786/5810/2013 4787/5811/2013
f 4787/5811/2013 4788/5812/2013 4757/5781/2013
f 4757/5781/2013 4759/5783/2013 4761/5785/2013
f 4761/5785/2013 4763/5787/2013 4765/5789/2013
f 4765/5789/2013 4767/5791/2013 4769/5793/2013
f 4769/5793/2013 4771/5795/2013 4773/5797/2013
f 4773/5797/2013 4775/5799/2013 4777/5801/2013
f 4777/5801/2013 4779/5803/2013 4781/5805/2013
f 4781/5805/2013 4783/5807/2013 4785/5809/2013
f 4785/5809/2013 4787/5811/2013 4757/5781/2013
f 4757/5781/2013 4761/5785/2013 4765/5789/2013
f 4765/5789/2013 4769/5793/2013 4773/5797/2013
f 4773/5797/2013 4777/5801/2013 4781/5805/2013
f 4781/5805/2013 4785/5809/2013 4757/5781/2013
f 4757/5781/2013 4765/5789/2013 4773/5797/2013
f 4791/5815/2 4790/5814/2 4789/5813/2
f 4789/5813/2 4820/5844/2 4819/5843/2
f 4819/5843/2 4818/5842/2 4817/5841/2
f 4817/5841/2 4816/5840/2 4815/5839/2
f 4815/5839/2 4814/5838/2 4813/5837/2
f 4813/5837/2 4812/5836/2 4811/5835/2
f 4811/5835/2 4810/5834/2 4809/5833/2
f 4809/5833/2 4808/5832/2 4807/5831/2
f 4807/5831/2 4806/5830/2 4805/5829/2
f 4805/5829/2 4804/5828/2 4803/5827/2
f 4803/5827/2 4802/5826/2 4801/5825/2
f 4801/5825/2 4800/5824/2 4799/5823/2
f 4799/5823/2 4798/5822/2 4797/5821/2
f 4797/5821/2 4796/5820/2 4795/5819/2
f 4795/5819/2 4794/5818/2 4793/5817/2
f 4793/5817/2 4792/5816/2 4791/5815/2
f 4791/5815/2 4789/5813/2 4819/5843/2
f 4819/5843/2 4817/5841/2 4815/5839/2
f 4815/5839/2 4813/5837/2 4811/5835/2
f 4811/5835/2 4809/5833/2 4807/5831/2
f 4807/5831/2 4805/5829/2 4803/5827/2
f 4803/5827/2 4801/5825/2 4799/5823/2
f 4799/5823/2 4797/5821/2 4795/5819/2
f 4795/5819/2 4793/5817/2 4791/5815/2
f 4791/5815/2 4819/5843/2 4815/5839/2
f 4815/5839/2 4811/5835/2 4807/5831/2
f 4807/5831/2 4803/5827/2 4799/5823/2
f 4799/5823/2 4795/5819/2 4791/5815/2
f 4791/5815/2 4815/5839/2 4807/5831/2
f 4815/5839/2014 4816/5840/2014 4784/5808/2014
f 4802/5826/2015 4803/5827/2015 4771/5795/2015
f 4789/5813/2016 4790/5814/2016 4758/5782/2016
f 4816/5840/2017 4817/5841/2017 4785/5809/2017
f 4803/5827/2018 4804/5828/2018 4772/5796/2018
f 4790/5814/2019 4791/5815/2019 4759/5783/2019
f 4817/5841/2020 4818/5842/2020 4786/5810/2020
f 4804/5828/2021 4805/5829/2021 4773/5797/2021
f 4791/5815/2022 4792/5816/2022 4760/5784/2022
f 4818/5842/2023 4819/5843/2023 4787/5811/2023
f 4805/5829/2024 4806/5830/2024 4774/5798/2024
f 4792/5816/2025 4793/5817/2025 4761/5785/2025
f 4819/5843/2026 4820/5844/2026 4788/5812/2026
f 4806/5830/2027 4807/5831/2027 4775/5799/2027
f 4793/5817/2028 4794/5818/2028 4762/5786/2028
f 4820/5844/2029 4789/5813/2029 4757/5781/2029
f 4807/5831/2030 4808/5832/2030 4776/5800/2030
f 4794/5818/2031 4795/5819/2031 4763/5787/2031
f 4808/5832/2032 4809/5833/2032 4777/5801/2032
f 4795/5819/2033 4796/5820/2033 4764/5788/2033
f 4809/5833/2034 4810/5834/2034 4778/5802/2034
f 4796/5820/2035 4797/5821/2035 4765/5789/2035
f 4810/5834/2036 4811/5835/2036 4779/5803/2036
f 4797/5821/2037 4798/5822/2037 4766/5790/2037
f 4811/5835/2038 4812/5836/2038 4780/5804/2038
f 4798/5822/2039 4799/5823/2039 4767/5791/2039
f 4812/5836/2040 4813/5837/2040 4781/5805/2040
f 4799/5823/2041 4800/5824/2041 4768/5792/2041
f 4813/5837/2042 4814/5838/2042 4782/5806/2042
f 4800/5824/2043 4801/5825/2043 4769/5793/2043
f 4814/5838/2044 4815/5839/2044 4783/5807/2044
f 4801/5825/2045 4802/5826/2045 4770/5794/2045
f 4821/5845/2013 4822/5846/2013 4823/5847/2013
f 4823/5847/2013 4824/5848/2013 4825/5849/2013
f 4825/5849/2013 4826/5850/2013 4827/5851/2013
f 4827/5851/2013 4828/5852/2013 4829/5853/2013
f 4829/5853/2013 4830/5854/2013 4831/5855/2013
f 4831/5855/2013 4832/5856/2013 4833/5857/2013
f 4833/5857/2013 4834/5858/2013 4835/5859/2013
f 4835/5859/2013 4836/5860/2013 4837/5861/2013
f 4837/5861/2013 4838/5862/2013 4839/5863/2013
f 4839/5863/2013 4840/5864/2013 4841/5865/2013
f 4841/5865/2013 4842/5866/2013 4843/5867/2013
f 4843/5867/2013 4844/5868/2013 4845/5869/2013
f 4845/5869/2013 4846/5870/2013 4847/5871/2013
f 4847/5871/2013 4848/5872/2013 4849/5873/2013
f 4849/5873/2013 4850/5874/2013 4851/5875/2013
f 4851/5875/2013 4852/5876/2013 4821/5845/2013
f 4821/5845/2013 4823/5847/2013 4825/5849/2013
f 4825/5849/2013 4827/5851/2013 4829/5853/2013
f 4829/5853/2013 4831/5855/2013 4833/5857/2013
f 4833/5857/2013 4835/5859/2013 4837/5861/2013
f 4837/5861/2013 4839/5863/2013 4841/5865/2013
f 4841/5865/2013 4843/5867/2013 4845/5869/2013
f 4845/5869/2013 4847/5871/2013 4849/5873/2013
f 4849/5873/2013 4851/5875/2013 4821/5845/2013
f 4821/5845/2013 4825/5849/2013 4829/5853/2013
f 4829/5853/2013 4833/5857/2013 4837/5861/2013
f 4837/5861/2013 4841/5865/2013 4845/5869/2013
f 4845/5869/2013 4849/5873/2013 4821/5845/2013
f 4821/5845/2013 4829/5853/2013 4837/5861/2013
f 4855/5879/2 4854/5878/2 4853/5877/2
f 4853/5877/2 4884/5908/2 4883/5907/2
f 4883/5907/2 4882/5906/2 4881/5905/2
f 4881/5905/2 4880/5904/2 4879/5903/2
f 4879/5903/2 4878/5902/2 4877/5901/2
f 4877/5901/2 4876/5900/2 4875/5899/2
f 4875/5899/2 4874/5898/2 4873/5897/2
f 4873/5897/2 4872/5896/2 4871/5895/2
f 4871/5895/2 4870/5894/2 4869/5893/2
f 4869/5893/2 4868/5892/2 4867/5891/2
f 4867/5891/2 4866/5890/2 4865/5889/2
f 4865/5889/2 4864/5888/2 4863/5887/2
f 4863/5887/2 4862/5886/2 4861/5885/2
f 4861/5885/2 4860/5884/2 4859/5883/2
f 4859/5883/2 4858/5882/2 4857/5881/2
f 4857/5881/2 4856/5880/2 4855/5879/2
f 4855/5879/2 4853/5877/2 4883/5907/2
f 4883/5907/2 4881/5905/2 4879/5903/2
f 4879/5903/2 4877/5901/2 4875/5899/2
f 4875/5899/2 4873/5897/2 4871/5895/2
f 4871/5895/2 4869/5893/2 4867/5891/2
f 4867/5891/2 4865/5889/2 4863/5887/2
f 4863/5887/2 4861/5885/2 4859/5883/2
f 4859/5883/2 4857/5881/2 4855/5879/2
f 4855/5879/2 4883/5907/2 4879/5903/2
f 4879/5903/2 4875/5899/2 4871/5895/2
f 4871/5895/2 4867/5891/2 4863/5887/2
f 4863/5887/2 4859/5883/2 4855/5879/2
f 4855/5879/2 4879/5903/2 4871/5895/2
f 4879/5903/2014 4880/5904/2014 4848/5872/2014
f 4866/5890/2015 4867/5891/2015 4835/5859/2015
f 4853/5877/2016 4854/5878/2016 4822/5846/2016
f 4880/5904/2017 4881/5905/2017 4849/5873/2017
f 4867/5891/2018 4868/5892/2018 4836/5860/2018
f 4854/5878/2019 4855/5879/2019 4823/5847/2019
f 4881/5905/2020 4882/5906/2020 4850/5874/2020
f 4868/5892/2021 4869/5893/2021 4837/5861/2021
f 4855/5879/2022 4856/5880/2022 4824/5848/2022
f 4882/5906/2023 4883/5907/2023 4851/5875/2023
f 4869/5893/2024 4870/5894/2024 4838/5862/2024
f 4856/5880/2025 4857/5881/2025 4825/5849/2025
f 4883/5907/2026 4884/5908/2026 4852/5876/2026
f 4870/5894/2027 4871/5895/2027 4839/5863/2027
f 4857/5881/2028 4858/5882/2028 4826/5850/2028
f 4884/5908/2029 4853/5877/2029 4821/5845/2029
f 4871/5895/2030 4872/5896/2030 4840/5864/2030
f 4858/5882/2031 4859/5883/2031 4827/5851/2031
f 4872/5896/2032 4873/5897/2032 4841/5865/2032
f 4859/5883/2033 4860/5884/2033 4828/5852/2033
f 4873/5897/2034 4874/5898/2034 4842/5866/2034
f 4860/5884/2035 4861/5885/2035 4829/5853/2035
f 4874/5898/2036 4875/5899/2036 4843/5867/2036
f 4861/5885/2037 4862/5886/2037 4830/5854/2037
f 4875/5899/2038 4876/5900/2038 4844/5868/2038
f 4862/5886/2039 4863/5887/2039 4831/5855/2039
f 4876/5900/2040 4877/5901/2040 4845/5869/2040
f 4863/5887/2041 4864/5888/2041 4832/5856/2041
f 4877/5901/2042 4878/5902/2042 4846/5870/2042
f 4864/5888/2043 4865/5889/2043 4833/5857/2043
f 4878/5902/2044 4879/5903/2044 4847/5871/2044
f 4865/5889/2045 4866/5890/2045 4834/5858/2045
f 4885/5909/2013 4886/5910/2013 4887/5911/2013
f 4887/5911/2013 4888/5912/2013 4889/5913/2013
f 4889/5913/2013 4890/5914/2013 4891/5915/2013
f 4891/5915/2013 4892/5916/2013 4893/5917/2013
f 4893/5917/2013 4894/5918/2013 4895/5919/2013
f 4895/5919/2013 4896/5920/2013 4897/5921/2013
f 4897/5921/2013 4898/5922/2013 4899/5923/2013
f 4899/5923/2013 4900/5924/2013 4901/5925/2013
f 4901/5925/2013 4902/5926/2013 4903/5927/2013
f 4903/5927/2013 4904/5928/2013 4905/5929/2013
f 4905/5929/2013 4906/5930/2013 4907/5931/2013
f 4907/5931/2013 4908/5932/2013 4909/5933/2013
f 4909/5933/2013 4910/5934/2013 4911/5935/2013
f 4911/5935/2013 4912/5936/2013 4913/5937/2013
f 4913/5937/2013 4914/5938/2013 4915/5939/2013
f 4915/5939/2013 4916/5940/2013 4885/5909/2013
f 4885/5909/2013 4887/5911/2013 4889/5913/2013
f 4889/5913/2013 4891/5915/2013 4893/5917/2013
f 4893/5917/2013 4895/5919/2013 4897/5921/2013
f 4897/5921/2013 4899/5923/2013 4901/5925/2013
f 4901/5925/2013 4903/5927/2013 4905/5929/2013
f 4905/5929/2013 4907/5931/2013 4909/5933/2013
f 4909/5933/2013 4911/5935/2013 4913/5937/2013
f 4913/5937/2013 4915/5939/2013 4885/5909/2013
f 4885/5909/2013 4889/5913/2013 4893/5917/2013
f 4893/5917/2013 4897/5921/2013 4901/5925/2013
f 4901/5925/2013 4905/5929/2013 4909/5933/2013
f 4909/5933/2013 4913/5937/2013 4885/5909/2013
f 4885/5909/2013 4893/5917/2013 4901/5925/2013
f 4919/5943/2 4918/5942/2 4917/5941/2
f 4917/5941/2 4948/5972/2 4947/5971/2
f 4947/5971/2 4946/5970/2 4945/5969/2
f 4945/5969/2 4944/5968/2 4943/5967/2
f 4943/5967/2 4942/5966/2 4941/5965/2
f 4941/5965/2 4940/5964/2 4939/5963/2
f 4939/5963/2 4938/5962/2 4937/5961/2
f 4937/5961/2 4936/5960/2 4935/5959/2
f 4935/5959/2 4934/5958/2 4933/5957/2
f 4933/5957/2 4932/5956/2 4931/5955/2
f 4931/5955/2 4930/5954/2 4929/5953/2
f 4929/5953/2 4928/5952/2 4927/5951/2
f 4927/5951/2 4926/5950/2 4925/5949/2
f 4925/5949/2 4924/5948/2 4923/5947/2
f 4923/5947/2 4922/5946/2 4921/5945/2
f 4921/5945/2 4920/5944/2 4919/5943/2
f 4919/5943/2 4917/5941/2 4947/5971/2
f 4947/5971/2 4945/5969/2 4943/5967/2
f 4943/5967/2 4941/5965/2 4939/5963/2
f 4939/5963/2 4937/5961/2 4935/5959/2
f 4935/5959/2 4933/5957/2 4931/5955/2
f 4931/5955/2 4929/5953/2 4927/5951/2
f 4927/5951/2 4925/5949/2 4923/5947/2
f 4923/5947/2 4921/5945/2 4919/5943/2
f 4919/5943/2 4947/5971/2 4943/5967/2
f 4943/5967/2 4939/5963/2 4935/5959/2
f 4935/5959/2 4931/5955/2 4927/5951/2
f 4927/5951/2 4923/5947/2 4919/5943/2
f 4919/5943/2 4943/5967/2 4935/5959/2
f 4943/5967/2014 4944/5968/2014 4912/5936/2014
f 4930/5954/2015 4931/5955/2015 4899/5923/2015
f 4917/5941/2016 4918/5942/2016 4886/5910/2016
f 4944/5968/2017 4945/5969/2017 4913/5937/2017
f 4931/5955/2018 4932/5956/2018 4900/5924/2018
f 4918/5942/2019 4919/5943/2019 4887/5911/2019
f 4945/5969/2020 4946/5970/2020 4914/5938/2020
f 4932/5956/2021 4933/5957/2021 4901/5925/2021
f 4919/5943/2022 4920/5944/2022 4888/5912/2022
f 4946/5970/2023 4947/5971/2023 4915/5939/2023
f 4933/5957/2024 4934/5958/2024 4902/5926/2024
f 4920/5944/2025 4921/5945/2025 4889/5913/2025
f 4947/5971/2026 4948/5972/2026 4916/5940/2026
f 4934/5958/2027 4935/5959/2027 4903/5927/2027
f 4921/5945/2028 4922/5946/2028 4890/5914/2028
f 4948/5972/2029 4917/5941/2029 4885/5909/2029
f 4935/5959/2030 4936/5960/2030 4904/5928/2030
f 4922/5946/2031 4923/5947/2031 4891/5915/2031
f 4936/5960/2032 4937/5961/2032 4905/5929/2032
f 4923/5947/2033 4924/5948/2033 4892/5916/2033
f 4937/5961/2034 4938/5962/2034 4906/5930/2034
f 4924/5948/2035 4925/5949/2035 4893/5917/2035
f 4938/5962/2036 4939/5963/2036 4907/5931/2036
f 4925/5949/2037 4926/5950/2037 4894/5918/2037
f 4939/5963/2038 4940/5964/2038 4908/5932/2038
f 4926/5950/2039 4927/5951/2039 4895/5919/2039
f 4940/5964/2040 4941/5965/2040 4909/5933/2040
f 4927/5951/2041 4928/5952/2041 4896/5920/2041
f 4941/5965/2042 4942/5966/2042 4910/5934/2042
f 4928/5952/2043 4929/5953/2043 4897/5921/2043
f 4942/5966/2044 4943/5967/2044 4911/5935/2044
f 4929/5953/2045 4930/5954/2045 4898/5922/2045
f 4949/5973/2013 4950/5974/2013 4951/5975/2013
f 4951/5975/2013 4952/5976/2013 4953/5977/2013
f 4953/5977/2013 4954/5978/2013 4955/5979/2013
f 4955/5979/2013 4956/5980/2013 4957/5981/2013
f 4957/5981/2013 4958/5982/2013 4959/5983/2013
f 4959/5983/2013 4960/5984/2013 4961/5985/2013
f 4961/5985/2013 4962/5986/2013 4963/5987/2013
f 4963/5987/2013 4964/5988/2013 4965/5989/2013
f 4965/5989/2013 4966/5990/2013 4967/5991/2013
f 4967/5991/2013 4968/5992/2013 4969/5993/2013
f 4969/5993/2013 4970/5994/2013 4971/5995/2013
f 4971/5995/2013 4972/5996/2013 4973/5997/2013
f 4973/5997/2013 4974/5998/2013 4975/5999/2013
f 4975/5999/2013 4976/6000/2013 4977/6001/2013
f 4977/6001/2013 4978/6002/2013 4979/6003/2013
f 4979/6003/2013 4980/6004/2013 4949/5973/2013
f 4949/5973/2013 4951/5975/2013 4953/5977/2013
f 4953/5977/2013 4955/5979/2013 4957/5981/2013
f 4957/5981/2013 4959/5983/2013 4961/5985/2013
f 4961/5985/2013 4963/5987/2013 4965/5989/2013
f 4965/5989/2013 4967/5991/2013 4969/5993/2013
f 4969/5993/2013 4971/5995/2013 4973/5997/2013
f 4973/5997/2013 4975/5999/2013 4977/6001/2013
f 4977/6001/2013 4979/6003/2013 4949/5973/2013
f 4949/5973/2013 4953/5977/2013 4957/5981/2013
f 4957/5981/2013 4961/5985/2013 4965/5989/2013
f 4965/5989/2013 4969/5993/2013 4973/5997/2013
f 4973/5997/2013 4977/6001/2013 4949/5973/2013
f 4949/5973/2013 4957/5981/2013 4965/5989/2013
f 4983/6007/2 4982/6006/2 4981/6005/2
f 4981/6005/2 5012/6036/2 5011/6035/2
f 5011/6035/2 5010/6034/2 5009/6033/2
f 5009/6033/2 5008/6032/2 5007/6031/2
f 5007/6031/2 5006/6030/2 5005/6029/2
f 5005/6029/2 5004/6028/2 5003/6027/2
f 5003/6027/2 5002/6026/2 5001/6025/2
f 5001/6025/2 5000/6024/2 4999/6023/2
f 4999/6023/2 4998/6022/2 4997/6021/2
f 4997/6021/2 4996/6020/2 4995/6019/2
f 4995/6019/2 4994/6018/2 4993/6017/2
f 4993/6017/2 4992/6016/2 4991/6015/2
f 4991/6015/2 4990/6014/2 4989/6013/2
f 4989/6013/2 4988/6012/2 4987/6011/2
f 4987/6011/2 4986/6010/2 4985/6009/2
f 4985/6009/2 4984/6008/2 4983/6007/2
f 4983/6007/2 4981/6005/2 5011/6035/2
f 5011/6035/2 5009/6033/2 5007/6031/2
f 5007/6031/2 5005/6029/2 5003/6027/2
f 5003/6027/2 5001/6025/2 4999/6023/2
f 4999/6023/2 4997/6021/2 4995/6019/2
f 4995/6019/2 4993/6017/2 4991/6015/2
f 4991/6015/2 4989/6013/2 4987/6011/2
f 4987/6011/2 4985/6009/2 4983/6007/2
f 4983/6007/2 5011/6035/2 5007/6031/2
f 5007/6031/2 5003/6027/2 4999/6023/2
f 4999/6023/2 4995/6019/2 4991/6015/2
f 4991/6015/2 4987/6011/2 4983/6007/2
f 4983/6007/2 5007/6031/2 4999/6023/2
f 5007/6031/2014 5008/6032/2014 4976/6000/2014
f 4994/6018/2015 4995/6019/2015 4963/5987/2015
f 4981/6005/2016 4982/6006/2016 4950/5974/2016
f 5008/6032/2017 5009/6033/2017 4977/6001/2017
f 4995/6019/2018 4996/6020/2018 4964/5988/2018
f 4982/6006/2019 4983/6007/2019 4951/5975/2019
f 5009/6033/2020 5010/6034/2020 4978/6002/2020
f 4996/6020/2021 4997/6021/2021 4965/5989/2021
f 4983/6007/2022 4984/6008/2022 4952/5976/2022
f 5010/6034/2023 5011/6035/2023 4979/6003/2023
f 4997/6021/2024 4998/6022/2024 4966/5990/2024
f 4984/6008/2025 4985/6009/2025 4953/5977/2025
f 5011/6035/2026 5012/6036/2026 4980/6004/2026
f 4998/6022/2027 4999/6023/2027 4967/5991/2027
f 4985/6009/2028 4986/6010/2028 4954/5978/2028
f 5012/6036/2029 4981/6005/2029 4949/5973/2029
f 4999/6023/2030 5000/6024/2030 4968/5992/2030
f 4986/6010/2031 4987/6011/2031 4955/5979/2031
f 5000/6024/2032 5001/6025/2032 4969/5993/2032
f 4987/6011/2033 4988/6012/2033 4956/5980/2033
f 5001/6025/2034 5002/6026/2034 4970/5994/2034
f 4988/6012/2035 4989/6013/2035 4957/5981/2035
f 5002/6026/2036 5003/6027/2036 4971/5995/2036
f 4989/6013/2037 4990/6014/2037 4958/5982/2037
f 5003/6027/2038 5004/6028/2038 4972/5996/2038
f 4990/6014/2039 4991/6015/2039 4959/5983/2039
f 5004/6028/2040 5005/6029/2040 4973/5997/2040
f 4991/6015/2041 4992/6016/2041 4960/5984/2041
f 5005/6029/2042 5006/6030/2042 4974/5998/2042
f 4992/6016/2043 4993/6017/2043 4961/5985/2043
f 5006/6030/2044 5007/6031/2044 4975/5999/2044
f 4993/6017/2045 4994/6018/2045 4962/5986/2045
f 5013/6037/2013 5014/6038/2013 5015/6039/2013
f 5015/6039/2013 5016/6040/2013 5017/6041/2013
f 5017/6041/2013 5018/6042/2013 5019/6043/2013
f 5019/6043/2013 5020/6044/2013 5021/6045/2013
f 5021/6045/2013 5022/6046/2013 5023/6047/2013
f 5023/6047/2013 5024/6048/2013 5025/6049/2013
f 5025/6049/2013 5026/6050/2013 5027/6051/2013
f 5027/6051/2013 5028/6052/2013 5029/6053/2013
f 5029/6053/2013 5030/6054/2013 5031/6055/2013
f 5031/6055/2013 5032/6056/2013 5033/6057/2013
f 5033/6057/2013 5034/6058/2013 5035/6059/2013
f 5035/6059/2013 5036/6060/2013 5037/6061/2013
f 5037/6061/2013 5038/6062/2013 5039/6063/2013
f 5039/6063/2013 5040/6064/2013 5041/6065/2013
f 5041/6065/2013 5042/6066/2013 5043/6067/2013
f 5043/6067/2013 5044/6068/2013 5013/6037/2013
f 5013/6037/2013 5015/6039/2013 5017/6041/2013
f 5017/6041/2013 5019/6043/2013 5021/6045/2013
f 5021/6045/2013 5023/6047/2013 5025/6049/2013
f 5025/6049/2013 5027/6051/2013 5029/6053/2013
f 5029/6053/2013 5031/6055/2013 5033/6057/2013
f 5033/6057/2013 5035/6059/2013 5037/6061/2013
f 5037/6061/2013 5039/6063/2013 5041/6065/2013
f 5041/6065/2013 5043/6067/2013 5013/6037/2013
f 5013/6037/2013 5017/6041/2013 5021/6045/2013
f 5021/6045/2013 5025/6049/2013 5029/6053/2013
f 5029/6053/2013 5033/6057/2013 5037/6061/2013
f 5037/6061/2013 5041/6065/2013 5013/6037/2013
f 5013/6037/2013 5021/6045/2013 5029/6053/2013
f 5047/6071/2 5046/6070/2 5045/6069/2
f 5045/6069/2 5076/6100/2 5075/6099/2
f 5075/6099/2 5074/6098/2 5073/6097/2
f 5073/6097/2 5072/6096/2 5071/6095/2
f 5071/6095/2 5070/6094/2 5069/6093/2
f 5069/6093/2 5068/6092/2 5067/6091/2
f 5067/6091/2 5066/6090/2 5065/6089/2
f 5065/6089/2 5064/6088/2 5063/6087/2
f 5063/6087/2 5062/6086/2 5061/6085/2
f 5061/6085/2 5060/6084/2 5059/6083/2
f 5059/6083/2 5058/6082/2 5057/6081/2
f 5057/6081/2 5056/6080/2 5055/6079/2
f 5055/6079/2 5054/6078/2 5053/6077/2
f 5053/6077/2 5052/6076/2 5051/6075/2
f 5051/6075/2 5050/6074/2 5049/6073/2
f 5049/6073/2 5048/6072/2 5047/6071/2
f 5047/6071/2 5045/6069/2 5075/6099/2
f 5075/6099/2 5073/6097/2 5071/6095/2
f 5071/6095/2 5069/6093/2 5067/6091/2
f 5067/6091/2 5065/6089/2 5063/6087/2
f 5063/6087/2 5061/6085/2 5059/6083/2
f 5059/6083/2 5057/6081/2 5055/6079/2
f 5055/6079/2 5053/6077/2 5051/6075/2
f 5051/6075/2 5049/6073/2 5047/6071/2
f 5047/6071/2 5075/6099/2 5071/6095/2
f 5071/6095/2 5067/6091/2 5063/6087/2
f 5063/6087/2 5059/6083/2 5055/6079/2
f 5055/6079/2 5051/6075/2 5047/6071/2
f 5047/6071/2 5071/6095/2 5063/6087/2
f 5071/6095/2014 5072/6096/2014 5040/6064/2014
f 5058/6082/2015 5059/6083/2015 5027/6051/2015
f 5045/6069/2016 5046/6070/2016 5014/6038/2016
f 5072/6096/2017 5073/6097/2017 5041/6065/2017
f 5059/6083/2018 5060/6084/2018 5028/6052/2018
f 5046/6070/2019 5047/6071/2019 5015/6039/2019
f 5073/6097/2020 5074/6098/2020 5042/6066/2020
f 5060/6084/2021 5061/6085/2021 5029/6053/2021
f 5047/6071/2022 5048/6072/2022 5016/6040/2022
f 5074/6098/2023 5075/6099/2023 5043/6067/2023
f 5061/6085/2024 5062/6086/2024 5030/6054/2024
f 5048/6072/2025 5049/6073/2025 5017/6041/2025
f 5075/6099/2026 5076/6100/2026 5044/6068/2026
f 5062/6086/2027 5063/6087/2027 5031/6055/2027
f 5049/6073/2028 5050/6074/2028 5018/6042/2028
f 5076/6100/2029 5045/6069/2029 5013/6037/2029
f 5063/6087/2030 5064/6088/2030 5032/6056/2030
f 5050/6074/2031 5051/6075/2031 5019/6043/2031
f 5064/6088/2032 5065/6089/2032 5033/6057/2032
f 5051/6075/2033 5052/6076/2033 5020/6044/2033
f 5065/6089/2034 5066/6090/2034 5034/6058/2034
f 5052/6076/2035 5053/6077/2035 5021/6045/2035
f 5066/6090/2036 5067/6091/2036 5035/6059/2036
f 5053/6077/2037 5054/6078/2037 5022/6046/2037
f 5067/6091/2038 5068/6092/2038 5036/6060/2038
f 5054/6078/2039 5055/6079/2039 5023/6047/2039
f 5068/6092/2040 5069/6093/2040 5037/6061/2040
f 5055/6079/2041 5056/6080/2041 5024/6048/2041
f 5069/6093/2042 5070/6094/2042 5038/6062/2042
f 5056/6080/2043 5057/6081/2043 5025/6049/2043
f 5070/6094/2044 5071/6095/2044 5039/6063/2044
f 5057/6081/2045 5058/6082/2045 5026/6050/2045
f 5077/6101/2013 5078/6102/2013 5079/6103/2013
f 5079/6103/2013 5080/6104/2013 5081/6105/2013
f 5081/6105/2013 5082/6106/2013 5083/6107/2013
f 5083/6107/2013 5084/6108/2013 5085/6109/2013
f 5085/6109/2013 5086/6110/2013 5087/6111/2013
f 5087/6111/2013 5088/6112/2013 5089/6113/2013
f 5089/6113/2013 5090/6114/2013 5091/6115/2013
f 5091/6115/2013 5092/6116/2013 5093/6117/2013
f 5093/6117/2013 5094/6118/2013 5095/6119/2013
f 5095/6119/2013 5096/6120/2013 5097/6121/2013
f 5097/6121/2013 5098/6122/2013 5099/6123/2013
f 5099/6123/2013 5100/6124/2013 5101/6125/2013
f 5101/6125/2013 5102/6126/2013 5103/6127/2013
f 5103/6127/2013 5104/6128/2013 5105/6129/2013
f 5105/6129/2013 5106/6130/2013 5107/6131/2013
f 5107/6131/2013 5108/6132/2013 5077/6101/2013
f 5077/6101/2013 5079/6103/2013 5081/6105/2013
f 5081/6105/2013 5083/6107/2013 5085/6109/2013
f 5085/6109/2013 5087/6111/2013 5089/6113/2013
f 5089/6113/2013 5091/6115/2013 5093/6117/2013
f 5093/6117/2013 5095/6119/2013 5097/6121/2013
f 5097/6121/2013 5099/6123/2013 5101/6125/2013
f 5101/6125/2013 5103/6127/2013 5105/6129/2013
f 5105/6129/2013 5107/6131/2013 5077/6101/2013
f 5077/6101/2013 5081/6105/2013 5085/6109/2013
f 5085/6109/2013 5089/6113/2013 5093/6117/2013
f 5093/6117/2013 5097/6121/2013 5101/6125/2013
f 5101/6125/2013 5105/6129/2013 5077/6101/2013
f 5077/6101/2013 5085/6109/2013 5093/6117/2013
f 5111/6135/2 5110/6134/2 5109/6133/2
f 5109/6133/2 5140/6164/2 5139/6163/2
f 5139/6163/2 5138/6162/2 5137/6161/2
f 5137/6161/2 5136/6160/2 5135/6159/2
f 5135/6159/2 5134/6158/2 5133/6157/2
f 5133/6157/2 5132/6156/2 5131/6155/2
f 5131/6155/2 5130/6154/2 5129/6153/2
f 5129/6153/2 5128/6152/2 5127/6151/2
f 5127/6151/2 5126/6150/2 5125/6149/2
f 5125/6149/2 5124/6148/2 5123/6147/2
f 5123/6147/2 5122/6146/2 5121/6145/2
f 5121/6145/2 5120/6144/2 5119/6143/2
f 5119/6143/2 5118/6142/2 5117/6141/2
f 5117/6141/2 5116/6140/2 5115/6139/2
f 5115/6139/2 5114/6138/2 5113/6137/2
f 5113/6137/2 5112/6136/2 5111/6135/2
f 5111/6135/2 5109/6133/2 5139/6163/2
f 5139/6163/2 5137/6161/2 5135/6159/2
f 5135/6159/2 5133/6157/2 5131/6155/2
f 5131/6155/2 5129/6153/2 5127/6151/2
f 5127/6151/2 5125/6149/2 5123/6147/2
f 5123/6147/2 5121/6145/2 5119/6143/2
f 5119/6143/2 5117/6141/2 5115/6139/2
f 5115/6139/2 5113/6137/2 5111/6135/2
f 5111/6135/2 5139/6163/2 5135/6159/2
f 5135/6159/2 5131/6155/2 5127/6151/2
f 5127/6151/2 5123/6147/2 5119/6143/2
f 5119/6143/2 5115/6139/2 5111/6135/2
f 5111/6135/2 5135/6159/2 5127/6151/2
f 5135/6159/2014 5136/6160/2014 5104/6128/2014
f 5122/6146/2015 5123/6147/2015 5091/6115/2015
f 5109/6133/2016 5110/6134/2016 5078/6102/2016
f 5136/6160/2017 5137/6161/2017 5105/6129/2017
f 5123/6147/2018 5124/6148/2018 5092/6116/2018
f 5110/6134/2019 5111/6135/2019 5079/6103/2019
f 5137/6161/2020 5138/6162/2020 5106/6130/2020
f 5124/6148/2021 5125/6149/2021 5093/6117/2021
f 5111/6135/2022 5112/6136/2022 5080/6104/2022
f 5138/6162/2023 5139/6163/2023 5107/6131/2023
f 5125/6149/2024 5126/6150/2024 5094/6118/2024
f 5112/6136/2025 5113/6137/2025 5081/6105/2025
f 5139/6163/2026 5140/6164/2026 5108/6132/2026
f 5126/6150/2027 5127/6151/2027 5095/6119/2027
f 5113/6137/2028 5114/6138/2028 5082/6106/2028
f 5140/6164/2029 5109/6133/2029 5077/6101/2029
f 5127/6151/2030 5128/6152/2030 5096/6120/2030
f 5114/6138/2031 5115/6139/2031 5083/6107/2031
f 5128/6152/2032 5129/6153/2032 5097/6121/2032
f 5115/6139/2033 5116/6140/2033 5084/6108/2033
f 5129/6153/2034 5130/6154/2034 5098/6122/2034
f 5116/6140/2035 5117/6141/2035 5085/6109/2035
f 5130/6154/2036 5131/6155/2036 5099/6123/2036
f 5117/6141/2037 5118/6142/2037 5086/6110/2037
f 5131/6155/2038 5132/6156/2038 5100/6124/2038
f 5118/6142/2039 5119/6143/2039 5087/6111/2039
f 5132/6156/2040 5133/6157/2040 5101/6125/2040
f 5119/6143/2041 5120/6144/2041 5088/6112/2041
f 5133/6157/2042 5134/6158/2042 5102/6126/2042
f 5120/6144/2043 5121/6145/2043 5089/6113/2043
f 5134/6158/2044 5135/6159/2044 5103/6127/2044
f 5121/6145/2045 5122/6146/2045 5090/6114/2045
f 5141/6165/2013 5142/6166/2013 5143/6167/2013
f 5143/6167/2013 5144/6168/2013 5145/6169/2013
f 5145/6169/2013 5146/6170/2013 5147/6171/2013
f 5147/6171/2013 5148/6172/2013 5149/6173/2013
f 5149/6173/2013 5150/6174/2013 5151/6175/2013
f 5151/6175/2013 5152/6176/2013 5153/6177/2013
f 5153/6177/2013 5154/6178/2013 5155/6179/2013
f 5155/6179/2013 5156/6180/2013 5157/6181/2013
f 5157/6181/2013 5158/6182/2013 5159/6183/2013
f 5159/6183/2013 5160/6184/2013 5161/6185/2013
f 5161/6185/2013 5162/6186/2013 5163/6187/2013
f 5163/6187/2013 5164/6188/2013 5165/6189/2013
f 5165/6189/2013 5166/6190/2013 5167/6191/2013
f 5167/6191/2013 5168/6192/2013 5169/6193/2013
f 5169/6193/2013 5170/6194/2013 5171/6195/2013
f 5171/6195/2013 5172/6196/2013 5141/6165/2013
f 5141/6165/2013 5143/6167/2013 5145/6169/2013
f 5145/6169/2013 5147/6171/2013 5149/6173/2013
f 5149/6173/2013 5151/6175/2013 5153/6177/2013
f 5153/6177/2013 5155/6179/2013 5157/6181/2013
f 5157/6181/2013 5159/6183/2013 5161/6185/2013
f 5161/6185/2013 5163/6187/2013 5165/6189/2013
f 5165/6189/2013 5167/6191/2013 5169/6193/2013
f 5169/6193/2013 5171/6195/2013 5141/6165/2013
f 5141/6165/2013 5145/6169/2013 5149/6173/2013
f 5149/6173/2013 5153/6177/2013 5157/6181/2013
f 5157/6181/2013 5161/6185/2013 5165/6189/2013
f 5165/6189/2013 5169/6193/2013 5141/6165/2013
f 5141/6165/2013 5149/6173/2013 5157/6181/2013
f 5175/6199/2 5174/6198/2 5173/6197/2
f 5173/6197/2 5204/6228/2 5203/6227/2
f 5203/6227/2 5202/6226/2 5201/6225/2
f 5201/6225/2 5200/6224/2 5199/6223/2
f 5199/6223/2 5198/6222/2 5197/6221/2
f 5197/6221/2 5196/6220/2 5195/6219/2
f 5195/6219/2 5194/6218/2 5193/6217/2
f 5193/6217/2 5192/6216/2 5191/6215/2
f 5191/6215/2 5190/6214/2 5189/6213/2
f 5189/6213/2 5188/6212/2 5187/6211/2
f 5187/6211/2 5186/6210/2 5185/6209/2
f 5185/6209/2 5184/6208/2 5183/6207/2
f 5183/6207/2 5182/6206/2 5181/6205/2
f 5181/6205/2 5180/6204/2 5179/6203/2
f 5179/6203/2 5178/6202/2 5177/6201/2
f 5177/6201/2 5176/6200/2 5175/6199/2
f 5175/6199/2 5173/6197/2 5203/6227/2
f 5203/6227/2 5201/6225/2 5199/6223/2
f 5199/6223/2 5197/6221/2 5195/6219/2
f 5195/6219/2 5193/6217/2 5191/6215/2
f 5191/6215/2 5189/6213/2 5187/6211/2
f 5187/6211/2 5185/6209/2 5183/6207/2
f 5183/6207/2 5181/6205/2 5179/6203/2
f 5179/6203/2 5177/6201/2 5175/6199/2
f 5175/6199/2 5203/6227/2 5199/6223/2
f 5199/6223/2 5195/6219/2 5191/6215/2
f 5191/6215/2 5187/6211/2 5183/6207/2
f 5183/6207/2 5179/6203/2 5175/6199/2
f 5175/6199/2 5199/6223/2 5191/6215/2
f 5199/6223/2014 5200/6224/2014 5168/6192/2014
f 5186/6210/2015 5187/6211/2015 5155/6179/2015
f 5173/6197/2016 5174/6198/2016 5142/6166/2016
f 5200/6224/2017 5201/6225/2017 5169/6193/2017
f 5187/6211/2018 5188/6212/2018 5156/6180/2018
f 5174/6198/2019 5175/6199/2019 5143/6167/2019
f 5201/6225/2020 5202/6226/2020 5170/6194/2020
f 5188/6212/2021 5189/6213/2021 5157/6181/2021
f 5175/6199/2022 5176/6200/2022 5144/6168/2022
f 5202/6226/2023 5203/6227/2023 5171/6195/2023
f 5189/6213/2024 5190/6214/2024 5158/6182/2024
f 5176/6200/2025 5177/6201/2025 5145/6169/2025
f 5203/6227/2026 5204/6228/2026 5172/6196/2026
f 5190/6214/2027 5191/6215/2027 5159/6183/2027
f 5177/6201/2028 5178/6202/2028 5146/6170/2028
f 5204/6228/2029 5173/6197/2029 5141/6165/2029
f 5191/6215/2030 5192/6216/2030 5160/6184/2030
f 5178/6202/2031 5179/6203/2031 5147/6171/2031
f 5192/6216/2032 5193/6217/2032 5161/6185/2032
f 5179/6203/2033 5180/6204/2033 5148/6172/2033
f 5193/6217/2034 5194/6218/2034 5162/6186/2034
f 5180/6204/2035 5181/6205/2035 5149/6173/2035
f 5194/6218/2036 5195/6219/2036 5163/6187/2036
f 5181/6205/2037 5182/6206/2037 5150/6174/2037
f 5195/6219/2038 5196/6220/2038 5164/6188/2038
f 5182/6206/2039 5183/6207/2039 5151/6175/2039
f 5196/6220/2040 5197/6221/2040 5165/6189/2040
f 5183/6207/2041 5184/6208/2041 5152/6176/2041
f 5197/6221/2042 5198/6222/2042 5166/6190/2042
f 5184/6208/2043 5185/6209/2043 5153/6177/2043
f 5198/6222/2044 5199/6223/2044 5167/6191/2044
f 5185/6209/2045 5186/6210/2045 5154/6178/2045
f 5205/6229/2013 5206/6230/2013 5207/6231/2013
f 5207/6231/2013 5208/6232/2013 5209/6233/2013
f 5209/6233/2013 5210/6234/2013 5211/6235/2013
f 5211/6235/2013 5212/6236/2013 5213/6237/2013
f 5213/6237/2013 5214/6238/2013 5215/6239/2013
f 5215/6239/2013 5216/6240/2013 5217/6241/2013
f 5217/6241/2013 5218/6242/2013 5219/6243/2013
f 5219/6243/2013 5220/6244/2013 5221/6245/2013
f 5221/6245/2013 5222/6246/2013 5223/6247/2013
f 5223/6247/2013 5224/6248/2013 5225/6249/2013
f 5225/6249/2013 5226/6250/2013 5227/6251/2013
f 5227/6251/2013 5228/6252/2013 5229/6253/2013
f 5229/6253/2013 5230/6254/2013 5231/6255/2013
f 5231/6255/2013 5232/6256/2013 5233/6257/2013
f 5233/6257/2013 5234/6258/2013 5235/6259/2013
f 5235/6259/2013 5236/6260/2013 5205/6229/2013
f 5205/6229/2013 5207/6231/2013 5209/6233/2013
f 5209/6233/2013 5211/6235/2013 5213/6237/2013
f 5213/6237/2013 5215/6239/2013 5217/6241/2013
f 5217/6241/2013 5219/6243/2013 5221/6245/2013
f 5221/6245/2013 5223/6247/2013 5225/6249/2013
f 5225/6249/2013 5227/6251/2013 5229/6253/2013
f 5229/6253/2013 5231/6255/2013 5233/6257/2013
f 5233/6257/2013 5235/6259/2013 5205/6229/2013
f 5205/6229/2013 5209/6233/2013 5213/6237/2013
f 5213/6237/2013 5217/6241/2013 5221/6245/2013
f 5221/6245/2013 5225/6249/2013 5229/6253/2013
f 5229/6253/2013 5233/6257/2013 5205/6229/2013
f 5205/6229/2013 5213/6237/2013 5221/6245/2013
f 5239/6263/2 5238/6262/2 5237/6261/2
f 5237/6261/2 5268/6292/2 5267/6291/2
f 5267/6291/2 5266/6290/2 5265/6289/2
f 5265/6289/2 5264/6288/2 5263/6287/2
f 5263/6287/2 5262/6286/2 5261/6285/2
f 5261/6285/2 5260/6284/2 5259/6283/2
f 5259/6283/2 5258/6282/2 5257/6281/2
f 5257/6281/2 5256/6280/2 5255/6279/2
f 5255/6279/2 5254/6278/2 5253/6277/2
f 5253/6277/2 5252/6276/2 5251/6275/2
f 5251/6275/2 5250/6274/2 5249/6273/2
f 5249/6273/2 5248/6272/2 5247/6271/2
f 5247/6271/2 5246/6270/2 5245/6269/2
f 5245/6269/2 5244/6268/2 5243/6267/2
f 5243/6267/2 5242/6266/2 5241/6265/2
f 5241/6265/2 5240/6264/2 5239/6263/2
f 5239/6263/2 5237/6261/2 5267/6291/2
f 5267/6291/2 5265/6289/2 5263/6287/2
f 5263/6287/2 5261/6285/2 5259/6283/2
f 5259/6283/2 5257/6281/2 5255/6279/2
f 5255/6279/2 5253/6277/2 5251/6275/2
f 5251/6275/2 5249/6273/2 5247/6271/2
f 5247/6271/2 5245/6269/2 5243/6267/2
f 5243/6267/2 5241/6265/2 5239/6263/2
f 5239/6263/2 5267/6291/2 5263/6287/2
f 5263/6287/2 5259/6283/2 5255/6279/2
f 5255/6279/2 5251/6275/2 5247/6271/2
f 5247/6271/2 5243/6267/2 5239/6263/2
f 5239/6263/2 5263/6287/2 5255/6279/2
f 5263/6287/2014 5264/6288/2014 5232/6256/2014
f 5250/6274/2015 5251/6275/2015 5219/6243/2015
f 5237/6261/2016 5238/6262/2016 5206/6230/2016
f 5264/6288/2017 5265/6289/2017 5233/6257/2017
f 5251/6275/2018 5252/6276/2018 5220/6244/2018
f 5238/6262/2019 5239/6263/2019 5207/6231/2019
f 5265/6289/2020 5266/6290/2020 5234/6258/2020
f 5252/6276/2021 5253/6277/2021 5221/6245/2021
f 5239/6263/2022 5240/6264/2022 5208/6232/2022
f 5266/6290/2023 5267/6291/2023 5235/6259/2023
f 5253/6277/2024 5254/6278/2024 5222/6246/2024
f 5240/6264/2025 5241/6265/2025 5209/6233/2025
f 5267/6291/2026 5268/6292/2026 5236/6260/2026
f 5254/6278/2027 5255/6279/2027 5223/6247/2027
f 5241/6265/2028 5242/6266/2028 5210/6234/2028
f 5268/6292/2029 5237/6261/2029 5205/6229/2029
f 5255/6279/2030 5256/6280/2030 5224/6248/2030
f 5242/6266/2031 5243/6267/2031 5211/6235/2031
f 5256/6280/2032 5257/6281/2032 5225/6249/2032
f 5243/6267/2033 5244/6268/2033 5212/6236/2033
f 5257/6281/2034 5258/6282/2034 5226/6250/2034
f 5244/6268/2035 5245/6269/2035 5213/6237/2035
f 5258/6282/2036 5259/6283/2036 5227/6251/2036
f 5245/6269/2037 5246/6270/2037 5214/6238/2037
f 5259/6283/2038 5260/6284/2038 5228/6252/2038
f 5246/6270/2039 5247/6271/2039 5215/6239/2039
f 5260/6284/2040 5261/6285/2040 5229/6253/2040
f 5247/6271/2041 5248/6272/2041 5216/6240/2041
f 5261/6285/2042 5262/6286/2042 5230/6254/2042
f 5248/6272/2043 5249/6273/2043 5217/6241/2043
f 5262/6286/2044 5263/6287/2044 5231/6255/2044
f 5249/6273/2045 5250/6274/2045 5218/6242/2045
f 5269/6293/2013 5270/6294/2013 5271/6295/2013
f 5271/6295/2013 5272/6296/2013 5273/6297/2013
f 5273/6297/2013 5274/6298/2013 5275/6299/2013
f 5275/6299/2013 5276/6300/2013 5277/6301/2013
f 5277/6301/2013 5278/6302/2013 5279/6303/2013
f 5279/6303/2013 5280/6304/2013 5281/6305/2013
f 5281/6305/2013 5282/6306/2013 5283/6307/2013
f 5283/6307/2013 5284/6308/2013 5285/6309/2013
f 5285/6309/2013 5286/6310/2013 5287/6311/2013
f 5287/6311/2013 5288/6312/2013 5289/6313/2013
f 5289/6313/2013 5290/6314/2013 5291/6315/2013
f 5291/6315/2013 5292/6316/2013 5293/6317/2013
f 5293/6317/2013 5294/6318/2013 5295/6319/2013
f 5295/6319/2013 5296/6320/2013 5297/6321/2013
f 5297/6321/2013 5298/6322/2013 5299/6323/2013
f 5299/6323/2013 5300/6324/2013 5269/6293/2013
f 5269/6293/2013 5271/6295/2013 5273/6297/2013
f 5273/6297/2013 5275/6299/2013 5277/6301/2013
f 5277/6301/2013 5279/6303/2013 5281/6305/2013
f 5281/6305/2013 5283/6307/2013 5285/6309/2013
f 5285/6309/2013 5287/6311/2013 5289/6313/2013
f 5289/6313/2013 5291/6315/2013 5293/6317/2013
f 5293/6317/2013 5295/6319/2013 5297/6321/2013
f 5297/6321/2013 5299/6323/2013 5269/6293/2013
f 5269/6293/2013 5273/6297/2013 5277/6301/2013
f 5277/6301/2013 5281/6305/2013 5285/6309/2013
f 5285/6309/2013 5289/6313/2013 5293/6317/2013
f 5293/6317/2013 5297/6321/2013 5269/6293/2013
f 5269/6293/2013 5277/6301/2013 5285/6309/2013
f 5303/6327/2 5302/6326/2 5301/6325/2
f 5301/6325/2 5332/6356/2 5331/6355/2
f 5331/6355/2 5330/6354/2 5329/6353/2
f 5329/6353/2 5328/6352/2 5327/6351/2
f 5327/6351/2 5326/6350/2 5325/6349/2
f 5325/6349/2 5324/6348/2 5323/6347/2
f 5323/6347/2 5322/6346/2 5321/6345/2
f 5321/6345/2 5320/6344/2 5319/6343/2
f 5319/6343/2 5318/6342/2 5317/6341/2
f 5317/6341/2 5316/6340/2 5315/6339/2
f 5315/6339/2 5314/6338/2 5313/6337/2
f 5313/6337/2 5312/6336/2 5311/6335/2
f 5311/6335/2 5310/6334/2 5309/6333/2
f 5309/6333/2 5308/6332/2 5307/6331/2
f 5307/6331/2 5306/6330/2 5305/6329/2
f 5305/6329/2 5304/6328/2 5303/6327/2
f 5303/6327/2 5301/6325/2 5331/6355/2
f 5331/6355/2 5329/6353/2 5327/6351/2
f 5327/6351/2 5325/6349/2 5323/6347/2
f 5323/6347/2 5321/6345/2 5319/6343/2
f 5319/6343/2 5317/6341/2 5315/6339/2
f 5315/6339/2 5313/6337/2 5311/6335/2
f 5311/6335/2 5309/6333/2 5307/6331/2
f 5307/6331/2 5305/6329/2 5303/6327/2
f 5303/6327/2 5331/6355/2 5327/6351/2
f 5327/6351/2 5323/6347/2 5319/6343/2
f 5319/6343/2 5315/6339/2 5311/6335/2
f 5311/6335/2 5307/6331/2 5303/6327/2
f 5303/6327/2 5327/6351/2 5319/6343/2
f 5327/6351/2014 5328/6352/2014 5296/6320/2014
f 5314/6338/2015 5315/6339/2015 5283/6307/2015
f 5301/6325/2016 5302/6326/2016 5270/6294/2016
f 5328/6352/2017 5329/6353/2017 5297/6321/2017
f 5315/6339/2018 5316/6340/2018 5284/6308/2018
f 5302/6326/2019 5303/6327/2019 5271/6295/2019
f 5329/6353/2020 5330/6354/2020 5298/6322/2020
f 5316/6340/2021 5317/6341/2021 5285/6309/2021
f 5303/6327/2022 5304/6328/2022 5272/6296/2022
f 5330/6354/2023 5331/6355/2023 5299/6323/2023
f 5317/6341/2024 5318/6342/2024 5286/6310/2024
f 5304/6328/2025 5305/6329/2025 5273/6297/2025
f 5331/6355/2026 5332/6356/2026 5300/6324/2026
f 5318/6342/2027 5319/6343/2027 5287/6311/2027
f 5305/6329/2028 5306/6330/2028 5274/6298/2028
f 5332/6356/2029 5301/6325/2029 5269/6293/2029
f 5319/6343/2030 5320/6344/2030 5288/6312/2030
f 5306/6330/2031 5307/6331/2031 5275/6299/2031
f 5320/6344/2032 5321/6345/2032 5289/6313/2032
f 5307/6331/2033 5308/6332/2033 5276/6300/2033
f 5321/6345/2034 5322/6346/2034 5290/6314/2034
f 5308/6332/2035 5309/6333/2035 5277/6301/2035
f 5322/6346/2036 5323/6347/2036 5291/6315/2036
f 5309/6333/2037 5310/6334/2037 5278/6302/2037
f 5323/6347/2038 5324/6348/2038 5292/6316/2038
f 5310/6334/2039 5311/6335/2039 5279/6303/2039
f 5324/6348/2040 5325/6349/2040 5293/6317/2040
f 5311/6335/2041 5312/6336/2041 5280/6304/2041
f 5325/6349/2042 5326/6350/2042 5294/6318/2042
f 5312/6336/2043 5313/6337/2043 5281/6305/2043
f 5326/6350/2044 5327/6351/2044 5295/6319/2044
f 5313/6337/2045 5314/6338/2045 5282/6306/2045
f 5333/6357/2013 5334/6358/2013 5335/6359/2013
f 5335/6359/2013 5336/6360/2013 5337/6361/2013
f 5337/6361/2013 5338/6362/2013 5339/6363/2013
f 5339/6363/2013 5340/6364/2013 5341/6365/2013
f 5341/6365/2013 5342/6366/2013 5343/6367/2013
f 5343/6367/2013 5344/6368/2013 5345/6369/2013
f 5345/6369/2013 5346/6370/2013 5347/6371/2013
f 5347/6371/2013 5348/6372/2013 5349/6373/2013
f 5349/6373/2013 5350/6374/2013 5351/6375/2013
f 5351/6375/2013 5352/6376/2013 5353/6377/2013
f 5353/6377/2013 5354/6378/2013 5355/6379/2013
f 5355/6379/2013 5356/6380/2013 5357/6381/2013
f 5357/6381/2013 5358/6382/2013 5359/6383/2013
f 5359/6383/2013 5360/6384/2013 5361/6385/2013
f 5361/6385/2013 5362/6386/2013 5363/6387/2013
f 5363/6387/2013 5364/6388/2013 5333/6357/2013
f 5333/6357/2013 5335/6359/2013 5337/6361/2013
f 5337/6361/2013 5339/6363/2013 5341/6365/2013
f 5341/6365/2013 5343/6367/2013 5345/6369/2013
f 5345/6369/2013 5347/6371/2013 5349/6373/2013
f 5349/6373/2013 5351/6375/2013 5353/6377/2013
f 5353/6377/2013 5355/6379/2013 5357/6381/2013
f 5357/6381/2013 5359/6383/2013 5361/6385/2013
f 5361/6385/2013 5363/6387/2013 5333/6357/2013
f 5333/6357/2013 5337/6361/2013 5341/6365/2013
f 5341/6365/2013 5345/6369/2013 5349/6373/2013
f 5349/6373/2013 5353/6377/2013 5357/6381/2013
f 5357/6381/2013 5361/6385/2013 5333/6357/2013
f 5333/6357/2013 5341/6365/2013 5349/6373/2013
f 5367/6391/2 5366/6390/2 5365/6389/2
f 5365/6389/2 5396/6420/2 5395/6419/2
f 5395/6419/2 5394/6418/2 5393/6417/2
f 5393/6417/2 5392/6416/2 5391/6415/2
f 5391/6415/2 5390/6414/2 5389/6413/2
f 5389/6413/2 5388/6412/2 5387/6411/2
f 5387/6411/2 5386/6410/2 5385/6409/2
f 5385/6409/2 5384/6408/2 5383/6407/2
f 5383/6407/2 5382/6406/2 5381/6405/2
f 5381/6405/2 5380/6404/2 5379/6403/2
f 5379/6403/2 5378/6402/2 5377/6401/2
f 5377/6401/2 5376/6400/2 5375/6399/2
f 5375/6399/2 5374/6398/2 5373/6397/2
f 5373/6397/2 5372/6396/2 5371/6395/2
f 5371/6395/2 5370/6394/2 5369/6393/2
f 5369/6393/2 5368/6392/2 5367/6391/2
f 5367/6391/2 5365/6389/2 5395/6419/2
f 5395/6419/2 5393/6417/2 5391/6415/2
f 5391/6415/2 5389/6413/2 5387/6411/2
f 5387/6411/2 5385/6409/2 5383/6407/2
f 5383/6407/2 5381/6405/2 5379/6403/2
f 5379/6403/2 5377/6401/2 5375/6399/2
f 5375/6399/2 5373/6397/2 5371/6395/2
f 5371/6395/2 5369/6393/2 5367/6391/2
f 5367/6391/2 5395/6419/2 5391/6415/2
f 5391/6415/2 5387/6411/2 5383/6407/2
f 5383/6407/2 5379/6403/2 5375/6399/2
f 5375/6399/2 5371/6395/2 5367/6391/2
f 5367/6391/2 5391/6415/2 5383/6407/2
f 5391/6415/2014 5392/6416/2014 5360/6384/2014
f 5378/6402/2015 5379/6403/2015 5347/6371/2015
f 5365/6389/2016 5366/6390/2016 5334/6358/2016
f 5392/6416/2017 5393/6417/2017 5361/6385/2017
f 5379/6403/2018 5380/6404/2018 5348/6372/2018
f 5366/6390/2019 5367/6391/2019 5335/6359/2019
f 5393/6417/2020 5394/6418/2020 5362/6386/2020
f 5380/6404/2021 5381/6405/2021 5349/6373/2021
f 5367/6391/2022 5368/6392/2022 5336/6360/2022
f 5394/6418/2023 5395/6419/2023 5363/6387/2023
f 5381/6405/2024 5382/6406/2024 5350/6374/2024
f 5368/6392/2025 5369/6393/2025 5337/6361/2025
f 5395/6419/2026 5396/6420/2026 5364/6388/2026
f 5382/6406/2027 5383/6407/2027 5351/6375/2027
f 5369/6393/2028 5370/6394/2028 5338/6362/2028
f 5396/6420/2029 5365/6389/2029 5333/6357/2029
f 5383/6407/2030 5384/6408/2030 5352/6376/2030
f 5370/6394/2031 5371/6395/2031 5339/6363/2031
f 5384/6408/2032 5385/6409/2032 5353/6377/2032
f 5371/6395/2033 5372/6396/2033 5340/6364/2033
f 5385/6409/2034 5386/6410/2034 5354/6378/2034
f 5372/6396/2035 5373/6397/2035 5341/6365/2035
f 5386/6410/2036 5387/6411/2036 5355/6379/2036
f 5373/6397/2037 5374/6398/2037 5342/6366/2037
f 5387/6411/2038 5388/6412/2038 5356/6380/2038
f 5374/6398/2039 5375/6399/2039 5343/6367/2039
f 5388/6412/2040 5389/6413/2040 5357/6381/2040
f 5375/6399/2041 5376/6400/2041 5344/6368/2041
f 5389/6413/2042 5390/6414/2042 5358/6382/2042
f 5376/6400/2043 5377/6401/2043 5345/6369/2043
f 5390/6414/2044 5391/6415/2044 5359/6383/2044
f 5377/6401/2045 5378/6402/2045 5346/6370/2045
f 5397/6421/2013 5398/6422/2013 5399/6423/2013
f 5399/6423/2013 5400/6424/2013 5401/6425/2013
f 5401/6425/2013 5402/6426/2013 5403/6427/2013
f 5403/6427/2013 5404/6428/2013 5405/6429/2013
f 5405/6429/2013 5406/6430/2013 5407/6431/2013
f 5407/6431/2013 5408/6432/2013 5409/6433/2013
f 5409/6433/2013 5410/6434/2013 5411/6435/2013
f 5411/6435/2013 5412/6436/2013 5413/6437/2013
f 5413/6437/2013 5414/6438/2013 5415/6439/2013
f 5415/6439/2013 5416/6440/2013 5417/6441/2013
f 5417/6441/2013 5418/6442/2013 5419/6443/2013
f 5419/6443/2013 5420/6444/2013 5421/6445/2013
f 5421/6445/2013 5422/6446/2013 5423/6447/2013
f 5423/6447/2013 5424/6448/2013 5425/6449/2013
f 5425/6449/2013 5426/6450/2013 5427/6451/2013
f 5427/6451/2013 5428/6452/2013 5397/6421/2013
f 5397/6421/2013 5399/6423/2013 5401/6425/2013
f 5401/6425/2013 5403/6427/2013 5405/6429/2013
f 5405/6429/2013 5407/6431/2013 5409/6433/2013
f 5409/6433/2013 5411/6435/2013 5413/6437/2013
f 5413/6437/2013 5415/6439/2013 5417/6441/2013
f 5417/6441/2013 5419/6443/2013 5421/6445/2013
f 5421/6445/2013 5423/6447/2013 5425/6449/2013
f 5425/6449/2013 5427/6451/2013 5397/6421/2013
f 5397/6421/2013 5401/6425/2013 5405/6429/2013
f 5405/6429/2013 5409/6433/2013 5413/6437/2013
f 5413/6437/2013 5417/6441/2013 5421/6445/2013
f 5421/6445/2013 5425/6449/2013 5397/6421/2013
f 5397/6421/2013 5405/6429/2013 5413/6437/2013
f 5431/6455/2 5430/6454/2 5429/6453/2
f 5429/6453/2 5460/6484/2 5459/6483/2
f 5459/6483/2 5458/6482/2 5457/6481/2
f 5457/6481/2 5456/6480/2 5455/6479/2
f 5455/6479/2 5454/6478/2 5453/6477/2
f 5453/6477/2 5452/6476/2 5451/6475/2
f 5451/6475/2 5450/6474/2 5449/6473/2
f 5449/6473/2 5448/6472/2 5447/6471/2
f 5447/6471/2 5446/6470/2 5445/6469/2
f 5445/6469/2 5444/6468/2 5443/6467/2
f 5443/6467/2 5442/6466/2 5441/6465/2
f 5441/6465/2 5440/6464/2 5439/6463/2
f 5439/6463/2 5438/6462/2 5437/6461/2
f 5437/6461/2 5436/6460/2 5435/6459/2
f 5435/6459/2 5434/6458/2 5433/6457/2
f 5433/6457/2 5432/6456/2 5431/6455/2
f 5431/6455/2 5429/6453/2 5459/6483/2
f 5459/6483/2 5457/6481/2 5455/6479/2
f 5455/6479/2 5453/6477/2 5451/6475/2
f 5451/6475/2 5449/6473/2 5447/6471/2
f 5447/6471/2 5445/6469/2 5443/6467/2
f 5443/6467/2 5441/6465/2 5439/6463/2
f 5439/6463/2 5437/6461/2 5435/6459/2
f 5435/6459/2 5433/6457/2 5431/6455/2
f 5431/6455/2 5459/6483/2 5455/6479/2
f 5455/6479/2 5451/6475/2 5447/6471/2
f 5447/6471/2 5443/6467/2 5439/6463/2
f 5439/6463/2 5435/6459/2 5431/6455/2
f 5431/6455/2 5455/6479/2 5447/6471/2
f 5455/6479/2014 5456/6480/2014 5424/6448/2014
f 5442/6466/2015 5443/6467/2015 5411/6435/2015
f 5429/6453/2016 5430/6454/2016 5398/6422/2016
f 5456/6480/2017 5457/6481/2017 5425/6449/2017
f 5443/6467/2018 5444/6468/2018 5412/6436/2018
f 5430/6454/2019 5431/6455/2019 5399/6423/2019
f 5457/6481/2020 5458/6482/2020 5426/6450/2020
f 5444/6468/2021 5445/6469/2021 5413/6437/2021
f 5431/6455/2022 5432/6456/2022 5400/6424/2022
f 5458/6482/2023 5459/6483/2023 5427/6451/2023
f 5445/6469/2024 5446/6470/2024 5414/6438/2024
f 5432/6456/2025 5433/6457/2025 5401/6425/2025
f 5459/6483/2026 5460/6484/2026 5428/6452/2026
f 5446/6470/2027 5447/6471/2027 5415/6439/2027
f 5433/6457/2028 5434/6458/2028 5402/6426/2028
f 5460/6484/2029 5429/6453/2029 5397/6421/2029
f 5447/6471/2030 5448/6472/2030 5416/6440/2030
f 5434/6458/2031 5435/6459/2031 5403/6427/2031
f 5448/6472/2032 5449/6473/2032 5417/6441/2032
f 5435/6459/2033 5436/6460/2033 5404/6428/2033
f 5449/6473/2034 5450/6474/2034 5418/6442/2034
f 5436/6460/2035 5437/6461/2035 5405/6429/2035
f 5450/6474/2036 5451/6475/2036 5419/6443/2036
f 5437/6461/2037 5438/6462/2037 5406/6430/2037
f 5451/6475/2038 5452/6476/2038 5420/6444/2038
f 5438/6462/2039 5439/6463/2039 5407/6431/2039
f 5452/6476/2040 5453/6477/2040 5421/6445/2040
f 5439/6463/2041 5440/6464/2041 5408/6432/2041
f 5453/6477/2042 5454/6478/2042 5422/6446/2042
f 5440/6464/2043 5441/6465/2043 5409/6433/2043
f 5454/6478/2044 5455/6479/2044 5423/6447/2044
f 5441/6465/2045 5442/6466/2045 5410/6434/2045
f 5461/6485/2013 5462/6486/2013 5463/6487/2013
f 5463/6487/2013 5464/6488/2013 5465/6489/2013
f 5465/6489/2013 5466/6490/2013 5467/6491/2013
f 5467/6491/2013 5468/6492/2013 5469/6493/2013
f 5469/6493/2013 5470/6494/2013 5471/6495/2013
f 5471/6495/2013 5472/6496/2013 5473/6497/2013
f 5473/6497/2013 5474/6498/2013 5475/6499/2013
f 5475/6499/2013 5476/6500/2013 5477/6501/2013
f 5477/6501/2013 5478/6502/2013 5479/6503/2013
f 5479/6503/2013 5480/6504/2013 5481/6505/2013
f 5481/6505/2013 5482/6506/2013 5483/6507/2013
f 5483/6507/2013 5484/6508/2013 5485/6509/2013
f 5485/6509/2013 5486/6510/2013 5487/6511/2013
f 5487/6511/2013 5488/6512/2013 5489/6513/2013
f 5489/6513/2013 5490/6514/2013 5491/6515/2013
f 5491/6515/2013 5492/6516/2013 5461/6485/2013
f 5461/6485/2013 5463/6487/2013 5465/6489/2013
f 5465/6489/2013 5467/6491/2013 5469/6493/2013
f 5469/6493/2013 5471/6495/2013 5473/6497/2013
f 5473/6497/2013 5475/6499/2013 5477/6501/2013
f 5477/6501/2013 5479/6503/2013 5481/6505/2013
f 5481/6505/2013 5483/6507/2013 5485/6509/2013
f 5485/6509/2013 5487/6511/2013 5489/6513/2013
f 5489/6513/2013 5491/6515/2013 5461/6485/2013
f 5461/6485/2013 5465/6489/2013 5469/6493/2013
f 5469/6493/2013 5473/6497/2013 5477/6501/2013
f 5477/6501/2013 5481/6505/2013 5485/6509/2013
f 5485/6509/2013 5489/6513/2013 5461/6485/2013
f 5461/6485/2013 5469/6493/2013 5477/6501/2013
f 5495/6519/2 5494/6518/2 5493/6517/2
f 5493/6517/2 5524/6548/2 5523/6547/2
f 5523/6547/2 5522/6546/2 5521/6545/2
f 5521/6545/2 5520/6544/2 5519/6543/2
f 5519/6543/2 5518/6542/2 5517/6541/2
f 5517/6541/2 5516/6540/2 5515/6539/2
f 5515/6539/2 5514/6538/2 5513/6537/2
f 5513/6537/2 5512/6536/2 5511/6535/2
f 5511/6535/2 5510/6534/2 5509/6533/2
f 5509/6533/2 5508/6532/2 5507/6531/2
f 5507/6531/2 5506/6530/2 5505/6529/2
f 5505/6529/2 5504/6528/2 5503/6527/2
f 5503/6527/2 5502/6526/2 5501/6525/2
f 5501/6525/2 5500/6524/2 5499/6523/2
f 5499/6523/2 5498/6522/2 5497/6521/2
f 5497/6521/2 5496/6520/2 5495/6519/2
f 5495/6519/2 5493/6517/2 5523/6547/2
f 5523/6547/2 5521/6545/2 5519/6543/2
f 5519/6543/2 5517/6541/2 5515/6539/2
f 5515/6539/2 5513/6537/2 5511/6535/2
f 5511/6535/2 5509/6533/2 5507/6531/2
f 5507/6531/2 5505/6529/2 5503/6527/2
f 5503/6527/2 5501/6525/2 5499/6523/2
f 5499/6523/2 5497/6521/2 5495/6519/2
f 5495/6519/2 5523/6547/2 5519/6543/2
f 5519/6543/2 5515/6539/2 5511/6535/2
f 5511/6535/2 5507/6531/2 5503/6527/2
f 5503/6527/2 5499/6523/2 5495/6519/2
f 5495/6519/2 5519/6543/2 5511/6535/2
f 5519/6543/2014 5520/6544/2014 5488/6512/2014
f 5506/6530/2015 5507/6531/2015 5475/6499/2015
f 5493/6517/2016 5494/6518/2016 5462/6486/2016
f 5520/6544/2017 5521/6545/2017 5489/6513/2017
f 5507/6531/2018 5508/6532/2018 5476/6500/2018
f 5494/6518/2019 5495/6519/2019 5463/6487/2019
f 5521/6545/2020 5522/6546/2020 5490/6514/2020
f 5508/6532/2021 5509/6533/2021 5477/6501/2021
f 5495/6519/2022 5496/6520/2022 5464/6488/2022
f 5522/6546/2023 5523/6547/2023 5491/6515/2023
f 5509/6533/2024 5510/6534/2024 5478/6502/2024
f 5496/6520/2025 5497/6521/2025 5465/6489/2025
f 5523/6547/2026 5524/6548/2026 5492/6516/2026
f 5510/6534/2027 5511/6535/2027 5479/6503/2027
f 5497/6521/2028 5498/6522/2028 5466/6490/2028
f 5524/6548/2029 5493/6517/2029 5461/6485/2029
f 5511/6535/2030 5512/6536/2030 5480/6504/2030
f 5498/6522/2031 5499/6523/2031 5467/6491/2031
f 5512/6536/2032 5513/6537/2032 5481/6505/2032
f 5499/6523/2033 5500/6524/2033 5468/6492/2033
f 5513/6537/2034 5514/6538/2034 5482/6506/2034
f 5500/6524/2035 5501/6525/2035 5469/6493/2035
f 5514/6538/2036 5515/6539/2036 5483/6507/2036
f 5501/6525/2037 5502/6526/2037 5470/6494/2037
f 5515/6539/2038 5516/6540/2038 5484/6508/2038
f 5502/6526/2039 5503/6527/2039 5471/6495/2039
f 5516/6540/2040 5517/6541/2040 5485/6509/2040
f 5503/6527/2041 5504/6528/2041 5472/6496/2041
f 5517/6541/2042 5518/6542/2042 5486/6510/2042
f 5504/6528/2043 5505/6529/2043 5473/6497/2043
f 5518/6542/2044 5519/6543/2044 5487/6511/2044
f 5505/6529/2045 5506/6530/2045 5474/6498/2045
f 5525/6549/2013 5526/6550/2013 5527/6551/2013
f 5527/6551/2013 5528/6552/2013 5529/6553/2013
f 5529/6553/2013 5530/6554/2013 5531/6555/2013
f 5531/6555/2013 5532/6556/2013 5533/6557/2013
f 5533/6557/2013 5534/6558/2013 5535/6559/2013
f 5535/6559/2013 5536/6560/2013 5537/6561/2013
f 5537/6561/2013 5538/6562/2013 5539/6563/2013
f 5539/6563/2013 5540/6564/2013 5541/6565/2013
f 5541/6565/2013 5542/6566/2013 5543/6567/2013
f 5543/6567/2013 5544/6568/2013 5545/6569/2013
f 5545/6569/2013 5546/6570/2013 5547/6571/2013
f 5547/6571/2013 5548/6572/2013 5549/6573/2013
f 5549/6573/2013 5550/6574/2013 5551/6575/2013
f 5551/6575/2013 5552/6576/2013 5553/6577/2013
f 5553/6577/2013 5554/6578/2013 5555/6579/2013
f 5555/6579/2013 5556/6580/2013 5525/6549/2013
f 5525/6549/2013 5527/6551/2013 5529/6553/2013
f 5529/6553/2013 5531/6555/2013 5533/6557/2013
f 5533/6557/2013 5535/6559/2013 5537/6561/2013
f 5537/6561/2013 5539/6563/2013 5541/6565/2013
f 5541/6565/2013 5543/6567/2013 5545/6569/2013
f 5545/6569/2013 5547/6571/2013 5549/6573/2013
f 5549/6573/2013 5551/6575/2013 5553/6577/2013
f 5553/6577/2013 5555/6579/2013 5525/6549/2013
f 5525/6549/2013 5529/6553/2013 5533/6557/2013
f 5533/6557/2013 5537/6561/2013 5541/6565/2013
f 5541/6565/2013 5545/6569/2013 5549/6573/2013
f 5549/6573/2013 5553/6577/2013 5525/6549/2013
f 5525/6549/2013 5533/6557/2013 5541/6565/2013
f 5559/6583/2 5558/6582/2 5557/6581/2
f 5557/6581/2 5588/6612/2 5587/6611/2
f 5587/6611/2 5586/6610/2 5585/6609/2
f 5585/6609/2 5584/6608/2 5583/6607/2
f 5583/6607/2 5582/6606/2 5581/6605/2
f 5581/6605/2 5580/6604/2 5579/6603/2
f 5579/6603/2 5578/6602/2 5577/6601/2
f 5577/6601/2 5576/6600/2 5575/6599/2
f 5575/6599/2 5574/6598/2 5573/6597/2
f 5573/6597/2 5572/6596/2 5571/6595/2
f 5571/6595/2 5570/6594/2 5569/6593/2
f 5569/6593/2 5568/6592/2 5567/6591/2
f 5567/6591/2 5566/6590/2 5565/6589/2
f 5565/6589/2 5564/6588/2 5563/6587/2
f 5563/6587/2 5562/6586/2 5561/6585/2
f 5561/6585/2 5560/6584/2 5559/6583/2
f 5559/6583/2 5557/6581/2 5587/6611/2
f 5587/6611/2 5585/6609/2 5583/6607/2
f 5583/6607/2 5581/6605/2 5579/6603/2
f 5579/6603/2 5577/6601/2 5575/6599/2
f 5575/6599/2 5573/6597/2 5571/6595/2
f 5571/6595/2 5569/6593/2 5567/6591/2
f 5567/6591/2 5565/6589/2 5563/6587/2
f 5563/6587/2 5561/6585/2 5559/6583/2
f 5559/6583/2 5587/6611/2 5583/6607/2
f 5583/6607/2 5579/6603/2 5575/6599/2
f 5575/6599/2 5571/6595/2 5567/6591/2
f 5567/6591/2 5563/6587/2 5559/6583/2
f 5559/6583/2 5583/6607/2 5575/6599/2
f 5583/6607/2014 5584/6608/2014 5552/6576/2014
f 5570/6594/2015 5571/6595/2015 5539/6563/2015
f 5557/6581/2016 5558/6582/2016 5526/6550/2016
f 5584/6608/2017 5585/6609/2017 5553/6577/2017
f 5571/6595/2018 5572/6596/2018 5540/6564/2018
f 5558/6582/2019 5559/6583/2019 5527/6551/2019
f 5585/6609/2020 5586/6610/2020 5554/6578/2020
f 5572/6596/2021 5573/6597/2021 5541/6565/2021
f 5559/6583/2022 5560/6584/2022 5528/6552/2022
f 5586/6610/2023 5587/6611/2023 5555/6579/2023
f 5573/6597/2024 5574/6598/2024 5542/6566/2024
f 5560/6584/2025 5561/6585/2025 5529/6553/2025
f 5587/6611/2026 5588/6612/2026 5556/6580/2026
f 5574/6598/2027 5575/6599/2027 5543/6567/2027
f 5561/6585/2028 5562/6586/2028 5530/6554/2028
f 5588/6612/2029 5557/6581/2029 5525/6549/2029
f 5575/6599/2030 5576/6600/2030 5544/6568/2030
f 5562/6586/2031 5563/6587/2031 5531/6555/2031
f 5576/6600/2032 5577/6601/2032 5545/6569/2032
f 5563/6587/2033 5564/6588/2033 5532/6556/2033
f 5577/6601/2034 5578/6602/2034 5546/6570/2034
f 5564/6588/2035 5565/6589/2035 5533/6557/2035
f 5578/6602/2036 5579/6603/2036 5547/6571/2036
f 5565/6589/2037 5566/6590/2037 5534/6558/2037
f 5579/6603/2038 5580/6604/2038 5548/6572/2038
f 5566/6590/2039 5567/6591/2039 5535/6559/2039
f 5580/6604/2040 5581/6605/2040 5549/6573/2040
f 5567/6591/2041 5568/6592/2041 5536/6560/2041
f 5581/6605/2042 5582/6606/2042 5550/6574/2042
f 5568/6592/2043 5569/6593/2043 5537/6561/2043
f 5582/6606/2044 5583/6607/2044 5551/6575/2044
f 5569/6593/2045 5570/6594/2045 5538/6562/2045
f 5589/6613/2013 5590/6614/2013 5591/6615/2013
f 5591/6615/2013 5592/6616/2013 5593/6617/2013
f 5593/6617/2013 5594/6618/2013 5595/6619/2013
f 5595/6619/2013 5596/6620/2013 5597/6621/2013
f 5597/6621/2013 5598/6622/2013 5599/6623/2013
f 5599/6623/2013 5600/6624/2013 5601/6625/2013
f 5601/6625/2013 5602/6626/2013 5603/6627/2013
f 5603/6627/2013 5604/6628/2013 5605/6629/2013
f 5605/6629/2013 5606/6630/2013 5607/6631/2013
f 5607/6631/2013 5608/6632/2013 5609/6633/2013
f 5609/6633/2013 5610/6634/2013 5611/6635/2013
f 5611/6635/2013 5612/6636/2013 5613/6637/2013
f 5613/6637/2013 5614/6638/2013 5615/6639/2013
f 5615/6639/2013 5616/6640/2013 5617/6641/2013
f 5617/6641/2013 5618/6642/2013 5619/6643/2013
f 5619/6643/2013 5620/6644/2013 5589/6613/2013
f 5589/6613/2013 5591/6615/2013 5593/6617/2013
f 5593/6617/2013 5595/6619/2013 5597/6621/2013
f 5597/6621/2013 5599/6623/2013 5601/6625/2013
f 5601/6625/2013 5603/6627/2013 5605/6629/2013
f 5605/6629/2013 5607/6631/2013 5609/6633/2013
f 5609/6633/2013 5611/6635/2013 5613/6637/2013
f 5613/6637/2013 5615/6639/2013 5617/6641/2013
f 5617/6641/2013 5619/6643/2013 5589/6613/2013
f 5589/6613/2013 5593/6617/2013 5597/6621/2013
f 5597/6621/2013 5601/6625/2013 5605/6629/2013
f 5605/6629/2013 5609/6633/2013 5613/6637/2013
f 5613/6637/2013 5617/6641/2013 5589/6613/2013
f 5589/6613/2013 5597/6621/2013 5605/6629/2013
f 5623/6647/2 5622/6646/2 5621/6645/2
f 5621/6645/2 5652/6676/2 5651/6675/2
f 5651/6675/2 5650/6674/2 5649/6673/2
f 5649/6673/2 5648/6672/2 5647/6671/2
f 5647/6671/2 5646/6670/2 5645/6669/2
f 5645/6669/2 5644/6668/2 5643/6667/2
f 5643/6667/2 5642/6666/2 5641/6665/2
f 5641/6665/2 5640/6664/2 5639/6663/2
f 5639/6663/2 5638/6662/2 5637/6661/2
f 5637/6661/2 5636/6660/2 5635/6659/2
f 5635/6659/2 5634/6658/2 5633/6657/2
f 5633/6657/2 5632/6656/2 5631/6655/2
f 5631/6655/2 5630/6654/2 5629/6653/2
f 5629/6653/2 5628/6652/2 5627/6651/2
f 5627/6651/2 5626/6650/2 5625/6649/2
f 5625/6649/2 5624/6648/2 5623/6647/2
f 5623/6647/2 5621/6645/2 5651/6675/2
f 5651/6675/2 5649/6673/2 5647/6671/2
f 5647/6671/2 5645/6669/2 5643/6667/2
f 5643/6667/2 5641/6665/2 5639/6663/2
f 5639/6663/2 5637/6661/2 5635/6659/2
f 5635/6659/2 5633/6657/2 5631/6655/2
f 5631/6655/2 5629/6653/2 5627/6651/2
f 5627/6651/2 5625/6649/2 5623/6647/2
f 5623/6647/2 5651/6675/2 5647/6671/2
f 5647/6671/2 5643/6667/2 5639/6663/2
f 5639/6663/2 5635/6659/2 5631/6655/2
f 5631/6655/2 5627/6651/2 5623/6647/2
f 5623/6647/2 5647/6671/2 5639/6663/2
f 5647/6671/2014 5648/6672/2014 5616/6640/2014
f 5634/6658/2015 5635/6659/2015 5603/6627/2015
f 5621/6645/2016 5622/6646/2016 5590/6614/2016
f 5648/6672/2017 5649/6673/2017 5617/6641/2017
f 5635/6659/2018 5636/6660/2018 5604/6628/2018
f 5622/6646/2019 5623/6647/2019 5591/6615/2019
f 5649/6673/2020 5650/6674/2020 5618/6642/2020
f 5636/6660/2021 5637/6661/2021 5605/6629/2021
f 5623/6647/2022 5624/6648/2022 5592/6616/2022
f 5650/6674/2023 5651/6675/2023 5619/6643/2023
f 5637/6661/2024 5638/6662/2024 5606/6630/2024
f 5624/6648/2025 5625/6649/2025 5593/6617/2025
f 5651/6675/2026 5652/6676/2026 5620/6644/2026
f 5638/6662/2027 5639/6663/2027 5607/6631/2027
f 5625/6649/2028 5626/6650/2028 5594/6618/2028
f 5652/6676/2029 5621/6645/2029 5589/6613/2029
f 5639/6663/2030 5640/6664/2030 5608/6632/2030
f 5626/6650/2031 5627/6651/2031 5595/6619/2031
f 5640/6664/2032 5641/6665/2032 5609/6633/2032
f 5627/6651/2033 5628/6652/2033 5596/6620/2033
f 5641/6665/2034 5642/6666/2034 5610/6634/2034
f 5628/6652/2035 5629/6653/2035 5597/6621/2035
f 5642/6666/2036 5643/6667/2036 5611/6635/2036
f 5629/6653/2037 5630/6654/2037 5598/6622/2037
f 5643/6667/2038 5644/6668/2038 5612/6636/2038
f 5630/6654/2039 5631/6655/2039 5599/6623/2039
f 5644/6668/2040 5645/6669/2040 5613/6637/2040
f 5631/6655/2041 5632/6656/2041 5600/6624/2041
f 5645/6669/2042 5646/6670/2042 5614/6638/2042
f 5632/6656/2043 5633/6657/2043 5601/6625/2043
f 5646/6670/2044 5647/6671/2044 5615/6639/2044
f 5633/6657/2045 5634/6658/2045 5602/6626/2045
