# Blender 3.3.1
# www.blender.org
o 1x1_2u_6_cr2025_batteries
v -239.000000 93.750000 0.000000
v -235.009064 101.800003 0.000000
v -234.199997 100.990936 0.000000
v -238.920242 93.750977 0.000000
v -234.990173 101.799881 0.000000
v -238.840530 93.753914 0.000000
v -238.760925 93.758804 0.000000
v -234.980347 101.799706 0.000000
v -238.681442 93.765648 0.000000
v -234.970551 101.799400 0.000000
v -238.602173 93.774437 0.000000
v -234.960754 101.798981 0.000000
v -238.523132 93.785172 0.000000
v -234.950974 101.798439 0.000000
v -238.444382 93.797844 0.000000
v -234.941177 101.797775 0.000000
v -238.365967 93.812447 0.000000
v -234.931351 101.796997 0.000000
v -238.287933 93.828964 0.000000
v -234.921539 101.796089 0.000000
v -238.210327 93.847397 0.000000
v -234.911865 101.795074 0.000000
v -238.133194 93.867722 0.000000
v -234.902115 101.793930 0.000000
v -238.056580 93.889938 0.000000
v -234.892334 101.792664 0.000000
v -237.980545 93.914032 0.000000
v -234.882599 101.791283 0.000000
v -237.905106 93.939980 0.000000
v -234.872894 101.789780 0.000000
v -237.830353 93.967773 0.000000
v -234.863266 101.788170 0.000000
v -237.756287 93.997391 0.000000
v -234.853638 101.786438 0.000000
v -237.682968 94.028816 0.000000
v -234.843948 101.784576 0.000000
v -237.610443 94.062035 0.000000
v -234.834320 101.782593 0.000000
v -234.824692 101.780502 0.000000
v -237.538773 94.097015 0.000000
v -234.815155 101.778290 0.000000
v -237.467972 94.133751 0.000000
v -237.398087 94.172218 0.000000
v -234.805664 101.775978 0.000000
v -237.329178 94.212379 0.000000
v -234.796097 101.773521 0.000000
v -237.261261 94.254227 0.000000
v -234.786652 101.770973 0.000000
v -237.194397 94.297722 0.000000
v -234.777222 101.768295 0.000000
v -237.128632 94.342850 0.000000
v -234.767792 101.765503 0.000000
v -237.063980 94.389572 0.000000
v -234.758438 101.762596 0.000000
v -237.000504 94.437874 0.000000
v -234.749054 101.759560 0.000000
v -236.938232 94.487717 0.000000
v -234.739746 101.756424 0.000000
v -236.877197 94.539070 0.000000
v -234.730499 101.753181 0.000000
v -236.817444 94.591904 0.000000
v -234.721298 101.749825 0.000000
v -236.759003 94.646194 0.000000
v -234.712112 101.746346 0.000000
v -236.701904 94.701904 0.000000
v -234.702942 101.742744 0.000000
v -236.646194 94.758987 0.000000
v -234.693878 101.739052 0.000000
v -236.591919 94.817429 0.000000
v -234.684799 101.735229 0.000000
v -236.539078 94.877182 0.000000
v -234.675812 101.731308 0.000000
v -236.487717 94.938217 0.000000
v -234.666901 101.727295 0.000000
v -236.437881 95.000496 0.000000
v -234.657974 101.723137 0.000000
v -236.389587 95.063972 0.000000
v -234.649139 101.718895 0.000000
v -236.342850 95.128624 0.000000
v -234.640381 101.714554 0.000000
v -236.297729 95.194397 0.000000
v -234.631561 101.710052 0.000000
v -236.254227 95.261253 0.000000
v -234.622910 101.705490 0.000000
v -236.212387 95.329163 0.000000
v -234.614273 101.700798 0.000000
v -236.172226 95.398079 0.000000
v -234.605698 101.696014 0.000000
v -236.133759 95.467957 0.000000
v -234.597214 101.691139 0.000000
v -236.097031 95.538757 0.000000
v -234.588776 101.686157 0.000000
v -236.062042 95.610443 0.000000
v -234.580368 101.681038 0.000000
v -236.028824 95.682961 0.000000
v -234.572006 101.675819 0.000000
v -235.997391 95.756279 0.000000
v -234.563766 101.670525 0.000000
v -235.967773 95.830338 0.000000
v -234.555603 101.665146 0.000000
v -235.939987 95.905106 0.000000
v -234.547470 101.659645 0.000000
v -235.914032 95.980530 0.000000
v -234.539368 101.654007 0.000000
v -235.889954 96.056572 0.000000
v -234.531418 101.648331 0.000000
v -235.867737 96.133179 0.000000
v -234.523468 101.642517 0.000000
v -235.847412 96.210312 0.000000
v -234.515610 101.636612 0.000000
v -235.828979 96.287918 0.000000
v -234.507828 101.630615 0.000000
v -234.500153 101.624542 0.000000
v -235.812454 96.365952 0.000000
v -234.492554 101.618385 0.000000
v -235.797852 96.444374 0.000000
v -235.785187 96.523125 0.000000
v -234.484955 101.612076 0.000000
v -235.774445 96.602165 0.000000
v -234.477509 101.605728 0.000000
v -235.765656 96.681442 0.000000
v -234.470108 101.599266 0.000000
v -235.758820 96.760910 0.000000
v -234.462784 101.592720 0.000000
v -234.455566 101.586082 0.000000
v -235.753922 96.840530 0.000000
v -234.448380 101.579330 0.000000
v -235.750977 96.920242 0.000000
v -235.750000 97.000000 0.000000
v -234.441360 101.572571 0.000000
v -235.750977 97.079758 0.000000
v -234.434357 101.565643 0.000000
v -234.427429 101.558640 0.000000
v -235.753922 97.159470 0.000000
v -234.420670 101.551620 0.000000
v -235.758820 97.239082 0.000000
v -234.413910 101.544441 0.000000
v -235.765656 97.318558 0.000000
v -234.407288 101.537209 0.000000
v -235.774445 97.397835 0.000000
v -235.785187 97.476875 0.000000
v -234.400726 101.529900 0.000000
v -235.797852 97.555626 0.000000
v -234.394272 101.522491 0.000000
v -235.812454 97.634041 0.000000
v -234.387924 101.515045 0.000000
v -234.381622 101.507454 0.000000
v -235.828979 97.712074 0.000000
v -234.375473 101.499878 0.000000
v -235.847412 97.789680 0.000000
v -234.369385 101.492172 0.000000
v -235.867737 97.866814 0.000000
v -234.363373 101.484367 0.000000
v -235.889954 97.943420 0.000000
v -234.357483 101.476532 0.000000
v -235.914032 98.019463 0.000000
v -234.351654 101.468559 0.000000
v -235.939987 98.094894 0.000000
v -234.345993 101.460632 0.000000
v -235.967773 98.169655 0.000000
v -234.340378 101.452553 0.000000
v -235.997391 98.243721 0.000000
v -236.028824 98.317032 0.000000
v -234.334854 101.444397 0.000000
v -234.329468 101.436241 0.000000
v -236.062042 98.389549 0.000000
v -234.324173 101.427994 0.000000
v -236.097031 98.461235 0.000000
v -234.318970 101.419640 0.000000
v -236.133759 98.532036 0.000000
v -236.172226 98.601913 0.000000
v -234.313843 101.411217 0.000000
v -234.308868 101.402786 0.000000
v -236.212387 98.670830 0.000000
v -234.303986 101.394310 0.000000
v -236.254227 98.738739 0.000000
v -234.299194 101.385735 0.000000
v -236.297729 98.805603 0.000000
v -234.294510 101.377090 0.000000
v -236.342850 98.871376 0.000000
v -234.289948 101.368431 0.000000
v -236.389587 98.936020 0.000000
v -236.437881 98.999504 0.000000
v -234.285446 101.359619 0.000000
v -234.281097 101.350861 0.000000
v -236.487717 99.061775 0.000000
v -236.539078 99.122810 0.000000
v -234.276855 101.342026 0.000000
v -234.272705 101.333099 0.000000
v -236.591919 99.182564 0.000000
v -236.646194 99.241005 0.000000
v -234.268692 101.324188 0.000000
v -236.701904 99.298096 0.000000
v -234.264771 101.315201 0.000000
v -236.759003 99.353806 0.000000
v -234.260956 101.306160 0.000000
v -234.257263 101.297050 0.000000
v -236.817444 99.408089 0.000000
v -236.877197 99.460930 0.000000
v -234.253647 101.287849 0.000000
v -234.250183 101.278702 0.000000
v -236.938232 99.512283 0.000000
v -234.246811 101.269485 0.000000
v -237.000504 99.562126 0.000000
v -237.063980 99.610420 0.000000
v -234.243576 101.260246 0.000000
v -234.240448 101.250961 0.000000
v -237.128632 99.657150 0.000000
v -234.237396 101.241562 0.000000
v -237.194397 99.702271 0.000000
v -237.261261 99.745773 0.000000
v -234.234497 101.232208 0.000000
v -234.231705 101.222778 0.000000
v -237.329178 99.787613 0.000000
v -234.229034 101.213348 0.000000
v -237.398087 99.827782 0.000000
v -234.226486 101.203903 0.000000
v -237.467972 99.866241 0.000000
v -237.538773 99.902977 0.000000
v -234.224030 101.194336 0.000000
v -237.610443 99.937965 0.000000
v -234.221710 101.184853 0.000000
v -237.682968 99.971176 0.000000
v -234.219498 101.175308 0.000000
v -234.217392 101.165649 0.000000
v -237.756287 100.002609 0.000000
v -237.830353 100.032227 0.000000
v -234.215424 101.156052 0.000000
v -237.905106 100.060013 0.000000
v -234.213562 101.146408 0.000000
v -237.980545 100.085968 0.000000
v -234.211823 101.136734 0.000000
v -238.056580 100.110054 0.000000
v -234.210220 101.127106 0.000000
v -238.133194 100.132271 0.000000
v -234.208710 101.117401 0.000000
v -238.210327 100.152603 0.000000
v -234.207336 101.107658 0.000000
v -238.287933 100.171028 0.000000
v -234.206070 101.097893 0.000000
v -238.365967 100.187546 0.000000
v -234.204926 101.088135 0.000000
v -234.203918 101.078468 0.000000
v -238.444382 100.202148 0.000000
v -234.203003 101.068649 0.000000
v -238.523132 100.214821 0.000000
v -234.202225 101.058823 0.000000
v -238.602173 100.225555 0.000000
v -234.201553 101.049034 0.000000
v -238.681442 100.234344 0.000000
v -234.201019 101.039246 0.000000
v -238.760925 100.241196 0.000000
v -238.840530 100.246086 0.000000
v -234.200592 101.029457 0.000000
v -238.920242 100.249023 0.000000
v -234.200302 101.019646 0.000000
v -239.000000 100.250000 0.000000
v -234.200119 101.009827 0.000000
v -239.079758 100.249023 0.000000
v -234.199997 67.009064 0.000000
v -239.159470 100.246086 0.000000
v -235.009064 66.199997 0.000000
v -239.239090 100.241196 0.000000
v -234.200119 66.990173 0.000000
v -239.318558 100.234344 0.000000
v -234.200302 66.980354 0.000000
v -239.397842 100.225555 0.000000
v -234.200592 66.970543 0.000000
v -239.476883 100.214821 0.000000
v -234.201019 66.960754 0.000000
v -239.555634 100.202148 0.000000
v -234.201553 66.950966 0.000000
v -239.634048 100.187546 0.000000
v -234.202225 66.941177 0.000000
v -239.712082 100.171028 0.000000
v -234.203003 66.931351 0.000000
v -239.789688 100.152603 0.000000
v -234.203918 66.921532 0.000000
v -234.204926 66.911865 0.000000
v -239.866821 100.132271 0.000000
v -234.206070 66.902107 0.000000
v -239.943436 100.110054 0.000000
v -240.019470 100.085968 0.000000
v -234.207336 66.892342 0.000000
v -240.094894 100.060013 0.000000
v -234.208710 66.882599 0.000000
v -240.169662 100.032227 0.000000
v -234.210220 66.872894 0.000000
v -240.243729 100.002609 0.000000
v -234.211823 66.863266 0.000000
v -240.317047 99.971176 0.000000
v -234.213562 66.853592 0.000000
v -240.389557 99.937965 0.000000
v -234.215424 66.843948 0.000000
v -240.461243 99.902977 0.000000
v -234.217392 66.834351 0.000000
v -240.532043 99.866241 0.000000
v -234.219498 66.824692 0.000000
v -234.221710 66.815147 0.000000
v -240.601929 99.827782 0.000000
v -234.224030 66.805664 0.000000
v -240.670837 99.787613 0.000000
v -234.226486 66.796097 0.000000
v -240.738754 99.745773 0.000000
v -234.229034 66.786652 0.000000
v -240.805603 99.702271 0.000000
v -234.231705 66.777222 0.000000
v -240.871384 99.657150 0.000000
v -240.936035 99.610420 0.000000
v -234.234497 66.767792 0.000000
v -234.237396 66.758438 0.000000
v -240.999512 99.562126 0.000000
v -241.061783 99.512283 0.000000
v -234.240448 66.749039 0.000000
v -234.243576 66.739754 0.000000
v -241.122818 99.460930 0.000000
v -234.246811 66.730515 0.000000
v -241.182571 99.408089 0.000000
v -241.241013 99.353806 0.000000
v -234.250183 66.721298 0.000000
v -241.298096 99.298096 0.000000
v -234.253647 66.712151 0.000000
v -241.353806 99.241005 0.000000
v -234.257263 66.702950 0.000000
v -241.408096 99.182564 0.000000
v -234.260956 66.693840 0.000000
v -241.460938 99.122810 0.000000
v -234.264771 66.684799 0.000000
v -234.268692 66.675812 0.000000
v -241.512283 99.061775 0.000000
v -234.272705 66.666901 0.000000
v -241.562134 98.999504 0.000000
v -241.610428 98.936020 0.000000
v -234.276855 66.657974 0.000000
v -241.657150 98.871376 0.000000
v -234.281097 66.649139 0.000000
v -241.702286 98.805603 0.000000
v -234.285446 66.640381 0.000000
v -241.745773 98.738739 0.000000
v -234.289948 66.631569 0.000000
v -241.787628 98.670830 0.000000
v -234.294510 66.622910 0.000000
v -241.827789 98.601913 0.000000
v -234.299194 66.614265 0.000000
v -241.866241 98.532036 0.000000
v -234.303986 66.605690 0.000000
v -241.902985 98.461235 0.000000
v -234.308868 66.597214 0.000000
v -241.937973 98.389549 0.000000
v -234.313843 66.588783 0.000000
v -241.971191 98.317032 0.000000
v -234.318970 66.580360 0.000000
v -242.002609 98.243721 0.000000
v -234.324173 66.572006 0.000000
v -242.032227 98.169655 0.000000
v -234.329468 66.563759 0.000000
v -242.060028 98.094894 0.000000
v -234.334854 66.555603 0.000000
v -234.340378 66.547447 0.000000
v -242.085968 98.019463 0.000000
v -234.345993 66.539368 0.000000
v -242.110062 97.943420 0.000000
v -234.351654 66.531441 0.000000
v -242.132278 97.866814 0.000000
v -234.357483 66.523468 0.000000
v -242.152603 97.789680 0.000000
v -234.363373 66.515633 0.000000
v -242.171036 97.712074 0.000000
v -234.369385 66.507828 0.000000
v -242.187561 97.634041 0.000000
v -234.375473 66.500122 0.000000
v -242.202164 97.555626 0.000000
v -242.214828 97.476875 0.000000
v -234.381622 66.492546 0.000000
v -242.225555 97.397835 0.000000
v -234.387924 66.484955 0.000000
v -242.234360 97.318558 0.000000
v -234.394272 66.477509 0.000000
v -242.241196 97.239082 0.000000
v -234.400726 66.470100 0.000000
v -242.246094 97.159470 0.000000
v -234.407288 66.462791 0.000000
v -242.249023 97.079758 0.000000
v -234.413910 66.455559 0.000000
v -242.250000 97.000000 0.000000
v -234.420670 66.448380 0.000000
v -242.249023 96.920242 0.000000
v -234.427429 66.441360 0.000000
v -234.434357 66.434357 0.000000
v -242.246094 96.840530 0.000000
v -242.241196 96.760910 0.000000
v -234.441360 66.427429 0.000000
v -234.448380 66.420670 0.000000
v -242.234360 96.681442 0.000000
v -234.455566 66.413918 0.000000
v -242.225555 96.602165 0.000000
v -234.462784 66.407280 0.000000
v -242.214828 96.523125 0.000000
v -234.470108 66.400734 0.000000
v -242.202164 96.444374 0.000000
v -242.187561 96.365952 0.000000
v -234.477509 66.394272 0.000000
v -242.171036 96.287918 0.000000
v -234.484955 66.387924 0.000000
v -242.152603 96.210312 0.000000
v -234.492554 66.381615 0.000000
v -242.132278 96.133179 0.000000
v -234.500153 66.375458 0.000000
v -242.110062 96.056572 0.000000
v -234.507828 66.369385 0.000000
v -242.085968 95.980530 0.000000
v -234.515610 66.363388 0.000000
v -242.060028 95.905106 0.000000
v -234.523468 66.357483 0.000000
v -242.032227 95.830338 0.000000
v -234.531418 66.351669 0.000000
v -242.002609 95.756279 0.000000
v -262.237701 95.775002 13.497061
v -234.539368 66.345993 0.000000
v -262.200714 95.775002 12.995329
v -241.971191 95.682961 0.000000
v -262.139130 95.775002 12.496017
v -234.547470 66.340355 0.000000
v -262.053101 95.775002 12.000328
v -241.937973 95.610443 0.000000
v -261.942871 95.775002 11.509457
v -234.555603 66.334854 0.000000
v -261.808716 95.775002 11.024586
v -241.902985 95.538757 0.000000
v -261.650879 95.775002 10.546883
v -234.563766 66.329475 0.000000
v -241.866241 95.467957 0.000000
v -261.469818 95.775002 10.077499
v -234.572006 66.324181 0.000000
v -261.265961 95.775002 9.617565
v -241.827789 95.398079 0.000000
v -261.039764 95.775002 9.168188
v -234.580368 66.318962 0.000000
v -260.791779 95.775002 8.730452
v -241.787628 95.329163 0.000000
v -260.522614 95.775002 8.305408
v -260.232941 95.775002 7.894087
v -234.588776 66.313843 0.000000
v -241.745773 95.261253 0.000000
v -259.923401 95.775002 7.497473
v -259.594818 95.775002 7.116524
v -234.597214 66.308861 0.000000
v -241.702286 95.194397 0.000000
v -259.247894 95.775002 6.752159
v -258.883545 95.775002 6.405254
v -234.605698 66.303986 0.000000
v -241.657150 95.128624 0.000000
v -258.502594 95.775002 6.076647
v -258.105988 95.775002 5.767128
v -234.614273 66.299202 0.000000
v -257.694641 95.775002 5.477440
v -234.622910 66.294510 0.000000
v -241.610428 95.063972 0.000000
v -257.269623 95.775002 5.208286
v -256.831879 95.775002 4.960312
v -234.631561 66.289948 0.000000
v -256.382507 95.775002 4.734114
v -241.562134 95.000496 0.000000
v -241.512283 94.938217 0.000000
v -255.922562 95.775002 4.530239
v -234.640381 66.285446 0.000000
v -255.453186 95.775002 4.349178
v -254.975479 95.775002 4.191364
v -234.649139 66.281105 0.000000
v -241.460938 94.877182 0.000000
v -254.490601 95.775002 4.057182
v -234.657974 66.276863 0.000000
v -253.999741 95.775002 3.946955
v -241.408096 94.817429 0.000000
v -253.504044 95.775002 3.860945
v -234.666901 66.272705 0.000000
v -253.004730 95.775002 3.799360
v -241.353806 94.758987 0.000000
v -252.503006 95.775002 3.762350
v -234.675812 66.268692 0.000000
v -252.000061 95.775002 3.750004
v -241.298096 94.701904 0.000000
v -241.241013 94.646194 0.000000
v -234.684799 66.264771 0.000000
v -241.182571 94.591904 0.000000
v -234.693878 66.260948 0.000000
v -241.122818 94.539070 0.000000
v -234.702942 66.257256 0.000000
v -241.061783 94.487717 0.000000
v -234.712112 66.253654 0.000000
v -234.721298 66.250175 0.000000
v -240.999512 94.437874 0.000000
v -240.936035 94.389572 0.000000
v -234.730499 66.246819 0.000000
v -240.871384 94.342850 0.000000
v -234.739746 66.243576 0.000000
v -240.805603 94.297722 0.000000
v -234.749054 66.240440 0.000000
v -240.738754 94.254227 0.000000
v -234.758438 66.237404 0.000000
v -240.670837 94.212379 0.000000
v -234.767792 66.234497 0.000000
v -240.601929 94.172218 0.000000
v -234.777222 66.231705 0.000000
v -240.532043 94.133751 0.000000
v -234.786652 66.229027 0.000000
v -240.461243 94.097015 0.000000
v -234.796097 66.226479 0.000000
v -240.389557 94.062035 0.000000
v -234.805664 66.224022 0.000000
v -240.317047 94.028816 0.000000
v -234.815155 66.221710 0.000000
v -240.243729 93.997391 0.000000
v -234.824692 66.219498 0.000000
v -240.169662 93.967773 0.000000
v -234.834320 66.217407 0.000000
v -240.094894 93.939980 0.000000
v -234.843948 66.215424 0.000000
v -240.019470 93.914032 0.000000
v -234.853638 66.213562 0.000000
v -239.943436 93.889938 0.000000
v -234.863266 66.211830 0.000000
v -239.866821 93.867722 0.000000
v -234.872894 66.210220 0.000000
v -239.789688 93.847397 0.000000
v -234.882599 66.208717 0.000000
v -239.712082 93.828964 0.000000
v -234.892334 66.207336 0.000000
v -239.634048 93.812447 0.000000
v -234.902115 66.206070 0.000000
v -239.555634 93.797844 0.000000
v -234.911865 66.204926 0.000000
v -234.921539 66.203911 0.000000
v -239.476883 93.785172 0.000000
v -234.931351 66.203003 0.000000
v -239.397842 93.774437 0.000000
v -234.941177 66.202225 0.000000
v -239.318558 93.765648 0.000000
v -239.239090 93.758804 0.000000
v -234.950974 66.201561 0.000000
v -234.960754 66.201019 0.000000
v -239.159470 93.753914 0.000000
v -239.079758 93.750977 0.000000
v -234.970551 66.200600 0.000000
v -234.980347 66.200294 0.000000
v -239.000000 93.750000 2.100000
v -234.990173 66.200119 0.000000
v -238.920242 93.750977 2.100000
v -261.738159 98.474998 13.521603
v -238.840530 93.753914 2.100000
v -262.237701 97.974998 13.497061
v -269.799988 100.990936 0.000000
v -261.702972 98.474998 13.044353
v -268.990936 101.800003 0.000000
v -262.200714 97.974998 12.995329
v -238.760925 93.758804 2.100000
v -261.644379 98.474998 12.569403
v -262.139130 97.974998 12.496017
v -238.681442 93.765648 2.100000
v -262.053101 97.974998 12.000328
v -269.799896 101.009827 0.000000
v -261.562561 98.474998 12.097904
v -238.602173 93.774437 2.100000
v -269.799713 101.019646 0.000000
v -261.457703 98.474998 11.630983
v -238.523132 93.785172 2.100000
v -261.942871 97.974998 11.509457
v -269.799408 101.029457 0.000000
v -261.330078 98.474998 11.169769
v -261.808716 97.974998 11.024586
v -238.444382 93.797844 2.100000
v -269.798981 101.039246 0.000000
v -261.179962 98.474998 10.715380
v -238.365967 93.812447 2.100000
v -261.650879 97.974998 10.546883
v -261.007751 98.474998 10.268898
v -269.798431 101.049034 0.000000
v -261.469818 97.974998 10.077499
v -238.287933 93.828964 2.100000
v -260.813812 98.474998 9.831409
v -269.797791 101.058823 0.000000
v -238.210327 93.847397 2.100000
v -261.265961 97.974998 9.617565
v -260.598663 98.474998 9.403955
v -269.796997 101.068649 0.000000
v -261.039764 97.974998 9.168188
v -238.133194 93.867722 2.100000
v -260.362793 98.474998 8.987581
v -269.796082 101.078468 0.000000
v -238.056580 93.889938 2.100000
v -260.791779 97.974998 8.730452
v -260.106750 98.474998 8.583281
v -269.795074 101.088135 0.000000
v -260.522614 97.974998 8.305408
v -237.980545 93.914032 2.100000
v -269.793945 101.097893 0.000000
v -259.831207 98.474998 8.192024
v -237.905106 93.939980 2.100000
v -260.232941 97.974998 7.894087
v -259.536804 98.474998 7.814762
v -269.792664 101.107658 0.000000
v -259.923401 97.974998 7.497473
v -237.830353 93.967773 2.100000
v -269.791290 101.117401 0.000000
v -259.224243 98.474998 7.452412
v -259.594818 97.974998 7.116524
v -269.789795 101.127106 0.000000
v -258.894226 98.474998 7.105816
v -237.756287 93.997391 2.100000
v -269.788177 101.136734 0.000000
v -259.247894 97.974998 6.752159
v -237.682968 94.028816 2.100000
v -258.547668 98.474998 6.775843
v -258.883545 97.974998 6.405254
v -269.786438 101.146408 0.000000
v -258.185303 98.474998 6.463272
v -237.610443 94.062035 2.100000
v -258.502594 97.974998 6.076647
v -237.538773 94.097015 2.100000
v -257.808044 98.474998 6.168850
v -269.784576 101.156052 0.000000
v -269.782593 101.165649 0.000000
v -258.105988 97.974998 5.767128
v -237.467972 94.133751 2.100000
v -257.416779 98.474998 5.893299
v -269.780487 101.175308 0.000000
v -257.694641 97.974998 5.477440
v -257.012482 98.474998 5.637278
v -237.398087 94.172218 2.100000
v -269.778290 101.184853 0.000000
v -257.269623 97.974998 5.208286
v -237.329178 94.212379 2.100000
v -256.596100 98.474998 5.401405
v -237.261261 94.254227 2.100000
v -256.831879 97.974998 4.960312
v -256.168671 98.474998 5.186245
v -269.775970 101.194336 0.000000
v -269.773529 101.203903 0.000000
v -256.382507 97.974998 4.734114
v -255.731171 98.474998 4.992321
v -237.194397 94.297722 2.100000
v -269.770966 101.213348 0.000000
v -255.922562 97.974998 4.530239
v -237.128632 94.342850 2.100000
v -255.284683 98.474998 4.820089
v -269.768311 101.222778 0.000000
v -255.453186 97.974998 4.349178
v -254.830292 98.474998 4.669979
v -237.063980 94.389572 2.100000
v -237.000504 94.437874 2.100000
v -254.975479 97.974998 4.191364
v -254.369095 98.474998 4.542347
v -269.765503 101.232208 0.000000
v -254.490601 97.974998 4.057182
v -236.938232 94.487717 2.100000
v -253.902161 98.474998 4.437492
v -269.762604 101.241562 0.000000
v -253.999741 97.974998 3.946955
v -236.877197 94.539070 2.100000
v -253.430664 98.474998 4.355682
v -269.759552 101.250961 0.000000
v -253.504044 97.974998 3.860945
v -236.817444 94.591904 2.100000
v -252.955704 98.474998 4.297102
v -269.756439 101.260246 0.000000
v -253.004730 97.974998 3.799360
v -236.759003 94.646194 2.100000
v -252.478470 98.474998 4.261898
v -269.753174 101.269485 0.000000
v -252.503006 97.974998 3.762350
v -236.701904 94.701904 2.100000
v -269.749817 101.278702 0.000000
v -252.000061 98.474998 4.250154
v -252.000061 97.974998 3.750004
v -236.646194 94.758987 2.100000
v -269.746368 101.287849 0.000000
v -236.591919 94.817429 2.100000
v -269.742737 101.297050 0.000000
v -269.739044 101.306160 0.000000
v -236.539078 94.877182 2.100000
v -269.735229 101.315201 0.000000
v -236.487717 94.938217 2.100000
v -236.437881 95.000496 2.100000
v -269.731323 101.324188 0.000000
v -269.727295 101.333099 0.000000
v -236.389587 95.063972 2.100000
v -269.723145 101.342026 0.000000
v -236.342850 95.128624 2.100000
v -269.718903 101.350861 0.000000
v -236.297729 95.194397 2.100000
v -269.714539 101.359619 0.000000
v -236.254227 95.261253 2.100000
v -269.710052 101.368431 0.000000
v -236.212387 95.329163 2.100000
v -269.705475 101.377090 0.000000
v -236.172226 95.398079 2.100000
v -269.700806 101.385735 0.000000
v -236.133759 95.467957 2.100000
v -269.696014 101.394310 0.000000
v -236.097031 95.538757 2.100000
v -269.691132 101.402786 0.000000
v -236.062042 95.610443 2.100000
v -269.686157 101.411217 0.000000
v -236.028824 95.682961 2.100000
v -269.681030 101.419640 0.000000
v -235.997391 95.756279 2.100000
v -269.675812 101.427994 0.000000
v -235.967773 95.830338 2.100000
v -241.762405 95.775002 13.497061
v -235.939987 95.905106 2.100000
v -241.799423 95.775002 12.995329
v -241.861008 95.775002 12.496017
v -269.670532 101.436241 0.000000
v -241.947021 95.775002 12.000328
v -269.665161 101.444397 0.000000
v -235.914032 95.980530 2.100000
v -242.057251 95.775002 11.509457
v -269.659637 101.452553 0.000000
v -242.191422 95.775002 11.024586
v -242.349243 95.775002 10.546883
v -235.889954 96.056572 2.100000
v -242.530304 95.775002 10.077499
v -269.653992 101.460632 0.000000
v -242.734177 95.775002 9.617565
v -235.867737 96.133179 2.100000
v -242.960373 95.775002 9.168188
v -235.847412 96.210312 2.100000
v -243.208344 95.775002 8.730452
v -269.648346 101.468559 0.000000
v -243.477509 95.775002 8.305408
v -235.828979 96.287918 2.100000
v -243.767181 95.775002 7.894087
v -269.642517 101.476532 0.000000
v -269.636627 101.484367 0.000000
v -244.076706 95.775002 7.497473
v -235.812454 96.365952 2.100000
v -244.405304 95.775002 7.116524
v -235.797852 96.444374 2.100000
v -244.752213 95.775002 6.752159
v -269.630615 101.492172 0.000000
v -245.116577 95.775002 6.405254
v -235.785187 96.523125 2.100000
v -245.497528 95.775002 6.076647
v -269.624512 101.499878 0.000000
v -245.894135 95.775002 5.767128
v -269.618378 101.507454 0.000000
v -246.305466 95.775002 5.477440
v -246.730499 95.775002 5.208286
v -235.774445 96.602165 2.100000
v -247.168243 95.775002 4.960312
v -269.612091 101.515045 0.000000
v -235.765656 96.681442 2.100000
v -247.617615 95.775002 4.734114
v -248.077560 95.775002 4.530239
v -269.605743 101.522491 0.000000
v -248.546936 95.775002 4.349178
v -235.758820 96.760910 2.100000
v -249.024643 95.775002 4.191364
v -269.599274 101.529900 0.000000
v -249.509521 95.775002 4.057182
v -235.753922 96.840530 2.100000
v -250.000381 95.775002 3.946955
v -269.592712 101.537209 0.000000
v -250.496078 95.775002 3.860945
v -235.750977 96.920242 2.100000
v -269.586090 101.544441 0.000000
v -250.995392 95.775002 3.799360
v -251.497116 95.775002 3.762350
v -235.750000 97.000000 2.100000
v -269.579315 101.551620 0.000000
v -235.750977 97.079758 2.100000
v -235.753922 97.159470 2.100000
v -269.572571 101.558640 0.000000
v -269.565643 101.565643 0.000000
v -235.758820 97.239082 2.100000
v -269.558624 101.572571 0.000000
v -235.765656 97.318558 2.100000
v -235.774445 97.397835 2.100000
v -269.551636 101.579330 0.000000
v -235.785187 97.476875 2.100000
v -269.544434 101.586082 0.000000
v -235.797852 97.555626 2.100000
v -269.537201 101.592720 0.000000
v -269.529907 101.599266 0.000000
v -235.812454 97.634041 2.100000
v -235.828979 97.712074 2.100000
v -269.522491 101.605728 0.000000
v -235.847412 97.789680 2.100000
v -269.515045 101.612076 0.000000
v -235.867737 97.866814 2.100000
v -269.507446 101.618385 0.000000
v -235.889954 97.943420 2.100000
v -269.499847 101.624542 0.000000
v -235.914032 98.019463 2.100000
v -269.492188 101.630615 0.000000
v -235.939987 98.094894 2.100000
v -269.484406 101.636612 0.000000
v -235.967773 98.169655 2.100000
v -269.476532 101.642517 0.000000
v -269.468597 101.648331 0.000000
v -235.997391 98.243721 2.100000
v -236.028824 98.317032 2.100000
v -269.460632 101.654007 0.000000
v -236.062042 98.389549 2.100000
v -269.452515 101.659645 0.000000
v -236.097031 98.461235 2.100000
v -269.444397 101.665146 0.000000
v -269.436249 101.670525 0.000000
v -236.133759 98.532036 2.100000
v -236.172226 98.601913 2.100000
v -269.427979 101.675819 0.000000
v -236.212387 98.670830 2.100000
v -269.419647 101.681038 0.000000
v -236.254227 98.738739 2.100000
v -269.411224 101.686157 0.000000
v -236.297729 98.805603 2.100000
v -269.402802 101.691139 0.000000
v -236.342850 98.871376 2.100000
v -269.394318 101.696014 0.000000
v -269.385742 101.700798 0.000000
v -236.389587 98.936020 2.100000
v -269.377106 101.705490 0.000000
v -236.437881 98.999504 2.100000
v -269.368439 101.710052 0.000000
v -236.487717 99.061775 2.100000
v -269.359619 101.714554 0.000000
v -236.539078 99.122810 2.100000
v -269.350861 101.718895 0.000000
v -236.591919 99.182564 2.100000
v -269.342041 101.723137 0.000000
v -236.646194 99.241005 2.100000
v -236.701904 99.298096 2.100000
v -269.333099 101.727295 0.000000
v -236.759003 99.353806 2.100000
v -242.261963 98.474998 13.521603
v -241.762405 97.974998 13.497061
v -269.324188 101.731308 0.000000
v -242.297165 98.474998 13.044353
v -236.817444 99.408089 2.100000
v -241.799423 97.974998 12.995329
v -269.315186 101.735229 0.000000
v -242.355743 98.474998 12.569403
v -236.877197 99.460930 2.100000
v -241.861008 97.974998 12.496017
v -269.306122 101.739052 0.000000
v -241.947021 97.974998 12.000328
v -236.938232 99.512283 2.100000
v -242.437561 98.474998 12.097904
v -269.297058 101.742744 0.000000
v -242.542404 98.474998 11.630983
v -237.000504 99.562126 2.100000
v -242.057251 97.974998 11.509457
v -269.287872 101.746346 0.000000
v -237.063980 99.610420 2.100000
v -242.670044 98.474998 11.169769
v -269.278687 101.749825 0.000000
v -242.191422 97.974998 11.024586
v -242.820145 98.474998 10.715380
v -237.128632 99.657150 2.100000
v -269.269501 101.753181 0.000000
v -242.349243 97.974998 10.546883
v -242.992371 98.474998 10.268898
v -237.194397 99.702271 2.100000
v -242.530304 97.974998 10.077499
v -269.260254 101.756424 0.000000
v -243.186310 98.474998 9.831409
v -237.261261 99.745773 2.100000
v -242.734177 97.974998 9.617565
v -269.250946 101.759560 0.000000
v -269.241577 101.762596 0.000000
v -243.401459 98.474998 9.403955
v -242.960373 97.974998 9.168188
v -237.329178 99.787613 2.100000
v -243.637329 98.474998 8.987581
v -237.398087 99.827782 2.100000
v -243.208344 97.974998 8.730452
v -269.232208 101.765503 0.000000
v -243.893356 98.474998 8.583281
v -237.467972 99.866241 2.100000
v -243.477509 97.974998 8.305408
v -269.222778 101.768295 0.000000
v -244.168915 98.474998 8.192024
v -269.213348 101.770973 0.000000
v -243.767181 97.974998 7.894087
v -237.538773 99.902977 2.100000
v -269.203918 101.773521 0.000000
v -244.463333 98.474998 7.814762
v -237.610443 99.937965 2.100000
v -244.076706 97.974998 7.497473
v -269.194336 101.775978 0.000000
v -244.775894 98.474998 7.452412
v -237.682968 99.971176 2.100000
v -244.405304 97.974998 7.116524
v -245.105881 98.474998 7.105816
v -269.184845 101.778290 0.000000
v -237.756287 100.002609 2.100000
v -244.752213 97.974998 6.752159
v -245.452454 98.474998 6.775843
v -269.175293 101.780502 0.000000
v -237.830353 100.032227 2.100000
v -245.116577 97.974998 6.405254
v -245.814819 98.474998 6.463272
v -269.165680 101.782593 0.000000
v -237.905106 100.060013 2.100000
v -245.497528 97.974998 6.076647
v -246.192078 98.474998 6.168850
v -269.156067 101.784576 0.000000
v -237.980545 100.085968 2.100000
v -245.894135 97.974998 5.767128
v -246.583328 98.474998 5.893299
v -269.146362 101.786438 0.000000
v -238.056580 100.110054 2.100000
v -246.305466 97.974998 5.477440
v -246.987640 98.474998 5.637278
v -238.133194 100.132271 2.100000
v -246.730499 97.974998 5.208286
v -269.136719 101.788170 0.000000
v -247.404007 98.474998 5.401405
v -238.210327 100.152603 2.100000
v -269.127106 101.789780 0.000000
v -247.168243 97.974998 4.960312
v -247.831467 98.474998 5.186245
v -269.117401 101.791283 0.000000
v -238.287933 100.171028 2.100000
v -247.617615 97.974998 4.734114
v -248.268951 98.474998 4.992321
v -269.107666 101.792664 0.000000
v -238.365967 100.187546 2.100000
v -248.077560 97.974998 4.530239
v -248.715439 98.474998 4.820089
v -238.444382 100.202148 2.100000
v -248.546936 97.974998 4.349178
v -269.097900 101.793930 0.000000
v -249.169830 98.474998 4.669979
v -238.523132 100.214821 2.100000
v -249.024643 97.974998 4.191364
v -269.088135 101.795074 0.000000
v -249.631027 98.474998 4.542347
v -238.602173 100.225555 2.100000
v -269.078461 101.796089 0.000000
v -249.509521 97.974998 4.057182
v -250.097961 98.474998 4.437492
v -269.068665 101.796997 0.000000
v -238.681442 100.234344 2.100000
v -250.000381 97.974998 3.946955
v -250.569458 98.474998 4.355682
v -269.058838 101.797775 0.000000
v -238.760925 100.241196 2.100000
v -250.496078 97.974998 3.860945
v -269.049042 101.798439 0.000000
v -251.044418 98.474998 4.297102
v -250.995392 97.974998 3.799360
v -238.840530 100.246086 2.100000
v -269.039246 101.798981 0.000000
v -251.521652 98.474998 4.261898
v -251.497116 97.974998 3.762350
v -238.920242 100.249023 2.100000
v -269.029449 101.799400 0.000000
v -239.000000 100.250000 2.100000
v -239.079758 100.249023 2.100000
v -269.019653 101.799706 0.000000
v -269.009827 101.799881 0.000000
v -239.159470 100.246086 2.100000
v -239.239090 100.241196 2.100000
v -268.990936 66.199997 0.000000
v -269.799988 67.009064 0.000000
v -239.318558 100.234344 2.100000
v -269.009827 66.200119 0.000000
v -239.397842 100.225555 2.100000
v -239.476883 100.214821 2.100000
v -269.019653 66.200294 0.000000
v -239.555634 100.202148 2.100000
v -269.029449 66.200600 0.000000
v -239.634048 100.187546 2.100000
v -269.039246 66.201019 0.000000
v -239.712082 100.171028 2.100000
v -269.049042 66.201561 0.000000
v -239.789688 100.152603 2.100000
v -269.058838 66.202225 0.000000
v -239.866821 100.132271 2.100000
v -269.068665 66.203003 0.000000
v -239.943436 100.110054 2.100000
v -269.078461 66.203911 0.000000
v -240.019470 100.085968 2.100000
v -269.088135 66.204926 0.000000
v -240.094894 100.060013 2.100000
v -269.097900 66.206070 0.000000
v -269.107666 66.207336 0.000000
v -240.169662 100.032227 2.100000
v -240.243729 100.002609 2.100000
v -262.237701 90.525002 13.497061
v -269.117401 66.208717 0.000000
v -262.200714 90.525002 12.995329
v -269.127106 66.210220 0.000000
v -240.317047 99.971176 2.100000
v -262.139130 90.525002 12.496017
v -269.136719 66.211830 0.000000
v -262.053101 90.525002 12.000328
v -240.389557 99.937965 2.100000
v -261.942871 90.525002 11.509457
v -269.146393 66.213562 0.000000
v -261.808716 90.525002 11.024586
v -261.650879 90.525002 10.546883
v -240.461243 99.902977 2.100000
v -269.156067 66.215424 0.000000
v -261.469818 90.525002 10.077499
v -240.532043 99.866241 2.100000
v -261.265961 90.525002 9.617565
v -240.601929 99.827782 2.100000
v -261.039764 90.525002 9.168188
v -269.165649 66.217392 0.000000
v -260.791779 90.525002 8.730452
v -260.522614 90.525002 8.305408
v -240.670837 99.787613 2.100000
v -269.175293 66.219498 0.000000
v -260.232941 90.525002 7.894087
v -259.923401 90.525002 7.497473
v -240.738754 99.745773 2.100000
v -269.184845 66.221710 0.000000
v -259.594818 90.525002 7.116524
v -240.805603 99.702271 2.100000
v -259.247894 90.525002 6.752159
v -269.194336 66.224022 0.000000
v -258.883545 90.525002 6.405254
v -269.203918 66.226479 0.000000
v -258.502594 90.525002 6.076647
v -240.871384 99.657150 2.100000
v -258.105988 90.525002 5.767128
v -269.213348 66.229027 0.000000
v -257.694641 90.525002 5.477440
v -240.936035 99.610420 2.100000
v -257.269623 90.525002 5.208286
v -269.222778 66.231705 0.000000
v -256.831879 90.525002 4.960312
v -240.999512 99.562126 2.100000
v -256.382507 90.525002 4.734114
v -255.922562 90.525002 4.530239
v -241.061783 99.512283 2.100000
v -269.232208 66.234497 0.000000
v -255.453186 90.525002 4.349178
v -269.241577 66.237404 0.000000
v -254.975479 90.525002 4.191364
v -254.490601 90.525002 4.057182
v -241.122818 99.460930 2.100000
v -269.250977 66.240440 0.000000
v -253.999741 90.525002 3.946955
v -241.182571 99.408089 2.100000
v -253.504044 90.525002 3.860945
v -253.004730 90.525002 3.799360
v -269.260254 66.243576 0.000000
v -252.503006 90.525002 3.762350
v -241.241013 99.353806 2.100000
v -269.269470 66.246811 0.000000
v -252.000061 90.525002 3.750004
v -241.298096 99.298096 2.100000
v -269.278687 66.250175 0.000000
v -241.353806 99.241005 2.100000
v -241.408096 99.182564 2.100000
v -269.287842 66.253639 0.000000
v -241.460938 99.122810 2.100000
v -269.297058 66.257256 0.000000
v -241.512283 99.061775 2.100000
v -269.306152 66.260963 0.000000
v -241.562134 98.999504 2.100000
v -269.315186 66.264771 0.000000
v -241.610428 98.936020 2.100000
v -269.324188 66.268692 0.000000
v -269.333099 66.272705 0.000000
v -241.657150 98.871376 2.100000
v -269.342041 66.276863 0.000000
v -241.702286 98.805603 2.100000
v -269.350861 66.281105 0.000000
v -241.745773 98.738739 2.100000
v -269.359619 66.285446 0.000000
v -241.787628 98.670830 2.100000
v -269.368439 66.289948 0.000000
v -241.827789 98.601913 2.100000
v -269.377106 66.294510 0.000000
v -241.866241 98.532036 2.100000
v -241.902985 98.461235 2.100000
v -269.385742 66.299202 0.000000
v -269.394318 66.303986 0.000000
v -241.937973 98.389549 2.100000
v -269.402802 66.308861 0.000000
v -241.971191 98.317032 2.100000
v -269.411224 66.313843 0.000000
v -242.002609 98.243721 2.100000
v -269.419647 66.318962 0.000000
v -242.032227 98.169655 2.100000
v -269.427979 66.324181 0.000000
v -242.060028 98.094894 2.100000
v -269.436249 66.329475 0.000000
v -242.085968 98.019463 2.100000
v -242.110062 97.943420 2.100000
v -269.444397 66.334854 0.000000
v -269.452545 66.340378 0.000000
v -242.132278 97.866814 2.100000
v -269.460632 66.345993 0.000000
v -242.152603 97.789680 2.100000
v -269.468567 66.351646 0.000000
v -242.171036 97.712074 2.100000
v -269.476532 66.357483 0.000000
v -242.187561 97.634041 2.100000
v -269.484375 66.363373 0.000000
v -242.202164 97.555626 2.100000
v -242.214828 97.476875 2.100000
v -269.492188 66.369385 0.000000
v -242.225555 97.397835 2.100000
v -269.499878 66.375473 0.000000
v -242.234360 97.318558 2.100000
v -269.507446 66.381615 0.000000
v -242.241196 97.239082 2.100000
v -269.515045 66.387924 0.000000
v -242.246094 97.159470 2.100000
v -269.522491 66.394272 0.000000
v -242.249023 97.079758 2.100000
v -269.529907 66.400734 0.000000
v -242.250000 97.000000 2.100000
v -269.537201 66.407280 0.000000
v -242.249023 96.920242 2.100000
v -269.544434 66.413918 0.000000
v -261.738159 93.224998 13.521603
v -242.246094 96.840530 2.100000
v -262.237701 92.724998 13.497061
v -269.551636 66.420670 0.000000
v -261.702972 93.224998 13.044353
v -242.241196 96.760910 2.100000
v -262.200714 92.724998 12.995329
v -269.558624 66.427429 0.000000
v -261.644379 93.224998 12.569403
v -262.139130 92.724998 12.496017
v -242.234360 96.681442 2.100000
v -262.053101 92.724998 12.000328
v -269.565643 66.434357 0.000000
v -242.225555 96.602165 2.100000
v -261.562561 93.224998 12.097904
v -269.572571 66.441360 0.000000
v -261.457703 93.224998 11.630983
v -242.214828 96.523125 2.100000
v -261.942871 92.724998 11.509457
v -261.330078 93.224998 11.169769
v -269.579315 66.448380 0.000000
v -242.202164 96.444374 2.100000
v -261.808716 92.724998 11.024586
v -269.586090 66.455559 0.000000
v -261.179962 93.224998 10.715380
v -242.187561 96.365952 2.100000
v -261.650879 92.724998 10.546883
v -269.592712 66.462791 0.000000
v -261.007751 93.224998 10.268898
v -242.171036 96.287918 2.100000
v -261.469818 92.724998 10.077499
v -260.813812 93.224998 9.831409
v -269.599274 66.470100 0.000000
v -242.152603 96.210312 2.100000
v -261.265961 92.724998 9.617565
v -260.598663 93.224998 9.403955
v -269.605743 66.477509 0.000000
v -242.132278 96.133179 2.100000
v -261.039764 92.724998 9.168188
v -260.362793 93.224998 8.987581
v -269.612091 66.484955 0.000000
v -260.791779 92.724998 8.730452
v -269.618378 66.492546 0.000000
v -242.110062 96.056572 2.100000
v -260.106750 93.224998 8.583281
v -269.624542 66.500145 0.000000
v -260.522614 92.724998 8.305408
v -242.085968 95.980530 2.100000
v -259.831207 93.224998 8.192024
v -269.630615 66.507828 0.000000
v -260.232941 92.724998 7.894087
v -242.060028 95.905106 2.100000
v -259.536804 93.224998 7.814762
v -269.636597 66.515610 0.000000
v -259.923401 92.724998 7.497473
v -242.032227 95.830338 2.100000
v -259.224243 93.224998 7.452412
v -259.594818 92.724998 7.116524
v -269.642517 66.523468 0.000000
v -242.002609 95.756279 2.100000
v -258.894226 93.224998 7.105816
v -269.648346 66.531418 0.000000
v -259.247894 92.724998 6.752159
v -258.547668 93.224998 6.775843
v -241.971191 95.682961 2.100000
v -269.653992 66.539368 0.000000
v -258.883545 92.724998 6.405254
v -258.185303 93.224998 6.463272
v -241.937973 95.610443 2.100000
v -241.902985 95.538757 2.100000
v -258.502594 92.724998 6.076647
v -269.659637 66.547478 0.000000
v -257.808044 93.224998 6.168850
v -241.866241 95.467957 2.100000
v -258.105988 92.724998 5.767128
v -257.416779 93.224998 5.893299
v -269.665161 66.555603 0.000000
v -241.827789 95.398079 2.100000
v -257.694641 92.724998 5.477440
v -269.670532 66.563759 0.000000
v -257.012482 93.224998 5.637278
v -257.269623 92.724998 5.208286
v -241.787628 95.329163 2.100000
v -256.596100 93.224998 5.401405
v -269.675812 66.572006 0.000000
v -241.745773 95.261253 2.100000
v -256.831879 92.724998 4.960312
v -256.168671 93.224998 5.186245
v -269.681030 66.580360 0.000000
v -241.702286 95.194397 2.100000
v -256.382507 92.724998 4.734114
v -269.686157 66.588783 0.000000
v -255.731171 93.224998 4.992321
v -241.657150 95.128624 2.100000
v -255.922562 92.724998 4.530239
v -255.284683 93.224998 4.820089
v -269.691132 66.597214 0.000000
v -255.453186 92.724998 4.349178
v -241.610428 95.063972 2.100000
v -254.830292 93.224998 4.669979
v -269.696014 66.605690 0.000000
v -241.562134 95.000496 2.100000
v -254.975479 92.724998 4.191364
v -254.369095 93.224998 4.542347
v -269.700806 66.614265 0.000000
v -241.512283 94.938217 2.100000
v -254.490601 92.724998 4.057182
v -253.902161 93.224998 4.437492
v -269.705475 66.622910 0.000000
v -241.460938 94.877182 2.100000
v -253.999741 92.724998 3.946955
v -269.710052 66.631569 0.000000
v -253.430664 93.224998 4.355682
v -241.408096 94.817429 2.100000
v -253.504044 92.724998 3.860945
v -269.714539 66.640381 0.000000
v -252.955704 93.224998 4.297102
v -241.353806 94.758987 2.100000
v -253.004730 92.724998 3.799360
v -269.718903 66.649139 0.000000
v -252.478470 93.224998 4.261898
v -241.298096 94.701904 2.100000
v -252.503006 92.724998 3.762350
v -269.723145 66.657974 0.000000
v -252.000061 93.224998 4.250154
v -241.241013 94.646194 2.100000
v -252.000061 92.724998 3.750004
v -269.727295 66.666901 0.000000
v -241.182571 94.591904 2.100000
v -269.731323 66.675812 0.000000
v -241.122818 94.539070 2.100000
v -269.735229 66.684799 0.000000
v -241.061783 94.487717 2.100000
v -269.739044 66.693871 0.000000
v -269.742737 66.702950 0.000000
v -240.999512 94.437874 2.100000
v -269.746338 66.712112 0.000000
v -240.936035 94.389572 2.100000
v -269.749817 66.721298 0.000000
v -240.871384 94.342850 2.100000
v -269.753174 66.730507 0.000000
v -240.805603 94.297722 2.100000
v -269.756439 66.739754 0.000000
v -240.738754 94.254227 2.100000
v -269.759552 66.749054 0.000000
v -240.670837 94.212379 2.100000
v -269.762604 66.758438 0.000000
v -240.601929 94.172218 2.100000
v -269.765503 66.767792 0.000000
v -240.532043 94.133751 2.100000
v -269.768311 66.777222 0.000000
v -240.461243 94.097015 2.100000
v -240.389557 94.062035 2.100000
v -269.770966 66.786652 0.000000
v -269.773529 66.796097 0.000000
v -240.317047 94.028816 2.100000
v -269.775970 66.805664 0.000000
v -240.243729 93.997391 2.100000
v -269.778290 66.815147 0.000000
v -241.762405 90.525002 13.497061
v -240.169662 93.967773 2.100000
v -269.780487 66.824692 0.000000
v -241.799423 90.525002 12.995329
v -241.861008 90.525002 12.496017
v -240.094894 93.939980 2.100000
v -269.782593 66.834312 0.000000
v -241.947021 90.525002 12.000328
v -240.019470 93.914032 2.100000
v -242.057251 90.525002 11.509457
v -242.191422 90.525002 11.024586
v -269.784576 66.843948 0.000000
v -239.943436 93.889938 2.100000
v -242.349243 90.525002 10.546883
v -239.866821 93.867722 2.100000
v -242.530304 90.525002 10.077499
v -242.734177 90.525002 9.617565
v -269.786438 66.853638 0.000000
v -242.960373 90.525002 9.168188
v -269.788177 66.863266 0.000000
v -239.789688 93.847397 2.100000
v -243.208344 90.525002 8.730452
v -239.712082 93.828964 2.100000
v -243.477509 90.525002 8.305408
v -243.767181 90.525002 7.894087
v -269.789795 66.872894 0.000000
v -239.634048 93.812447 2.100000
v -244.076706 90.525002 7.497473
v -269.791290 66.882599 0.000000
v -244.405304 90.525002 7.116524
v -244.752213 90.525002 6.752159
v -269.792664 66.892342 0.000000
v -245.116577 90.525002 6.405254
v -239.555634 93.797844 2.100000
v -269.793945 66.902107 0.000000
v -245.497528 90.525002 6.076647
v -245.894135 90.525002 5.767128
v -239.476883 93.785172 2.100000
v -269.795074 66.911865 0.000000
v -246.305466 90.525002 5.477440
v -246.730499 90.525002 5.208286
v -239.397842 93.774437 2.100000
v -247.168243 90.525002 4.960312
v -239.318558 93.765648 2.100000
v -247.617615 90.525002 4.734114
v -269.796082 66.921532 0.000000
v -239.239090 93.758804 2.100000
v -248.077560 90.525002 4.530239
v -269.796997 66.931351 0.000000
v -248.546936 90.525002 4.349178
v -269.797791 66.941177 0.000000
v -249.024643 90.525002 4.191364
v -239.159470 93.753914 2.100000
v -249.509521 90.525002 4.057182
v -269.798431 66.950966 0.000000
v -250.000381 90.525002 3.946955
v -239.079758 93.750977 2.100000
v -250.496078 90.525002 3.860945
v -269.798981 66.960754 0.000000
v -250.995392 90.525002 3.799360
v -251.497116 90.525002 3.762350
v -269.799408 66.970543 0.000000
v -269.799713 66.980354 0.000000
v -269.799896 66.990173 0.000000
v -234.953979 104.749718 4.750000
v -235.000000 104.750000 4.750000
v -234.907974 104.748871 4.750000
v -234.861969 104.747459 4.750000
v -234.815994 104.745483 4.750000
v -234.770050 104.742943 4.750000
v -234.724136 104.739838 4.750000
v -234.678253 104.736176 4.750000
v -234.632431 104.731941 4.750000
v -234.586670 104.727150 4.750000
v -234.540955 104.721802 4.750000
v -234.495331 104.715881 4.750000
v -234.449768 104.709412 4.750000
v -234.404282 104.702377 4.750000
v -234.358887 104.694794 4.750000
v -234.313599 104.686646 4.750000
v -234.268417 104.677948 4.750000
v -234.223328 104.668686 4.750000
v -234.178375 104.658882 4.750000
v -234.133530 104.648529 4.750000
v -234.088821 104.637619 4.750000
v -234.044250 104.626160 4.750000
v -233.999832 104.614159 4.750000
v -233.955551 104.601616 4.750000
v -233.911438 104.588524 4.750000
v -233.867477 104.574898 4.750000
v -233.823700 104.560730 4.750000
v -233.780090 104.546028 4.750000
v -233.736664 104.530792 4.750000
v -233.693436 104.515022 4.750000
v -233.650391 104.498718 4.750000
v -233.607559 104.481895 4.750000
v -233.564941 104.464546 4.750000
v -233.522522 104.446678 4.750000
v -233.480347 104.428284 4.750000
v -233.438385 104.409378 4.750000
v -233.396667 104.389961 4.750000
v -233.355194 104.370026 4.750000
v -233.313965 104.349594 4.750000
v -233.272980 104.328644 4.750000
v -233.232269 104.307205 4.750000
v -233.191803 104.285263 4.750000
v -233.151627 104.262825 4.750000
v -233.111725 104.239899 4.750000
v -233.072113 104.216484 4.750000
v -233.032791 104.192581 4.750000
v -232.993759 104.168198 4.750000
v -232.955032 104.143341 4.750000
v -232.916611 104.118011 4.750000
v -232.878510 104.092209 4.750000
v -232.840714 104.065941 4.750000
v -232.803253 104.039215 4.750000
v -232.766129 104.012024 4.750000
v -232.729340 103.984390 4.750000
v -232.692886 103.956299 4.750000
v -232.656769 103.927765 4.750000
v -232.621033 103.898788 4.750000
v -232.585632 103.869377 4.750000
v -232.550598 103.839531 4.750000
v -232.515945 103.809265 4.750000
v -232.481659 103.778564 4.750000
v -232.447754 103.747452 4.750000
v -232.414215 103.715927 4.750000
v -242.261963 93.224998 13.521603
v -241.762405 92.724998 13.497061
v -232.381088 103.683990 4.750000
v -232.348358 103.651649 4.750000
v -242.297165 93.224998 13.044353
v -241.799423 92.724998 12.995329
v -232.316010 103.618912 4.750000
v -242.355743 93.224998 12.569403
v -232.284073 103.585777 4.750000
v -241.861008 92.724998 12.496017
v -232.252548 103.552254 4.750000
v -241.947021 92.724998 12.000328
v -232.221436 103.518349 4.750000
v -242.437561 93.224998 12.097904
v -232.190735 103.484055 4.750000
v -242.542404 93.224998 11.630983
v -232.160461 103.449402 4.750000
v -242.057251 92.724998 11.509457
v -232.130615 103.414368 4.750000
v -242.670044 93.224998 11.169769
v -232.101212 103.378975 4.750000
v -242.191422 92.724998 11.024586
v -232.072235 103.343224 4.750000
v -242.820145 93.224998 10.715380
v -232.043701 103.307114 4.750000
v -242.349243 92.724998 10.546883
v -232.015610 103.270668 4.750000
v -242.992371 93.224998 10.268898
v -231.987976 103.233871 4.750000
v -231.960785 103.196739 4.750000
v -242.530304 92.724998 10.077499
v -231.934052 103.159279 4.750000
v -243.186310 93.224998 9.831409
v -242.734177 92.724998 9.617565
v -231.907791 103.121490 4.750000
v -243.401459 93.224998 9.403955
v -231.881989 103.083389 4.750000
v -231.856659 103.044968 4.750000
v -242.960373 92.724998 9.168188
v -231.831802 103.006241 4.750000
v -243.637329 93.224998 8.987581
v -231.807419 102.967209 4.750000
v -243.208344 92.724998 8.730452
v -231.783524 102.927887 4.750000
v -243.893356 93.224998 8.583281
v -231.760101 102.888268 4.750000
v -243.477509 92.724998 8.305408
v -231.737167 102.848366 4.750000
v -244.168915 93.224998 8.192024
v -231.714737 102.808189 4.750000
v -243.767181 92.724998 7.894087
v -231.692795 102.767738 4.750000
v -244.463333 93.224998 7.814762
v -231.671356 102.727020 4.750000
v -244.076706 92.724998 7.497473
v -231.650406 102.686043 4.750000
v -244.775894 93.224998 7.452412
v -231.629974 102.644814 4.750000
v -244.405304 92.724998 7.116524
v -245.105881 93.224998 7.105816
v -231.610046 102.603333 4.750000
v -231.590622 102.561615 4.750000
v -244.752213 92.724998 6.752159
v -231.571716 102.519653 4.750000
v -245.452454 93.224998 6.775843
v -231.553329 102.477470 4.750000
v -245.116577 92.724998 6.405254
v -245.814819 93.224998 6.463272
v -231.535446 102.435059 4.750000
v -231.518097 102.392441 4.750000
v -245.497528 92.724998 6.076647
v -231.501282 102.349609 4.750000
v -246.192078 93.224998 6.168850
v -231.484985 102.306572 4.750000
v -245.894135 92.724998 5.767128
v -231.469208 102.263336 4.750000
v -246.583328 93.224998 5.893299
v -231.453979 102.219910 4.750000
v -246.305466 92.724998 5.477440
v -231.439270 102.176308 4.750000
v -246.987640 93.224998 5.637278
v -231.425110 102.132523 4.750000
v -246.730499 92.724998 5.208286
v -231.411469 102.088570 4.750000
v -247.404007 93.224998 5.401405
v -231.398392 102.044449 4.750000
v -247.168243 92.724998 4.960312
v -231.385834 102.000175 4.750000
v -247.831467 93.224998 5.186245
v -231.373840 101.955750 4.750000
v -247.617615 92.724998 4.734114
v -231.362381 101.911179 4.750000
v -248.268951 93.224998 4.992321
v -231.351471 101.866470 4.750000
v -248.077560 92.724998 4.530239
v -231.341125 101.821632 4.750000
v -248.715439 93.224998 4.820089
v -248.546936 92.724998 4.349178
v -231.331314 101.776672 4.750000
v -249.169830 93.224998 4.669979
v -231.322052 101.731590 4.750000
v -249.024643 92.724998 4.191364
v -231.313354 101.686401 4.750000
v -249.631027 93.224998 4.542347
v -231.305206 101.641106 4.750000
v -249.509521 92.724998 4.057182
v -231.297623 101.595718 4.750000
v -250.097961 93.224998 4.437492
v -231.290588 101.550240 4.750000
v -250.000381 92.724998 3.946955
v -231.284119 101.504677 4.750000
v -250.569458 93.224998 4.355682
v -231.278198 101.459038 4.750000
v -231.272842 101.413330 4.750000
v -250.496078 92.724998 3.860945
v -231.268051 101.367569 4.750000
v -251.044418 93.224998 4.297102
v -231.263824 101.321739 4.750000
v -250.995392 92.724998 3.799360
v -231.260162 101.275864 4.750000
v -251.521652 93.224998 4.261898
v -251.497116 92.724998 3.762350
v -231.257050 101.229950 4.750000
v -231.254517 101.184006 4.750000
v -231.252533 101.138031 4.750000
v -231.251129 101.092026 4.750000
v -231.250275 101.046021 4.750000
v -231.250000 101.000000 4.750000
v -235.000000 63.250000 4.750000
v -234.953979 63.250282 4.750000
v -234.907974 63.251129 4.750000
v -234.861969 63.252541 4.750000
v -234.815994 63.254517 4.750000
v -234.770050 63.257057 4.750000
v -234.724136 63.260162 4.750000
v -234.678253 63.263828 4.750000
v -234.632431 63.268059 4.750000
v -234.586670 63.272850 4.750000
v -234.540955 63.278202 4.750000
v -234.495331 63.284115 4.750000
v -234.449768 63.290588 4.750000
v -234.404282 63.297619 4.750000
v -234.358887 63.305206 4.750000
v -234.313599 63.313354 4.750000
v -234.268417 63.322056 4.750000
v -234.223328 63.331310 4.750000
v -234.178375 63.341118 4.750000
v -234.133530 63.351475 4.750000
v -234.088821 63.362381 4.750000
v -234.044250 63.373840 4.750000
v -233.999832 63.385841 4.750000
v -233.955551 63.398384 4.750000
v -233.911438 63.411476 4.750000
v -233.867477 63.425102 4.750000
v -233.823700 63.439270 4.750000
v -233.780090 63.453972 4.750000
v -262.237701 85.275002 13.497061
v -233.736664 63.469208 4.750000
v -262.200714 85.275002 12.995329
v -233.693436 63.484978 4.750000
v -233.650391 63.501278 4.750000
v -262.139130 85.275002 12.496017
v -262.053101 85.275002 12.000328
v -233.607559 63.518105 4.750000
v -261.942871 85.275002 11.509457
v -233.564941 63.535454 4.750000
v -233.522522 63.553322 4.750000
v -261.808716 85.275002 11.024586
v -233.480347 63.571712 4.750000
v -261.650879 85.275002 10.546883
v -261.469818 85.275002 10.077499
v -233.438385 63.590622 4.750000
v -261.265961 85.275002 9.617565
v -233.396667 63.610039 4.750000
v -261.039764 85.275002 9.168188
v -233.355194 63.629971 4.750000
v -260.791779 85.275002 8.730452
v -233.313965 63.650410 4.750000
v -260.522614 85.275002 8.305408
v -233.272980 63.671352 4.750000
v -260.232941 85.275002 7.894087
v -233.232269 63.692795 4.750000
v -233.191803 63.714737 4.750000
v -259.923401 85.275002 7.497473
v -259.594818 85.275002 7.116524
v -233.151627 63.737175 4.750000
v -259.247894 85.275002 6.752159
v -233.111725 63.760101 4.750000
v -233.072113 63.783516 4.750000
v -258.883545 85.275002 6.405254
v -233.032791 63.807419 4.750000
v -258.502594 85.275002 6.076647
v -232.993759 63.831799 4.750000
v -258.105988 85.275002 5.767128
v -232.955032 63.856659 4.750000
v -257.694641 85.275002 5.477440
v -257.269623 85.275002 5.208286
v -232.916611 63.881989 4.750000
v -232.878510 63.907791 4.750000
v -256.831879 85.275002 4.960312
v -256.382507 85.275002 4.734114
v -232.840714 63.934059 4.750000
v -255.922562 85.275002 4.530239
v -232.803253 63.960785 4.750000
v -255.453186 85.275002 4.349178
v -232.766129 63.987972 4.750000
v -232.729340 64.015610 4.750000
v -254.975479 85.275002 4.191364
v -254.490601 85.275002 4.057182
v -232.692886 64.043701 4.750000
v -253.999741 85.275002 3.946955
v -232.656769 64.072235 4.750000
v -253.504044 85.275002 3.860945
v -232.621033 64.101212 4.750000
v -253.004730 85.275002 3.799360
v -232.585632 64.130623 4.750000
v -252.503006 85.275002 3.762350
v -232.550598 64.160469 4.750000
v -252.000061 85.275002 3.750004
v -232.515945 64.190735 4.750000
v -232.481659 64.221436 4.750000
v -232.447754 64.252548 4.750000
v -232.414215 64.284073 4.750000
v -232.381088 64.316010 4.750000
v -232.348358 64.348351 4.750000
v -232.316010 64.381088 4.750000
v -232.284073 64.414223 4.750000
v -232.252548 64.447746 4.750000
v -232.221436 64.481651 4.750000
v -232.190735 64.515945 4.750000
v -232.160461 64.550598 4.750000
v -232.130615 64.585632 4.750000
v -232.101212 64.621025 4.750000
v -232.072235 64.656776 4.750000
v -232.043701 64.692886 4.750000
v -232.015610 64.729332 4.750000
v -231.987976 64.766129 4.750000
v -231.960785 64.803261 4.750000
v -231.934052 64.840721 4.750000
v -231.907791 64.878510 4.750000
v -231.881989 64.916611 4.750000
v -231.856659 64.955032 4.750000
v -231.831802 64.993759 4.750000
v -231.807419 65.032791 4.750000
v -231.783524 65.072113 4.750000
v -231.760101 65.111732 4.750000
v -231.737167 65.151634 4.750000
v -231.714737 65.191811 4.750000
v -231.692795 65.232262 4.750000
v -231.671356 65.272980 4.750000
v -231.650406 65.313957 4.750000
v -231.629974 65.355186 4.750000
v -231.610046 65.396667 4.750000
v -231.590622 65.438385 4.750000
v -231.571716 65.480347 4.750000
v -231.553329 65.522530 4.750000
v -231.535446 65.564941 4.750000
v -231.518097 65.607559 4.750000
v -231.501282 65.650391 4.750000
v -231.484985 65.693428 4.750000
v -231.469208 65.736664 4.750000
v -231.453979 65.780090 4.750000
v -231.439270 65.823692 4.750000
v -231.425110 65.867477 4.750000
v -231.411469 65.911430 4.750000
v -231.398392 65.955551 4.750000
v -231.385834 65.999825 4.750000
v -231.373840 66.044250 4.750000
v -231.362381 66.088821 4.750000
v -231.351471 66.133530 4.750000
v -231.341125 66.178368 4.750000
v -231.331314 66.223328 4.750000
v -231.322052 66.268410 4.750000
v -231.313354 66.313599 4.750000
v -231.305206 66.358894 4.750000
v -231.297623 66.404282 4.750000
v -231.290588 66.449760 4.750000
v -231.284119 66.495323 4.750000
v -231.278198 66.540962 4.750000
v -231.272842 66.586670 4.750000
v -231.268051 66.632431 4.750000
v -231.263824 66.678261 4.750000
v -231.260162 66.724136 4.750000
v -231.257050 66.770050 4.750000
v -265.000000 93.749992 0.000000
v -264.920258 93.750969 0.000000
v -231.254517 66.815994 4.750000
v -261.738159 87.974998 13.521603
v -264.840546 93.753906 0.000000
v -262.237701 87.474998 13.497061
v -231.252533 66.861969 4.750000
v -261.702972 87.974998 13.044353
v -264.760925 93.758797 0.000000
v -262.200714 87.474998 12.995329
v -231.251129 66.907974 4.750000
v -261.644379 87.974998 12.569403
v -264.681458 93.765640 0.000000
v -262.139130 87.474998 12.496017
v -231.250275 66.953979 4.750000
v -262.053101 87.474998 12.000328
v -264.602173 93.774429 0.000000
v -261.562561 87.974998 12.097904
v -231.250000 67.000000 4.750000
v -261.457703 87.974998 11.630983
v -264.523132 93.785164 0.000000
v -261.942871 87.474998 11.509457
v -261.330078 87.974998 11.169769
v -272.750000 67.000000 4.750000
v -261.808716 87.474998 11.024586
v -264.444366 93.797836 0.000000
v -261.179962 87.974998 10.715380
v -272.749725 66.953979 4.750000
v -261.650879 87.474998 10.546883
v -272.748871 66.907974 4.750000
v -261.007751 87.974998 10.268898
v -264.365967 93.812439 0.000000
v -261.469818 87.474998 10.077499
v -264.287933 93.828957 0.000000
v -260.813812 87.974998 9.831409
v -272.747467 66.861969 4.750000
v -264.210327 93.847389 0.000000
v -261.265961 87.474998 9.617565
v -260.598663 87.974998 9.403955
v -272.745483 66.815994 4.750000
v -264.133179 93.867722 0.000000
v -261.039764 87.474998 9.168188
v -260.362793 87.974998 8.987581
v -272.742950 66.770050 4.750000
v -264.056580 93.889938 0.000000
v -260.791779 87.474998 8.730452
v -260.106750 87.974998 8.583281
v -272.739838 66.724136 4.750000
v -260.522614 87.474998 8.305408
v -263.980530 93.914024 0.000000
v -272.736176 66.678261 4.750000
v -259.831207 87.974998 8.192024
v -260.232941 87.474998 7.894087
v -263.905121 93.939972 0.000000
v -272.731934 66.632431 4.750000
v -259.536804 87.974998 7.814762
v -259.923401 87.474998 7.497473
v -263.830353 93.967766 0.000000
v -272.727142 66.586670 4.750000
v -259.224243 87.974998 7.452412
v -259.594818 87.474998 7.116524
v -263.756287 93.997383 0.000000
v -272.721802 66.540962 4.750000
v -258.894226 87.974998 7.105816
v -263.682953 94.028809 0.000000
v -259.247894 87.474998 6.752159
v -272.715881 66.495323 4.750000
v -258.547668 87.974998 6.775843
v -263.610443 94.062027 0.000000
v -258.883545 87.474998 6.405254
v -272.709412 66.449760 4.750000
v -258.185303 87.974998 6.463272
v -272.702393 66.404282 4.750000
v -258.502594 87.474998 6.076647
v -263.538757 94.097015 0.000000
v -257.808044 87.974998 6.168850
v -258.105988 87.474998 5.767128
v -272.694794 66.358894 4.750000
v -257.416779 87.974998 5.893299
v -263.467957 94.133743 0.000000
v -257.694641 87.474998 5.477440
v -263.398071 94.172211 0.000000
v -272.686646 66.313599 4.750000
v -257.012482 87.974998 5.637278
v -272.677948 66.268410 4.750000
v -257.269623 87.474998 5.208286
v -263.329163 94.212372 0.000000
v -256.596100 87.974998 5.401405
v -272.668701 66.223328 4.750000
v -256.831879 87.474998 4.960312
v -263.261261 94.254219 0.000000
v -256.168671 87.974998 5.186245
v -272.658875 66.178368 4.750000
v -256.382507 87.474998 4.734114
v -255.731171 87.974998 4.992321
v -263.194397 94.297714 0.000000
v -255.922562 87.474998 4.530239
v -272.648529 66.133530 4.750000
v -255.284683 87.974998 4.820089
v -263.128632 94.342842 0.000000
v -255.453186 87.474998 4.349178
v -272.637604 66.088821 4.750000
v -263.063965 94.389565 0.000000
v -254.830292 87.974998 4.669979
v -272.626160 66.044250 4.750000
v -254.975479 87.474998 4.191364
v -263.000488 94.437866 0.000000
v -254.369095 87.974998 4.542347
v -254.490601 87.474998 4.057182
v -272.614166 65.999825 4.750000
v -253.902161 87.974998 4.437492
v -262.938232 94.487709 0.000000
v -272.601624 65.955551 4.750000
v -253.999741 87.474998 3.946955
v -262.877197 94.539062 0.000000
v -253.430664 87.974998 4.355682
v -272.588531 65.911430 4.750000
v -253.504044 87.474998 3.860945
v -252.955704 87.974998 4.297102
v -262.817444 94.591904 0.000000
v -253.004730 87.474998 3.799360
v -272.574890 65.867477 4.750000
v -262.759003 94.646187 0.000000
v -252.478470 87.974998 4.261898
v -252.503006 87.474998 3.762350
v -272.560730 65.823692 4.750000
v -262.701904 94.701897 0.000000
v -252.000061 87.974998 4.250154
v -252.000061 87.474998 3.750004
v -272.546021 65.780090 4.750000
v -262.646210 94.758987 0.000000
v -272.530792 65.736664 4.750000
v -262.591919 94.817421 0.000000
v -272.515015 65.693428 4.750000
v -262.539062 94.877182 0.000000
v -272.498718 65.650391 4.750000
v -262.487732 94.938210 0.000000
v -272.481903 65.607559 4.750000
v -262.437866 95.000488 0.000000
v -272.464539 65.564941 4.750000
v -262.389587 95.063965 0.000000
v -272.446686 65.522530 4.750000
v -262.342865 95.128616 0.000000
v -272.428284 65.480347 4.750000
v -262.297729 95.194389 0.000000
v -272.409393 65.438385 4.750000
v -262.254242 95.261246 0.000000
v -272.389954 65.396667 4.750000
v -262.212372 95.329155 0.000000
v -272.370026 65.355186 4.750000
v -262.172211 95.398071 0.000000
v -272.349579 65.313957 4.750000
v -262.133759 95.467949 0.000000
v -262.097015 95.538757 0.000000
v -272.328644 65.272980 4.750000
v -262.062042 95.610435 0.000000
v -272.307190 65.232262 4.750000
v -262.028809 95.682953 0.000000
v -272.285278 65.191811 4.750000
v -272.262817 65.151634 4.750000
v -261.997406 95.756271 0.000000
v -272.239899 65.111732 4.750000
v -241.762405 85.275002 13.497061
v -261.967773 95.830330 0.000000
v -241.799423 85.275002 12.995329
v -272.216492 65.072113 4.750000
v -241.861008 85.275002 12.496017
v -261.939972 95.905098 0.000000
v -241.947021 85.275002 12.000328
v -272.192566 65.032791 4.750000
v -242.057251 85.275002 11.509457
v -261.914032 95.980522 0.000000
v -272.168213 64.993759 4.750000
v -242.191422 85.275002 11.024586
v -261.889954 96.056564 0.000000
v -242.349243 85.275002 10.546883
v -242.530304 85.275002 10.077499
v -272.143341 64.955032 4.750000
v -242.734177 85.275002 9.617565
v -261.867737 96.133171 0.000000
v -242.960373 85.275002 9.168188
v -272.118011 64.916611 4.750000
v -243.208344 85.275002 8.730452
v -261.847412 96.210304 0.000000
v -272.092224 64.878510 4.750000
v -243.477509 85.275002 8.305408
v -243.767181 85.275002 7.894087
v -261.828979 96.287910 0.000000
v -272.065948 64.840721 4.750000
v -244.076706 85.275002 7.497473
v -261.812439 96.365944 0.000000
v -244.405304 85.275002 7.116524
v -244.752213 85.275002 6.752159
v -272.039215 64.803261 4.750000
v -261.797852 96.444366 0.000000
v -245.116577 85.275002 6.405254
v -272.012024 64.766129 4.750000
v -245.497528 85.275002 6.076647
v -261.785187 96.523117 0.000000
v -245.894135 85.275002 5.767128
v -271.984375 64.729332 4.750000
v -246.305466 85.275002 5.477440
v -246.730499 85.275002 5.208286
v -261.774445 96.602158 0.000000
v -271.956299 64.692886 4.750000
v -247.168243 85.275002 4.960312
v -247.617615 85.275002 4.734114
v -261.765656 96.681435 0.000000
v -271.927765 64.656776 4.750000
v -248.077560 85.275002 4.530239
v -261.758820 96.760902 0.000000
v -248.546936 85.275002 4.349178
v -249.024643 85.275002 4.191364
v -271.898804 64.621025 4.750000
v -261.753906 96.840523 0.000000
v -249.509521 85.275002 4.057182
v -271.869385 64.585632 4.750000
v -250.000381 85.275002 3.946955
v -261.750977 96.920235 0.000000
v -250.496078 85.275002 3.860945
v -250.995392 85.275002 3.799360
v -271.839539 64.550598 4.750000
v -251.497116 85.275002 3.762350
v -261.750000 96.999992 0.000000
v -261.750977 97.079750 0.000000
v -271.809265 64.515945 4.750000
v -261.753906 97.159462 0.000000
v -271.778564 64.481651 4.750000
v -271.747467 64.447746 4.750000
v -261.758820 97.239075 0.000000
v -261.765656 97.318542 0.000000
v -271.715942 64.414223 4.750000
v -261.774445 97.397827 0.000000
v -271.683990 64.381088 4.750000
v -261.785187 97.476868 0.000000
v -271.651642 64.348351 4.750000
v -261.797852 97.555618 0.000000
v -271.618896 64.316010 4.750000
v -261.812439 97.634033 0.000000
v -271.585785 64.284073 4.750000
v -271.552246 64.252548 4.750000
v -261.828979 97.712067 0.000000
v -261.847412 97.789673 0.000000
v -271.518341 64.221436 4.750000
v -261.867737 97.866806 0.000000
v -271.484070 64.190735 4.750000
v -261.889954 97.943413 0.000000
v -271.449402 64.160469 4.750000
v -261.914032 98.019455 0.000000
v -271.414368 64.130623 4.750000
v -271.378967 64.101212 4.750000
v -261.939972 98.094879 0.000000
v -271.343231 64.072235 4.750000
v -261.967773 98.169647 0.000000
v -271.307129 64.043701 4.750000
v -261.997406 98.243713 0.000000
v -271.270660 64.015610 4.750000
v -262.028809 98.317024 0.000000
v -271.233887 63.987972 4.750000
v -262.062042 98.389542 0.000000
v -271.196747 63.960785 4.750000
v -262.097015 98.461227 0.000000
v -262.133759 98.532028 0.000000
v -271.159271 63.934059 4.750000
v -271.121490 63.907791 4.750000
v -262.172211 98.601913 0.000000
v -271.083374 63.881989 4.750000
v -262.212372 98.670822 0.000000
v -271.044983 63.856659 4.750000
v -262.254242 98.738731 0.000000
v -271.006226 63.831799 4.750000
v -262.297729 98.805595 0.000000
v -262.342865 98.871368 0.000000
v -270.967224 63.807419 4.750000
v -270.927887 63.783516 4.750000
v -262.389587 98.936012 0.000000
v -262.437866 98.999496 0.000000
v -270.888275 63.760101 4.750000
v -262.487732 99.061768 0.000000
v -270.848358 63.737175 4.750000
v -270.808197 63.714737 4.750000
v -262.539062 99.122803 0.000000
v -262.591919 99.182556 0.000000
v -270.767731 63.692795 4.750000
v -270.727020 63.671352 4.750000
v -262.646210 99.240997 0.000000
v -270.686035 63.650410 4.750000
v -262.701904 99.298088 0.000000
v -270.644806 63.629971 4.750000
v -242.261963 87.974998 13.521603
v -262.759003 99.353790 0.000000
v -241.762405 87.474998 13.497061
v -242.297165 87.974998 13.044353
v -270.603333 63.610039 4.750000
v -262.817444 99.408081 0.000000
v -241.799423 87.474998 12.995329
v -242.355743 87.974998 12.569403
v -270.561615 63.590622 4.750000
v -241.861008 87.474998 12.496017
v -262.877197 99.460922 0.000000
v -241.947021 87.474998 12.000328
v -270.519653 63.571712 4.750000
v -242.437561 87.974998 12.097904
v -262.938232 99.512276 0.000000
v -270.477478 63.553322 4.750000
v -242.542404 87.974998 11.630983
v -263.000488 99.562119 0.000000
v -242.057251 87.474998 11.509457
v -270.435059 63.535454 4.750000
v -242.670044 87.974998 11.169769
v -242.191422 87.474998 11.024586
v -263.063965 99.610413 0.000000
v -270.392426 63.518105 4.750000
v -242.820145 87.974998 10.715380
v -242.349243 87.474998 10.546883
v -263.128632 99.657143 0.000000
v -242.992371 87.974998 10.268898
v -270.349609 63.501278 4.750000
v -242.530304 87.474998 10.077499
v -263.194397 99.702271 0.000000
v -243.186310 87.974998 9.831409
v -270.306580 63.484978 4.750000
v -242.734177 87.474998 9.617565
v -263.261261 99.745766 0.000000
v -243.401459 87.974998 9.403955
v -270.263336 63.469208 4.750000
v -263.329163 99.787613 0.000000
v -242.960373 87.474998 9.168188
v -243.637329 87.974998 8.987581
v -263.398071 99.827774 0.000000
v -243.208344 87.474998 8.730452
v -270.219910 63.453972 4.750000
v -243.893356 87.974998 8.583281
v -263.467957 99.866234 0.000000
v -270.176300 63.439270 4.750000
v -243.477509 87.474998 8.305408
v -270.132507 63.425102 4.750000
v -244.168915 87.974998 8.192024
v -243.767181 87.474998 7.894087
v -263.538757 99.902969 0.000000
v -244.463333 87.974998 7.814762
v -270.088562 63.411476 4.750000
v -263.610443 99.937958 0.000000
v -244.076706 87.474998 7.497473
v -244.775894 87.974998 7.452412
v -263.682953 99.971176 0.000000
v -244.405304 87.474998 7.116524
v -270.044434 63.398384 4.750000
v -263.756287 100.002602 0.000000
v -245.105881 87.974998 7.105816
v -270.000183 63.385841 4.750000
v -244.752213 87.474998 6.752159
v -245.452454 87.974998 6.775843
v -263.830353 100.032219 0.000000
v -269.955750 63.373840 4.750000
v -245.116577 87.474998 6.405254
v -245.814819 87.974998 6.463272
v -263.905121 100.060013 0.000000
v -269.911163 63.362381 4.750000
v -245.497528 87.474998 6.076647
v -263.980530 100.085953 0.000000
v -246.192078 87.974998 6.168850
v -245.894135 87.474998 5.767128
v -269.866455 63.351475 4.750000
v -264.056580 100.110046 0.000000
v -246.583328 87.974998 5.893299
v -269.821625 63.341118 4.750000
v -246.305466 87.474998 5.477440
v -269.776672 63.331310 4.750000
v -246.987640 87.974998 5.637278
v -246.730499 87.474998 5.208286
v -264.133179 100.132263 0.000000
v -247.404007 87.974998 5.401405
v -264.210327 100.152588 0.000000
v -247.168243 87.474998 4.960312
v -269.731598 63.322056 4.750000
v -264.287933 100.171021 0.000000
v -247.831467 87.974998 5.186245
v -247.617615 87.474998 4.734114
v -269.686401 63.313354 4.750000
v -248.268951 87.974998 4.992321
v -264.365967 100.187546 0.000000
v -269.641113 63.305206 4.750000
v -248.077560 87.474998 4.530239
v -264.444366 100.202141 0.000000
v -248.715439 87.974998 4.820089
v -269.595703 63.297619 4.750000
v -248.546936 87.474998 4.349178
v -269.550232 63.290588 4.750000
v -249.169830 87.974998 4.669979
v -264.523132 100.214813 0.000000
v -249.024643 87.474998 4.191364
v -269.504669 63.284115 4.750000
v -249.631027 87.974998 4.542347
v -264.602173 100.225548 0.000000
v -249.509521 87.474998 4.057182
v -269.459045 63.278202 4.750000
v -250.097961 87.974998 4.437492
v -264.681458 100.234344 0.000000
v -250.000381 87.474998 3.946955
v -264.760925 100.241180 0.000000
v -250.569458 87.974998 4.355682
v -269.413330 63.272850 4.750000
v -250.496078 87.474998 3.860945
v -269.367554 63.268059 4.750000
v -251.044418 87.974998 4.297102
v -250.995392 87.474998 3.799360
v -264.840546 100.246078 0.000000
v -269.321747 63.263828 4.750000
v -251.521652 87.974998 4.261898
v -264.920258 100.249008 0.000000
v -251.497116 87.474998 3.762350
v -269.275879 63.260162 4.750000
v -265.000000 100.249992 0.000000
v -265.079773 100.249008 0.000000
v -269.229950 63.257057 4.750000
v -265.159485 100.246078 0.000000
v -269.183990 63.254517 4.750000
v -269.138031 63.252541 4.750000
v -265.239075 100.241180 0.000000
v -269.092041 63.251129 4.750000
v -265.318542 100.234344 0.000000
v -265.397827 100.225548 0.000000
v -269.046021 63.250282 4.750000
v -269.000000 63.250000 4.750000
v -265.476868 100.214813 0.000000
v -269.000000 104.750000 4.750000
v -265.555634 100.202141 0.000000
v -265.634033 100.187546 0.000000
v -269.046021 104.749718 4.750000
v -269.092041 104.748871 4.750000
v -265.712067 100.171021 0.000000
v -265.789673 100.152588 0.000000
v -269.138031 104.747459 4.750000
v -269.183990 104.745483 4.750000
v -265.866821 100.132263 0.000000
v -269.229950 104.742943 4.750000
v -265.943420 100.110046 0.000000
v -269.275879 104.739838 4.750000
v -266.019470 100.085953 0.000000
v -266.094879 100.060013 0.000000
v -269.321747 104.736176 4.750000
v -266.169647 100.032219 0.000000
v -269.367554 104.731941 4.750000
v -266.243713 100.002602 0.000000
v -269.413330 104.727150 4.750000
v -262.237701 80.025002 13.497061
v -266.317047 99.971176 0.000000
v -262.200714 80.025002 12.995329
v -269.459045 104.721802 4.750000
v -262.139130 80.025002 12.496017
v -266.389557 99.937958 0.000000
v -262.053101 80.025002 12.000328
v -269.504669 104.715881 4.750000
v -261.942871 80.025002 11.509457
v -261.808716 80.025002 11.024586
v -269.550232 104.709412 4.750000
v -266.461243 99.902969 0.000000
v -261.650879 80.025002 10.546883
v -266.532043 99.866234 0.000000
v -261.469818 80.025002 10.077499
v -261.265961 80.025002 9.617565
v -269.595703 104.702377 4.750000
v -261.039764 80.025002 9.168188
v -269.641113 104.694794 4.750000
v -260.791779 80.025002 8.730452
v -266.601929 99.827774 0.000000
v -269.686401 104.686646 4.750000
v -260.522614 80.025002 8.305408
v -260.232941 80.025002 7.894087
v -266.670837 99.787613 0.000000
v -269.731598 104.677948 4.750000
v -259.923401 80.025002 7.497473
v -259.594818 80.025002 7.116524
v -266.738739 99.745766 0.000000
v -259.247894 80.025002 6.752159
v -269.776672 104.668686 4.750000
v -258.883545 80.025002 6.405254
v -266.805603 99.702271 0.000000
v -258.502594 80.025002 6.076647
v -266.871368 99.657143 0.000000
v -258.105988 80.025002 5.767128
v -269.821625 104.658882 4.750000
v -266.936035 99.610413 0.000000
v -257.694641 80.025002 5.477440
v -257.269623 80.025002 5.208286
v -269.866455 104.648529 4.750000
v -266.999512 99.562119 0.000000
v -256.831879 80.025002 4.960312
v -256.382507 80.025002 4.734114
v -269.911163 104.637619 4.750000
v -255.922562 80.025002 4.530239
v -269.955750 104.626160 4.750000
v -255.453186 80.025002 4.349178
v -267.061768 99.512276 0.000000
v -254.975479 80.025002 4.191364
v -267.122803 99.460922 0.000000
v -270.000183 104.614159 4.750000
v -254.490601 80.025002 4.057182
v -253.999741 80.025002 3.946955
v -267.182556 99.408081 0.000000
v -253.504044 80.025002 3.860945
v -270.044434 104.601616 4.750000
v -253.004730 80.025002 3.799360
v -267.240997 99.353790 0.000000
v -270.088562 104.588524 4.750000
v -252.503006 80.025002 3.762350
v -267.298096 99.298088 0.000000
v -252.000061 80.025002 3.750004
v -270.132507 104.574898 4.750000
v -267.353790 99.240997 0.000000
v -270.176300 104.560730 4.750000
v -267.408081 99.182556 0.000000
v -270.219910 104.546028 4.750000
v -270.263336 104.530792 4.750000
v -267.460938 99.122803 0.000000
v -267.512299 99.061768 0.000000
v -270.306580 104.515022 4.750000
v -267.562134 98.999496 0.000000
v -270.349609 104.498718 4.750000
v -267.610413 98.936012 0.000000
v -270.392426 104.481895 4.750000
v -267.657166 98.871368 0.000000
v -270.435059 104.464546 4.750000
v -267.702271 98.805595 0.000000
v -270.477478 104.446678 4.750000
v -267.745789 98.738731 0.000000
v -270.519653 104.428284 4.750000
v -267.787628 98.670822 0.000000
v -270.561615 104.409378 4.750000
v -267.827789 98.601913 0.000000
v -270.603333 104.389961 4.750000
v -267.866241 98.532028 0.000000
v -270.644806 104.370026 4.750000
v -267.902985 98.461227 0.000000
v -270.686035 104.349594 4.750000
v -267.937958 98.389542 0.000000
v -270.727020 104.328644 4.750000
v -267.971191 98.317024 0.000000
v -270.767731 104.307205 4.750000
v -270.808197 104.285263 4.750000
v -268.002625 98.243713 0.000000
v -270.848358 104.262825 4.750000
v -268.032227 98.169647 0.000000
v -270.888275 104.239899 4.750000
v -268.060028 98.094879 0.000000
v -270.927887 104.216484 4.750000
v -268.085968 98.019455 0.000000
v -270.967224 104.192581 4.750000
v -268.110046 97.943413 0.000000
v -271.006226 104.168198 4.750000
v -268.132263 97.866806 0.000000
v -271.044983 104.143341 4.750000
v -268.152588 97.789673 0.000000
v -268.171021 97.712067 0.000000
v -271.083374 104.118011 4.750000
v -268.187561 97.634033 0.000000
v -271.121490 104.092209 4.750000
v -268.202148 97.555618 0.000000
v -271.159271 104.065941 4.750000
v -268.214813 97.476868 0.000000
v -271.196747 104.039215 4.750000
v -268.225555 97.397827 0.000000
v -271.233887 104.012024 4.750000
v -268.234344 97.318542 0.000000
v -271.270660 103.984390 4.750000
v -268.241211 97.239075 0.000000
v -271.307129 103.956299 4.750000
v -268.246094 97.159462 0.000000
v -271.343231 103.927765 4.750000
v -268.249023 97.079750 0.000000
v -271.378967 103.898788 4.750000
v -268.250000 96.999992 0.000000
v -271.414368 103.869377 4.750000
v -271.449402 103.839531 4.750000
v -261.738159 82.724998 13.521603
v -268.249023 96.920235 0.000000
v -262.237701 82.224998 13.497061
v -268.246094 96.840523 0.000000
v -261.702972 82.724998 13.044353
v -271.484070 103.809265 4.750000
v -262.200714 82.224998 12.995329
v -268.241211 96.760902 0.000000
v -261.644379 82.724998 12.569403
v -271.518341 103.778564 4.750000
v -262.139130 82.224998 12.496017
v -268.234344 96.681435 0.000000
v -271.552246 103.747452 4.750000
v -262.053101 82.224998 12.000328
v -261.562561 82.724998 12.097904
v -268.225555 96.602158 0.000000
v -271.585785 103.715927 4.750000
v -261.457703 82.724998 11.630983
v -268.214813 96.523117 0.000000
v -261.942871 82.224998 11.509457
v -271.618896 103.683990 4.750000
v -261.330078 82.724998 11.169769
v -261.808716 82.224998 11.024586
v -268.202148 96.444366 0.000000
v -271.651642 103.651649 4.750000
v -261.179962 82.724998 10.715380
v -261.650879 82.224998 10.546883
v -268.187561 96.365944 0.000000
v -261.007751 82.724998 10.268898
v -271.683990 103.618912 4.750000
v -268.171021 96.287910 0.000000
v -261.469818 82.224998 10.077499
v -260.813812 82.724998 9.831409
v -271.715942 103.585777 4.750000
v -268.152588 96.210304 0.000000
v -261.265961 82.224998 9.617565
v -260.598663 82.724998 9.403955
v -271.747467 103.552254 4.750000
v -268.132263 96.133171 0.000000
v -261.039764 82.224998 9.168188
v -260.362793 82.724998 8.987581
v -271.778564 103.518349 4.750000
v -268.110046 96.056564 0.000000
v -260.791779 82.224998 8.730452
v -260.106750 82.724998 8.583281
v -271.809265 103.484055 4.750000
v -268.085968 95.980522 0.000000
v -260.522614 82.224998 8.305408
v -259.831207 82.724998 8.192024
v -271.839539 103.449402 4.750000
v -268.060028 95.905098 0.000000
v -260.232941 82.224998 7.894087
v -259.536804 82.724998 7.814762
v -271.869385 103.414368 4.750000
v -271.898804 103.378975 4.750000
v -259.923401 82.224998 7.497473
v -259.224243 82.724998 7.452412
v -268.032227 95.830330 0.000000
v -268.002625 95.756271 0.000000
v -259.594818 82.224998 7.116524
v -258.894226 82.724998 7.105816
v -271.927765 103.343224 4.750000
v -259.247894 82.224998 6.752159
v -267.971191 95.682953 0.000000
v -271.956299 103.307114 4.750000
v -258.547668 82.724998 6.775843
v -267.937958 95.610435 0.000000
v -258.883545 82.224998 6.405254
v -271.984375 103.270668 4.750000
v -258.185303 82.724998 6.463272
v -258.502594 82.224998 6.076647
v -267.902985 95.538757 0.000000
v -257.808044 82.724998 6.168850
v -272.012024 103.233871 4.750000
v -258.105988 82.224998 5.767128
v -267.866241 95.467949 0.000000
v -272.039215 103.196739 4.750000
v -257.416779 82.724998 5.893299
v -257.694641 82.224998 5.477440
v -267.827789 95.398071 0.000000
v -272.065948 103.159279 4.750000
v -257.012482 82.724998 5.637278
v -257.269623 82.224998 5.208286
v -267.787628 95.329155 0.000000
v -272.092224 103.121490 4.750000
v -256.596100 82.724998 5.401405
v -256.831879 82.224998 4.960312
v -267.745789 95.261246 0.000000
v -272.118011 103.083389 4.750000
v -256.168671 82.724998 5.186245
v -256.382507 82.224998 4.734114
v -267.702271 95.194389 0.000000
v -255.731171 82.724998 4.992321
v -272.143341 103.044968 4.750000
v -255.922562 82.224998 4.530239
v -267.657166 95.128616 0.000000
v -272.168213 103.006241 4.750000
v -255.284683 82.724998 4.820089
v -255.453186 82.224998 4.349178
v -272.192566 102.967209 4.750000
v -267.610413 95.063965 0.000000
v -254.830292 82.724998 4.669979
v -272.216492 102.927887 4.750000
v -254.975479 82.224998 4.191364
v -267.562134 95.000488 0.000000
v -254.369095 82.724998 4.542347
v -272.239899 102.888268 4.750000
v -254.490601 82.224998 4.057182
v -253.902161 82.724998 4.437492
v -267.512299 94.938210 0.000000
v -267.460938 94.877182 0.000000
v -253.999741 82.224998 3.946955
v -253.430664 82.724998 4.355682
v -272.262817 102.848366 4.750000
v -272.285278 102.808189 4.750000
v -253.504044 82.224998 3.860945
v -252.955704 82.724998 4.297102
v -267.408081 94.817421 0.000000
v -267.353790 94.758987 0.000000
v -253.004730 82.224998 3.799360
v -272.307190 102.767738 4.750000
v -252.478470 82.724998 4.261898
v -252.503006 82.224998 3.762350
v -267.298096 94.701897 0.000000
v -272.328644 102.727020 4.750000
v -252.000061 82.724998 4.250154
v -272.349579 102.686043 4.750000
v -252.000061 82.224998 3.750004
v -267.240997 94.646187 0.000000
v -272.370026 102.644814 4.750000
v -267.182556 94.591904 0.000000
v -272.389954 102.603333 4.750000
v -267.122803 94.539062 0.000000
v -272.409393 102.561615 4.750000
v -267.061768 94.487709 0.000000
v -272.428284 102.519653 4.750000
v -266.999512 94.437866 0.000000
v -272.446686 102.477470 4.750000
v -266.936035 94.389565 0.000000
v -272.464539 102.435059 4.750000
v -266.871368 94.342842 0.000000
v -272.481903 102.392441 4.750000
v -266.805603 94.297714 0.000000
v -272.498718 102.349609 4.750000
v -266.738739 94.254219 0.000000
v -266.670837 94.212372 0.000000
v -272.515015 102.306572 4.750000
v -266.601929 94.172211 0.000000
v -272.530792 102.263336 4.750000
v -266.532043 94.133743 0.000000
v -272.546021 102.219910 4.750000
v -266.461243 94.097015 0.000000
v -272.560730 102.176308 4.750000
v -266.389557 94.062027 0.000000
v -272.574890 102.132523 4.750000
v -266.317047 94.028809 0.000000
v -272.588531 102.088570 4.750000
v -266.243713 93.997383 0.000000
v -272.601624 102.044449 4.750000
v -272.614166 102.000175 4.750000
v -266.169647 93.967766 0.000000
v -241.762405 80.025002 13.497061
v -272.626160 101.955750 4.750000
v -241.799423 80.025002 12.995329
v -241.861008 80.025002 12.496017
v -266.094879 93.939972 0.000000
v -241.947021 80.025002 12.000328
v -272.637604 101.911179 4.750000
v -266.019470 93.914024 0.000000
v -242.057251 80.025002 11.509457
v -265.943420 93.889938 0.000000
v -242.191422 80.025002 11.024586
v -272.648529 101.866470 4.750000
v -242.349243 80.025002 10.546883
v -265.866821 93.867722 0.000000
v -242.530304 80.025002 10.077499
v -272.658875 101.821632 4.750000
v -242.734177 80.025002 9.617565
v -242.960373 80.025002 9.168188
v -272.668701 101.776672 4.750000
v -265.789673 93.847389 0.000000
v -243.208344 80.025002 8.730452
v -265.712067 93.828957 0.000000
v -243.477509 80.025002 8.305408
v -243.767181 80.025002 7.894087
v -272.677948 101.731590 4.750000
v -265.634033 93.812439 0.000000
v -244.076706 80.025002 7.497473
v -244.405304 80.025002 7.116524
v -272.686646 101.686401 4.750000
v -265.555634 93.797836 0.000000
v -244.752213 80.025002 6.752159
v -245.116577 80.025002 6.405254
v -272.694794 101.641106 4.750000
v -265.476868 93.785164 0.000000
v -245.497528 80.025002 6.076647
v -272.702393 101.595718 4.750000
v -245.894135 80.025002 5.767128
v -246.305466 80.025002 5.477440
v -265.397827 93.774429 0.000000
v -246.730499 80.025002 5.208286
v -272.709412 101.550240 4.750000
v -247.168243 80.025002 4.960312
v -272.715881 101.504677 4.750000
v -247.617615 80.025002 4.734114
v -265.318542 93.765640 0.000000
v -248.077560 80.025002 4.530239
v -272.721802 101.459038 4.750000
v -248.546936 80.025002 4.349178
v -265.239075 93.758797 0.000000
v -249.024643 80.025002 4.191364
v -272.727142 101.413330 4.750000
v -249.509521 80.025002 4.057182
v -265.159485 93.753906 0.000000
v -250.000381 80.025002 3.946955
v -272.731934 101.367569 4.750000
v -250.496078 80.025002 3.860945
v -265.079773 93.750969 0.000000
v -250.995392 80.025002 3.799360
v -265.000000 93.749992 2.100000
v -251.497116 80.025002 3.762350
v -272.736176 101.321739 4.750000
v -264.920258 93.750969 2.100000
v -272.739838 101.275864 4.750000
v -264.840546 93.753906 2.100000
v -272.742950 101.229950 4.750000
v -264.760925 93.758797 2.100000
v -272.745483 101.184006 4.750000
v -264.681458 93.765640 2.100000
v -272.747467 101.138031 4.750000
v -264.602173 93.774429 2.100000
v -272.748871 101.092026 4.750000
v -272.749725 101.046021 4.750000
v -264.523132 93.785164 2.100000
v -264.444366 93.797836 2.100000
v -272.750000 101.000000 4.750000
v -264.365967 93.812439 2.100000
v -234.980362 102.599838 2.600000
v -235.006592 102.599998 2.600000
v -264.287933 93.828957 2.100000
v -264.210327 93.847389 2.100000
v -234.960724 102.599480 2.600000
v -234.941101 102.598877 2.600000
v -264.133179 93.867722 2.100000
v -264.056580 93.889938 2.100000
v -234.921509 102.598038 2.600000
v -263.980530 93.914024 2.100000
v -234.901886 102.596947 2.600000
v -263.905121 93.939972 2.100000
v -234.882309 102.595627 2.600000
v -263.830353 93.967766 2.100000
v -234.862732 102.594055 2.600000
v -263.756287 93.997383 2.100000
v -234.843140 102.592255 2.600000
v -263.682953 94.028809 2.100000
v -234.823669 102.590210 2.600000
v -234.804169 102.587929 2.600000
v -263.610443 94.062027 2.100000
v -234.784668 102.585403 2.600000
v -263.538757 94.097015 2.100000
v -234.765228 102.582642 2.600000
v -263.467957 94.133743 2.100000
v -263.398071 94.172211 2.100000
v -234.745819 102.579636 2.600000
v -263.329163 94.212372 2.100000
v -234.726486 102.576408 2.600000
v -234.707184 102.572937 2.600000
v -263.261261 94.254219 2.100000
v -234.687866 102.569214 2.600000
v -263.194397 94.297714 2.100000
v -234.668625 102.565269 2.600000
v -263.128632 94.342842 2.100000
v -234.649429 102.561081 2.600000
v -263.063965 94.389565 2.100000
v -263.000488 94.437866 2.100000
v -234.630310 102.556664 2.600000
v -234.611267 102.552017 2.600000
v -262.938232 94.487709 2.100000
v -234.592209 102.547119 2.600000
v -262.877197 94.539062 2.100000
v -234.573273 102.542007 2.600000
v -262.817444 94.591904 2.100000
v -262.759003 94.646187 2.100000
v -234.554398 102.536652 2.600000
v -262.701904 94.701897 2.100000
v -234.535538 102.531059 2.600000
v -242.261963 82.724998 13.521603
v -262.646210 94.758987 2.100000
v -241.762405 82.224998 13.497061
v -234.516815 102.525253 2.600000
v -262.591919 94.817421 2.100000
v -242.297165 82.724998 13.044353
v -241.799423 82.224998 12.995329
v -234.498108 102.519203 2.600000
v -262.539062 94.877182 2.100000
v -242.355743 82.724998 12.569403
v -234.479507 102.512924 2.600000
v -241.861008 82.224998 12.496017
v -262.487732 94.938210 2.100000
v -241.947021 82.224998 12.000328
v -234.460983 102.506432 2.600000
v -242.437561 82.724998 12.097904
v -262.437866 95.000488 2.100000
v -242.542404 82.724998 11.630983
v -242.057251 82.224998 11.509457
v -234.442566 102.499710 2.600000
v -242.670044 82.724998 11.169769
v -234.424225 102.492767 2.600000
v -242.191422 82.224998 11.024586
v -262.389587 95.063965 2.100000
v -242.820145 82.724998 10.715380
v -262.342865 95.128616 2.100000
v -242.349243 82.224998 10.546883
v -234.405884 102.485565 2.600000
v -242.992371 82.724998 10.268898
v -262.297729 95.194389 2.100000
v -234.387726 102.478165 2.600000
v -242.530304 82.224998 10.077499
v -243.186310 82.724998 9.831409
v -262.254242 95.261246 2.100000
v -234.369598 102.470535 2.600000
v -242.734177 82.224998 9.617565
v -243.401459 82.724998 9.403955
v -262.212372 95.329155 2.100000
v -234.351624 102.462692 2.600000
v -242.960373 82.224998 9.168188
v -243.637329 82.724998 8.987581
v -262.172211 95.398071 2.100000
v -234.333755 102.454643 2.600000
v -243.208344 82.224998 8.730452
v -262.133759 95.467949 2.100000
v -243.893356 82.724998 8.583281
v -234.315918 102.446342 2.600000
v -243.477509 82.224998 8.305408
v -234.298248 102.437851 2.600000
v -244.168915 82.724998 8.192024
v -262.097015 95.538757 2.100000
v -243.767181 82.224998 7.894087
v -262.062042 95.610435 2.100000
v -244.463333 82.724998 7.814762
v -234.280670 102.429138 2.600000
v -244.076706 82.224998 7.497473
v -262.028809 95.682953 2.100000
v -244.775894 82.724998 7.452412
v -244.405304 82.224998 7.116524
v -234.263123 102.420174 2.600000
v -234.245758 102.411026 2.600000
v -245.105881 82.724998 7.105816
v -261.997406 95.756271 2.100000
v -244.752213 82.224998 6.752159
v -234.228531 102.401680 2.600000
v -245.452454 82.724998 6.775843
v -261.967773 95.830330 2.100000
v -245.116577 82.224998 6.405254
v -261.939972 95.905098 2.100000
v -245.814819 82.724998 6.463272
v -245.497528 82.224998 6.076647
v -234.211380 102.392105 2.600000
v -234.194366 102.382324 2.600000
v -246.192078 82.724998 6.168850
v -245.894135 82.224998 5.767128
v -261.914032 95.980522 2.100000
v -261.889954 96.056564 2.100000
v -246.583328 82.724998 5.893299
v -246.305466 82.224998 5.477440
v -234.177490 102.372353 2.600000
v -234.160660 102.362122 2.600000
v -246.987640 82.724998 5.637278
v -261.867737 96.133171 2.100000
v -246.730499 82.224998 5.208286
v -247.404007 82.724998 5.401405
v -261.847412 96.210304 2.100000
v -247.168243 82.224998 4.960312
v -234.144012 102.351723 2.600000
v -247.831467 82.724998 5.186245
v -261.828979 96.287910 2.100000
v -247.617615 82.224998 4.734114
v -234.127487 102.341118 2.600000
v -248.268951 82.724998 4.992321
v -234.111115 102.330322 2.600000
v -248.077560 82.224998 4.530239
v -261.812439 96.365944 2.100000
v -248.715439 82.724998 4.820089
v -234.094879 102.319321 2.600000
v -248.546936 82.224998 4.349178
v -261.797852 96.444366 2.100000
v -249.169830 82.724998 4.669979
v -234.078720 102.308090 2.600000
v -249.024643 82.224998 4.191364
v -261.785187 96.523117 2.100000
v -234.062759 102.296707 2.600000
v -249.631027 82.724998 4.542347
v -249.509521 82.224998 4.057182
v -261.774445 96.602158 2.100000
v -261.765656 96.681435 2.100000
v -250.097961 82.724998 4.437492
v -234.046906 102.285103 2.600000
v -250.000381 82.224998 3.946955
v -261.758820 96.760902 2.100000
v -250.569458 82.724998 4.355682
v -234.031204 102.273300 2.600000
v -250.496078 82.224998 3.860945
v -234.015640 102.261314 2.600000
v -251.044418 82.724998 4.297102
v -261.753906 96.840523 2.100000
v -250.995392 82.224998 3.799360
v -261.750977 96.920235 2.100000
v -251.521652 82.724998 4.261898
v -234.000244 102.249146 2.600000
v -251.497116 82.224998 3.762350
v -233.985016 102.236801 2.600000
v -261.750000 96.999992 2.100000
v -233.969894 102.224236 2.600000
v -261.750977 97.079750 2.100000
v -233.954956 102.211502 2.600000
v -261.753906 97.159462 2.100000
v -233.940155 102.198578 2.600000
v -261.758820 97.239075 2.100000
v -233.925522 102.185478 2.600000
v -261.765656 97.318542 2.100000
v -233.911057 102.172211 2.600000
v -261.774445 97.397827 2.100000
v -233.896759 102.158760 2.600000
v -261.785187 97.476868 2.100000
v -261.797852 97.555618 2.100000
v -233.882660 102.145172 2.600000
v -233.868652 102.131340 2.600000
v -261.812439 97.634033 2.100000
v -261.828979 97.712067 2.100000
v -233.854828 102.117340 2.600000
v -261.847412 97.789673 2.100000
v -233.841248 102.103241 2.600000
v -261.867737 97.866806 2.100000
v -233.827789 102.088943 2.600000
v -261.889954 97.943413 2.100000
v -233.814514 102.074478 2.600000
v -233.801422 102.059845 2.600000
v -261.914032 98.019455 2.100000
v -233.788498 102.045044 2.600000
v -261.939972 98.094879 2.100000
v -261.967773 98.169647 2.100000
v -233.775772 102.030106 2.600000
v -233.763199 102.014984 2.600000
v -262.237701 74.775002 13.497061
v -261.997406 98.243713 2.100000
v -262.200714 74.775002 12.995329
v -262.028809 98.317024 2.100000
v -233.750854 101.999756 2.600000
v -262.139130 74.775002 12.496017
v -262.053101 74.775002 12.000328
v -233.738693 101.984360 2.600000
v -261.942871 74.775002 11.509457
v -262.062042 98.389542 2.100000
v -233.726700 101.968796 2.600000
v -261.808716 74.775002 11.024586
v -262.097015 98.461227 2.100000
v -261.650879 74.775002 10.546883
v -233.714905 101.953094 2.600000
v -261.469818 74.775002 10.077499
v -261.265961 74.775002 9.617565
v -262.133759 98.532028 2.100000
v -261.039764 74.775002 9.168188
v -233.703293 101.937241 2.600000
v -260.791779 74.775002 8.730452
v -262.172211 98.601913 2.100000
v -233.691910 101.921288 2.600000
v -260.522614 74.775002 8.305408
v -262.212372 98.670822 2.100000
v -260.232941 74.775002 7.894087
v -259.923401 74.775002 7.497473
v -262.254242 98.738731 2.100000
v -259.594818 74.775002 7.116524
v -233.680679 101.905128 2.600000
v -233.669678 101.888878 2.600000
v -259.247894 74.775002 6.752159
v -262.297729 98.805595 2.100000
v -258.883545 74.775002 6.405254
v -233.658875 101.872505 2.600000
v -258.502594 74.775002 6.076647
v -262.342865 98.871368 2.100000
v -258.105988 74.775002 5.767128
v -233.648285 101.855988 2.600000
v -257.694641 74.775002 5.477440
v -262.389587 98.936012 2.100000
v -257.269623 74.775002 5.208286
v -256.831879 74.775002 4.960312
v -262.437866 98.999496 2.100000
v -233.637878 101.839333 2.600000
v -256.382507 74.775002 4.734114
v -262.487732 99.061768 2.100000
v -255.922562 74.775002 4.530239
v -233.627655 101.822510 2.600000
v -255.453186 74.775002 4.349178
v -254.975479 74.775002 4.191364
v -233.617676 101.805634 2.600000
v -262.539062 99.122803 2.100000
v -254.490601 74.775002 4.057182
v -253.999741 74.775002 3.946955
v -233.607895 101.788620 2.600000
v -253.504044 74.775002 3.860945
v -262.591919 99.182556 2.100000
v -253.004730 74.775002 3.799360
v -233.598328 101.771469 2.600000
v -262.646210 99.240997 2.100000
v -252.503006 74.775002 3.762350
v -262.701904 99.298088 2.100000
v -252.000061 74.775002 3.750004
v -233.588974 101.754242 2.600000
v -262.759003 99.353790 2.100000
v -233.579834 101.736870 2.600000
v -262.817444 99.408081 2.100000
v -233.570862 101.719330 2.600000
v -233.562149 101.701759 2.600000
v -262.877197 99.460922 2.100000
v -262.938232 99.512276 2.100000
v -233.553650 101.684082 2.600000
v -233.545349 101.666245 2.600000
v -263.000488 99.562119 2.100000
v -233.537308 101.648384 2.600000
v -263.063965 99.610413 2.100000
v -263.128632 99.657143 2.100000
v -233.529465 101.630402 2.600000
v -263.194397 99.702271 2.100000
v -233.521835 101.612282 2.600000
v -233.514435 101.594109 2.600000
v -263.261261 99.745766 2.100000
v -233.507233 101.575783 2.600000
v -263.329163 99.787613 2.100000
v -233.500290 101.557434 2.600000
v -263.398071 99.827774 2.100000
v -263.467957 99.866234 2.100000
v -233.493576 101.539017 2.600000
v -263.538757 99.902969 2.100000
v -233.487076 101.520500 2.600000
v -263.610443 99.937958 2.100000
v -233.480804 101.501884 2.600000
v -233.474747 101.483185 2.600000
v -263.682953 99.971176 2.100000
v -233.468933 101.464462 2.600000
v -263.756287 100.002602 2.100000
v -233.463348 101.445602 2.600000
v -263.830353 100.032219 2.100000
v -233.457993 101.426727 2.600000
v -263.905121 100.060013 2.100000
v -263.980530 100.085953 2.100000
v -233.452881 101.407791 2.600000
v -264.056580 100.110046 2.100000
v -233.447983 101.388741 2.600000
v -233.443329 101.369690 2.600000
v -264.133179 100.132263 2.100000
v -233.438919 101.350571 2.600000
v -264.210327 100.152588 2.100000
v -233.434738 101.331375 2.600000
v -264.287933 100.171021 2.100000
v -264.365967 100.187546 2.100000
v -233.430786 101.312134 2.600000
v -264.444366 100.202141 2.100000
v -233.427063 101.292824 2.600000
v -233.423584 101.273514 2.600000
v -264.523132 100.214813 2.100000
v -264.602173 100.225548 2.100000
v -233.420364 101.254189 2.600000
v -233.417358 101.234779 2.600000
v -264.681458 100.234344 2.100000
v -233.414597 101.215324 2.600000
v -264.760925 100.241180 2.100000
v -264.840546 100.246078 2.100000
v -233.412079 101.195839 2.600000
v -264.920258 100.249008 2.100000
v -233.409790 101.176331 2.600000
v -233.407745 101.156860 2.600000
v -265.000000 100.249992 2.100000
v -265.079773 100.249008 2.100000
v -233.405945 101.137276 2.600000
v -261.738159 77.474998 13.521603
v -262.237701 76.974998 13.497061
v -233.404373 101.117691 2.600000
v -261.702972 77.474998 13.044353
v -265.159485 100.246078 2.100000
v -233.403046 101.098106 2.600000
v -262.200714 76.974998 12.995329
v -261.644379 77.474998 12.569403
v -265.239075 100.241180 2.100000
v -262.139130 76.974998 12.496017
v -265.318542 100.234344 2.100000
v -262.053101 76.974998 12.000328
v -233.401962 101.078491 2.600000
v -233.401123 101.058891 2.600000
v -261.562561 77.474998 12.097904
v -261.457703 77.474998 11.630983
v -265.397827 100.225548 2.100000
v -265.476868 100.214813 2.100000
v -261.942871 76.974998 11.509457
v -261.330078 77.474998 11.169769
v -233.400528 101.039276 2.600000
v -233.400162 101.019638 2.600000
v -261.808716 76.974998 11.024586
v -261.179962 77.474998 10.715380
v -265.555634 100.202141 2.100000
v -233.399994 100.993408 2.600000
v -261.650879 76.974998 10.546883
v -265.634033 100.187546 2.100000
v -261.007751 77.474998 10.268898
v -261.469818 76.974998 10.077499
v -235.006592 65.400002 2.600000
v -265.712067 100.171021 2.100000
v -260.813812 77.474998 9.831409
v -265.789673 100.152588 2.100000
v -261.265961 76.974998 9.617565
v -260.598663 77.474998 9.403955
v -234.980362 65.400162 2.600000
v -234.960724 65.400520 2.600000
v -261.039764 76.974998 9.168188
v -265.866821 100.132263 2.100000
v -260.362793 77.474998 8.987581
v -260.791779 76.974998 8.730452
v -234.941101 65.401123 2.600000
v -265.943420 100.110046 2.100000
v -260.106750 77.474998 8.583281
v -260.522614 76.974998 8.305408
v -266.019470 100.085953 2.100000
v -234.921509 65.401962 2.600000
v -259.831207 77.474998 8.192024
v -234.901886 65.403053 2.600000
v -260.232941 76.974998 7.894087
v -259.536804 77.474998 7.814762
v -266.094879 100.060013 2.100000
v -234.882309 65.404373 2.600000
v -259.923401 76.974998 7.497473
v -259.224243 77.474998 7.452412
v -266.169647 100.032219 2.100000
v -234.862732 65.405945 2.600000
v -259.594818 76.974998 7.116524
v -258.894226 77.474998 7.105816
v -266.243713 100.002602 2.100000
v -266.317047 99.971176 2.100000
v -259.247894 76.974998 6.752159
v -234.843140 65.407745 2.600000
v -258.547668 77.474998 6.775843
v -234.823669 65.409790 2.600000
v -258.883545 76.974998 6.405254
v -258.185303 77.474998 6.463272
v -266.389557 99.937958 2.100000
v -266.461243 99.902969 2.100000
v -258.502594 76.974998 6.076647
v -257.808044 77.474998 6.168850
v -234.804169 65.412071 2.600000
v -258.105988 76.974998 5.767128
v -234.784668 65.414597 2.600000
v -257.416779 77.474998 5.893299
v -266.532043 99.866234 2.100000
v -266.601929 99.827774 2.100000
v -257.694641 76.974998 5.477440
v -234.765228 65.417358 2.600000
v -257.012482 77.474998 5.637278
v -257.269623 76.974998 5.208286
v -266.670837 99.787613 2.100000
v -234.745819 65.420364 2.600000
v -256.596100 77.474998 5.401405
v -256.831879 76.974998 4.960312
v -266.738739 99.745766 2.100000
v -234.726486 65.423592 2.600000
v -256.168671 77.474998 5.186245
v -256.382507 76.974998 4.734114
v -266.805603 99.702271 2.100000
v -234.707184 65.427063 2.600000
v -255.731171 77.474998 4.992321
v -266.871368 99.657143 2.100000
v -255.922562 76.974998 4.530239
v -234.687866 65.430786 2.600000
v -255.284683 77.474998 4.820089
v -255.453186 76.974998 4.349178
v -266.936035 99.610413 2.100000
v -254.830292 77.474998 4.669979
v -234.668625 65.434731 2.600000
v -254.975479 76.974998 4.191364
v -266.999512 99.562119 2.100000
v -254.369095 77.474998 4.542347
v -234.649429 65.438919 2.600000
v -254.490601 76.974998 4.057182
v -267.061768 99.512276 2.100000
v -253.902161 77.474998 4.437492
v -234.630310 65.443336 2.600000
v -253.999741 76.974998 3.946955
v -267.122803 99.460922 2.100000
v -234.611267 65.447983 2.600000
v -253.430664 77.474998 4.355682
v -234.592209 65.452881 2.600000
v -253.504044 76.974998 3.860945
v -252.955704 77.474998 4.297102
v -267.182556 99.408081 2.100000
v -253.004730 76.974998 3.799360
v -267.240997 99.353790 2.100000
v -234.573273 65.457993 2.600000
v -252.478470 77.474998 4.261898
v -252.503006 76.974998 3.762350
v -267.298096 99.298088 2.100000
v -234.554398 65.463348 2.600000
v -252.000061 77.474998 4.250154
v -252.000061 76.974998 3.750004
v -267.353790 99.240997 2.100000
v -234.535538 65.468941 2.600000
v -267.408081 99.182556 2.100000
v -234.516815 65.474747 2.600000
v -267.460938 99.122803 2.100000
v -234.498108 65.480797 2.600000
v -267.512299 99.061768 2.100000
v -234.479507 65.487076 2.600000
v -267.562134 98.999496 2.100000
v -234.460983 65.493568 2.600000
v -234.442566 65.500290 2.600000
v -267.610413 98.936012 2.100000
v -267.657166 98.871368 2.100000
v -234.424225 65.507233 2.600000
v -234.405884 65.514435 2.600000
v -267.702271 98.805595 2.100000
v -267.745789 98.738731 2.100000
v -234.387726 65.521835 2.600000
v -234.369598 65.529465 2.600000
v -267.787628 98.670822 2.100000
v -267.827789 98.601913 2.100000
v -234.351624 65.537308 2.600000
v -234.333755 65.545357 2.600000
v -267.866241 98.532028 2.100000
v -234.315918 65.553658 2.600000
v -267.902985 98.461227 2.100000
v -267.937958 98.389542 2.100000
v -234.298248 65.562149 2.600000
v -234.280670 65.570862 2.600000
v -267.971191 98.317024 2.100000
v -234.263123 65.579826 2.600000
v -268.002625 98.243713 2.100000
v -268.032227 98.169647 2.100000
v -234.245758 65.588974 2.600000
v -241.762405 74.775002 13.497061
v -234.228531 65.598320 2.600000
v -241.799423 74.775002 12.995329
v -241.861008 74.775002 12.496017
v -268.060028 98.094879 2.100000
v -241.947021 74.775002 12.000328
v -234.211380 65.607895 2.600000
v -242.057251 74.775002 11.509457
v -268.085968 98.019455 2.100000
v -234.194366 65.617676 2.600000
v -242.191422 74.775002 11.024586
v -268.110046 97.943413 2.100000
v -242.349243 74.775002 10.546883
v -234.177490 65.627647 2.600000
v -242.530304 74.775002 10.077499
v -268.132263 97.866806 2.100000
v -242.734177 74.775002 9.617565
v -268.152588 97.789673 2.100000
v -242.960373 74.775002 9.168188
v -234.160660 65.637878 2.600000
v -243.208344 74.775002 8.730452
v -234.144012 65.648277 2.600000
v -243.477509 74.775002 8.305408
v -268.171021 97.712067 2.100000
v -243.767181 74.775002 7.894087
v -244.076706 74.775002 7.497473
v -268.187561 97.634033 2.100000
v -234.127487 65.658882 2.600000
v -244.405304 74.775002 7.116524
v -268.202148 97.555618 2.100000
v -244.752213 74.775002 6.752159
v -234.111115 65.669678 2.600000
v -245.116577 74.775002 6.405254
v -245.497528 74.775002 6.076647
v -234.094879 65.680679 2.600000
v -245.894135 74.775002 5.767128
v -268.214813 97.476868 2.100000
v -268.225555 97.397827 2.100000
v -246.305466 74.775002 5.477440
v -246.730499 74.775002 5.208286
v -234.078720 65.691910 2.600000
v -247.168243 74.775002 4.960312
v -268.234344 97.318542 2.100000
v -247.617615 74.775002 4.734114
v -234.062759 65.703293 2.600000
v -234.046906 65.714897 2.600000
v -248.077560 74.775002 4.530239
v -268.241211 97.239075 2.100000
v -248.546936 74.775002 4.349178
v -234.031204 65.726700 2.600000
v -249.024643 74.775002 4.191364
v -268.246094 97.159462 2.100000
v -249.509521 74.775002 4.057182
v -234.015640 65.738686 2.600000
v -250.000381 74.775002 3.946955
v -250.496078 74.775002 3.860945
v -268.249023 97.079750 2.100000
v -234.000244 65.750854 2.600000
v -250.995392 74.775002 3.799360
v -251.497116 74.775002 3.762350
v -268.250000 96.999992 2.100000
v -233.985016 65.763199 2.600000
v -268.249023 96.920235 2.100000
v -268.246094 96.840523 2.100000
v -233.969894 65.775764 2.600000
v -268.241211 96.760902 2.100000
v -233.954956 65.788498 2.600000
v -233.940155 65.801422 2.600000
v -268.234344 96.681435 2.100000
v -233.925522 65.814522 2.600000
v -268.225555 96.602158 2.100000
v -268.214813 96.523117 2.100000
v -233.911057 65.827789 2.600000
v -233.896759 65.841240 2.600000
v -268.202148 96.444366 2.100000
v -233.882660 65.854828 2.600000
v -268.187561 96.365944 2.100000
v -268.171021 96.287910 2.100000
v -233.868652 65.868660 2.600000
v -233.854828 65.882660 2.600000
v -268.152588 96.210304 2.100000
v -268.132263 96.133171 2.100000
v -233.841248 65.896759 2.600000
v -268.110046 96.056564 2.100000
v -233.827789 65.911057 2.600000
v -268.085968 95.980522 2.100000
v -233.814514 65.925522 2.600000
v -268.060028 95.905098 2.100000
v -233.801422 65.940155 2.600000
v -233.788498 65.954956 2.600000
v -268.032227 95.830330 2.100000
v -268.002625 95.756271 2.100000
v -233.775772 65.969894 2.600000
v -267.971191 95.682953 2.100000
v -233.763199 65.985016 2.600000
v -233.750854 66.000244 2.600000
v -267.937958 95.610435 2.100000
v -267.902985 95.538757 2.100000
v -233.738693 66.015640 2.600000
v -233.726700 66.031204 2.600000
v -267.866241 95.467949 2.100000
v -267.827789 95.398071 2.100000
v -233.714905 66.046906 2.600000
v -267.787628 95.329155 2.100000
v -233.703293 66.062759 2.600000
v -267.745789 95.261246 2.100000
v -233.691910 66.078712 2.600000
v -267.702271 95.194389 2.100000
v -233.680679 66.094872 2.600000
v -267.657166 95.128616 2.100000
v -233.669678 66.111122 2.600000
v -233.658875 66.127495 2.600000
v -267.610413 95.063965 2.100000
v -233.648285 66.144012 2.600000
v -267.562134 95.000488 2.100000
v -233.637878 66.160667 2.600000
v -267.512299 94.938210 2.100000
v -233.627655 66.177490 2.600000
v -267.460938 94.877182 2.100000
v -267.408081 94.817421 2.100000
v -233.617676 66.194366 2.600000
v -267.353790 94.758987 2.100000
v -233.607895 66.211380 2.600000
v -267.298096 94.701897 2.100000
v -233.598328 66.228531 2.600000
v -267.240997 94.646187 2.100000
v -242.261963 77.474998 13.521603
v -241.762405 76.974998 13.497061
v -233.588974 66.245758 2.600000
v -267.182556 94.591904 2.100000
v -242.297165 77.474998 13.044353
v -233.579834 66.263130 2.600000
v -241.799423 76.974998 12.995329
v -267.122803 94.539062 2.100000
v -242.355743 77.474998 12.569403
v -241.861008 76.974998 12.496017
v -233.570862 66.280670 2.600000
v -241.947021 76.974998 12.000328
v -233.562149 66.298241 2.600000
v -242.437561 77.474998 12.097904
v -267.061768 94.487709 2.100000
v -242.542404 77.474998 11.630983
v -266.999512 94.437866 2.100000
v -233.553650 66.315918 2.600000
v -242.057251 76.974998 11.509457
v -266.936035 94.389565 2.100000
v -242.670044 77.474998 11.169769
v -233.545349 66.333755 2.600000
v -242.191422 76.974998 11.024586
v -266.871368 94.342842 2.100000
v -242.820145 77.474998 10.715380
v -242.349243 76.974998 10.546883
v -233.537308 66.351616 2.600000
v -242.992371 77.474998 10.268898
v -266.805603 94.297714 2.100000
v -233.529465 66.369598 2.600000
v -242.530304 76.974998 10.077499
v -233.521835 66.387718 2.600000
v -243.186310 77.474998 9.831409
v -266.738739 94.254219 2.100000
v -242.734177 76.974998 9.617565
v -266.670837 94.212372 2.100000
v -243.401459 77.474998 9.403955
v -233.514435 66.405891 2.600000
v -242.960373 76.974998 9.168188
v -243.637329 77.474998 8.987581
v -233.507233 66.424217 2.600000
v -266.601929 94.172211 2.100000
v -243.208344 76.974998 8.730452
v -243.893356 77.474998 8.583281
v -233.500290 66.442566 2.600000
v -243.477509 76.974998 8.305408
v -266.532043 94.133743 2.100000
v -244.168915 77.474998 8.192024
v -233.493576 66.460983 2.600000
v -266.461243 94.097015 2.100000
v -243.767181 76.974998 7.894087
v -244.463333 77.474998 7.814762
v -266.389557 94.062027 2.100000
v -233.487076 66.479500 2.600000
v -244.076706 76.974998 7.497473
v -244.775894 77.474998 7.452412
v -266.317047 94.028809 2.100000
v -233.480804 66.498116 2.600000
v -244.405304 76.974998 7.116524
v -266.243713 93.997383 2.100000
v -245.105881 77.474998 7.105816
v -244.752213 76.974998 6.752159
v -233.474747 66.516815 2.600000
v -245.452454 77.474998 6.775843
v -266.169647 93.967766 2.100000
v -233.468933 66.535538 2.600000
v -245.116577 76.974998 6.405254
v -266.094879 93.939972 2.100000
v -245.814819 77.474998 6.463272
v -233.463348 66.554398 2.600000
v -245.497528 76.974998 6.076647
v -266.019470 93.914024 2.100000
v -246.192078 77.474998 6.168850
v -233.457993 66.573273 2.600000
v -245.894135 76.974998 5.767128
v -246.583328 77.474998 5.893299
v -265.943420 93.889938 2.100000
v -233.452881 66.592209 2.600000
v -246.305466 76.974998 5.477440
v -246.987640 77.474998 5.637278
v -233.447983 66.611259 2.600000
v -246.730499 76.974998 5.208286
v -265.866821 93.867722 2.100000
v -233.443329 66.630310 2.600000
v -247.404007 77.474998 5.401405
v -265.789673 93.847389 2.100000
v -247.168243 76.974998 4.960312
v -265.712067 93.828957 2.100000
v -247.831467 77.474998 5.186245
v -247.617615 76.974998 4.734114
v -233.438919 66.649429 2.600000
v -248.268951 77.474998 4.992321
v -265.634033 93.812439 2.100000
v -248.077560 76.974998 4.530239
v -233.434738 66.668625 2.600000
v -265.555634 93.797836 2.100000
v -248.715439 77.474998 4.820089
v -248.546936 76.974998 4.349178
v -233.430786 66.687866 2.600000
v -265.476868 93.785164 2.100000
v -249.169830 77.474998 4.669979
v -249.024643 76.974998 4.191364
v -233.427063 66.707176 2.600000
v -249.631027 77.474998 4.542347
v -265.397827 93.774429 2.100000
v -233.423584 66.726486 2.600000
v -249.509521 76.974998 4.057182
v -265.318542 93.765640 2.100000
v -250.097961 77.474998 4.437492
v -233.420364 66.745811 2.600000
v -250.000381 76.974998 3.946955
v -250.569458 77.474998 4.355682
v -265.239075 93.758797 2.100000
v -233.417358 66.765221 2.600000
v -250.496078 76.974998 3.860945
v -265.159485 93.753906 2.100000
v -251.044418 77.474998 4.297102
v -250.995392 76.974998 3.799360
v -233.414597 66.784676 2.600000
v -233.412079 66.804161 2.600000
v -251.521652 77.474998 4.261898
v -265.079773 93.750969 2.100000
v -251.497116 76.974998 3.762350
v -233.409790 66.823669 2.600000
v -233.407745 66.843140 2.600000
v -233.405945 66.862724 2.600000
v -233.404373 66.882309 2.600000
v -233.403046 66.901894 2.600000
v -233.401962 66.921509 2.600000
v -233.401123 66.941109 2.600000
v -233.400528 66.960724 2.600000
v -233.400162 66.980362 2.600000
v -233.399994 67.006592 2.600000
v -270.600006 67.006592 2.600000
v -270.599854 66.980362 2.600000
v -270.599487 66.960724 2.600000
v -270.598877 66.941109 2.600000
v -270.598022 66.921509 2.600000
v -270.596954 66.901894 2.600000
v -270.595612 66.882309 2.600000
v -270.594055 66.862724 2.600000
v -270.592255 66.843140 2.600000
v -270.590210 66.823669 2.600000
v -270.587921 66.804161 2.600000
v -270.585388 66.784676 2.600000
v -270.582642 66.765221 2.600000
v -270.579651 66.745811 2.600000
v -270.576416 66.726486 2.600000
v -270.572937 66.707176 2.600000
v -270.569214 66.687866 2.600000
v -270.565277 66.668625 2.600000
v -270.561066 66.649429 2.600000
v -270.556671 66.630310 2.600000
v -270.552002 66.611259 2.600000
v -270.547119 66.592209 2.600000
v -270.541992 66.573273 2.600000
v -262.237701 69.525002 13.497061
v -270.536652 66.554398 2.600000
v -262.200714 69.525002 12.995329
v -270.531067 66.535538 2.600000
v -262.139130 69.525002 12.496017
v -270.525269 66.516815 2.600000
v -270.519196 66.498116 2.600000
v -262.053101 69.525002 12.000328
v -270.512939 66.479500 2.600000
v -261.942871 69.525002 11.509457
v -261.808716 69.525002 11.024586
v -270.506439 66.460983 2.600000
v -261.650879 69.525002 10.546883
v -270.499725 66.442566 2.600000
v -270.492767 66.424217 2.600000
v -261.469818 69.525002 10.077499
v -270.485565 66.405891 2.600000
v -261.265961 69.525002 9.617565
v -270.478180 66.387718 2.600000
v -261.039764 69.525002 9.168188
v -260.791779 69.525002 8.730452
v -270.470520 66.369598 2.600000
v -260.522614 69.525002 8.305408
v -270.462708 66.351616 2.600000
v -270.454651 66.333755 2.600000
v -260.232941 69.525002 7.894087
v -259.923401 69.525002 7.497473
v -270.446350 66.315918 2.600000
v -270.437836 66.298241 2.600000
v -259.594818 69.525002 7.116524
v -259.247894 69.525002 6.752159
v -270.429138 66.280670 2.600000
v -270.420166 66.263130 2.600000
v -258.883545 69.525002 6.405254
v -258.502594 69.525002 6.076647
v -270.411011 66.245758 2.600000
v -270.401672 66.228531 2.600000
v -258.105988 69.525002 5.767128
v -257.694641 69.525002 5.477440
v -270.392090 66.211380 2.600000
v -257.269623 69.525002 5.208286
v -270.382324 66.194366 2.600000
v -256.831879 69.525002 4.960312
v -270.372345 66.177490 2.600000
v -270.362122 66.160667 2.600000
v -256.382507 69.525002 4.734114
v -270.351715 66.144012 2.600000
v -255.922562 69.525002 4.530239
v -270.341125 66.127495 2.600000
v -255.453186 69.525002 4.349178
v -270.330322 66.111122 2.600000
v -254.975479 69.525002 4.191364
v -270.319336 66.094872 2.600000
v -254.490601 69.525002 4.057182
v -270.308105 66.078712 2.600000
v -253.999741 69.525002 3.946955
v -253.504044 69.525002 3.860945
v -270.296722 66.062759 2.600000
v -270.285095 66.046906 2.600000
v -253.004730 69.525002 3.799360
v -252.503006 69.525002 3.762350
v -270.273315 66.031204 2.600000
v -252.000061 69.525002 3.750004
v -270.261322 66.015640 2.600000
v -270.249146 66.000244 2.600000
v -270.236786 65.985016 2.600000
v -270.224243 65.969894 2.600000
v -270.211517 65.954956 2.600000
v -270.198578 65.940155 2.600000
v -270.185486 65.925522 2.600000
v -270.172211 65.911057 2.600000
v -270.158752 65.896759 2.600000
v -270.145172 65.882660 2.600000
v -270.131348 65.868660 2.600000
v -270.117340 65.854828 2.600000
v -270.103241 65.841240 2.600000
v -270.088928 65.827789 2.600000
v -270.074493 65.814522 2.600000
v -270.059845 65.801422 2.600000
v -270.045044 65.788498 2.600000
v -270.030121 65.775764 2.600000
v -270.014984 65.763199 2.600000
v -269.999756 65.750854 2.600000
v -269.984344 65.738693 2.600000
v -269.968811 65.726700 2.600000
v -269.953094 65.714897 2.600000
v -269.937225 65.703293 2.600000
v -269.921295 65.691910 2.600000
v -269.905121 65.680679 2.600000
v -269.888885 65.669678 2.600000
v -269.872498 65.658882 2.600000
v -269.855988 65.648277 2.600000
v -269.839325 65.637878 2.600000
v -269.822510 65.627647 2.600000
v -269.805634 65.617676 2.600000
v -269.788635 65.607895 2.600000
v -269.771454 65.598320 2.600000
v -269.754242 65.588974 2.600000
v -269.736877 65.579826 2.600000
v -269.719330 65.570862 2.600000
v -269.701752 65.562149 2.600000
v -269.684082 65.553658 2.600000
v -269.666260 65.545357 2.600000
v -269.648376 65.537308 2.600000
v -269.630402 65.529465 2.600000
v -269.612274 65.521835 2.600000
v -269.594116 65.514435 2.600000
v -269.575775 65.507233 2.600000
v -269.557434 65.500290 2.600000
v -269.539001 65.493568 2.600000
v -269.520508 65.487076 2.600000
v -269.501892 65.480797 2.600000
v -269.483185 65.474747 2.600000
v -269.464447 65.468941 2.600000
v -269.445587 65.463348 2.600000
v -269.426727 65.457993 2.600000
v -269.407776 65.452881 2.600000
v -269.388733 65.447983 2.600000
v -269.369690 65.443336 2.600000
v -269.350586 65.438919 2.600000
v -269.331360 65.434731 2.600000
v -269.312134 65.430786 2.600000
v -269.292816 65.427063 2.600000
v -269.273499 65.423592 2.600000
v -269.254181 65.420364 2.600000
v -269.234772 65.417358 2.600000
v -269.215332 65.414597 2.600000
v -269.195831 65.412071 2.600000
v -269.176331 65.409790 2.600000
v -269.156860 65.407745 2.600000
v -269.137268 65.405945 2.600000
v -261.738159 72.224998 13.521603
v -262.237701 71.724998 13.497061
v -269.117676 65.404373 2.600000
v -261.702972 72.224998 13.044353
v -269.098114 65.403053 2.600000
v -262.200714 71.724998 12.995329
v -269.078491 65.401962 2.600000
v -269.058899 65.401123 2.600000
v -261.644379 72.224998 12.569403
v -262.139130 71.724998 12.496017
v -269.039276 65.400520 2.600000
v -269.019653 65.400162 2.600000
v -262.053101 71.724998 12.000328
v -268.993408 65.400002 2.600000
v -261.562561 72.224998 12.097904
v -261.457703 72.224998 11.630983
v -268.993408 102.599998 2.600000
v -261.942871 71.724998 11.509457
v -269.019653 102.599838 2.600000
v -261.330078 72.224998 11.169769
v -269.039276 102.599480 2.600000
v -261.808716 71.724998 11.024586
v -269.058899 102.598877 2.600000
v -269.078491 102.598038 2.600000
v -261.179962 72.224998 10.715380
v -261.650879 71.724998 10.546883
v -269.098114 102.596947 2.600000
v -261.007751 72.224998 10.268898
v -269.117676 102.595627 2.600000
v -261.469818 71.724998 10.077499
v -269.137268 102.594055 2.600000
v -260.813812 72.224998 9.831409
v -269.156860 102.592255 2.600000
v -269.176331 102.590210 2.600000
v -261.265961 71.724998 9.617565
v -260.598663 72.224998 9.403955
v -269.195831 102.587929 2.600000
v -269.215332 102.585403 2.600000
v -261.039764 71.724998 9.168188
v -260.362793 72.224998 8.987581
v -269.234772 102.582642 2.600000
v -269.254181 102.579636 2.600000
v -260.791779 71.724998 8.730452
v -269.273499 102.576408 2.600000
v -260.106750 72.224998 8.583281
v -260.522614 71.724998 8.305408
v -269.292816 102.572937 2.600000
v -269.312134 102.569214 2.600000
v -259.831207 72.224998 8.192024
v -260.232941 71.724998 7.894087
v -269.331360 102.565269 2.600000
v -269.350586 102.561081 2.600000
v -259.536804 72.224998 7.814762
v -269.369690 102.556664 2.600000
v -259.923401 71.724998 7.497473
v -269.388733 102.552017 2.600000
v -259.224243 72.224998 7.452412
v -259.594818 71.724998 7.116524
v -269.407776 102.547119 2.600000
v -269.426727 102.542007 2.600000
v -258.894226 72.224998 7.105816
v -259.247894 71.724998 6.752159
v -269.445587 102.536652 2.600000
v -258.547668 72.224998 6.775843
v -269.464447 102.531059 2.600000
v -269.483185 102.525253 2.600000
v -258.883545 71.724998 6.405254
v -258.185303 72.224998 6.463272
v -269.501892 102.519203 2.600000
v -258.502594 71.724998 6.076647
v -269.520508 102.512924 2.600000
v -257.808044 72.224998 6.168850
v -269.539001 102.506432 2.600000
v -258.105988 71.724998 5.767128
v -269.557434 102.499710 2.600000
v -269.575775 102.492767 2.600000
v -257.416779 72.224998 5.893299
v -269.594116 102.485565 2.600000
v -257.694641 71.724998 5.477440
v -257.012482 72.224998 5.637278
v -269.612274 102.478165 2.600000
v -269.630402 102.470535 2.600000
v -257.269623 71.724998 5.208286
v -256.596100 72.224998 5.401405
v -269.648376 102.462692 2.600000
v -256.831879 71.724998 4.960312
v -269.666260 102.454643 2.600000
v -256.168671 72.224998 5.186245
v -269.684082 102.446342 2.600000
v -256.382507 71.724998 4.734114
v -269.701752 102.437851 2.600000
v -255.731171 72.224998 4.992321
v -269.719330 102.429138 2.600000
v -255.922562 71.724998 4.530239
v -269.736877 102.420174 2.600000
v -269.754242 102.411026 2.600000
v -255.284683 72.224998 4.820089
v -255.453186 71.724998 4.349178
v -269.771454 102.401680 2.600000
v -254.830292 72.224998 4.669979
v -269.788635 102.392105 2.600000
v -269.805634 102.382324 2.600000
v -254.975479 71.724998 4.191364
v -254.369095 72.224998 4.542347
v -269.822510 102.372353 2.600000
v -254.490601 71.724998 4.057182
v -269.839325 102.362122 2.600000
v -253.902161 72.224998 4.437492
v -269.855988 102.351723 2.600000
v -269.872498 102.341118 2.600000
v -253.999741 71.724998 3.946955
v -253.430664 72.224998 4.355682
v -269.888885 102.330322 2.600000
v -269.905121 102.319321 2.600000
v -253.504044 71.724998 3.860945
v -252.955704 72.224998 4.297102
v -269.921295 102.308090 2.600000
v -269.937225 102.296707 2.600000
v -253.004730 71.724998 3.799360
v -269.953094 102.285103 2.600000
v -252.478470 72.224998 4.261898
v -252.503006 71.724998 3.762350
v -269.968811 102.273300 2.600000
v -252.000061 72.224998 4.250154
v -269.984344 102.261314 2.600000
v -252.000061 71.724998 3.750004
v -269.999756 102.249146 2.600000
v -270.014984 102.236801 2.600000
v -270.030121 102.224236 2.600000
v -270.045044 102.211502 2.600000
v -270.059845 102.198578 2.600000
v -270.074493 102.185478 2.600000
v -270.088928 102.172211 2.600000
v -270.103241 102.158760 2.600000
v -270.117340 102.145172 2.600000
v -270.131348 102.131340 2.600000
v -270.145172 102.117340 2.600000
v -270.158752 102.103241 2.600000
v -270.172211 102.088943 2.600000
v -270.185486 102.074478 2.600000
v -270.198578 102.059845 2.600000
v -270.211517 102.045044 2.600000
v -270.224243 102.030106 2.600000
v -270.236786 102.014984 2.600000
v -270.249146 101.999756 2.600000
v -270.261322 101.984360 2.600000
v -270.273315 101.968796 2.600000
v -270.285095 101.953094 2.600000
v -270.296722 101.937241 2.600000
v -270.308105 101.921288 2.600000
v -270.319336 101.905128 2.600000
v -270.330322 101.888878 2.600000
v -270.341125 101.872505 2.600000
v -270.351715 101.855988 2.600000
v -270.362122 101.839333 2.600000
v -270.372345 101.822510 2.600000
v -270.382324 101.805634 2.600000
v -270.392090 101.788620 2.600000
v -270.401672 101.771469 2.600000
v -270.411011 101.754242 2.600000
v -241.762405 69.525002 13.497061
v -270.420166 101.736870 2.600000
v -241.799423 69.525002 12.995329
v -241.861008 69.525002 12.496017
v -270.429138 101.719330 2.600000
v -241.947021 69.525002 12.000328
v -270.437836 101.701759 2.600000
v -270.446350 101.684082 2.600000
v -242.057251 69.525002 11.509457
v -242.191422 69.525002 11.024586
v -270.454651 101.666245 2.600000
v -242.349243 69.525002 10.546883
v -270.462708 101.648384 2.600000
v -242.530304 69.525002 10.077499
v -270.470520 101.630402 2.600000
v -270.478180 101.612282 2.600000
v -242.734177 69.525002 9.617565
v -270.485565 101.594109 2.600000
v -242.960373 69.525002 9.168188
v -270.492767 101.575783 2.600000
v -243.208344 69.525002 8.730452
v -270.499725 101.557434 2.600000
v -243.477509 69.525002 8.305408
v -243.767181 69.525002 7.894087
v -270.506439 101.539017 2.600000
v -244.076706 69.525002 7.497473
v -270.512939 101.520500 2.600000
v -270.519196 101.501884 2.600000
v -244.405304 69.525002 7.116524
v -270.525269 101.483185 2.600000
v -244.752213 69.525002 6.752159
v -270.531067 101.464462 2.600000
v -245.116577 69.525002 6.405254
v -270.536652 101.445602 2.600000
v -245.497528 69.525002 6.076647
v -270.541992 101.426727 2.600000
v -245.894135 69.525002 5.767128
v -270.547119 101.407791 2.600000
v -246.305466 69.525002 5.477440
v -270.552002 101.388741 2.600000
v -246.730499 69.525002 5.208286
v -270.556671 101.369690 2.600000
v -247.168243 69.525002 4.960312
v -247.617615 69.525002 4.734114
v -270.561066 101.350571 2.600000
v -270.565277 101.331375 2.600000
v -248.077560 69.525002 4.530239
v -248.546936 69.525002 4.349178
v -270.569214 101.312134 2.600000
v -249.024643 69.525002 4.191364
v -270.572937 101.292824 2.600000
v -249.509521 69.525002 4.057182
v -270.576416 101.273514 2.600000
v -250.000381 69.525002 3.946955
v -270.579651 101.254189 2.600000
v -250.496078 69.525002 3.860945
v -270.582642 101.234779 2.600000
v -250.995392 69.525002 3.799360
v -265.000000 67.749992 0.000000
v -251.497116 69.525002 3.762350
v -270.585388 101.215324 2.600000
v -264.920258 67.750977 0.000000
v -270.587921 101.195839 2.600000
v -264.840546 67.753906 0.000000
v -270.590210 101.176331 2.600000
v -270.592255 101.156860 2.600000
v -264.760925 67.758804 0.000000
v -264.681458 67.765640 0.000000
v -270.594055 101.137276 2.600000
v -264.602173 67.774437 0.000000
v -270.595612 101.117691 2.600000
v -270.596954 101.098106 2.600000
v -264.523132 67.785172 0.000000
v -270.598022 101.078491 2.600000
v -264.444366 67.797844 0.000000
v -270.598877 101.058891 2.600000
v -264.365967 67.812439 0.000000
v -270.599487 101.039276 2.600000
v -264.287933 67.828964 0.000000
v -270.599854 101.019638 2.600000
v -264.210327 67.847397 0.000000
v -270.600006 100.993408 2.600000
v -264.133179 67.867722 0.000000
v -234.953979 104.749718 14.000000
v -264.056580 67.889938 0.000000
v -263.980530 67.914032 0.000000
v -235.000000 104.750000 14.000000
v -234.907974 104.748871 14.000000
v -263.905121 67.939972 0.000000
v -234.861969 104.747459 14.000000
v -263.830353 67.967766 0.000000
v -234.815994 104.745483 14.000000
v -263.756287 67.997383 0.000000
v -263.682953 68.028809 0.000000
v -234.770050 104.742943 14.000000
v -234.724136 104.739838 14.000000
v -263.610443 68.062027 0.000000
v -234.678253 104.736176 14.000000
v -263.538757 68.097015 0.000000
v -234.632431 104.731941 14.000000
v -263.467957 68.133751 0.000000
v -234.586670 104.727150 14.000000
v -263.398071 68.172211 0.000000
v -234.540955 104.721802 14.000000
v -263.329163 68.212379 0.000000
v -263.261261 68.254219 0.000000
v -234.495331 104.715881 14.000000
v -263.194397 68.297714 0.000000
v -234.449768 104.709412 14.000000
v -263.128632 68.342842 0.000000
v -234.404282 104.702377 14.000000
v -234.358887 104.694794 14.000000
v -263.063965 68.389572 0.000000
v -263.000488 68.437866 0.000000
v -234.313599 104.686646 14.000000
v -262.938232 68.487709 0.000000
v -234.268417 104.677948 14.000000
v -262.877197 68.539062 0.000000
v -234.223328 104.668686 14.000000
v -262.817444 68.591904 0.000000
v -234.178375 104.658882 14.000000
v -262.759003 68.646194 0.000000
v -234.133530 104.648529 14.000000
v -262.701904 68.701897 0.000000
v -234.088821 104.637619 14.000000
v -234.044250 104.626160 14.000000
v -242.261963 72.224998 13.521603
v -262.646210 68.758987 0.000000
v -241.762405 71.724998 13.497061
v -233.999832 104.614159 14.000000
v -242.297165 72.224998 13.044353
v -262.591919 68.817429 0.000000
v -241.799423 71.724998 12.995329
v -242.355743 72.224998 12.569403
v -233.955551 104.601616 14.000000
v -262.539062 68.877182 0.000000
v -241.861008 71.724998 12.496017
v -241.947021 71.724998 12.000328
v -233.911438 104.588524 14.000000
v -262.487732 68.938217 0.000000
v -242.437561 72.224998 12.097904
v -233.867477 104.574898 14.000000
v -242.542404 72.224998 11.630983
v -262.437866 69.000488 0.000000
v -242.057251 71.724998 11.509457
v -262.389587 69.063972 0.000000
v -242.670044 72.224998 11.169769
v -233.823700 104.560730 14.000000
v -242.191422 71.724998 11.024586
v -262.342865 69.128616 0.000000
v -242.820145 72.224998 10.715380
v -233.780090 104.546028 14.000000
v -242.349243 71.724998 10.546883
v -242.992371 72.224998 10.268898
v -262.297729 69.194389 0.000000
v -233.736664 104.530792 14.000000
v -242.530304 71.724998 10.077499
v -243.186310 72.224998 9.831409
v -262.254242 69.261253 0.000000
v -233.693436 104.515022 14.000000
v -242.734177 71.724998 9.617565
v -262.212372 69.329163 0.000000
v -243.401459 72.224998 9.403955
v -233.650391 104.498718 14.000000
v -242.960373 71.724998 9.168188
v -233.607559 104.481895 14.000000
v -243.637329 72.224998 8.987581
v -262.172211 69.398071 0.000000
v -243.208344 71.724998 8.730452
v -243.893356 72.224998 8.583281
v -233.564941 104.464546 14.000000
v -243.477509 71.724998 8.305408
v -262.133759 69.467957 0.000000
v -262.097015 69.538757 0.000000
v -244.168915 72.224998 8.192024
v -233.522522 104.446678 14.000000
v -243.767181 71.724998 7.894087
v -233.480347 104.428284 14.000000
v -244.463333 72.224998 7.814762
v -244.076706 71.724998 7.497473
v -262.062042 69.610443 0.000000
v -233.438385 104.409378 14.000000
v -244.775894 72.224998 7.452412
v -262.028809 69.682961 0.000000
v -244.405304 71.724998 7.116524
v -261.997406 69.756271 0.000000
v -245.105881 72.224998 7.105816
v -233.396667 104.389961 14.000000
v -244.752213 71.724998 6.752159
v -245.452454 72.224998 6.775843
v -233.355194 104.370026 14.000000
v -261.967773 69.830338 0.000000
v -245.116577 71.724998 6.405254
v -245.814819 72.224998 6.463272
v -261.939972 69.905106 0.000000
v -233.313965 104.349594 14.000000
v -245.497528 71.724998 6.076647
v -246.192078 72.224998 6.168850
v -233.272980 104.328644 14.000000
v -261.914032 69.980530 0.000000
v -245.894135 71.724998 5.767128
v -246.583328 72.224998 5.893299
v -233.232269 104.307205 14.000000
v -261.889954 70.056572 0.000000
v -246.305466 71.724998 5.477440
v -246.987640 72.224998 5.637278
v -233.191803 104.285263 14.000000
v -261.867737 70.133179 0.000000
v -246.730499 71.724998 5.208286
v -247.404007 72.224998 5.401405
v -233.151627 104.262825 14.000000
v -261.847412 70.210312 0.000000
v -247.168243 71.724998 4.960312
v -247.831467 72.224998 5.186245
v -233.111725 104.239899 14.000000
v -247.617615 71.724998 4.734114
v -261.828979 70.287918 0.000000
v -248.268951 72.224998 4.992321
v -233.072113 104.216484 14.000000
v -261.812439 70.365952 0.000000
v -248.077560 71.724998 4.530239
v -248.715439 72.224998 4.820089
v -261.797852 70.444366 0.000000
v -248.546936 71.724998 4.349178
v -233.032791 104.192581 14.000000
v -249.169830 72.224998 4.669979
v -232.993759 104.168198 14.000000
v -261.785187 70.523117 0.000000
v -249.024643 71.724998 4.191364
v -249.631027 72.224998 4.542347
v -232.955032 104.143341 14.000000
v -249.509521 71.724998 4.057182
v -261.774445 70.602158 0.000000
v -250.097961 72.224998 4.437492
v -232.916611 104.118011 14.000000
v -261.765656 70.681442 0.000000
v -250.000381 71.724998 3.946955
v -232.878510 104.092209 14.000000
v -250.569458 72.224998 4.355682
v -261.758820 70.760910 0.000000
v -250.496078 71.724998 3.860945
v -232.840714 104.065941 14.000000
v -251.044418 72.224998 4.297102
v -261.753906 70.840523 0.000000
v -250.995392 71.724998 3.799360
v -232.803253 104.039215 14.000000
v -251.521652 72.224998 4.261898
v -261.750977 70.920235 0.000000
v -251.497116 71.724998 3.762350
v -261.750000 70.999992 0.000000
v -232.766129 104.012024 14.000000
v -261.750977 71.079750 0.000000
v -232.729340 103.984390 14.000000
v -232.692886 103.956299 14.000000
v -261.753906 71.159462 0.000000
v -232.656769 103.927765 14.000000
v -261.758820 71.239082 0.000000
v -261.765656 71.318550 0.000000
v -232.621033 103.898788 14.000000
v -261.774445 71.397827 0.000000
v -232.585632 103.869377 14.000000
v -261.785187 71.476868 0.000000
v -232.550598 103.839531 14.000000
v -261.797852 71.555618 0.000000
v -232.515945 103.809265 14.000000
v -261.812439 71.634041 0.000000
v -232.481659 103.778564 14.000000
v -261.828979 71.712074 0.000000
v -232.447754 103.747452 14.000000
v -261.847412 71.789680 0.000000
v -232.414215 103.715927 14.000000
v -261.867737 71.866814 0.000000
v -232.381088 103.683990 14.000000
v -261.889954 71.943420 0.000000
v -232.348358 103.651649 14.000000
v -232.316010 103.618912 14.000000
v -261.914032 72.019463 0.000000
v -232.284073 103.585777 14.000000
v -261.939972 72.094887 0.000000
v -261.967773 72.169655 0.000000
v -232.252548 103.552254 14.000000
v -232.221436 103.518349 14.000000
v -261.997406 72.243713 0.000000
v -262.028809 72.317032 0.000000
v -232.190735 103.484055 14.000000
v -262.062042 72.389549 0.000000
v -232.160461 103.449402 14.000000
v -262.097015 72.461227 0.000000
v -232.130615 103.414368 14.000000
v -262.133759 72.532036 0.000000
v -232.101212 103.378975 14.000000
v -262.172211 72.601913 0.000000
v -232.072235 103.343224 14.000000
v -232.043701 103.307114 14.000000
v -262.212372 72.670830 0.000000
v -232.015610 103.270668 14.000000
v -262.254242 72.738739 0.000000
v -262.297729 72.805595 0.000000
v -231.987976 103.233871 14.000000
v -231.960785 103.196739 14.000000
v -262.342865 72.871368 0.000000
v -231.934052 103.159279 14.000000
v -262.389587 72.936020 0.000000
v -262.437866 72.999496 0.000000
v -231.907791 103.121490 14.000000
v -231.881989 103.083389 14.000000
v -262.487732 73.061775 0.000000
v -262.539062 73.122803 0.000000
v -231.856659 103.044968 14.000000
v -262.591919 73.182564 0.000000
v -231.831802 103.006241 14.000000
v -262.646210 73.240997 0.000000
v -231.807419 102.967209 14.000000
v -262.701904 73.298088 0.000000
v -231.783524 102.927887 14.000000
v -262.759003 73.353798 0.000000
v -231.760101 102.888268 14.000000
v -262.817444 73.408081 0.000000
v -231.737167 102.848366 14.000000
v -231.714737 102.808189 14.000000
v -262.877197 73.460922 0.000000
v -262.938232 73.512276 0.000000
v -231.692795 102.767738 14.000000
v -263.000488 73.562119 0.000000
v -231.671356 102.727020 14.000000
v -231.650406 102.686043 14.000000
v -263.063965 73.610420 0.000000
v -231.629974 102.644814 14.000000
v -263.128632 73.657143 0.000000
v -263.194397 73.702271 0.000000
v -231.610046 102.603333 14.000000
v -263.261261 73.745766 0.000000
v -231.590622 102.561615 14.000000
v -263.329163 73.787613 0.000000
v -231.571716 102.519653 14.000000
v -263.398071 73.827774 0.000000
v -231.553329 102.477470 14.000000
v -263.467957 73.866241 0.000000
v -231.535446 102.435059 14.000000
v -263.538757 73.902969 0.000000
v -231.518097 102.392441 14.000000
v -231.501282 102.349609 14.000000
v -263.610443 73.937958 0.000000
v -231.484985 102.306572 14.000000
v -263.682953 73.971176 0.000000
v -231.469208 102.263336 14.000000
v -263.756287 74.002602 0.000000
v -263.830353 74.032219 0.000000
v -231.453979 102.219910 14.000000
v -263.905121 74.060013 0.000000
v -231.439270 102.176308 14.000000
v -231.425110 102.132523 14.000000
v -263.980530 74.085960 0.000000
v -264.056580 74.110046 0.000000
v -231.411469 102.088570 14.000000
v -264.133179 74.132263 0.000000
v -231.398392 102.044449 14.000000
v -264.210327 74.152596 0.000000
v -231.385834 102.000175 14.000000
v -264.287933 74.171028 0.000000
v -231.373840 101.955750 14.000000
v -264.365967 74.187546 0.000000
v -231.362381 101.911179 14.000000
v -264.444366 74.202148 0.000000
v -231.351471 101.866470 14.000000
v -264.523132 74.214821 0.000000
v -231.341125 101.821632 14.000000
v -264.602173 74.225555 0.000000
v -231.331314 101.776672 14.000000
v -231.322052 101.731590 14.000000
v -264.681458 74.234344 0.000000
v -264.760925 74.241188 0.000000
v -231.313354 101.686401 14.000000
v -264.840546 74.246078 0.000000
v -231.305206 101.641106 14.000000
v -264.920258 74.249016 0.000000
v -231.297623 101.595718 14.000000
v -265.000000 74.249992 0.000000
v -231.290588 101.550240 14.000000
v -265.079773 74.249016 0.000000
v -231.284119 101.504677 14.000000
v -265.159485 74.246078 0.000000
v -231.278198 101.459038 14.000000
v -265.239075 74.241188 0.000000
v -231.272842 101.413330 14.000000
v -265.318542 74.234344 0.000000
v -231.268051 101.367569 14.000000
v -265.397827 74.225555 0.000000
v -231.263824 101.321739 14.000000
v -265.476868 74.214821 0.000000
v -231.260162 101.275864 14.000000
v -265.555634 74.202148 0.000000
v -231.257050 101.229950 14.000000
v -265.634033 74.187546 0.000000
v -231.254517 101.184006 14.000000
v -265.712067 74.171028 0.000000
v -231.252533 101.138031 14.000000
v -265.789673 74.152596 0.000000
v -231.251129 101.092026 14.000000
v -265.866821 74.132263 0.000000
v -231.250275 101.046021 14.000000
v -265.943420 74.110046 0.000000
v -231.250000 101.000000 14.000000
v -235.000000 63.250000 14.000000
v -266.019470 74.085960 0.000000
v -266.094879 74.060013 0.000000
v -234.953979 63.250282 14.000000
v -266.169647 74.032219 0.000000
v -234.907974 63.251129 14.000000
v -266.243713 74.002602 0.000000
v -234.861969 63.252541 14.000000
v -234.815994 63.254517 14.000000
v -266.317047 73.971176 0.000000
v -234.770050 63.257057 14.000000
v -266.389557 73.937958 0.000000
v -234.724136 63.260162 14.000000
v -266.461243 73.902969 0.000000
v -234.678253 63.263828 14.000000
v -266.532043 73.866241 0.000000
v -234.632431 63.268059 14.000000
v -266.601929 73.827774 0.000000
v -234.586670 63.272850 14.000000
v -266.670837 73.787613 0.000000
v -234.540955 63.278202 14.000000
v -266.738739 73.745766 0.000000
v -234.495331 63.284115 14.000000
v -266.805603 73.702271 0.000000
v -234.449768 63.290588 14.000000
v -266.871368 73.657143 0.000000
v -234.404282 63.297619 14.000000
v -266.936035 73.610420 0.000000
v -234.358887 63.305206 14.000000
v -266.999512 73.562119 0.000000
v -234.313599 63.313354 14.000000
v -267.061768 73.512276 0.000000
v -234.268417 63.322056 14.000000
v -267.122803 73.460922 0.000000
v -267.182556 73.408081 0.000000
v -234.223328 63.331310 14.000000
v -267.240997 73.353798 0.000000
v -234.178375 63.341118 14.000000
v -267.298096 73.298088 0.000000
v -234.133530 63.351475 14.000000
v -267.353790 73.240997 0.000000
v -234.088821 63.362381 14.000000
v -267.408081 73.182564 0.000000
v -234.044250 63.373840 14.000000
v -267.460938 73.122803 0.000000
v -233.999832 63.385841 14.000000
v -233.955551 63.398384 14.000000
v -267.512299 73.061775 0.000000
v -267.562134 72.999496 0.000000
v -233.911438 63.411476 14.000000
v -267.610413 72.936020 0.000000
v -233.867477 63.425102 14.000000
v -267.657166 72.871368 0.000000
v -233.823700 63.439270 14.000000
v -267.702271 72.805595 0.000000
v -233.780090 63.453972 14.000000
v -267.745789 72.738739 0.000000
v -233.736664 63.469208 14.000000
v -267.787628 72.670830 0.000000
v -233.693436 63.484978 14.000000
v -267.827789 72.601913 0.000000
v -233.650391 63.501278 14.000000
v -267.866241 72.532036 0.000000
v -233.607559 63.518105 14.000000
v -267.902985 72.461227 0.000000
v -233.564941 63.535454 14.000000
v -233.522522 63.553322 14.000000
v -267.937958 72.389549 0.000000
v -233.480347 63.571712 14.000000
v -267.971191 72.317032 0.000000
v -233.438385 63.590622 14.000000
v -268.002625 72.243713 0.000000
v -268.032227 72.169655 0.000000
v -233.396667 63.610039 14.000000
v -233.355194 63.629971 14.000000
v -268.060028 72.094887 0.000000
v -233.313965 63.650410 14.000000
v -268.085968 72.019463 0.000000
v -233.272980 63.671352 14.000000
v -268.110046 71.943420 0.000000
v -233.232269 63.692795 14.000000
v -268.132263 71.866814 0.000000
v -268.152588 71.789680 0.000000
v -233.191803 63.714737 14.000000
v -268.171021 71.712074 0.000000
v -233.151627 63.737175 14.000000
v -268.187561 71.634041 0.000000
v -233.111725 63.760101 14.000000
v -268.202148 71.555618 0.000000
v -233.072113 63.783516 14.000000
v -268.214813 71.476868 0.000000
v -233.032791 63.807419 14.000000
v -268.225555 71.397827 0.000000
v -232.993759 63.831799 14.000000
v -268.234344 71.318550 0.000000
v -232.955032 63.856659 14.000000
v -268.241211 71.239082 0.000000
v -232.916611 63.881989 14.000000
v -268.246094 71.159462 0.000000
v -232.878510 63.907791 14.000000
v -268.249023 71.079750 0.000000
v -232.840714 63.934059 14.000000
v -232.803253 63.960785 14.000000
v -268.250000 70.999992 0.000000
v -268.249023 70.920235 0.000000
v -232.766129 63.987972 14.000000
v -268.246094 70.840523 0.000000
v -232.729340 64.015610 14.000000
v -268.241211 70.760910 0.000000
v -232.692886 64.043701 14.000000
v -268.234344 70.681442 0.000000
v -232.656769 64.072235 14.000000
v -268.225555 70.602158 0.000000
v -232.621033 64.101212 14.000000
v -268.214813 70.523117 0.000000
v -232.585632 64.130623 14.000000
v -268.202148 70.444366 0.000000
v -232.550598 64.160469 14.000000
v -232.515945 64.190735 14.000000
v -268.187561 70.365952 0.000000
v -232.481659 64.221436 14.000000
v -268.171021 70.287918 0.000000
v -232.447754 64.252548 14.000000
v -268.152588 70.210312 0.000000
v -232.414215 64.284073 14.000000
v -268.132263 70.133179 0.000000
v -268.110046 70.056572 0.000000
v -232.381088 64.316010 14.000000
v -232.348358 64.348351 14.000000
v -268.085968 69.980530 0.000000
v -268.060028 69.905106 0.000000
v -232.316010 64.381088 14.000000
v -232.284073 64.414223 14.000000
v -268.032227 69.830338 0.000000
v -268.002625 69.756271 0.000000
v -232.252548 64.447746 14.000000
v -267.971191 69.682961 0.000000
v -232.221436 64.481651 14.000000
v -232.190735 64.515945 14.000000
v -267.937958 69.610443 0.000000
v -267.902985 69.538757 0.000000
v -232.160461 64.550598 14.000000
v -232.130615 64.585632 14.000000
v -267.866241 69.467957 0.000000
v -232.101212 64.621025 14.000000
v -267.827789 69.398071 0.000000
v -232.072235 64.656776 14.000000
v -267.787628 69.329163 0.000000
v -267.745789 69.261253 0.000000
v -232.043701 64.692886 14.000000
v -232.015610 64.729332 14.000000
v -267.702271 69.194389 0.000000
v -231.987976 64.766129 14.000000
v -267.657166 69.128616 0.000000
v -231.960785 64.803261 14.000000
v -267.610413 69.063972 0.000000
v -231.934052 64.840721 14.000000
v -267.562134 69.000488 0.000000
v -267.512299 68.938217 0.000000
v -231.907791 64.878510 14.000000
v -267.460938 68.877182 0.000000
v -231.881989 64.916611 14.000000
v -267.408081 68.817429 0.000000
v -231.856659 64.955032 14.000000
v -267.353790 68.758987 0.000000
v -231.831802 64.993759 14.000000
v -267.298096 68.701897 0.000000
v -231.807419 65.032791 14.000000
v -267.240997 68.646194 0.000000
v -231.783524 65.072113 14.000000
v -267.182556 68.591904 0.000000
v -231.760101 65.111732 14.000000
v -267.122803 68.539062 0.000000
v -231.737167 65.151634 14.000000
v -267.061768 68.487709 0.000000
v -231.714737 65.191811 14.000000
v -231.692795 65.232262 14.000000
v -266.999512 68.437866 0.000000
v -266.936035 68.389572 0.000000
v -231.671356 65.272980 14.000000
v -266.871368 68.342842 0.000000
v -231.650406 65.313957 14.000000
v -266.805603 68.297714 0.000000
v -231.629974 65.355186 14.000000
v -266.738739 68.254219 0.000000
v -231.610046 65.396667 14.000000
v -266.670837 68.212379 0.000000
v -231.590622 65.438385 14.000000
v -266.601929 68.172211 0.000000
v -231.571716 65.480347 14.000000
v -266.532043 68.133751 0.000000
v -231.553329 65.522530 14.000000
v -266.461243 68.097015 0.000000
v -231.535446 65.564941 14.000000
v -266.389557 68.062027 0.000000
v -231.518097 65.607559 14.000000
v -266.317047 68.028809 0.000000
v -231.501282 65.650391 14.000000
v -266.243713 67.997383 0.000000
v -231.484985 65.693428 14.000000
v -266.169647 67.967766 0.000000
v -231.469208 65.736664 14.000000
v -266.094879 67.939972 0.000000
v -231.453979 65.780090 14.000000
v -266.019470 67.914032 0.000000
v -231.439270 65.823692 14.000000
v -265.943420 67.889938 0.000000
v -231.425110 65.867477 14.000000
v -265.866821 67.867722 0.000000
v -231.411469 65.911430 14.000000
v -265.789673 67.847397 0.000000
v -231.398392 65.955551 14.000000
v -265.712067 67.828964 0.000000
v -231.385834 65.999825 14.000000
v -265.634033 67.812439 0.000000
v -231.373840 66.044250 14.000000
v -265.555634 67.797844 0.000000
v -231.362381 66.088821 14.000000
v -265.476868 67.785172 0.000000
v -231.351471 66.133530 14.000000
v -265.397827 67.774437 0.000000
v -231.341125 66.178368 14.000000
v -231.331314 66.223328 14.000000
v -265.318542 67.765640 0.000000
v -265.239075 67.758804 0.000000
v -231.322052 66.268410 14.000000
v -265.159485 67.753906 0.000000
v -231.313354 66.313599 14.000000
v -231.305206 66.358894 14.000000
v -265.079773 67.750977 0.000000
v -265.000000 67.749992 2.100000
v -231.297623 66.404282 14.000000
v -264.920258 67.750977 2.100000
v -231.290588 66.449760 14.000000
v -264.840546 67.753906 2.100000
v -231.284119 66.495323 14.000000
v -264.760925 67.758804 2.100000
v -231.278198 66.540962 14.000000
v -264.681458 67.765640 2.100000
v -231.272842 66.586670 14.000000
v -231.268051 66.632431 14.000000
v -264.602173 67.774437 2.100000
v -231.263824 66.678261 14.000000
v -264.523132 67.785172 2.100000
v -231.260162 66.724136 14.000000
v -264.444366 67.797844 2.100000
v -264.365967 67.812439 2.100000
v -231.257050 66.770050 14.000000
v -264.287933 67.828964 2.100000
v -231.254517 66.815994 14.000000
v -264.210327 67.847397 2.100000
v -231.252533 66.861969 14.000000
v -264.133179 67.867722 2.100000
v -231.251129 66.907974 14.000000
v -264.056580 67.889938 2.100000
v -231.250275 66.953979 14.000000
v -263.980530 67.914032 2.100000
v -231.250000 67.000000 14.000000
v -272.750000 67.000000 14.000000
v -263.905121 67.939972 2.100000
v -272.749725 66.953979 14.000000
v -263.830353 67.967766 2.100000
v -272.748871 66.907974 14.000000
v -263.756287 67.997383 2.100000
v -272.747467 66.861969 14.000000
v -263.682953 68.028809 2.100000
v -263.610443 68.062027 2.100000
v -272.745483 66.815994 14.000000
v -263.538757 68.097015 2.100000
v -272.742950 66.770050 14.000000
v -263.467957 68.133751 2.100000
v -272.739838 66.724136 14.000000
v -272.736176 66.678261 14.000000
v -263.398071 68.172211 2.100000
v -263.329163 68.212379 2.100000
v -272.731934 66.632431 14.000000
v -272.727142 66.586670 14.000000
v -263.261261 68.254219 2.100000
v -263.194397 68.297714 2.100000
v -272.721802 66.540962 14.000000
v -263.128632 68.342842 2.100000
v -272.715881 66.495323 14.000000
v -263.063965 68.389572 2.100000
v -272.709412 66.449760 14.000000
v -263.000488 68.437866 2.100000
v -272.702393 66.404282 14.000000
v -262.938232 68.487709 2.100000
v -272.694794 66.358894 14.000000
v -262.877197 68.539062 2.100000
v -272.686646 66.313599 14.000000
v -262.817444 68.591904 2.100000
v -272.677948 66.268410 14.000000
v -262.759003 68.646194 2.100000
v -272.668701 66.223328 14.000000
v -262.701904 68.701897 2.100000
v -272.658875 66.178368 14.000000
v -262.646210 68.758987 2.100000
v -272.648529 66.133530 14.000000
v -262.591919 68.817429 2.100000
v -272.637604 66.088821 14.000000
v -262.539062 68.877182 2.100000
v -272.626160 66.044250 14.000000
v -272.614166 65.999825 14.000000
v -262.487732 68.938217 2.100000
v -262.437866 69.000488 2.100000
v -272.601624 65.955551 14.000000
v -272.588531 65.911430 14.000000
v -262.389587 69.063972 2.100000
v -272.574890 65.867477 14.000000
v -262.342865 69.128616 2.100000
v -272.560730 65.823692 14.000000
v -262.297729 69.194389 2.100000
v -262.254242 69.261253 2.100000
v -272.546021 65.780090 14.000000
v -272.530792 65.736664 14.000000
v -262.212372 69.329163 2.100000
v -272.515015 65.693428 14.000000
v -262.172211 69.398071 2.100000
v -272.498718 65.650391 14.000000
v -262.133759 69.467957 2.100000
v -272.481903 65.607559 14.000000
v -262.097015 69.538757 2.100000
v -272.464539 65.564941 14.000000
v -262.062042 69.610443 2.100000
v -272.446686 65.522530 14.000000
v -262.028809 69.682961 2.100000
v -272.428284 65.480347 14.000000
v -261.997406 69.756271 2.100000
v -272.409393 65.438385 14.000000
v -261.967773 69.830338 2.100000
v -272.389954 65.396667 14.000000
v -261.939972 69.905106 2.100000
v -272.370026 65.355186 14.000000
v -261.914032 69.980530 2.100000
v -261.889954 70.056572 2.100000
v -272.349579 65.313957 14.000000
v -261.867737 70.133179 2.100000
v -272.328644 65.272980 14.000000
v -261.847412 70.210312 2.100000
v -272.307190 65.232262 14.000000
v -261.828979 70.287918 2.100000
v -272.285278 65.191811 14.000000
v -261.812439 70.365952 2.100000
v -272.262817 65.151634 14.000000
v -272.239899 65.111732 14.000000
v -261.797852 70.444366 2.100000
v -261.785187 70.523117 2.100000
v -272.216492 65.072113 14.000000
v -261.774445 70.602158 2.100000
v -272.192566 65.032791 14.000000
v -272.168213 64.993759 14.000000
v -261.765656 70.681442 2.100000
v -272.143341 64.955032 14.000000
v -261.758820 70.760910 2.100000
v -272.118011 64.916611 14.000000
v -261.753906 70.840523 2.100000
v -272.092224 64.878510 14.000000
v -261.750977 70.920235 2.100000
v -272.065948 64.840721 14.000000
v -261.750000 70.999992 2.100000
v -272.039215 64.803261 14.000000
v -261.750977 71.079750 2.100000
v -272.012024 64.766129 14.000000
v -261.753906 71.159462 2.100000
v -271.984375 64.729332 14.000000
v -261.758820 71.239082 2.100000
v -271.956299 64.692886 14.000000
v -261.765656 71.318550 2.100000
v -271.927765 64.656776 14.000000
v -261.774445 71.397827 2.100000
v -261.785187 71.476868 2.100000
v -271.898804 64.621025 14.000000
v -271.869385 64.585632 14.000000
v -261.797852 71.555618 2.100000
v -271.839539 64.550598 14.000000
v -261.812439 71.634041 2.100000
v -271.809265 64.515945 14.000000
v -261.828979 71.712074 2.100000
v -271.778564 64.481651 14.000000
v -261.847412 71.789680 2.100000
v -261.867737 71.866814 2.100000
v -271.747467 64.447746 14.000000
v -261.889954 71.943420 2.100000
v -271.715942 64.414223 14.000000
v -261.914032 72.019463 2.100000
v -271.683990 64.381088 14.000000
v -261.939972 72.094887 2.100000
v -271.651642 64.348351 14.000000
v -261.967773 72.169655 2.100000
v -271.618896 64.316010 14.000000
v -261.997406 72.243713 2.100000
v -271.585785 64.284073 14.000000
v -262.028809 72.317032 2.100000
v -271.552246 64.252548 14.000000
v -262.062042 72.389549 2.100000
v -271.518341 64.221436 14.000000
v -271.484070 64.190735 14.000000
v -262.097015 72.461227 2.100000
v -271.449402 64.160469 14.000000
v -262.133759 72.532036 2.100000
v -271.414368 64.130623 14.000000
v -262.172211 72.601913 2.100000
v -271.378967 64.101212 14.000000
v -262.212372 72.670830 2.100000
v -271.343231 64.072235 14.000000
v -262.254242 72.738739 2.100000
v -271.307129 64.043701 14.000000
v -262.297729 72.805595 2.100000
v -271.270660 64.015610 14.000000
v -262.342865 72.871368 2.100000
v -271.233887 63.987972 14.000000
v -262.389587 72.936020 2.100000
v -271.196747 63.960785 14.000000
v -262.437866 72.999496 2.100000
v -271.159271 63.934059 14.000000
v -262.487732 73.061775 2.100000
v -262.539062 73.122803 2.100000
v -271.121490 63.907791 14.000000
v -262.591919 73.182564 2.100000
v -271.083374 63.881989 14.000000
v -262.646210 73.240997 2.100000
v -271.044983 63.856659 14.000000
v -262.701904 73.298088 2.100000
v -271.006226 63.831799 14.000000
v -262.759003 73.353798 2.100000
v -270.967224 63.807419 14.000000
v -262.817444 73.408081 2.100000
v -270.927887 63.783516 14.000000
v -270.888275 63.760101 14.000000
v -262.877197 73.460922 2.100000
v -270.848358 63.737175 14.000000
v -262.938232 73.512276 2.100000
v -263.000488 73.562119 2.100000
v -270.808197 63.714737 14.000000
v -263.063965 73.610420 2.100000
v -270.767731 63.692795 14.000000
v -263.128632 73.657143 2.100000
v -270.727020 63.671352 14.000000
v -263.194397 73.702271 2.100000
v -270.686035 63.650410 14.000000
v -263.261261 73.745766 2.100000
v -270.644806 63.629971 14.000000
v -263.329163 73.787613 2.100000
v -270.603333 63.610039 14.000000
v -270.561615 63.590622 14.000000
v -263.398071 73.827774 2.100000
v -263.467957 73.866241 2.100000
v -270.519653 63.571712 14.000000
v -263.538757 73.902969 2.100000
v -270.477478 63.553322 14.000000
v -270.435059 63.535454 14.000000
v -263.610443 73.937958 2.100000
v -270.392426 63.518105 14.000000
v -263.682953 73.971176 2.100000
v -270.349609 63.501278 14.000000
v -263.756287 74.002602 2.100000
v -270.306580 63.484978 14.000000
v -263.830353 74.032219 2.100000
v -270.263336 63.469208 14.000000
v -263.905121 74.060013 2.100000
v -270.219910 63.453972 14.000000
v -263.980530 74.085960 2.100000
v -270.176300 63.439270 14.000000
v -264.056580 74.110046 2.100000
v -264.133179 74.132263 2.100000
v -270.132507 63.425102 14.000000
v -270.088562 63.411476 14.000000
v -264.210327 74.152596 2.100000
v -270.044434 63.398384 14.000000
v -264.287933 74.171028 2.100000
v -264.365967 74.187546 2.100000
v -270.000183 63.385841 14.000000
v -264.444366 74.202148 2.100000
v -269.955750 63.373840 14.000000
v -264.523132 74.214821 2.100000
v -269.911163 63.362381 14.000000
v -264.602173 74.225555 2.100000
v -269.866455 63.351475 14.000000
v -269.821625 63.341118 14.000000
v -264.681458 74.234344 2.100000
v -264.760925 74.241188 2.100000
v -269.776672 63.331310 14.000000
v -264.840546 74.246078 2.100000
v -269.731598 63.322056 14.000000
v -264.920258 74.249016 2.100000
v -269.686401 63.313354 14.000000
v -269.641113 63.305206 14.000000
v -265.000000 74.249992 2.100000
v -269.595703 63.297619 14.000000
v -265.079773 74.249016 2.100000
v -269.550232 63.290588 14.000000
v -265.159485 74.246078 2.100000
v -269.504669 63.284115 14.000000
v -265.239075 74.241188 2.100000
v -269.459045 63.278202 14.000000
v -265.318542 74.234344 2.100000
v -269.413330 63.272850 14.000000
v -265.397827 74.225555 2.100000
v -269.367554 63.268059 14.000000
v -265.476868 74.214821 2.100000
v -269.321747 63.263828 14.000000
v -265.555634 74.202148 2.100000
v -265.634033 74.187546 2.100000
v -269.275879 63.260162 14.000000
v -265.712067 74.171028 2.100000
v -269.229950 63.257057 14.000000
v -265.789673 74.152596 2.100000
v -269.183990 63.254517 14.000000
v -265.866821 74.132263 2.100000
v -269.138031 63.252541 14.000000
v -265.943420 74.110046 2.100000
v -269.092041 63.251129 14.000000
v -266.019470 74.085960 2.100000
v -269.046021 63.250282 14.000000
v -269.000000 63.250000 14.000000
v -266.094879 74.060013 2.100000
v -269.000000 104.750000 14.000000
v -266.169647 74.032219 2.100000
v -269.046021 104.749718 14.000000
v -266.243713 74.002602 2.100000
v -269.092041 104.748871 14.000000
v -266.317047 73.971176 2.100000
v -269.138031 104.747459 14.000000
v -266.389557 73.937958 2.100000
v -269.183990 104.745483 14.000000
v -266.461243 73.902969 2.100000
v -266.532043 73.866241 2.100000
v -269.229950 104.742943 14.000000
v -266.601929 73.827774 2.100000
v -269.275879 104.739838 14.000000
v -266.670837 73.787613 2.100000
v -269.321747 104.736176 14.000000
v -266.738739 73.745766 2.100000
v -269.367554 104.731941 14.000000
v -269.413330 104.727150 14.000000
v -266.805603 73.702271 2.100000
v -269.459045 104.721802 14.000000
v -266.871368 73.657143 2.100000
v -269.504669 104.715881 14.000000
v -266.936035 73.610420 2.100000
v -269.550232 104.709412 14.000000
v -266.999512 73.562119 2.100000
v -267.061768 73.512276 2.100000
v -269.595703 104.702377 14.000000
v -267.122803 73.460922 2.100000
v -269.641113 104.694794 14.000000
v -269.686401 104.686646 14.000000
v -267.182556 73.408081 2.100000
v -267.240997 73.353798 2.100000
v -269.731598 104.677948 14.000000
v -267.298096 73.298088 2.100000
v -269.776672 104.668686 14.000000
v -267.353790 73.240997 2.100000
v -269.821625 104.658882 14.000000
v -267.408081 73.182564 2.100000
v -269.866455 104.648529 14.000000
v -267.460938 73.122803 2.100000
v -269.911163 104.637619 14.000000
v -267.512299 73.061775 2.100000
v -269.955750 104.626160 14.000000
v -267.562134 72.999496 2.100000
v -270.000183 104.614159 14.000000
v -270.044434 104.601616 14.000000
v -267.610413 72.936020 2.100000
v -267.657166 72.871368 2.100000
v -270.088562 104.588524 14.000000
v -267.702271 72.805595 2.100000
v -270.132507 104.574898 14.000000
v -267.745789 72.738739 2.100000
v -270.176300 104.560730 14.000000
v -267.787628 72.670830 2.100000
v -270.219910 104.546028 14.000000
v -267.827789 72.601913 2.100000
v -270.263336 104.530792 14.000000
v -267.866241 72.532036 2.100000
v -270.306580 104.515022 14.000000
v -270.349609 104.498718 14.000000
v -267.902985 72.461227 2.100000
v -267.937958 72.389549 2.100000
v -270.392426 104.481895 14.000000
v -267.971191 72.317032 2.100000
v -270.435059 104.464546 14.000000
v -270.477478 104.446678 14.000000
v -268.002625 72.243713 2.100000
v -268.032227 72.169655 2.100000
v -270.519653 104.428284 14.000000
v -268.060028 72.094887 2.100000
v -270.561615 104.409378 14.000000
v -268.085968 72.019463 2.100000
v -270.603333 104.389961 14.000000
v -268.110046 71.943420 2.100000
v -270.644806 104.370026 14.000000
v -268.132263 71.866814 2.100000
v -270.686035 104.349594 14.000000
v -268.152588 71.789680 2.100000
v -270.727020 104.328644 14.000000
v -268.171021 71.712074 2.100000
v -270.767731 104.307205 14.000000
v -268.187561 71.634041 2.100000
v -270.808197 104.285263 14.000000
v -270.848358 104.262825 14.000000
v -268.202148 71.555618 2.100000
v -270.888275 104.239899 14.000000
v -268.214813 71.476868 2.100000
v -270.927887 104.216484 14.000000
v -268.225555 71.397827 2.100000
v -268.234344 71.318550 2.100000
v -270.967224 104.192581 14.000000
v -271.006226 104.168198 14.000000
v -268.241211 71.239082 2.100000
v -271.044983 104.143341 14.000000
v -268.246094 71.159462 2.100000
v -271.083374 104.118011 14.000000
v -268.249023 71.079750 2.100000
v -271.121490 104.092209 14.000000
v -268.250000 70.999992 2.100000
v -271.159271 104.065941 14.000000
v -268.249023 70.920235 2.100000
v -271.196747 104.039215 14.000000
v -268.246094 70.840523 2.100000
v -271.233887 104.012024 14.000000
v -268.241211 70.760910 2.100000
v -271.270660 103.984390 14.000000
v -268.234344 70.681442 2.100000
v -271.307129 103.956299 14.000000
v -268.225555 70.602158 2.100000
v -271.343231 103.927765 14.000000
v -268.214813 70.523117 2.100000
v -271.378967 103.898788 14.000000
v -268.202148 70.444366 2.100000
v -271.414368 103.869377 14.000000
v -268.187561 70.365952 2.100000
v -268.171021 70.287918 2.100000
v -271.449402 103.839531 14.000000
v -268.152588 70.210312 2.100000
v -271.484070 103.809265 14.000000
v -268.132263 70.133179 2.100000
v -271.518341 103.778564 14.000000
v -268.110046 70.056572 2.100000
v -271.552246 103.747452 14.000000
v -268.085968 69.980530 2.100000
v -271.585785 103.715927 14.000000
v -268.060028 69.905106 2.100000
v -271.618896 103.683990 14.000000
v -268.032227 69.830338 2.100000
v -271.651642 103.651649 14.000000
v -268.002625 69.756271 2.100000
v -271.683990 103.618912 14.000000
v -267.971191 69.682961 2.100000
v -271.715942 103.585777 14.000000
v -271.747467 103.552254 14.000000
v -267.937958 69.610443 2.100000
v -271.778564 103.518349 14.000000
v -267.902985 69.538757 2.100000
v -271.809265 103.484055 14.000000
v -267.866241 69.467957 2.100000
v -271.839539 103.449402 14.000000
v -267.827789 69.398071 2.100000
v -271.869385 103.414368 14.000000
v -267.787628 69.329163 2.100000
v -271.898804 103.378975 14.000000
v -267.745789 69.261253 2.100000
v -271.927765 103.343224 14.000000
v -267.702271 69.194389 2.100000
v -271.956299 103.307114 14.000000
v -267.657166 69.128616 2.100000
v -271.984375 103.270668 14.000000
v -267.610413 69.063972 2.100000
v -272.012024 103.233871 14.000000
v -267.562134 69.000488 2.100000
v -272.039215 103.196739 14.000000
v -267.512299 68.938217 2.100000
v -272.065948 103.159279 14.000000
v -267.460938 68.877182 2.100000
v -272.092224 103.121490 14.000000
v -267.408081 68.817429 2.100000
v -272.118011 103.083389 14.000000
v -267.353790 68.758987 2.100000
v -267.298096 68.701897 2.100000
v -272.143341 103.044968 14.000000
v -267.240997 68.646194 2.100000
v -272.168213 103.006241 14.000000
v -267.182556 68.591904 2.100000
v -272.192566 102.967209 14.000000
v -272.216492 102.927887 14.000000
v -267.122803 68.539062 2.100000
v -267.061768 68.487709 2.100000
v -272.239899 102.888268 14.000000
v -272.262817 102.848366 14.000000
v -266.999512 68.437866 2.100000
v -266.936035 68.389572 2.100000
v -272.285278 102.808189 14.000000
v -266.871368 68.342842 2.100000
v -272.307190 102.767738 14.000000
v -272.328644 102.727020 14.000000
v -266.805603 68.297714 2.100000
v -272.349579 102.686043 14.000000
v -266.738739 68.254219 2.100000
v -272.370026 102.644814 14.000000
v -266.670837 68.212379 2.100000
v -272.389954 102.603333 14.000000
v -266.601929 68.172211 2.100000
v -272.409393 102.561615 14.000000
v -266.532043 68.133751 2.100000
v -272.428284 102.519653 14.000000
v -266.461243 68.097015 2.100000
v -272.446686 102.477470 14.000000
v -266.389557 68.062027 2.100000
v -272.464539 102.435059 14.000000
v -266.317047 68.028809 2.100000
v -266.243713 67.997383 2.100000
v -272.481903 102.392441 14.000000
v -266.169647 67.967766 2.100000
v -272.498718 102.349609 14.000000
v -272.515015 102.306572 14.000000
v -266.094879 67.939972 2.100000
v -266.019470 67.914032 2.100000
v -272.530792 102.263336 14.000000
v -265.943420 67.889938 2.100000
v -272.546021 102.219910 14.000000
v -265.866821 67.867722 2.100000
v -272.560730 102.176308 14.000000
v -272.574890 102.132523 14.000000
v -265.789673 67.847397 2.100000
v -265.712067 67.828964 2.100000
v -272.588531 102.088570 14.000000
v -272.601624 102.044449 14.000000
v -265.634033 67.812439 2.100000
v -265.555634 67.797844 2.100000
v -272.614166 102.000175 14.000000
v -265.476868 67.785172 2.100000
v -272.626160 101.955750 14.000000
v -265.397827 67.774437 2.100000
v -272.637604 101.911179 14.000000
v -265.318542 67.765640 2.100000
v -272.648529 101.866470 14.000000
v -265.239075 67.758804 2.100000
v -272.658875 101.821632 14.000000
v -272.668701 101.776672 14.000000
v -265.159485 67.753906 2.100000
v -265.079773 67.750977 2.100000
v -272.677948 101.731590 14.000000
v -272.686646 101.686401 14.000000
v -272.694794 101.641106 14.000000
v -272.702393 101.595718 14.000000
v -272.709412 101.550240 14.000000
v -272.715881 101.504677 14.000000
v -272.721802 101.459038 14.000000
v -272.727142 101.413330 14.000000
v -272.731934 101.367569 14.000000
v -272.736176 101.321739 14.000000
v -272.739838 101.275864 14.000000
v -272.742950 101.229950 14.000000
v -272.745483 101.184006 14.000000
v -272.747467 101.138031 14.000000
v -272.748871 101.092026 14.000000
v -272.749725 101.046021 14.000000
v -272.750000 101.000000 14.000000
v -234.980362 102.599838 0.799999
v -235.006592 102.599998 0.799999
v -234.960724 102.599480 0.799999
v -234.941101 102.598877 0.799999
v -234.921509 102.598038 0.799999
v -234.901886 102.596947 0.799999
v -234.882309 102.595627 0.799999
v -234.862732 102.594055 0.799999
v -234.843140 102.592255 0.799999
v -234.823669 102.590210 0.799999
v -234.804169 102.587929 0.799999
v -234.784668 102.585403 0.799999
v -234.765228 102.582642 0.799999
v -234.745819 102.579636 0.799999
v -234.726486 102.576408 0.799999
v -234.707184 102.572937 0.799999
v -234.687866 102.569214 0.799999
v -234.668625 102.565269 0.799999
v -234.649429 102.561081 0.799999
v -234.630310 102.556664 0.799999
v -234.611267 102.552017 0.799999
v -234.592209 102.547119 0.799999
v -234.573273 102.542007 0.799999
v -234.554398 102.536652 0.799999
v -234.535538 102.531059 0.799999
v -234.516815 102.525253 0.799999
v -234.498108 102.519203 0.799999
v -234.479507 102.512924 0.799999
v -234.460983 102.506432 0.799999
v -234.442566 102.499710 0.799999
v -234.424225 102.492767 0.799999
v -234.405884 102.485565 0.799999
v -234.387726 102.478165 0.799999
v -234.369598 102.470535 0.799999
v -234.351624 102.462692 0.799999
v -234.333755 102.454643 0.799999
v -234.315918 102.446342 0.799999
v -234.298248 102.437851 0.799999
v -234.280670 102.429138 0.799999
v -234.263123 102.420174 0.799999
v -234.245758 102.411026 0.799999
v -234.228531 102.401680 0.799999
v -234.211380 102.392105 0.799999
v -234.194366 102.382324 0.799999
v -234.177490 102.372353 0.799999
v -234.160660 102.362122 0.799999
v -234.144012 102.351723 0.799999
v -234.127487 102.341118 0.799999
v -234.111115 102.330322 0.799999
v -234.094879 102.319321 0.799999
v -234.078720 102.308090 0.799999
v -234.062759 102.296707 0.799999
v -234.046906 102.285103 0.799999
v -234.031204 102.273300 0.799999
v -234.015640 102.261314 0.799999
v -234.000244 102.249146 0.799999
v -233.985016 102.236801 0.799999
v -233.969894 102.224236 0.799999
v -233.954956 102.211502 0.799999
v -233.940155 102.198578 0.799999
v -233.925522 102.185478 0.799999
v -233.911057 102.172211 0.799999
v -233.896759 102.158760 0.799999
v -233.882660 102.145172 0.799999
v -233.868652 102.131340 0.799999
v -233.854828 102.117340 0.799999
v -233.841248 102.103241 0.799999
v -233.827789 102.088943 0.799999
v -233.814514 102.074478 0.799999
v -233.801422 102.059845 0.799999
v -233.788498 102.045044 0.799999
v -233.775772 102.030106 0.799999
v -233.763199 102.014984 0.799999
v -233.750854 101.999756 0.799999
v -233.738693 101.984360 0.799999
v -233.726700 101.968796 0.799999
v -233.714905 101.953094 0.799999
v -233.703293 101.937241 0.799999
v -233.691910 101.921288 0.799999
v -233.680679 101.905128 0.799999
v -233.669678 101.888878 0.799999
v -233.658875 101.872505 0.799999
v -233.648285 101.855988 0.799999
v -233.637878 101.839333 0.799999
v -233.627655 101.822510 0.799999
v -233.617676 101.805634 0.799999
v -233.607895 101.788620 0.799999
v -233.598328 101.771469 0.799999
v -233.588974 101.754242 0.799999
v -233.579834 101.736870 0.799999
v -233.570862 101.719330 0.799999
v -233.562149 101.701759 0.799999
v -233.553650 101.684082 0.799999
v -233.545349 101.666245 0.799999
v -233.537308 101.648384 0.799999
v -233.529465 101.630402 0.799999
v -233.521835 101.612282 0.799999
v -233.514435 101.594109 0.799999
v -233.507233 101.575783 0.799999
v -233.500290 101.557434 0.799999
v -233.493576 101.539017 0.799999
v -233.487076 101.520500 0.799999
v -233.480804 101.501884 0.799999
v -233.474747 101.483185 0.799999
v -233.468933 101.464462 0.799999
v -233.463348 101.445602 0.799999
v -233.457993 101.426727 0.799999
v -233.452881 101.407791 0.799999
v -233.447983 101.388741 0.799999
v -233.443329 101.369690 0.799999
v -233.438919 101.350571 0.799999
v -233.434738 101.331375 0.799999
v -233.430786 101.312134 0.799999
v -233.427063 101.292824 0.799999
v -233.423584 101.273514 0.799999
v -233.420364 101.254189 0.799999
v -233.417358 101.234779 0.799999
v -233.414597 101.215324 0.799999
v -233.412079 101.195839 0.799999
v -233.409790 101.176331 0.799999
v -233.407745 101.156860 0.799999
v -233.405945 101.137276 0.799999
v -233.404373 101.117691 0.799999
v -233.403046 101.098106 0.799999
v -233.401962 101.078491 0.799999
v -233.401123 101.058891 0.799999
v -233.400528 101.039276 0.799999
v -233.400162 101.019638 0.799999
v -233.399994 100.993408 0.799999
v -235.006592 65.400002 0.799999
v -234.980362 65.400162 0.799999
v -234.960724 65.400520 0.799999
v -234.941101 65.401123 0.799999
v -234.921509 65.401962 0.799999
v -234.901886 65.403053 0.799999
v -234.882309 65.404373 0.799999
v -234.862732 65.405945 0.799999
v -234.843140 65.407745 0.799999
v -234.823669 65.409790 0.799999
v -234.804169 65.412071 0.799999
v -234.784668 65.414597 0.799999
v -234.765228 65.417358 0.799999
v -234.745819 65.420364 0.799999
v -234.726486 65.423592 0.799999
v -234.707184 65.427063 0.799999
v -234.687866 65.430786 0.799999
v -234.668625 65.434731 0.799999
v -234.649429 65.438919 0.799999
v -234.630310 65.443336 0.799999
v -234.611267 65.447983 0.799999
v -234.592209 65.452881 0.799999
v -234.573273 65.457993 0.799999
v -234.554398 65.463348 0.799999
v -234.535538 65.468941 0.799999
v -234.516815 65.474747 0.799999
v -234.498108 65.480797 0.799999
v -234.479507 65.487076 0.799999
v -234.460983 65.493568 0.799999
v -234.442566 65.500290 0.799999
v -234.424225 65.507233 0.799999
v -234.405884 65.514435 0.799999
v -234.387726 65.521835 0.799999
v -234.369598 65.529465 0.799999
v -234.351624 65.537308 0.799999
v -234.333755 65.545357 0.799999
v -234.315918 65.553658 0.799999
v -234.298248 65.562149 0.799999
v -234.280670 65.570862 0.799999
v -234.263123 65.579826 0.799999
v -234.245758 65.588974 0.799999
v -234.228531 65.598320 0.799999
v -234.211380 65.607895 0.799999
v -234.194366 65.617676 0.799999
v -234.177490 65.627647 0.799999
v -234.160660 65.637878 0.799999
v -234.144012 65.648277 0.799999
v -234.127487 65.658882 0.799999
v -234.111115 65.669678 0.799999
v -234.094879 65.680679 0.799999
v -234.078720 65.691910 0.799999
v -234.062759 65.703293 0.799999
v -234.046906 65.714897 0.799999
v -234.031204 65.726700 0.799999
v -234.015640 65.738686 0.799999
v -234.000244 65.750854 0.799999
v -233.985016 65.763199 0.799999
v -233.969894 65.775764 0.799999
v -233.954956 65.788498 0.799999
v -233.940155 65.801422 0.799999
v -233.925522 65.814522 0.799999
v -233.911057 65.827789 0.799999
v -233.896759 65.841240 0.799999
v -233.882660 65.854828 0.799999
v -233.868652 65.868660 0.799999
v -233.854828 65.882660 0.799999
v -233.841248 65.896759 0.799999
v -233.827789 65.911057 0.799999
v -233.814514 65.925522 0.799999
v -233.801422 65.940155 0.799999
v -233.788498 65.954956 0.799999
v -233.775772 65.969894 0.799999
v -233.763199 65.985016 0.799999
v -233.750854 66.000244 0.799999
v -233.738693 66.015640 0.799999
v -233.726700 66.031204 0.799999
v -233.714905 66.046906 0.799999
v -233.703293 66.062759 0.799999
v -233.691910 66.078712 0.799999
v -233.680679 66.094872 0.799999
v -233.669678 66.111122 0.799999
v -233.658875 66.127495 0.799999
v -233.648285 66.144012 0.799999
v -233.637878 66.160667 0.799999
v -233.627655 66.177490 0.799999
v -233.617676 66.194366 0.799999
v -233.607895 66.211380 0.799999
v -233.598328 66.228531 0.799999
v -233.588974 66.245758 0.799999
v -233.579834 66.263130 0.799999
v -233.570862 66.280670 0.799999
v -233.562149 66.298241 0.799999
v -233.553650 66.315918 0.799999
v -233.545349 66.333755 0.799999
v -233.537308 66.351616 0.799999
v -233.529465 66.369598 0.799999
v -233.521835 66.387718 0.799999
v -233.514435 66.405891 0.799999
v -233.507233 66.424217 0.799999
v -233.500290 66.442566 0.799999
v -233.493576 66.460983 0.799999
v -233.487076 66.479500 0.799999
v -233.480804 66.498116 0.799999
v -233.474747 66.516815 0.799999
v -233.468933 66.535538 0.799999
v -233.463348 66.554398 0.799999
v -233.457993 66.573273 0.799999
v -233.452881 66.592209 0.799999
v -233.447983 66.611259 0.799999
v -233.443329 66.630310 0.799999
v -233.438919 66.649429 0.799999
v -239.000000 67.749992 0.000000
v -233.434738 66.668625 0.799999
v -238.920242 67.750977 0.000000
v -233.430786 66.687866 0.799999
v -238.840530 67.753906 0.000000
v -233.427063 66.707176 0.799999
v -238.760910 67.758804 0.000000
v -233.423584 66.726486 0.799999
v -238.681442 67.765640 0.000000
v -233.420364 66.745811 0.799999
v -238.602158 67.774437 0.000000
v -233.417358 66.765221 0.799999
v -238.523117 67.785172 0.000000
v -233.414597 66.784676 0.799999
v -238.444366 67.797844 0.000000
v -233.412079 66.804161 0.799999
v -238.365952 67.812439 0.000000
v -233.409790 66.823669 0.799999
v -238.287918 67.828964 0.000000
v -233.407745 66.843140 0.799999
v -238.210312 67.847397 0.000000
v -233.405945 66.862724 0.799999
v -238.133179 67.867722 0.000000
v -233.404373 66.882309 0.799999
v -238.056580 67.889938 0.000000
v -233.403046 66.901894 0.799999
v -233.401962 66.921509 0.799999
v -237.980530 67.914032 0.000000
v -237.905106 67.939972 0.000000
v -233.401123 66.941109 0.799999
v -233.400528 66.960724 0.799999
v -237.830338 67.967766 0.000000
v -233.400162 66.980362 0.799999
v -237.756271 67.997383 0.000000
v -233.399994 67.006592 0.799999
v -237.682968 68.028809 0.000000
v -270.600006 67.006592 0.799999
v -237.610443 68.062027 0.000000
v -270.599854 66.980362 0.799999
v -237.538757 68.097015 0.000000
v -270.599487 66.960724 0.799999
v -237.467957 68.133751 0.000000
v -270.598877 66.941109 0.799999
v -237.398071 68.172211 0.000000
v -237.329163 68.212379 0.000000
v -270.598022 66.921509 0.799999
v -270.596954 66.901894 0.799999
v -237.261261 68.254219 0.000000
v -237.194397 68.297714 0.000000
v -270.595612 66.882309 0.799999
v -270.594055 66.862724 0.799999
v -237.128616 68.342842 0.000000
v -270.592255 66.843140 0.799999
v -237.063980 68.389572 0.000000
v -270.590210 66.823669 0.799999
v -237.000488 68.437866 0.000000
v -270.587921 66.804161 0.799999
v -236.938217 68.487709 0.000000
v -270.585388 66.784676 0.799999
v -236.877182 68.539062 0.000000
v -270.582642 66.765221 0.799999
v -236.817429 68.591904 0.000000
v -270.579651 66.745811 0.799999
v -236.758987 68.646194 0.000000
v -270.576416 66.726486 0.799999
v -236.701904 68.701897 0.000000
v -270.572937 66.707176 0.799999
v -236.646194 68.758987 0.000000
v -270.569214 66.687866 0.799999
v -236.591904 68.817429 0.000000
v -270.565277 66.668625 0.799999
v -236.539062 68.877182 0.000000
v -270.561066 66.649429 0.799999
v -236.487717 68.938217 0.000000
v -270.556671 66.630310 0.799999
v -236.437866 69.000488 0.000000
v -270.552002 66.611259 0.799999
v -236.389572 69.063972 0.000000
v -270.547119 66.592209 0.799999
v -236.342850 69.128616 0.000000
v -270.541992 66.573273 0.799999
v -236.297714 69.194389 0.000000
v -236.254227 69.261253 0.000000
v -270.536652 66.554398 0.799999
v -236.212372 69.329163 0.000000
v -270.531067 66.535538 0.799999
v -236.172211 69.398071 0.000000
v -270.525269 66.516815 0.799999
v -236.133759 69.467957 0.000000
v -270.519196 66.498116 0.799999
v -270.512939 66.479500 0.799999
v -236.097015 69.538757 0.000000
v -236.062027 69.610443 0.000000
v -270.506439 66.460983 0.799999
v -270.499725 66.442566 0.799999
v -236.028809 69.682961 0.000000
v -270.492767 66.424217 0.799999
v -235.997391 69.756271 0.000000
v -235.967773 69.830338 0.000000
v -270.485565 66.405891 0.799999
v -235.939972 69.905106 0.000000
v -270.478180 66.387718 0.799999
v -270.470520 66.369598 0.799999
v -235.914032 69.980530 0.000000
v -270.462708 66.351616 0.799999
v -235.889938 70.056572 0.000000
v -235.867722 70.133179 0.000000
v -270.454651 66.333755 0.799999
v -270.446350 66.315918 0.799999
v -235.847397 70.210312 0.000000
v -270.437836 66.298241 0.799999
v -235.828964 70.287918 0.000000
v -270.429138 66.280670 0.799999
v -235.812439 70.365952 0.000000
v -235.797852 70.444366 0.000000
v -270.420166 66.263130 0.799999
v -270.411011 66.245758 0.799999
v -235.785172 70.523117 0.000000
v -270.401672 66.228531 0.799999
v -235.774445 70.602158 0.000000
v -270.392090 66.211380 0.799999
v -235.765656 70.681442 0.000000
v -235.758804 70.760910 0.000000
v -270.382324 66.194366 0.799999
v -235.753906 70.840523 0.000000
v -270.372345 66.177490 0.799999
v -270.362122 66.160667 0.799999
v -235.750977 70.920235 0.000000
v -235.750000 70.999992 0.000000
v -270.351715 66.144012 0.799999
v -235.750977 71.079750 0.000000
v -270.341125 66.127495 0.799999
v -235.753906 71.159462 0.000000
v -270.330322 66.111122 0.799999
v -235.758804 71.239082 0.000000
v -270.319336 66.094872 0.799999
v -235.765656 71.318550 0.000000
v -270.308105 66.078712 0.799999
v -270.296722 66.062759 0.799999
v -235.774445 71.397827 0.000000
v -235.785172 71.476868 0.000000
v -270.285095 66.046906 0.799999
v -235.797852 71.555618 0.000000
v -270.273315 66.031204 0.799999
v -235.812439 71.634041 0.000000
v -270.261322 66.015640 0.799999
v -270.249146 66.000244 0.799999
v -235.828964 71.712074 0.000000
v -270.236786 65.985016 0.799999
v -235.847397 71.789680 0.000000
v -270.224243 65.969894 0.799999
v -235.867722 71.866814 0.000000
v -270.211517 65.954956 0.799999
v -235.889938 71.943420 0.000000
v -270.198578 65.940155 0.799999
v -235.914032 72.019463 0.000000
v -270.185486 65.925522 0.799999
v -235.939972 72.094887 0.000000
v -270.172211 65.911057 0.799999
v -235.967773 72.169655 0.000000
v -270.158752 65.896759 0.799999
v -235.997391 72.243713 0.000000
v -270.145172 65.882660 0.799999
v -236.028809 72.317032 0.000000
v -270.131348 65.868660 0.799999
v -236.062027 72.389549 0.000000
v -270.117340 65.854828 0.799999
v -236.097015 72.461227 0.000000
v -270.103241 65.841240 0.799999
v -236.133759 72.532036 0.000000
v -270.088928 65.827789 0.799999
v -236.172211 72.601913 0.000000
v -270.074493 65.814522 0.799999
v -236.212372 72.670830 0.000000
v -270.059845 65.801422 0.799999
v -236.254227 72.738739 0.000000
v -270.045044 65.788498 0.799999
v -236.297714 72.805595 0.000000
v -270.030121 65.775764 0.799999
v -236.342850 72.871368 0.000000
v -270.014984 65.763199 0.799999
v -236.389572 72.936020 0.000000
v -269.999756 65.750854 0.799999
v -236.437866 72.999496 0.000000
v -269.984344 65.738693 0.799999
v -236.487717 73.061775 0.000000
v -269.968811 65.726700 0.799999
v -236.539062 73.122803 0.000000
v -269.953094 65.714897 0.799999
v -236.591904 73.182564 0.000000
v -269.937225 65.703293 0.799999
v -236.646194 73.240997 0.000000
v -269.921295 65.691910 0.799999
v -236.701904 73.298088 0.000000
v -236.758987 73.353798 0.000000
v -269.905121 65.680679 0.799999
v -236.817429 73.408081 0.000000
v -269.888885 65.669678 0.799999
v -236.877182 73.460922 0.000000
v -269.872498 65.658882 0.799999
v -236.938217 73.512276 0.000000
v -269.855988 65.648277 0.799999
v -237.000488 73.562119 0.000000
v -269.839325 65.637878 0.799999
v -237.063980 73.610420 0.000000
v -269.822510 65.627647 0.799999
v -237.128616 73.657143 0.000000
v -269.805634 65.617676 0.799999
v -237.194397 73.702271 0.000000
v -269.788635 65.607895 0.799999
v -237.261261 73.745766 0.000000
v -269.771454 65.598320 0.799999
v -237.329163 73.787613 0.000000
v -269.754242 65.588974 0.799999
v -237.398071 73.827774 0.000000
v -269.736877 65.579826 0.799999
v -237.467957 73.866241 0.000000
v -269.719330 65.570862 0.799999
v -237.538757 73.902969 0.000000
v -269.701752 65.562149 0.799999
v -237.610443 73.937958 0.000000
v -269.684082 65.553658 0.799999
v -237.682968 73.971176 0.000000
v -269.666260 65.545357 0.799999
v -237.756271 74.002602 0.000000
v -269.648376 65.537308 0.799999
v -237.830338 74.032219 0.000000
v -269.630402 65.529465 0.799999
v -237.905106 74.060013 0.000000
v -269.612274 65.521835 0.799999
v -237.980530 74.085960 0.000000
v -269.594116 65.514435 0.799999
v -238.056580 74.110046 0.000000
v -269.575775 65.507233 0.799999
v -238.133179 74.132263 0.000000
v -269.557434 65.500290 0.799999
v -238.210312 74.152596 0.000000
v -269.539001 65.493568 0.799999
v -238.287918 74.171028 0.000000
v -269.520508 65.487076 0.799999
v -238.365952 74.187546 0.000000
v -269.501892 65.480797 0.799999
v -238.444366 74.202148 0.000000
v -269.483185 65.474747 0.799999
v -238.523117 74.214821 0.000000
v -269.464447 65.468941 0.799999
v -238.602158 74.225555 0.000000
v -269.445587 65.463348 0.799999
v -238.681442 74.234344 0.000000
v -269.426727 65.457993 0.799999
v -238.760910 74.241188 0.000000
v -269.407776 65.452881 0.799999
v -238.840530 74.246078 0.000000
v -269.388733 65.447983 0.799999
v -269.369690 65.443336 0.799999
v -238.920242 74.249016 0.000000
v -239.000000 74.249992 0.000000
v -269.350586 65.438919 0.799999
v -269.331360 65.434731 0.799999
v -239.079758 74.249016 0.000000
v -239.159470 74.246078 0.000000
v -269.312134 65.430786 0.799999
v -239.239075 74.241188 0.000000
v -269.292816 65.427063 0.799999
v -239.318558 74.234344 0.000000
v -269.273499 65.423592 0.799999
v -239.397827 74.225555 0.000000
v -269.254181 65.420364 0.799999
v -239.476868 74.214821 0.000000
v -269.234772 65.417358 0.799999
v -239.555618 74.202148 0.000000
v -269.215332 65.414597 0.799999
v -239.634033 74.187546 0.000000
v -269.195831 65.412071 0.799999
v -239.712082 74.171028 0.000000
v -269.176331 65.409790 0.799999
v -239.789688 74.152596 0.000000
v -269.156860 65.407745 0.799999
v -239.866821 74.132263 0.000000
v -269.137268 65.405945 0.799999
v -239.943420 74.110046 0.000000
v -269.117676 65.404373 0.799999
v -240.019470 74.085960 0.000000
v -269.098114 65.403053 0.799999
v -240.094894 74.060013 0.000000
v -269.078491 65.401962 0.799999
v -240.169662 74.032219 0.000000
v -269.058899 65.401123 0.799999
v -240.243713 74.002602 0.000000
v -269.039276 65.400520 0.799999
v -269.019653 65.400162 0.799999
v -240.317032 73.971176 0.000000
v -268.993408 65.400002 0.799999
v -240.389557 73.937958 0.000000
v -268.993408 102.599998 0.799999
v -240.461227 73.902969 0.000000
v -269.019653 102.599838 0.799999
v -240.532043 73.866241 0.000000
v -269.039276 102.599480 0.799999
v -240.601913 73.827774 0.000000
v -269.058899 102.598877 0.799999
v -240.670837 73.787613 0.000000
v -269.078491 102.598038 0.799999
v -240.738739 73.745766 0.000000
v -269.098114 102.596947 0.799999
v -240.805603 73.702271 0.000000
v -240.871368 73.657143 0.000000
v -269.117676 102.595627 0.799999
v -269.137268 102.594055 0.799999
v -240.936020 73.610420 0.000000
v -240.999496 73.562119 0.000000
v -269.156860 102.592255 0.799999
v -241.061768 73.512276 0.000000
v -269.176331 102.590210 0.799999
v -241.122803 73.460922 0.000000
v -269.195831 102.587929 0.799999
v -241.182556 73.408081 0.000000
v -269.215332 102.585403 0.799999
v -269.234772 102.582642 0.799999
v -241.240997 73.353798 0.000000
v -241.298096 73.298088 0.000000
v -269.254181 102.579636 0.799999
v -241.353806 73.240997 0.000000
v -269.273499 102.576408 0.799999
v -241.408081 73.182564 0.000000
v -269.292816 102.572937 0.799999
v -241.460922 73.122803 0.000000
v -269.312134 102.569214 0.799999
v -241.512283 73.061775 0.000000
v -269.331360 102.565269 0.799999
v -241.562119 72.999496 0.000000
v -269.350586 102.561081 0.799999
v -241.610428 72.936020 0.000000
v -269.369690 102.556664 0.799999
v -269.388733 102.552017 0.799999
v -241.657150 72.871368 0.000000
v -269.407776 102.547119 0.799999
v -241.702271 72.805595 0.000000
v -269.426727 102.542007 0.799999
v -241.745773 72.738739 0.000000
v -269.445587 102.536652 0.799999
v -241.787613 72.670830 0.000000
v -269.464447 102.531059 0.799999
v -241.827774 72.601913 0.000000
v -241.866241 72.532036 0.000000
v -269.483185 102.525253 0.799999
v -269.501892 102.519203 0.799999
v -241.902969 72.461227 0.000000
v -269.520508 102.512924 0.799999
v -241.937958 72.389549 0.000000
v -269.539001 102.506432 0.799999
v -241.971176 72.317032 0.000000
v -269.557434 102.499710 0.799999
v -242.002609 72.243713 0.000000
v -269.575775 102.492767 0.799999
v -242.032227 72.169655 0.000000
v -242.060013 72.094887 0.000000
v -269.594116 102.485565 0.799999
v -242.085968 72.019463 0.000000
v -269.612274 102.478165 0.799999
v -242.110046 71.943420 0.000000
v -269.630402 102.470535 0.799999
v -269.648376 102.462692 0.799999
v -242.132263 71.866814 0.000000
v -242.152603 71.789680 0.000000
v -269.666260 102.454643 0.799999
v -242.171036 71.712074 0.000000
v -269.684082 102.446342 0.799999
v -242.187546 71.634041 0.000000
v -269.701752 102.437851 0.799999
v -242.202148 71.555618 0.000000
v -269.719330 102.429138 0.799999
v -242.214813 71.476868 0.000000
v -269.736877 102.420174 0.799999
v -242.225555 71.397827 0.000000
v -269.754242 102.411026 0.799999
v -242.234344 71.318550 0.000000
v -269.771454 102.401680 0.799999
v -242.241196 71.239082 0.000000
v -269.788635 102.392105 0.799999
v -242.246078 71.159462 0.000000
v -269.805634 102.382324 0.799999
v -269.822510 102.372353 0.799999
v -242.249023 71.079750 0.000000
v -269.839325 102.362122 0.799999
v -242.250000 70.999992 0.000000
v -242.249023 70.920235 0.000000
v -269.855988 102.351723 0.799999
v -269.872498 102.341118 0.799999
v -242.246078 70.840523 0.000000
v -269.888885 102.330322 0.799999
v -242.241196 70.760910 0.000000
v -242.234344 70.681442 0.000000
v -269.905121 102.319321 0.799999
v -242.225555 70.602158 0.000000
v -269.921295 102.308090 0.799999
v -242.214813 70.523117 0.000000
v -269.937225 102.296707 0.799999
v -242.202148 70.444366 0.000000
v -269.953094 102.285103 0.799999
v -242.187546 70.365952 0.000000
v -269.968811 102.273300 0.799999
v -242.171036 70.287918 0.000000
v -269.984344 102.261314 0.799999
v -242.152603 70.210312 0.000000
v -269.999756 102.249146 0.799999
v -242.132263 70.133179 0.000000
v -270.014984 102.236801 0.799999
v -242.110046 70.056572 0.000000
v -270.030121 102.224236 0.799999
v -242.085968 69.980530 0.000000
v -270.045044 102.211502 0.799999
v -242.060013 69.905106 0.000000
v -270.059845 102.198578 0.799999
v -242.032227 69.830338 0.000000
v -270.074493 102.185478 0.799999
v -242.002609 69.756271 0.000000
v -270.088928 102.172211 0.799999
v -241.971176 69.682961 0.000000
v -270.103241 102.158760 0.799999
v -241.937958 69.610443 0.000000
v -270.117340 102.145172 0.799999
v -241.902969 69.538757 0.000000
v -270.131348 102.131340 0.799999
v -241.866241 69.467957 0.000000
v -270.145172 102.117340 0.799999
v -241.827774 69.398071 0.000000
v -270.158752 102.103241 0.799999
v -270.172211 102.088943 0.799999
v -241.787613 69.329163 0.000000
v -270.185486 102.074478 0.799999
v -241.745773 69.261253 0.000000
v -270.198578 102.059845 0.799999
v -241.702271 69.194389 0.000000
v -270.211517 102.045044 0.799999
v -241.657150 69.128616 0.000000
v -270.224243 102.030106 0.799999
v -241.610428 69.063972 0.000000
v -241.562119 69.000488 0.000000
v -270.236786 102.014984 0.799999
v -241.512283 68.938217 0.000000
v -270.249146 101.999756 0.799999
v -241.460922 68.877182 0.000000
v -270.261322 101.984360 0.799999
v -241.408081 68.817429 0.000000
v -270.273315 101.968796 0.799999
v -270.285095 101.953094 0.799999
v -241.353806 68.758987 0.000000
v -241.298096 68.701897 0.000000
v -270.296722 101.937241 0.799999
v -270.308105 101.921288 0.799999
v -241.240997 68.646194 0.000000
v -270.319336 101.905128 0.799999
v -241.182556 68.591904 0.000000
v -241.122803 68.539062 0.000000
v -270.330322 101.888878 0.799999
v -241.061768 68.487709 0.000000
v -270.341125 101.872505 0.799999
v -240.999496 68.437866 0.000000
v -270.351715 101.855988 0.799999
v -240.936020 68.389572 0.000000
v -270.362122 101.839333 0.799999
v -270.372345 101.822510 0.799999
v -240.871368 68.342842 0.000000
v -270.382324 101.805634 0.799999
v -240.805603 68.297714 0.000000
v -270.392090 101.788620 0.799999
v -240.738739 68.254219 0.000000
v -240.670837 68.212379 0.000000
v -270.401672 101.771469 0.799999
v -240.601913 68.172211 0.000000
v -270.411011 101.754242 0.799999
v -240.532043 68.133751 0.000000
v -270.420166 101.736870 0.799999
v -240.461227 68.097015 0.000000
v -270.429138 101.719330 0.799999
v -240.389557 68.062027 0.000000
v -270.437836 101.701759 0.799999
v -240.317032 68.028809 0.000000
v -270.446350 101.684082 0.799999
v -240.243713 67.997383 0.000000
v -270.454651 101.666245 0.799999
v -240.169662 67.967766 0.000000
v -270.462708 101.648384 0.799999
v -270.470520 101.630402 0.799999
v -240.094894 67.939972 0.000000
v -240.019470 67.914032 0.000000
v -270.478180 101.612282 0.799999
v -270.485565 101.594109 0.799999
v -239.943420 67.889938 0.000000
v -239.866821 67.867722 0.000000
v -270.492767 101.575783 0.799999
v -270.499725 101.557434 0.799999
v -239.789688 67.847397 0.000000
v -270.506439 101.539017 0.799999
v -239.712082 67.828964 0.000000
v -270.512939 101.520500 0.799999
v -239.634033 67.812439 0.000000
v -270.519196 101.501884 0.799999
v -239.555618 67.797844 0.000000
v -270.525269 101.483185 0.799999
v -239.476868 67.785172 0.000000
v -270.531067 101.464462 0.799999
v -239.397827 67.774437 0.000000
v -239.318558 67.765640 0.000000
v -270.536652 101.445602 0.799999
v -239.239075 67.758804 0.000000
v -270.541992 101.426727 0.799999
v -270.547119 101.407791 0.799999
v -239.159470 67.753906 0.000000
v -270.552002 101.388741 0.799999
v -239.079758 67.750977 0.000000
v -270.556671 101.369690 0.799999
v -239.000000 67.749992 2.100000
v -270.561066 101.350571 0.799999
v -238.920242 67.750977 2.100000
v -270.565277 101.331375 0.799999
v -238.840530 67.753906 2.100000
v -270.569214 101.312134 0.799999
v -238.760910 67.758804 2.100000
v -270.572937 101.292824 0.799999
v -238.681442 67.765640 2.100000
v -270.576416 101.273514 0.799999
v -238.602158 67.774437 2.100000
v -270.579651 101.254189 0.799999
v -238.523117 67.785172 2.100000
v -270.582642 101.234779 0.799999
v -238.444366 67.797844 2.100000
v -270.585388 101.215324 0.799999
v -238.365952 67.812439 2.100000
v -270.587921 101.195839 0.799999
v -238.287918 67.828964 2.100000
v -238.210312 67.847397 2.100000
v -270.590210 101.176331 0.799999
v -238.133179 67.867722 2.100000
v -270.592255 101.156860 0.799999
v -238.056580 67.889938 2.100000
v -270.594055 101.137276 0.799999
v -270.595612 101.117691 0.799999
v -237.980530 67.914032 2.100000
v -237.905106 67.939972 2.100000
v -270.596954 101.098106 0.799999
v -270.598022 101.078491 0.799999
v -237.830338 67.967766 2.100000
v -270.598877 101.058891 0.799999
v -237.756271 67.997383 2.100000
v -270.599487 101.039276 0.799999
v -237.682968 68.028809 2.100000
v -270.599854 101.019638 0.799999
v -237.610443 68.062027 2.100000
v -270.600006 100.993408 0.799999
v -237.538757 68.097015 2.100000
v -237.467957 68.133751 2.100000
v -237.398071 68.172211 2.100000
v -237.329163 68.212379 2.100000
v -237.261261 68.254219 2.100000
v -237.194397 68.297714 2.100000
v -237.128616 68.342842 2.100000
v -237.063980 68.389572 2.100000
v -237.000488 68.437866 2.100000
v -236.938217 68.487709 2.100000
v -236.877182 68.539062 2.100000
v -236.817429 68.591904 2.100000
v -236.758987 68.646194 2.100000
v -236.701904 68.701897 2.100000
v -236.646194 68.758987 2.100000
v -236.591904 68.817429 2.100000
v -236.539062 68.877182 2.100000
v -236.487717 68.938217 2.100000
v -236.437866 69.000488 2.100000
v -236.389572 69.063972 2.100000
v -236.342850 69.128616 2.100000
v -236.297714 69.194389 2.100000
v -236.254227 69.261253 2.100000
v -236.212372 69.329163 2.100000
v -236.172211 69.398071 2.100000
v -236.133759 69.467957 2.100000
v -236.097015 69.538757 2.100000
v -236.062027 69.610443 2.100000
v -236.028809 69.682961 2.100000
v -235.997391 69.756271 2.100000
v -235.967773 69.830338 2.100000
v -235.939972 69.905106 2.100000
v -235.914032 69.980530 2.100000
v -235.889938 70.056572 2.100000
v -235.867722 70.133179 2.100000
v -235.847397 70.210312 2.100000
v -235.828964 70.287918 2.100000
v -235.812439 70.365952 2.100000
v -235.797852 70.444366 2.100000
v -235.785172 70.523117 2.100000
v -235.774445 70.602158 2.100000
v -235.765656 70.681442 2.100000
v -235.758804 70.760910 2.100000
v -235.753906 70.840523 2.100000
v -235.750977 70.920235 2.100000
v -235.750000 70.999992 2.100000
v -235.750977 71.079750 2.100000
v -235.753906 71.159462 2.100000
v -235.758804 71.239082 2.100000
v -235.765656 71.318550 2.100000
v -235.774445 71.397827 2.100000
v -235.785172 71.476868 2.100000
v -235.797852 71.555618 2.100000
v -235.812439 71.634041 2.100000
v -235.828964 71.712074 2.100000
v -235.847397 71.789680 2.100000
v -235.867722 71.866814 2.100000
v -235.889938 71.943420 2.100000
v -235.914032 72.019463 2.100000
v -235.939972 72.094887 2.100000
v -235.967773 72.169655 2.100000
v -235.997391 72.243713 2.100000
v -236.028809 72.317032 2.100000
v -236.062027 72.389549 2.100000
v -236.097015 72.461227 2.100000
v -236.133759 72.532036 2.100000
v -236.172211 72.601913 2.100000
v -236.212372 72.670830 2.100000
v -236.254227 72.738739 2.100000
v -236.297714 72.805595 2.100000
v -236.342850 72.871368 2.100000
v -236.389572 72.936020 2.100000
v -236.437866 72.999496 2.100000
v -236.487717 73.061775 2.100000
v -236.539062 73.122803 2.100000
v -236.591904 73.182564 2.100000
v -236.646194 73.240997 2.100000
v -236.701904 73.298088 2.100000
v -236.758987 73.353798 2.100000
v -236.817429 73.408081 2.100000
v -236.877182 73.460922 2.100000
v -236.938217 73.512276 2.100000
v -237.000488 73.562119 2.100000
v -237.063980 73.610420 2.100000
v -237.128616 73.657143 2.100000
v -237.194397 73.702271 2.100000
v -237.261261 73.745766 2.100000
v -237.329163 73.787613 2.100000
v -237.398071 73.827774 2.100000
v -237.467957 73.866241 2.100000
v -237.538757 73.902969 2.100000
v -237.610443 73.937958 2.100000
v -237.682968 73.971176 2.100000
v -237.756271 74.002602 2.100000
v -237.830338 74.032219 2.100000
v -237.905106 74.060013 2.100000
v -237.980530 74.085960 2.100000
v -238.056580 74.110046 2.100000
v -238.133179 74.132263 2.100000
v -238.210312 74.152596 2.100000
v -238.287918 74.171028 2.100000
v -238.365952 74.187546 2.100000
v -238.444366 74.202148 2.100000
v -238.523117 74.214821 2.100000
v -238.602158 74.225555 2.100000
v -238.681442 74.234344 2.100000
v -238.760910 74.241188 2.100000
v -238.840530 74.246078 2.100000
v -238.920242 74.249016 2.100000
v -239.000000 74.249992 2.100000
v -239.079758 74.249016 2.100000
v -239.159470 74.246078 2.100000
v -239.239075 74.241188 2.100000
v -239.318558 74.234344 2.100000
v -239.397827 74.225555 2.100000
v -239.476868 74.214821 2.100000
v -239.555618 74.202148 2.100000
v -239.634033 74.187546 2.100000
v -239.712082 74.171028 2.100000
v -239.789688 74.152596 2.100000
v -239.866821 74.132263 2.100000
v -239.943420 74.110046 2.100000
v -240.019470 74.085960 2.100000
v -240.094894 74.060013 2.100000
v -240.169662 74.032219 2.100000
v -240.243713 74.002602 2.100000
v -240.317032 73.971176 2.100000
v -240.389557 73.937958 2.100000
v -240.461227 73.902969 2.100000
v -240.532043 73.866241 2.100000
v -240.601913 73.827774 2.100000
v -240.670837 73.787613 2.100000
v -240.738739 73.745766 2.100000
v -240.805603 73.702271 2.100000
v -240.871368 73.657143 2.100000
v -240.936020 73.610420 2.100000
v -240.999496 73.562119 2.100000
v -241.061768 73.512276 2.100000
v -241.122803 73.460922 2.100000
v -241.182556 73.408081 2.100000
v -241.240997 73.353798 2.100000
v -241.298096 73.298088 2.100000
v -241.353806 73.240997 2.100000
v -241.408081 73.182564 2.100000
v -241.460922 73.122803 2.100000
v -241.512283 73.061775 2.100000
v -241.562119 72.999496 2.100000
v -241.610428 72.936020 2.100000
v -241.657150 72.871368 2.100000
v -241.702271 72.805595 2.100000
v -241.745773 72.738739 2.100000
v -241.787613 72.670830 2.100000
v -241.827774 72.601913 2.100000
v -241.866241 72.532036 2.100000
v -241.902969 72.461227 2.100000
v -241.937958 72.389549 2.100000
v -241.971176 72.317032 2.100000
v -242.002609 72.243713 2.100000
v -242.032227 72.169655 2.100000
v -242.060013 72.094887 2.100000
v -242.085968 72.019463 2.100000
v -242.110046 71.943420 2.100000
v -242.132263 71.866814 2.100000
v -242.152603 71.789680 2.100000
v -242.171036 71.712074 2.100000
v -242.187546 71.634041 2.100000
v -242.202148 71.555618 2.100000
v -242.214813 71.476868 2.100000
v -242.225555 71.397827 2.100000
v -242.234344 71.318550 2.100000
v -242.241196 71.239082 2.100000
v -242.246078 71.159462 2.100000
v -242.249023 71.079750 2.100000
v -242.250000 70.999992 2.100000
v -242.249023 70.920235 2.100000
v -242.246078 70.840523 2.100000
v -242.241196 70.760910 2.100000
v -242.234344 70.681442 2.100000
v -242.225555 70.602158 2.100000
v -242.214813 70.523117 2.100000
v -242.202148 70.444366 2.100000
v -242.187546 70.365952 2.100000
v -242.171036 70.287918 2.100000
v -242.152603 70.210312 2.100000
v -242.132263 70.133179 2.100000
v -242.110046 70.056572 2.100000
v -242.085968 69.980530 2.100000
v -242.060013 69.905106 2.100000
v -242.032227 69.830338 2.100000
v -242.002609 69.756271 2.100000
v -241.971176 69.682961 2.100000
v -241.937958 69.610443 2.100000
v -241.902969 69.538757 2.100000
v -241.866241 69.467957 2.100000
v -241.827774 69.398071 2.100000
v -241.787613 69.329163 2.100000
v -241.745773 69.261253 2.100000
v -241.702271 69.194389 2.100000
v -241.657150 69.128616 2.100000
v -241.610428 69.063972 2.100000
v -241.562119 69.000488 2.100000
v -241.512283 68.938217 2.100000
v -241.460922 68.877182 2.100000
v -241.408081 68.817429 2.100000
v -241.353806 68.758987 2.100000
v -241.298096 68.701897 2.100000
v -241.240997 68.646194 2.100000
v -241.182556 68.591904 2.100000
v -241.122803 68.539062 2.100000
v -241.061768 68.487709 2.100000
v -240.999496 68.437866 2.100000
v -240.936020 68.389572 2.100000
v -240.871368 68.342842 2.100000
v -240.805603 68.297714 2.100000
v -240.738739 68.254219 2.100000
v -240.670837 68.212379 2.100000
v -240.601913 68.172211 2.100000
v -240.532043 68.133751 2.100000
v -240.461227 68.097015 2.100000
v -240.389557 68.062027 2.100000
v -240.317032 68.028809 2.100000
v -240.243713 67.997383 2.100000
v -240.169662 67.967766 2.100000
v -240.094894 67.939972 2.100000
v -240.019470 67.914032 2.100000
v -239.943420 67.889938 2.100000
v -239.866821 67.867722 2.100000
v -239.789688 67.847397 2.100000
v -239.712082 67.828964 2.100000
v -239.634033 67.812439 2.100000
v -239.555618 67.797844 2.100000
v -239.476868 67.785172 2.100000
v -239.397827 67.774437 2.100000
v -239.318558 67.765640 2.100000
v -239.239075 67.758804 2.100000
v -239.159470 67.753906 2.100000
v -239.079758 67.750977 2.100000
v -241.750061 97.974998 14.000000
v -241.750061 95.775002 14.000000
v -241.750061 92.724998 14.000000
v -241.750061 90.525002 14.000000
v -241.750061 87.474998 14.000000
v -241.750061 85.275002 14.000000
v -241.750061 82.224998 14.000000
v -241.750061 80.025002 14.000000
v -241.750061 76.974998 14.000000
v -241.750061 74.775002 14.000000
v -241.750061 71.724998 14.000000
v -242.250214 98.474998 14.000000
v -242.250214 93.224998 14.000000
v -242.250214 87.974998 14.000000
v -242.250214 82.724998 14.000000
v -241.750061 85.275002 14.000000
v -241.750061 80.025002 14.000000
v -242.250214 77.474998 14.000000
v -242.250214 72.224998 14.000000
v -252.000061 90.525002 14.000000
v -252.000061 87.974998 14.000000
v -261.606018 95.775002 14.000000
v -252.000061 95.775002 14.000000
v -261.749908 98.474998 14.000000
v -262.250061 97.974998 14.000000
v -252.000061 98.474998 14.000000
v -252.000061 93.224998 14.000000
v -241.750061 69.525002 14.000000
v -241.750061 69.525002 14.000000
v -252.000061 80.025002 14.000000
v -252.000061 77.474998 14.000000
v -252.000061 72.224998 14.000000
v -261.608826 93.224998 14.000000
v -252.000061 74.775002 14.000000
v -252.000061 69.525002 14.000000
v -261.749908 72.224998 14.000000
v -261.749908 93.224998 14.000000
v -261.749908 87.974998 14.000000
v -262.250061 90.525002 14.000000
v -261.749908 82.724998 14.000000
v -262.250061 85.275002 14.000000
v -261.749908 77.474998 14.000000
v -262.250061 74.775002 14.000000
v -262.250061 95.775002 14.000000
v -262.250061 71.724998 14.000000
v -262.250061 74.775002 14.000000
v -262.250061 69.525002 14.000000
v -262.250061 87.474998 14.000000
v -262.250061 90.525002 14.000000
v -262.250061 85.275002 14.000000
v -262.250061 82.224998 14.000000
v -262.250061 80.025002 14.000000
v -262.250061 76.974998 14.000000
v -262.250061 92.724998 14.000000
v -252.000061 82.724998 14.000000
v -252.000061 85.275002 14.000000
v -252.000000 63.250000 14.000000
v -252.000000 104.750000 14.000000
vn 0.4875 0.8731 -0.0000
vn -0.0000 -0.0000 -1.0000
vn -0.5402 0.8415 -0.0000
vn -0.5298 0.8481 -0.0000
vn -0.5194 0.8545 -0.0000
vn -0.5088 0.8609 -0.0000
vn -0.4983 0.8670 -0.0000
vn -0.4875 0.8731 -0.0000
vn -0.4769 0.8790 -0.0000
vn -0.4660 0.8848 -0.0000
vn -0.4551 0.8904 -0.0000
vn -0.4442 0.8959 -0.0000
vn -0.4331 0.9014 -0.0000
vn -0.4221 0.9066 -0.0000
vn -0.4108 0.9117 -0.0000
vn -0.3996 0.9167 -0.0000
vn -0.3883 0.9215 -0.0000
vn -0.3770 0.9262 -0.0000
vn -0.3656 0.9308 -0.0000
vn -0.3541 0.9352 -0.0000
vn -0.3426 0.9395 -0.0000
vn -0.3311 0.9436 -0.0000
vn -0.3195 0.9476 -0.0000
vn -0.3078 0.9514 -0.0000
vn -0.2962 0.9551 -0.0000
vn -0.2844 0.9587 -0.0000
vn -0.2726 0.9621 -0.0000
vn -0.2608 0.9654 -0.0000
vn -0.2489 0.9685 -0.0000
vn -0.2371 0.9715 -0.0000
vn -0.2250 0.9744 -0.0000
vn -0.2131 0.9770 -0.0000
vn -0.2011 0.9796 -0.0000
vn -0.1891 0.9820 -0.0000
vn -0.1770 0.9842 -0.0000
vn -0.1649 0.9863 -0.0000
vn -0.1528 0.9883 -0.0000
vn -0.1407 0.9901 -0.0000
vn -0.1285 0.9917 -0.0000
vn -0.1163 0.9932 -0.0000
vn -0.1041 0.9946 -0.0000
vn -0.0919 0.9958 -0.0000
vn -0.0797 0.9968 -0.0000
vn -0.0675 0.9977 -0.0000
vn -0.0552 0.9985 -0.0000
vn -0.0429 0.9991 -0.0000
vn -0.0307 0.9995 -0.0000
vn -0.0184 0.9998 -0.0000
vn -0.0062 1.0000 -0.0000
vn -0.0062 -1.0000 -0.0000
vn -0.0184 -0.9998 -0.0000
vn -0.0307 -0.9995 -0.0000
vn -0.0429 -0.9991 -0.0000
vn -0.0552 -0.9985 -0.0000
vn -0.0675 -0.9977 -0.0000
vn -0.0797 -0.9968 -0.0000
vn -0.0918 -0.9958 -0.0000
vn -0.1041 -0.9946 -0.0000
vn -0.1164 -0.9932 -0.0000
vn -0.1285 -0.9917 -0.0000
vn -0.1406 -0.9901 -0.0000
vn -0.1528 -0.9883 -0.0000
vn -0.1649 -0.9863 -0.0000
vn -0.1770 -0.9842 -0.0000
vn -0.1890 -0.9820 -0.0000
vn -0.2011 -0.9796 -0.0000
vn -0.2132 -0.9770 -0.0000
vn -0.2250 -0.9744 -0.0000
vn -0.2371 -0.9715 -0.0000
vn -0.2489 -0.9685 -0.0000
vn -0.2608 -0.9654 -0.0000
vn -0.2727 -0.9621 -0.0000
vn -0.2844 -0.9587 -0.0000
vn -0.2962 -0.9551 -0.0000
vn -0.3078 -0.9514 -0.0000
vn -0.3194 -0.9476 -0.0000
vn -0.3312 -0.9436 -0.0000
vn -0.3427 -0.9395 -0.0000
vn -0.3541 -0.9352 -0.0000
vn -0.3656 -0.9308 -0.0000
vn -0.3770 -0.9262 -0.0000
vn -0.3883 -0.9215 -0.0000
vn -0.3997 -0.9166 -0.0000
vn -0.4108 -0.9117 -0.0000
vn -0.4220 -0.9066 -0.0000
vn -0.4330 -0.9014 -0.0000
vn -0.4442 -0.8959 -0.0000
vn -0.4550 -0.8905 -0.0000
vn -0.4660 -0.8848 -0.0000
vn -0.4768 -0.8790 -0.0000
vn -0.4875 -0.8731 -0.0000
vn -0.4982 -0.8671 -0.0000
vn -0.5089 -0.8608 -0.0000
vn -0.5194 -0.8545 -0.0000
vn -0.5298 -0.8481 -0.0000
vn -0.5401 -0.8416 -0.0000
vn -0.5505 -0.8349 -0.0000
vn -0.5607 -0.8280 -0.0000
vn -0.5706 -0.8212 -0.0000
vn -0.5808 -0.8140 -0.0000
vn -0.5908 -0.8068 -0.0000
vn -0.6006 -0.7995 -0.0000
vn -0.6105 -0.7920 -0.0000
vn -0.6200 -0.7846 -0.0000
vn -0.6297 -0.7768 -0.0000
vn -0.6391 -0.7691 -0.0000
vn -0.6486 -0.7611 -0.0000
vn -0.6579 -0.7531 -0.0000
vn -0.6670 -0.7450 -0.0000
vn -0.6762 -0.7367 -0.0000
vn -0.6851 -0.7284 -0.0000
vn -0.6940 -0.7200 -0.0000
vn -0.7028 -0.7114 -0.0000
vn -0.7113 -0.7029 -0.0000
vn -0.7201 -0.6938 -0.0000
vn -0.7285 -0.6850 -0.0000
vn -0.7366 -0.6763 -0.0000
vn -0.7450 -0.6670 -0.0000
vn -0.7532 -0.6578 -0.0000
vn -0.7611 -0.6486 -0.0000
vn -0.7691 -0.6392 -0.0000
vn -0.7768 -0.6297 -0.0000
vn -0.7846 -0.6200 -0.0000
vn -0.7920 -0.6105 -0.0000
vn -0.7995 -0.6007 -0.0000
vn -0.8068 -0.5908 -0.0000
vn -0.8141 -0.5808 -0.0000
vn -0.8211 -0.5708 -0.0000
vn -0.8280 -0.5608 -0.0000
vn -0.8349 -0.5505 -0.0000
vn -0.8415 -0.5402 -0.0000
vn -0.8482 -0.5298 -0.0000
vn -0.8545 -0.5195 -0.0000
vn -0.8609 -0.5088 -0.0000
vn -0.8670 -0.4983 -0.0000
vn -0.8731 -0.4875 -0.0000
vn -0.8790 -0.4768 -0.0000
vn -0.8848 -0.4660 -0.0000
vn -0.8905 -0.4550 -0.0000
vn -0.8960 -0.4441 -0.0000
vn -0.9014 -0.4329 -0.0000
vn -0.9065 -0.4222 -0.0000
vn -0.9117 -0.4108 -0.0000
vn -0.9167 -0.3997 -0.0000
vn -0.9216 -0.3882 -0.0000
vn -0.9261 -0.3772 -0.0000
vn -0.9308 -0.3655 -0.0000
vn -0.9352 -0.3541 -0.0000
vn -0.9395 -0.3427 -0.0000
vn -0.9435 -0.3313 -0.0000
vn -0.9476 -0.3196 -0.0000
vn -0.9514 -0.3079 -0.0000
vn -0.9551 -0.2961 -0.0000
vn -0.9588 -0.2842 -0.0000
vn -0.9621 -0.2727 -0.0000
vn -0.9654 -0.2608 -0.0000
vn -0.9685 -0.2489 -0.0000
vn -0.9715 -0.2370 -0.0000
vn -0.9744 -0.2248 -0.0000
vn -0.9770 -0.2131 -0.0000
vn -0.9796 -0.2011 -0.0000
vn -0.9819 -0.1892 -0.0000
vn -0.9842 -0.1769 -0.0000
vn -0.9863 -0.1649 -0.0000
vn -0.9883 -0.1528 -0.0000
vn -0.9901 -0.1404 -0.0000
vn -0.9917 -0.1285 -0.0000
vn -0.9932 -0.1163 -0.0000
vn -0.9946 -0.1041 -0.0000
vn -0.9958 -0.0918 -0.0000
vn -0.9968 -0.0798 -0.0000
vn -0.9977 -0.0674 -0.0000
vn -0.9985 -0.0552 -0.0000
vn -0.9991 -0.0430 -0.0000
vn -0.9995 -0.0307 -0.0000
vn -0.9998 -0.0181 -0.0000
vn -1.0000 -0.0063 -0.0000
vn 1.0000 -0.0061 -0.0000
vn 0.9998 -0.0186 -0.0000
vn 0.9995 -0.0307 -0.0000
vn 0.9991 -0.0428 -0.0000
vn 0.9985 -0.0552 -0.0000
vn 0.9977 -0.0676 -0.0000
vn 0.9968 -0.0796 -0.0000
vn 0.9958 -0.0918 -0.0000
vn 0.9946 -0.1041 -0.0000
vn 0.9932 -0.1163 -0.0000
vn 0.9917 -0.1285 -0.0000
vn 0.9900 -0.1409 -0.0000
vn 0.9883 -0.1528 -0.0000
vn 0.9863 -0.1649 -0.0000
vn 0.9842 -0.1771 -0.0000
vn 0.9820 -0.1888 -0.0000
vn 0.9796 -0.2009 -0.0000
vn 0.9770 -0.2133 -0.0000
vn 0.9743 -0.2251 -0.0000
vn 0.9715 -0.2372 -0.0000
vn 0.9685 -0.2491 -0.0000
vn 0.9654 -0.2606 -0.0000
vn 0.9621 -0.2727 -0.0000
vn 0.9586 -0.2846 -0.0000
vn 0.9551 -0.2961 -0.0000
vn 0.9515 -0.3078 -0.0000
vn 0.9476 -0.3194 -0.0000
vn 0.9437 -0.3309 -0.0000
vn 0.9395 -0.3427 -0.0000
vn 0.9351 -0.3543 -0.0000
vn 0.9308 -0.3655 -0.0000
vn 0.9262 -0.3770 -0.0000
vn 0.9216 -0.3882 -0.0000
vn 0.9167 -0.3997 -0.0000
vn 0.9117 -0.4108 -0.0000
vn 0.9066 -0.4220 -0.0000
vn 0.9013 -0.4332 -0.0000
vn 0.8959 -0.4442 -0.0000
vn 0.8904 -0.4551 -0.0000
vn 0.8848 -0.4660 -0.0000
vn 0.8790 -0.4768 -0.0000
vn 0.8731 -0.4875 -0.0000
vn 0.8670 -0.4983 -0.0000
vn 0.8609 -0.5088 -0.0000
vn 0.8546 -0.5193 -0.0000
vn 0.8482 -0.5298 -0.0000
vn 0.8416 -0.5401 -0.0000
vn 0.8349 -0.5505 -0.0000
vn 0.8280 -0.5608 -0.0000
vn 0.8211 -0.5708 -0.0000
vn 0.8139 -0.5809 -0.0000
vn 0.8069 -0.5907 -0.0000
vn 0.7996 -0.6006 -0.0000
vn 0.7921 -0.6104 -0.0000
vn 0.7847 -0.6199 -0.0000
vn 0.7769 -0.6296 -0.0000
vn 0.7692 -0.6390 -0.0000
vn 0.7613 -0.6484 -0.0000
vn 0.7531 -0.6579 -0.0000
vn 0.7451 -0.6669 -0.0000
vn 0.7368 -0.6761 -0.0000
vn 0.7284 -0.6851 -0.0000
vn 0.7200 -0.6940 -0.0000
vn 0.7115 -0.7027 -0.0000
vn 0.7028 -0.7114 -0.0000
vn 0.6939 -0.7201 -0.0000
vn 0.6850 -0.7285 -0.0000
vn 0.6761 -0.7368 -0.0000
vn 0.6669 -0.7451 -0.0000
vn 0.6578 -0.7532 -0.0000
vn 0.6485 -0.7612 -0.0000
vn 0.6391 -0.7691 -0.0000
vn 0.6297 -0.7768 -0.0000
vn 0.8905 0.4550 -0.0000
vn 0.6200 -0.7846 -0.0000
vn 0.8848 0.4660 -0.0000
vn 0.6103 -0.7922 -0.0000
vn 0.8790 0.4768 -0.0000
vn 0.6005 -0.7996 -0.0000
vn 0.8731 0.4875 -0.0000
vn 0.5908 -0.8068 -0.0000
vn 0.8670 0.4983 -0.0000
vn 0.5809 -0.8140 -0.0000
vn 0.8609 0.5088 -0.0000
vn 0.5708 -0.8211 -0.0000
vn 0.8545 0.5195 -0.0000
vn 0.5607 -0.8280 -0.0000
vn 0.8482 0.5298 -0.0000
vn 0.5505 -0.8349 -0.0000
vn 0.8415 0.5402 -0.0000
vn 0.5402 -0.8415 -0.0000
vn 0.8349 0.5505 -0.0000
vn 0.5298 -0.8481 -0.0000
vn 0.8280 0.5608 -0.0000
vn 0.5194 -0.8545 -0.0000
vn 0.8212 0.5706 -0.0000
vn 0.5088 -0.8609 -0.0000
vn 0.8141 0.5808 -0.0000
vn 0.4983 -0.8670 -0.0000
vn 0.8068 0.5908 -0.0000
vn 0.4875 -0.8731 -0.0000
vn 0.7995 0.6007 -0.0000
vn 0.4769 -0.8790 -0.0000
vn 0.7920 0.6105 -0.0000
vn 0.4660 -0.8848 -0.0000
vn 0.7846 0.6200 -0.0000
vn 0.4551 -0.8904 -0.0000
vn 0.7768 0.6297 -0.0000
vn 0.4442 -0.8959 -0.0000
vn 0.7691 0.6392 -0.0000
vn 0.4331 -0.9014 -0.0000
vn 0.7611 0.6486 -0.0000
vn 0.4221 -0.9066 -0.0000
vn 0.7532 0.6578 -0.0000
vn 0.4108 -0.9117 -0.0000
vn 0.7450 0.6670 -0.0000
vn 0.3996 -0.9167 -0.0000
vn 0.7366 0.6763 -0.0000
vn 0.3883 -0.9215 -0.0000
vn 0.7285 0.6850 -0.0000
vn 0.3770 -0.9262 -0.0000
vn 0.7201 0.6938 -0.0000
vn 0.3656 -0.9308 -0.0000
vn 0.7113 0.7029 -0.0000
vn 0.3541 -0.9352 -0.0000
vn 0.7028 0.7114 -0.0000
vn 0.3426 -0.9395 -0.0000
vn 0.6940 0.7200 -0.0000
vn 0.3311 -0.9436 -0.0000
vn 0.6851 0.7284 -0.0000
vn 0.3195 -0.9476 -0.0000
vn 0.6762 0.7367 -0.0000
vn 0.3078 -0.9514 -0.0000
vn 0.6670 0.7450 -0.0000
vn 0.2962 -0.9551 -0.0000
vn 0.6579 0.7531 -0.0000
vn 0.2844 -0.9587 -0.0000
vn 0.6486 0.7611 -0.0000
vn 0.2726 -0.9621 -0.0000
vn 0.6391 0.7691 -0.0000
vn 0.2608 -0.9654 -0.0000
vn 0.6297 0.7768 -0.0000
vn 0.2489 -0.9685 -0.0000
vn 0.6200 0.7846 -0.0000
vn 0.2371 -0.9715 -0.0000
vn 0.6104 0.7921 -0.0000
vn 0.2250 -0.9744 -0.0000
vn 0.6006 0.7995 -0.0000
vn 0.2131 -0.9770 -0.0000
vn 0.5908 0.8068 -0.0000
vn 0.2011 -0.9796 -0.0000
vn 0.5807 0.8141 -0.0000
vn 0.1891 -0.9820 -0.0000
vn 0.5707 0.8212 -0.0000
vn 0.1770 -0.9842 -0.0000
vn 0.5607 0.8280 -0.0000
vn 0.1649 -0.9863 -0.0000
vn 0.5505 0.8349 -0.0000
vn 0.1528 -0.9883 -0.0000
vn 0.5401 0.8416 -0.0000
vn 0.1407 -0.9901 -0.0000
vn 0.5298 0.8481 -0.0000
vn 0.1285 -0.9917 -0.0000
vn 0.5194 0.8545 -0.0000
vn 0.1163 -0.9932 -0.0000
vn 0.5089 0.8608 -0.0000
vn 0.1041 -0.9946 -0.0000
vn 0.4982 0.8671 -0.0000
vn 0.0919 -0.9958 -0.0000
vn 0.0797 -0.9968 -0.0000
vn 0.4768 0.8790 -0.0000
vn 0.0675 -0.9977 -0.0000
vn 0.4660 0.8848 -0.0000
vn 0.0552 -0.9985 -0.0000
vn 0.4550 0.8905 -0.0000
vn 0.0429 -0.9991 -0.0000
vn 0.4442 0.8959 -0.0000
vn 0.0307 -0.9995 -0.0000
vn 0.4330 0.9014 -0.0000
vn 0.0184 -0.9998 -0.0000
vn 0.4220 0.9066 -0.0000
vn 0.0062 -1.0000 -0.0000
vn 0.4108 0.9117 -0.0000
vn 1.0000 0.0063 -0.0000
vn 0.3997 0.9166 -0.0000
vn 0.9998 0.0181 -0.0000
vn 0.3883 0.9215 -0.0000
vn 0.9995 0.0307 -0.0000
vn 0.3771 0.9262 -0.0000
vn 0.9991 0.0430 -0.0000
vn 0.3655 0.9308 -0.0000
vn 0.9985 0.0552 -0.0000
vn 0.3541 0.9352 -0.0000
vn 0.9977 0.0674 -0.0000
vn 0.3427 0.9395 -0.0000
vn 0.9968 0.0798 -0.0000
vn 0.3312 0.9436 -0.0000
vn 0.9958 0.0918 -0.0000
vn 0.3195 0.9476 -0.0000
vn 0.9946 0.1041 -0.0000
vn 0.3078 0.9514 -0.0000
vn 0.9932 0.1163 -0.0000
vn 0.2962 0.9551 -0.0000
vn 0.9917 0.1285 -0.0000
vn 0.2844 0.9587 -0.0000
vn 0.9901 0.1404 -0.0000
vn 0.2727 0.9621 -0.0000
vn 0.9883 0.1528 -0.0000
vn 0.2608 0.9654 -0.0000
vn 0.9863 0.1649 -0.0000
vn 0.2489 0.9685 -0.0000
vn 0.9842 0.1769 -0.0000
vn 0.2371 0.9715 -0.0000
vn 0.9819 0.1892 -0.0000
vn 0.2250 0.9744 -0.0000
vn 0.9795 0.2014 -0.0000
vn 0.2132 0.9770 -0.0000
vn 0.9770 0.2131 -0.0000
vn 0.2011 0.9796 -0.0000
vn 0.9744 0.2248 -0.0000
vn 0.1891 0.9820 -0.0000
vn 0.9715 0.2370 -0.0000
vn 0.1770 0.9842 -0.0000
vn 0.9685 0.2489 -0.0000
vn 0.1649 0.9863 -0.0000
vn 0.9654 0.2608 -0.0000
vn 0.1528 0.9883 -0.0000
vn 0.9621 0.2727 -0.0000
vn -0.0000 1.0000 -0.0000
vn 0.1406 0.9901 -0.0000
vn 0.9588 0.2842 -0.0000
vn -1.0000 -0.0000 -0.0000
vn 0.1285 0.9917 -0.0000
vn 0.9551 0.2961 -0.0000
vn -0.0000 -1.0000 -0.0000
vn 0.1164 0.9932 -0.0000
vn 0.9514 0.3079 -0.0000
vn 1.0000 -0.0000 -0.0000
vn 0.1041 0.9946 -0.0000
vn 0.9476 0.3196 -0.0000
vn -1.0000 0.0061 -0.0000
vn 0.0918 0.9958 -0.0000
vn 0.9435 0.3313 -0.0000
vn -0.9998 0.0186 -0.0000
vn 0.0797 0.9968 -0.0000
vn 0.9395 0.3427 -0.0000
vn -0.9995 0.0307 -0.0000
vn 0.0675 0.9977 -0.0000
vn 0.9352 0.3541 -0.0000
vn -0.9991 0.0428 -0.0000
vn 0.0552 0.9985 -0.0000
vn 0.9307 0.3657 -0.0000
vn -0.9985 0.0552 -0.0000
vn 0.0429 0.9991 -0.0000
vn 0.9262 0.3770 -0.0000
vn -0.9977 0.0676 -0.0000
vn 0.0307 0.9995 -0.0000
vn 0.9216 0.3882 -0.0000
vn -0.9968 0.0796 -0.0000
vn 0.0184 0.9998 -0.0000
vn 0.9167 0.3997 -0.0000
vn -0.9958 0.0918 -0.0000
vn 0.0062 1.0000 -0.0000
vn 0.9117 0.4108 -0.0000
vn -0.9946 0.1041 -0.0000
vn 0.9065 0.4222 -0.0000
vn -0.9932 0.1163 -0.0000
vn 0.9014 0.4329 -0.0000
vn -0.9917 0.1285 -0.0000
vn 0.8960 0.4441 -0.0000
vn -0.9900 0.1409 -0.0000
vn -0.9883 0.1528 -0.0000
vn -0.9863 0.1649 -0.0000
vn -0.9842 0.1771 -0.0000
vn -0.9820 0.1888 -0.0000
vn -0.9796 0.2009 -0.0000
vn -0.9770 0.2133 -0.0000
vn -0.9743 0.2251 -0.0000
vn -0.9715 0.2372 -0.0000
vn -0.9685 0.2491 -0.0000
vn -0.9654 0.2606 -0.0000
vn -0.9621 0.2727 -0.0000
vn -0.9586 0.2846 -0.0000
vn -0.9551 0.2961 -0.0000
vn -0.9515 0.3078 -0.0000
vn -0.9476 0.3194 -0.0000
vn -0.9437 0.3309 -0.0000
vn -0.9395 0.3427 -0.0000
vn -0.9351 0.3543 -0.0000
vn -0.9308 0.3655 -0.0000
vn -0.9262 0.3770 -0.0000
vn -0.9216 0.3882 -0.0000
vn -0.9167 0.3997 -0.0000
vn -0.9117 0.4108 -0.0000
vn -0.9066 0.4220 -0.0000
vn -0.9013 0.4332 -0.0000
vn -0.8959 0.4442 -0.0000
vn -0.8904 0.4551 -0.0000
vn -0.8848 0.4660 -0.0000
vn -0.8790 0.4768 -0.0000
vn -0.8731 0.4875 -0.0000
vn -0.8670 0.4983 -0.0000
vn -0.8609 0.5088 -0.0000
vn -0.8546 0.5193 -0.0000
vn -0.8482 0.5298 -0.0000
vn -0.8416 0.5401 -0.0000
vn -0.8349 0.5505 -0.0000
vn -0.8280 0.5608 -0.0000
vn -0.8211 0.5708 -0.0000
vn -0.8139 0.5809 -0.0000
vn -0.8069 0.5907 -0.0000
vn -0.7996 0.6006 -0.0000
vn -0.7921 0.6104 -0.0000
vn -0.7847 0.6199 -0.0000
vn -0.7769 0.6296 -0.0000
vn -0.7692 0.6390 -0.0000
vn -0.7613 0.6484 -0.0000
vn -0.7531 0.6579 -0.0000
vn -0.7451 0.6669 -0.0000
vn -0.7368 0.6761 -0.0000
vn -0.7284 0.6851 -0.0000
vn -0.7200 0.6940 -0.0000
vn -0.7115 0.7027 -0.0000
vn -0.7028 0.7114 -0.0000
vn -0.6939 0.7201 -0.0000
vn -0.6850 0.7285 -0.0000
vn -0.6761 0.7368 -0.0000
vn -0.6669 0.7451 -0.0000
vn -0.6578 0.7532 -0.0000
vn -0.6485 0.7612 -0.0000
vn -0.6391 0.7691 -0.0000
vn -0.6297 0.7768 -0.0000
vn -0.6200 0.7846 -0.0000
vn -0.6103 0.7922 -0.0000
vn -0.6005 0.7996 -0.0000
vn -0.5908 0.8068 -0.0000
vn -0.5809 0.8140 -0.0000
vn -0.5708 0.8211 -0.0000
vn -0.5607 0.8280 -0.0000
vn -0.5505 0.8349 -0.0000
vn 0.0043 0.7071 -0.7071
vn 0.0130 0.7070 -0.7071
vn 0.0217 0.7069 -0.7070
vn 0.0304 0.7065 -0.7071
vn 0.0390 0.7060 -0.7071
vn 0.0477 0.7054 -0.7072
vn 0.0564 0.7049 -0.7071
vn 0.0650 0.7041 -0.7071
vn 0.0736 0.7033 -0.7071
vn 0.0823 0.7023 -0.7071
vn 0.0909 0.7012 -0.7072
vn 0.0995 0.7002 -0.7070
vn 0.1080 0.6988 -0.7071
vn 0.1166 0.6975 -0.7070
vn 0.1252 0.6960 -0.7070
vn 0.1337 0.6944 -0.7071
vn 0.1422 0.6927 -0.7071
vn 0.1507 0.6910 -0.7070
vn 0.1591 0.6889 -0.7071
vn 0.1676 0.6869 -0.7071
vn 0.1760 0.6849 -0.7071
vn 0.1844 0.6826 -0.7071
vn 0.1928 0.6803 -0.7071
vn 0.2011 0.6779 -0.7071
vn 0.2094 0.6754 -0.7071
vn 0.2177 0.6728 -0.7071
vn 0.2259 0.6700 -0.7071
vn 0.2341 0.6672 -0.7071
vn 0.2423 0.6643 -0.7071
vn 0.2504 0.6613 -0.7071
vn 0.2585 0.6582 -0.7071
vn 0.2666 0.6548 -0.7072
vn 0.2746 0.6516 -0.7071
vn 0.2825 0.6482 -0.7071
vn 0.2905 0.6447 -0.7071
vn 0.2984 0.6411 -0.7071
vn 0.3062 0.6374 -0.7071
vn 0.3141 0.6335 -0.7072
vn 0.3218 0.6297 -0.7071
vn 0.3295 0.6256 -0.7071
vn 0.3371 0.6216 -0.7071
vn 0.3447 0.6174 -0.7071
vn 0.3523 0.6131 -0.7071
vn 0.3598 0.6087 -0.7071
vn 0.3673 0.6043 -0.7071
vn 0.3746 0.5997 -0.7071
vn 0.3820 0.5950 -0.7071
vn 0.3892 0.5904 -0.7071
vn 0.3965 0.5855 -0.7071
vn 0.4036 0.5806 -0.7071
vn 0.4107 0.5756 -0.7071
vn 0.4177 0.5705 -0.7071
vn 0.4247 0.5654 -0.7071
vn 0.4316 0.5601 -0.7071
vn 0.4384 0.5548 -0.7071
vn 0.4453 0.5493 -0.7071
vn 0.4520 0.5438 -0.7071
vn 0.4586 0.5383 -0.7071
vn 0.4652 0.5326 -0.7071
vn 0.4716 0.5269 -0.7071
vn 0.4781 0.5210 -0.7071
vn 0.4844 0.5151 -0.7071
vn 0.4907 0.5091 -0.7071
vn 0.4969 0.5030 -0.7071
vn 0.5030 0.4969 -0.7071
vn 0.5092 0.4907 -0.7071
vn 0.5151 0.4844 -0.7071
vn 0.5210 0.4781 -0.7071
vn 0.5268 0.4717 -0.7071
vn 0.5326 0.4652 -0.7071
vn 0.5383 0.4586 -0.7071
vn 0.5438 0.4519 -0.7071
vn 0.5493 0.4452 -0.7071
vn 0.5548 0.4383 -0.7072
vn 0.5601 0.4316 -0.7071
vn 0.5654 0.4246 -0.7071
vn 0.5706 0.4176 -0.7071
vn 0.5756 0.4107 -0.7071
vn 0.5806 0.4034 -0.7072
vn 0.5855 0.3964 -0.7072
vn 0.5903 0.3892 -0.7071
vn 0.5952 0.3820 -0.7070
vn 0.5998 0.3746 -0.7071
vn 0.6042 0.3673 -0.7071
vn 0.6088 0.3597 -0.7071
vn 0.6131 0.3523 -0.7071
vn 0.6174 0.3447 -0.7071
vn 0.6216 0.3371 -0.7071
vn 0.6256 0.3295 -0.7071
vn 0.6296 0.3217 -0.7072
vn 0.6335 0.3141 -0.7071
vn 0.6373 0.3062 -0.7071
vn 0.6411 0.2984 -0.7071
vn 0.6446 0.2904 -0.7072
vn 0.6482 0.2827 -0.7070
vn 0.6516 0.2746 -0.7072
vn 0.6549 0.2666 -0.7071
vn 0.6581 0.2587 -0.7071
vn 0.6613 0.2504 -0.7071
vn 0.6643 0.2423 -0.7071
vn 0.6672 0.2341 -0.7071
vn 0.6700 0.2260 -0.7071
vn 0.6727 0.2177 -0.7071
vn 0.6754 0.2094 -0.7071
vn 0.6779 0.2010 -0.7071
vn 0.6803 0.1929 -0.7071
vn 0.6827 0.1842 -0.7071
vn 0.6848 0.1760 -0.7071
vn 0.6870 0.1676 -0.7071
vn 0.6890 0.1592 -0.7071
vn 0.6908 0.1507 -0.7071
vn 0.6927 0.1423 -0.7070
vn 0.6944 0.1338 -0.7071
vn 0.6959 0.1252 -0.7071
vn 0.6974 0.1167 -0.7071
vn 0.6988 0.1081 -0.7071
vn 0.7001 0.0996 -0.7071
vn 0.7012 0.0909 -0.7071
vn 0.7023 0.0824 -0.7071
vn 0.7033 0.0736 -0.7071
vn 0.7041 0.0651 -0.7071
vn 0.7048 0.0564 -0.7072
vn 0.7055 0.0476 -0.7071
vn 0.7061 0.0390 -0.7071
vn 0.7065 0.0303 -0.7070
vn 0.7068 0.0217 -0.7071
vn 0.7070 0.0129 -0.7071
vn 0.7071 0.0043 -0.7071
vn 0.0044 -0.7071 -0.7071
vn 0.0130 -0.7070 -0.7071
vn 0.0217 -0.7068 -0.7071
vn 0.0303 -0.7064 -0.7072
vn 0.0390 -0.7060 -0.7071
vn 0.0477 -0.7055 -0.7071
vn 0.0564 -0.7049 -0.7071
vn 0.0649 -0.7041 -0.7071
vn 0.0736 -0.7033 -0.7071
vn 0.0823 -0.7022 -0.7072
vn 0.0909 -0.7012 -0.7071
vn 0.0994 -0.7001 -0.7070
vn 0.1080 -0.6988 -0.7071
vn 0.1166 -0.6974 -0.7071
vn 0.1252 -0.6959 -0.7071
vn 0.1337 -0.6943 -0.7071
vn 0.1422 -0.6926 -0.7072
vn 0.1507 -0.6909 -0.7071
vn 0.1591 -0.6889 -0.7072
vn 0.1676 -0.6870 -0.7071
vn 0.1760 -0.6849 -0.7071
vn 0.1844 -0.6826 -0.7071
vn 0.1928 -0.6803 -0.7071
vn 0.2011 -0.6779 -0.7071
vn 0.2094 -0.6754 -0.7071
vn 0.2177 -0.6728 -0.7071
vn 0.2259 -0.6701 -0.7071
vn 0.2341 -0.6673 -0.7071
vn 0.2423 -0.6643 -0.7071
vn 0.2505 -0.6613 -0.7071
vn 0.2585 -0.6582 -0.7071
vn 0.2666 -0.6549 -0.7071
vn 0.2746 -0.6516 -0.7071
vn 0.2826 -0.6481 -0.7071
vn 0.2905 -0.6448 -0.7071
vn 0.2984 -0.6411 -0.7071
vn 0.3062 -0.6373 -0.7071
vn 0.3141 -0.6335 -0.7071
vn 0.3218 -0.6297 -0.7070
vn 0.3295 -0.6256 -0.7071
vn 0.3371 -0.6216 -0.7071
vn 0.3447 -0.6173 -0.7072
vn 0.3523 -0.6131 -0.7071
vn 0.3598 -0.6086 -0.7072
vn 0.3673 -0.6042 -0.7071
vn 0.3746 -0.5997 -0.7071
vn 0.3820 -0.5951 -0.7071
vn 0.3892 -0.5903 -0.7071
vn 0.3965 -0.5856 -0.7071
vn 0.4036 -0.5806 -0.7071
vn 0.4107 -0.5756 -0.7071
vn 0.4178 -0.5706 -0.7070
vn 0.4247 -0.5653 -0.7071
vn 0.4316 -0.5601 -0.7071
vn 0.4384 -0.5548 -0.7071
vn 0.4452 -0.5493 -0.7071
vn 0.4519 -0.5438 -0.7071
vn 0.4585 -0.5383 -0.7071
vn 0.4651 -0.5326 -0.7071
vn 0.4716 -0.5269 -0.7071
vn 0.4781 -0.5210 -0.7071
vn 0.4844 -0.5151 -0.7071
vn 0.4906 -0.5092 -0.7071
vn 0.4969 -0.5031 -0.7071
vn 0.5030 -0.4970 -0.7071
vn 0.5091 -0.4907 -0.7071
vn 0.5151 -0.4844 -0.7071
vn 0.5209 -0.4781 -0.7071
vn 0.5269 -0.4716 -0.7071
vn 0.5326 -0.4651 -0.7072
vn 0.5383 -0.4586 -0.7071
vn 0.5439 -0.4519 -0.7071
vn 0.5493 -0.4453 -0.7071
vn 0.5548 -0.4384 -0.7071
vn 0.5601 -0.4317 -0.7071
vn 0.5653 -0.4247 -0.7071
vn 0.5705 -0.4179 -0.7070
vn 0.5755 -0.4107 -0.7071
vn 0.5806 -0.4036 -0.7071
vn 0.5855 -0.3965 -0.7071
vn 0.5903 -0.3892 -0.7071
vn 0.5951 -0.3820 -0.7071
vn 0.5997 -0.3745 -0.7072
vn 0.6043 -0.3672 -0.7071
vn 0.6087 -0.3599 -0.7071
vn 0.6130 -0.3523 -0.7072
vn 0.6174 -0.3447 -0.7071
vn 0.6215 -0.3372 -0.7071
vn 0.6256 -0.3295 -0.7071
vn 0.6296 -0.3217 -0.7072
vn 0.6336 -0.3141 -0.7070
vn 0.6374 -0.3063 -0.7071
vn 0.6410 -0.2984 -0.7071
vn 0.6447 -0.2906 -0.7071
vn 0.6482 -0.2826 -0.7071
vn 0.6516 -0.2745 -0.7071
vn 0.6549 -0.2666 -0.7071
vn 0.6582 -0.2585 -0.7071
vn 0.6613 -0.2505 -0.7071
vn 0.6643 -0.2423 -0.7071
vn 0.6672 -0.2341 -0.7071
vn 0.6701 -0.2259 -0.7071
vn 0.6728 -0.2177 -0.7071
vn 0.6754 -0.2094 -0.7071
vn 0.6779 -0.2012 -0.7071
vn 0.6803 -0.1928 -0.7071
vn 0.6826 -0.1844 -0.7071
vn 0.6849 -0.1761 -0.7071
vn 0.6870 -0.1677 -0.7070
vn 0.6890 -0.1592 -0.7071
vn 0.6908 -0.1507 -0.7072
vn 0.6926 -0.1422 -0.7071
vn 0.6943 -0.1336 -0.7071
vn 0.6959 -0.1250 -0.7072
vn 0.6973 -0.1165 -0.7072
vn 0.6988 -0.1080 -0.7071
vn 0.7000 -0.0995 -0.7072
vn 0.7013 -0.0908 -0.7070
vn 0.7022 -0.0823 -0.7072
vn 0.7033 -0.0736 -0.7071
vn 0.7041 -0.0649 -0.7071
vn 0.7049 -0.0563 -0.7071
vn 0.7055 -0.0477 -0.7071
vn 0.7060 -0.0391 -0.7071
vn 0.7065 -0.0304 -0.7071
vn 0.7067 -0.0217 -0.7072
vn 0.7070 -0.0130 -0.7071
vn 0.7071 -0.0043 -0.7071
vn -0.7071 -0.0043 -0.7071
vn -0.7070 -0.0129 -0.7071
vn -0.7068 -0.0217 -0.7071
vn -0.7065 -0.0303 -0.7070
vn -0.7061 -0.0390 -0.7071
vn -0.7055 -0.0476 -0.7071
vn -0.7048 -0.0564 -0.7072
vn -0.7041 -0.0651 -0.7071
vn -0.7033 -0.0736 -0.7071
vn -0.7023 -0.0824 -0.7071
vn -0.7012 -0.0909 -0.7071
vn -0.7001 -0.0996 -0.7071
vn -0.6988 -0.1081 -0.7071
vn -0.6974 -0.1167 -0.7071
vn -0.6959 -0.1252 -0.7071
vn -0.6944 -0.1338 -0.7071
vn -0.6927 -0.1423 -0.7070
vn -0.6908 -0.1507 -0.7071
vn -0.6890 -0.1592 -0.7071
vn -0.6870 -0.1676 -0.7071
vn -0.6848 -0.1760 -0.7071
vn -0.6827 -0.1842 -0.7071
vn -0.6803 -0.1929 -0.7071
vn -0.6779 -0.2010 -0.7071
vn -0.6754 -0.2094 -0.7071
vn -0.6727 -0.2177 -0.7071
vn -0.6700 -0.2260 -0.7071
vn -0.6672 -0.2341 -0.7071
vn -0.6643 -0.2423 -0.7071
vn -0.6613 -0.2504 -0.7071
vn -0.6582 -0.2586 -0.7071
vn -0.6549 -0.2666 -0.7071
vn -0.6516 -0.2746 -0.7072
vn -0.6482 -0.2827 -0.7070
vn -0.6446 -0.2904 -0.7072
vn -0.6411 -0.2984 -0.7071
vn -0.6373 -0.3062 -0.7071
vn -0.6335 -0.3141 -0.7071
vn -0.6296 -0.3217 -0.7072
vn -0.6256 -0.3295 -0.7071
vn -0.6216 -0.3371 -0.7071
vn -0.6174 -0.3447 -0.7071
vn -0.6131 -0.3523 -0.7071
vn -0.6088 -0.3597 -0.7071
vn -0.6042 -0.3673 -0.7071
vn -0.5998 -0.3746 -0.7071
vn -0.5952 -0.3820 -0.7070
vn -0.5903 -0.3892 -0.7071
vn -0.5855 -0.3964 -0.7072
vn -0.5806 -0.4035 -0.7071
vn -0.5756 -0.4105 -0.7072
vn -0.5706 -0.4176 -0.7071
vn -0.5654 -0.4246 -0.7071
vn -0.5602 -0.4316 -0.7071
vn -0.5547 -0.4384 -0.7072
vn -0.5493 -0.4452 -0.7071
vn -0.5438 -0.4519 -0.7071
vn -0.5383 -0.4586 -0.7071
vn -0.5326 -0.4652 -0.7071
vn -0.5268 -0.4717 -0.7071
vn -0.5210 -0.4781 -0.7071
vn -0.5151 -0.4844 -0.7071
vn -0.5092 -0.4907 -0.7071
vn -0.5030 -0.4969 -0.7071
vn -0.4969 -0.5030 -0.7071
vn -0.4907 -0.5091 -0.7071
vn -0.4844 -0.5151 -0.7071
vn -0.4781 -0.5210 -0.7071
vn -0.4716 -0.5269 -0.7071
vn -0.4652 -0.5326 -0.7071
vn -0.4586 -0.5383 -0.7071
vn -0.4520 -0.5438 -0.7071
vn -0.4453 -0.5493 -0.7071
vn -0.4384 -0.5548 -0.7071
vn -0.4317 -0.5600 -0.7071
vn -0.4247 -0.5654 -0.7071
vn -0.4177 -0.5705 -0.7071
vn -0.4107 -0.5756 -0.7071
vn -0.4036 -0.5806 -0.7071
vn -0.3965 -0.5855 -0.7071
vn -0.3892 -0.5904 -0.7071
vn -0.3820 -0.5950 -0.7071
vn -0.3746 -0.5997 -0.7071
vn -0.3673 -0.6043 -0.7071
vn -0.3598 -0.6087 -0.7071
vn -0.3523 -0.6131 -0.7071
vn -0.3447 -0.6174 -0.7071
vn -0.3371 -0.6216 -0.7071
vn -0.3295 -0.6256 -0.7071
vn -0.3218 -0.6297 -0.7071
vn -0.3141 -0.6335 -0.7072
vn -0.3062 -0.6374 -0.7071
vn -0.2984 -0.6411 -0.7071
vn -0.2905 -0.6447 -0.7071
vn -0.2825 -0.6482 -0.7071
vn -0.2746 -0.6516 -0.7071
vn -0.2666 -0.6549 -0.7071
vn -0.2585 -0.6582 -0.7071
vn -0.2504 -0.6613 -0.7071
vn -0.2423 -0.6643 -0.7071
vn -0.2341 -0.6672 -0.7071
vn -0.2259 -0.6700 -0.7071
vn -0.2177 -0.6728 -0.7071
vn -0.2094 -0.6754 -0.7071
vn -0.2011 -0.6779 -0.7071
vn -0.1928 -0.6803 -0.7071
vn -0.1844 -0.6826 -0.7071
vn -0.1760 -0.6849 -0.7071
vn -0.1676 -0.6869 -0.7071
vn -0.1591 -0.6889 -0.7071
vn -0.1507 -0.6910 -0.7070
vn -0.1422 -0.6927 -0.7071
vn -0.1337 -0.6944 -0.7071
vn -0.1252 -0.6960 -0.7070
vn -0.1166 -0.6975 -0.7070
vn -0.1080 -0.6988 -0.7071
vn -0.0995 -0.7002 -0.7070
vn -0.0909 -0.7012 -0.7072
vn -0.0823 -0.7023 -0.7071
vn -0.0736 -0.7033 -0.7071
vn -0.0650 -0.7041 -0.7071
vn -0.0564 -0.7049 -0.7071
vn -0.0477 -0.7054 -0.7072
vn -0.0390 -0.7060 -0.7071
vn -0.0304 -0.7065 -0.7071
vn -0.0217 -0.7069 -0.7070
vn -0.0130 -0.7070 -0.7071
vn -0.0043 -0.7071 -0.7071
vn -0.0044 0.7071 -0.7071
vn -0.0130 0.7070 -0.7071
vn -0.0217 0.7068 -0.7071
vn -0.0303 0.7064 -0.7072
vn -0.0390 0.7060 -0.7071
vn -0.0477 0.7055 -0.7071
vn -0.0564 0.7049 -0.7071
vn -0.0649 0.7041 -0.7071
vn -0.0736 0.7033 -0.7071
vn -0.0823 0.7022 -0.7072
vn -0.0909 0.7012 -0.7071
vn -0.0994 0.7001 -0.7070
vn -0.1080 0.6988 -0.7071
vn -0.1166 0.6974 -0.7071
vn -0.1252 0.6959 -0.7071
vn -0.1337 0.6943 -0.7071
vn -0.1422 0.6926 -0.7072
vn -0.1507 0.6909 -0.7071
vn -0.1591 0.6889 -0.7072
vn -0.1676 0.6870 -0.7071
vn -0.1760 0.6849 -0.7071
vn -0.1844 0.6826 -0.7071
vn -0.1928 0.6803 -0.7071
vn -0.2011 0.6779 -0.7071
vn -0.2094 0.6754 -0.7071
vn -0.2177 0.6728 -0.7071
vn -0.2259 0.6701 -0.7071
vn -0.2341 0.6673 -0.7071
vn -0.2423 0.6643 -0.7071
vn -0.2505 0.6613 -0.7071
vn -0.2585 0.6582 -0.7071
vn -0.2666 0.6549 -0.7071
vn -0.2746 0.6516 -0.7071
vn -0.2826 0.6481 -0.7071
vn -0.2905 0.6448 -0.7071
vn -0.2984 0.6411 -0.7071
vn -0.3062 0.6373 -0.7071
vn -0.3141 0.6335 -0.7071
vn -0.3218 0.6297 -0.7070
vn -0.3295 0.6256 -0.7071
vn -0.3371 0.6216 -0.7071
vn -0.3447 0.6173 -0.7072
vn -0.3523 0.6131 -0.7071
vn -0.3598 0.6086 -0.7072
vn -0.3673 0.6042 -0.7071
vn -0.3746 0.5997 -0.7071
vn -0.3820 0.5951 -0.7071
vn -0.3892 0.5903 -0.7071
vn -0.3965 0.5856 -0.7071
vn -0.4036 0.5806 -0.7071
vn -0.4107 0.5756 -0.7071
vn -0.4178 0.5706 -0.7070
vn -0.4247 0.5653 -0.7071
vn -0.4316 0.5601 -0.7071
vn -0.4384 0.5548 -0.7071
vn -0.4452 0.5493 -0.7071
vn -0.4519 0.5438 -0.7071
vn -0.4585 0.5383 -0.7071
vn -0.4651 0.5326 -0.7071
vn -0.4716 0.5269 -0.7071
vn -0.4781 0.5210 -0.7071
vn -0.4844 0.5151 -0.7071
vn -0.4906 0.5092 -0.7071
vn -0.4969 0.5031 -0.7071
vn -0.5030 0.4970 -0.7071
vn -0.5091 0.4907 -0.7071
vn -0.5151 0.4844 -0.7071
vn -0.5209 0.4781 -0.7071
vn -0.5269 0.4716 -0.7071
vn -0.5326 0.4651 -0.7072
vn -0.5383 0.4586 -0.7071
vn -0.5439 0.4519 -0.7071
vn -0.5493 0.4453 -0.7071
vn -0.5548 0.4384 -0.7071
vn -0.5601 0.4317 -0.7071
vn -0.5653 0.4247 -0.7071
vn -0.5705 0.4179 -0.7070
vn -0.5755 0.4107 -0.7071
vn -0.5806 0.4036 -0.7071
vn -0.5855 0.3965 -0.7071
vn -0.5903 0.3892 -0.7071
vn -0.5951 0.3820 -0.7071
vn -0.5997 0.3745 -0.7072
vn -0.6043 0.3672 -0.7071
vn -0.6087 0.3599 -0.7071
vn -0.6130 0.3523 -0.7072
vn -0.6174 0.3447 -0.7071
vn -0.6215 0.3372 -0.7071
vn -0.6256 0.3295 -0.7071
vn -0.6296 0.3217 -0.7072
vn -0.6336 0.3141 -0.7070
vn -0.6374 0.3063 -0.7071
vn -0.6410 0.2984 -0.7071
vn -0.6447 0.2906 -0.7071
vn -0.6482 0.2826 -0.7071
vn -0.6516 0.2745 -0.7071
vn -0.6549 0.2666 -0.7071
vn -0.6582 0.2585 -0.7071
vn -0.6613 0.2505 -0.7071
vn -0.6643 0.2423 -0.7071
vn -0.6672 0.2341 -0.7071
vn -0.6701 0.2259 -0.7071
vn -0.6728 0.2177 -0.7071
vn -0.6754 0.2094 -0.7071
vn -0.6779 0.2012 -0.7071
vn -0.6803 0.1928 -0.7071
vn -0.6826 0.1844 -0.7071
vn -0.6849 0.1761 -0.7071
vn -0.6870 0.1677 -0.7070
vn -0.6890 0.1592 -0.7071
vn -0.6908 0.1507 -0.7072
vn -0.6926 0.1422 -0.7071
vn -0.6943 0.1336 -0.7071
vn -0.6959 0.1250 -0.7072
vn -0.6973 0.1165 -0.7072
vn -0.6988 0.1080 -0.7071
vn -0.7000 0.0995 -0.7072
vn -0.7013 0.0908 -0.7070
vn -0.7022 0.0823 -0.7072
vn -0.7033 0.0736 -0.7071
vn -0.7041 0.0649 -0.7071
vn -0.7049 0.0563 -0.7071
vn -0.7055 0.0477 -0.7071
vn -0.7060 0.0391 -0.7071
vn -0.7065 0.0304 -0.7071
vn -0.7067 0.0217 -0.7072
vn -0.7070 0.0130 -0.7071
vn -0.7071 0.0043 -0.7071
vn 0.7071 -0.0000 -0.7071
vn -0.0000 -0.7071 -0.7071
vn -0.7071 -0.0000 -0.7071
vn -0.0000 0.7071 -0.7071
vn -0.7612 0.6485 -0.0000
vn 0.9958 -0.0919 -0.0000
vn 0.4982 0.8670 -0.0000
vn -0.7691 0.6391 -0.0000
vn 0.9968 -0.0798 -0.0000
vn -0.7769 0.6297 -0.0000
vn 0.9977 -0.0674 -0.0000
vn 0.5194 0.8546 -0.0000
vn -0.7846 0.6200 -0.0000
vn 0.5298 0.8482 -0.0000
vn 0.9991 -0.0429 -0.0000
vn 0.5402 0.8415 -0.0000
vn -0.8068 0.5908 -0.0000
vn 0.9998 -0.0184 -0.0000
vn -0.8140 0.5808 -0.0000
vn 0.5708 0.8211 -0.0000
vn -1.0000 -0.0062 -0.0000
vn 0.5808 0.8140 -0.0000
vn -0.8280 0.5607 -0.0000
vn -0.9998 -0.0184 -0.0000
vn 0.5908 0.8069 -0.0000
vn -0.8349 0.5504 -0.0000
vn -0.8415 0.5402 -0.0000
vn -0.9991 -0.0429 -0.0000
vn -0.8481 0.5298 -0.0000
vn -0.8545 0.5194 -0.0000
vn -0.9977 -0.0675 -0.0000
vn 0.6296 0.7769 -0.0000
vn -0.8608 0.5089 -0.0000
vn -0.9968 -0.0797 -0.0000
vn -0.8670 0.4982 -0.0000
vn 0.6485 0.7612 -0.0000
vn 0.6578 0.7532 -0.0000
vn 0.6669 0.7451 -0.0000
vn 0.6761 0.7368 -0.0000
vn -0.9901 -0.1407 -0.0000
vn 0.6851 0.7285 -0.0000
vn -0.9014 0.4330 -0.0000
vn -0.9863 -0.1650 -0.0000
vn 0.7114 0.7028 -0.0000
vn -0.9117 0.4109 -0.0000
vn -0.9820 -0.1891 -0.0000
vn 0.7200 0.6940 -0.0000
vn -0.9167 0.3996 -0.0000
vn 0.7285 0.6851 -0.0000
vn -0.9215 0.3883 -0.0000
vn 0.7368 0.6761 -0.0000
vn -0.9743 -0.2251 -0.0000
vn 0.7451 0.6670 -0.0000
vn -0.9308 0.3656 -0.0000
vn -0.9715 -0.2371 -0.0000
vn -0.9352 0.3542 -0.0000
vn -0.9685 -0.2490 -0.0000
vn 0.7612 0.6485 -0.0000
vn -0.9654 -0.2607 -0.0000
vn 0.7691 0.6391 -0.0000
vn -0.9436 0.3312 -0.0000
vn -0.9621 -0.2726 -0.0000
vn 0.7769 0.6296 -0.0000
vn -0.9476 0.3195 -0.0000
vn -0.9587 -0.2844 -0.0000
vn -0.9514 0.3079 -0.0000
vn -0.9551 -0.2962 -0.0000
vn 0.7921 0.6103 -0.0000
vn -0.9552 0.2961 -0.0000
vn 0.7995 0.6006 -0.0000
vn -0.9587 0.2844 -0.0000
vn -0.9476 -0.3195 -0.0000
vn 0.8069 0.5907 -0.0000
vn -0.9621 0.2726 -0.0000
vn -0.9436 -0.3311 -0.0000
vn 0.8140 0.5808 -0.0000
vn -0.9654 0.2608 -0.0000
vn -0.9395 -0.3426 -0.0000
vn 0.8211 0.5708 -0.0000
vn -0.9685 0.2489 -0.0000
vn -0.9352 -0.3542 -0.0000
vn 0.8280 0.5607 -0.0000
vn -0.9715 0.2370 -0.0000
vn -0.9308 -0.3656 -0.0000
vn 0.8348 0.5505 -0.0000
vn -0.9743 0.2250 -0.0000
vn -0.9262 -0.3770 -0.0000
vn 0.8416 0.5401 -0.0000
vn -0.9770 0.2131 -0.0000
vn -0.9215 -0.3883 -0.0000
vn 0.8482 0.5297 -0.0000
vn -0.9796 0.2011 -0.0000
vn 0.8546 0.5193 -0.0000
vn -0.9820 0.1891 -0.0000
vn -0.9066 -0.4220 -0.0000
vn 0.8670 0.4982 -0.0000
vn -0.9013 -0.4331 -0.0000
vn 0.8731 0.4876 -0.0000
vn -0.9901 0.1407 -0.0000
vn 0.8848 0.4659 -0.0000
vn -0.8848 -0.4659 -0.0000
vn -0.9932 0.1164 -0.0000
vn -0.9946 0.1042 -0.0000
vn -0.8731 -0.4876 -0.0000
vn 0.9013 0.4331 -0.0000
vn -0.9958 0.0919 -0.0000
vn -0.8670 -0.4982 -0.0000
vn 0.9066 0.4220 -0.0000
vn -0.9968 0.0798 -0.0000
vn -0.9977 0.0674 -0.0000
vn -0.8546 -0.5193 -0.0000
vn -0.8482 -0.5297 -0.0000
vn 0.9215 0.3883 -0.0000
vn -0.9991 0.0429 -0.0000
vn -0.8416 -0.5401 -0.0000
vn -0.8348 -0.5505 -0.0000
vn 0.9308 0.3656 -0.0000
vn -0.9998 0.0184 -0.0000
vn -0.8280 -0.5607 -0.0000
vn 0.9352 0.3542 -0.0000
vn 0.9395 0.3426 -0.0000
vn -0.8140 -0.5808 -0.0000
vn 0.9436 0.3311 -0.0000
vn -0.8069 -0.5907 -0.0000
vn 0.9476 0.3195 -0.0000
vn -0.7995 -0.6006 -0.0000
vn -0.7921 -0.6103 -0.0000
vn 0.9551 0.2962 -0.0000
vn 0.9587 0.2844 -0.0000
vn -0.7769 -0.6296 -0.0000
vn 0.9621 0.2726 -0.0000
vn -0.7691 -0.6391 -0.0000
vn 0.9654 0.2607 -0.0000
vn -0.7612 -0.6485 -0.0000
vn 0.9685 0.2490 -0.0000
vn 0.9715 0.2371 -0.0000
vn -0.7451 -0.6670 -0.0000
vn 0.9743 0.2251 -0.0000
vn -0.7368 -0.6761 -0.0000
vn -0.7285 -0.6851 -0.0000
vn 0.9796 0.2011 -0.0000
vn -0.7200 -0.6940 -0.0000
vn 0.9820 0.1891 -0.0000
vn -0.7114 -0.7028 -0.0000
vn 0.9863 0.1650 -0.0000
vn -0.6851 -0.7285 -0.0000
vn 0.9901 0.1407 -0.0000
vn -0.6761 -0.7368 -0.0000
vn -0.6669 -0.7451 -0.0000
vn -0.6578 -0.7532 -0.0000
vn -0.6485 -0.7612 -0.0000
vn 0.9968 0.0797 -0.0000
vn -0.6296 -0.7769 -0.0000
vn 0.9977 0.0675 -0.0000
vn -0.6104 -0.7921 -0.0000
vn 0.9991 0.0429 -0.0000
vn -0.5908 -0.8069 -0.0000
vn 0.9998 0.0184 -0.0000
vn 1.0000 0.0062 -0.0000
vn -0.5708 -0.8211 -0.0000
vn 0.0061 -1.0000 -0.0000
vn -0.5402 -0.8415 -0.0000
vn -0.5298 -0.8482 -0.0000
vn -0.5194 -0.8546 -0.0000
vn 0.0674 -0.9977 -0.0000
vn -0.4982 -0.8670 -0.0000
vn -0.4659 -0.8848 -0.0000
vn -0.4551 -0.8905 -0.0000
vn -0.4442 -0.8960 -0.0000
vn -0.4331 -0.9013 -0.0000
vn -0.4109 -0.9117 -0.0000
vn -0.3996 -0.9167 -0.0000
vn -0.3884 -0.9215 -0.0000
vn 0.2251 -0.9743 -0.0000
vn -0.3542 -0.9352 -0.0000
vn -0.3426 -0.9395 -0.0000
vn -0.3311 -0.9436 -0.0000
vn -0.3195 -0.9476 -0.0000
vn -0.3079 -0.9514 -0.0000
vn 0.2961 -0.9552 -0.0000
vn 0.3542 -0.9352 -0.0000
vn -0.2370 -0.9715 -0.0000
vn -0.2251 -0.9743 -0.0000
vn -0.2131 -0.9770 -0.0000
vn 0.3884 -0.9215 -0.0000
vn -0.1891 -0.9820 -0.0000
vn 0.4220 -0.9066 -0.0000
vn 0.4441 -0.8960 -0.0000
vn -0.1407 -0.9901 -0.0000
vn -0.1163 -0.9932 -0.0000
vn 0.4768 -0.8790 -0.0000
vn 0.4876 -0.8731 -0.0000
vn -0.0919 -0.9958 -0.0000
vn 0.4982 -0.8671 -0.0000
vn -0.0674 -0.9977 -0.0000
vn 0.5194 -0.8546 -0.0000
vn 0.5402 -0.8416 -0.0000
vn 0.5504 -0.8349 -0.0000
vn -0.0061 -1.0000 -0.0000
vn 0.5707 -0.8211 -0.0000
vn -0.0061 1.0000 -0.0000
vn 0.5808 -0.8141 -0.0000
vn 0.6006 -0.7996 -0.0000
vn 0.6104 -0.7921 -0.0000
vn -0.0674 0.9977 -0.0000
vn 0.6297 -0.7769 -0.0000
vn 0.6670 -0.7450 -0.0000
vn 0.6851 -0.7285 -0.0000
vn 0.6940 -0.7200 -0.0000
vn 0.7114 -0.7028 -0.0000
vn 0.7285 -0.6850 -0.0000
vn -0.2251 0.9743 -0.0000
vn 0.7450 -0.6670 -0.0000
vn 0.7532 -0.6578 -0.0000
vn 0.7612 -0.6485 -0.0000
vn 0.7691 -0.6391 -0.0000
vn 0.7769 -0.6297 -0.0000
vn 0.7846 -0.6200 -0.0000
vn -0.2961 0.9552 -0.0000
vn 0.8068 -0.5908 -0.0000
vn 0.8140 -0.5808 -0.0000
vn 0.0061 1.0000 -0.0000
vn -0.3542 0.9352 -0.0000
vn 0.8280 -0.5607 -0.0000
vn 0.8349 -0.5504 -0.0000
vn 0.8415 -0.5402 -0.0000
vn -0.3884 0.9215 -0.0000
vn 0.8481 -0.5298 -0.0000
vn 0.8545 -0.5194 -0.0000
vn 0.0674 0.9977 -0.0000
vn 0.8608 -0.5089 -0.0000
vn -0.4220 0.9066 -0.0000
vn 0.8670 -0.4982 -0.0000
vn 0.0919 0.9958 -0.0000
vn -0.4441 0.8960 -0.0000
vn 0.1163 0.9932 -0.0000
vn 0.1407 0.9901 -0.0000
vn -0.4768 0.8790 -0.0000
vn -0.4876 0.8731 -0.0000
vn 0.9014 -0.4330 -0.0000
vn -0.4982 0.8671 -0.0000
vn 0.9117 -0.4109 -0.0000
vn -0.5194 0.8546 -0.0000
vn 0.9167 -0.3996 -0.0000
vn 0.9215 -0.3883 -0.0000
vn 0.2131 0.9770 -0.0000
vn -0.5402 0.8416 -0.0000
vn 0.2251 0.9743 -0.0000
vn -0.5504 0.8349 -0.0000
vn 0.9308 -0.3656 -0.0000
vn 0.2370 0.9715 -0.0000
vn 0.9352 -0.3542 -0.0000
vn -0.5707 0.8211 -0.0000
vn -0.5808 0.8141 -0.0000
vn 0.9436 -0.3312 -0.0000
vn 0.9476 -0.3195 -0.0000
vn -0.6006 0.7996 -0.0000
vn 0.9514 -0.3079 -0.0000
vn -0.6104 0.7921 -0.0000
vn 0.9552 -0.2961 -0.0000
vn 0.3079 0.9514 -0.0000
vn 0.9587 -0.2844 -0.0000
vn -0.6297 0.7769 -0.0000
vn 0.9621 -0.2726 -0.0000
vn 0.3311 0.9436 -0.0000
vn 0.9654 -0.2608 -0.0000
vn 0.3426 0.9395 -0.0000
vn 0.9685 -0.2489 -0.0000
vn 0.3542 0.9352 -0.0000
vn 0.9715 -0.2370 -0.0000
vn 0.3656 0.9308 -0.0000
vn -0.6670 0.7450 -0.0000
vn 0.9743 -0.2250 -0.0000
vn 0.3770 0.9262 -0.0000
vn 0.9770 -0.2131 -0.0000
vn 0.3884 0.9215 -0.0000
vn -0.6851 0.7285 -0.0000
vn 0.9796 -0.2011 -0.0000
vn 0.3996 0.9167 -0.0000
vn -0.6940 0.7200 -0.0000
vn 0.9820 -0.1891 -0.0000
vn 0.4109 0.9117 -0.0000
vn -0.7114 0.7028 -0.0000
vn 0.4331 0.9013 -0.0000
vn 0.4442 0.8960 -0.0000
vn -0.7285 0.6850 -0.0000
vn 0.9901 -0.1407 -0.0000
vn 0.4551 0.8905 -0.0000
vn 0.4659 0.8848 -0.0000
vn -0.7450 0.6670 -0.0000
vn 0.9932 -0.1164 -0.0000
vn -0.7532 0.6578 -0.0000
vn 0.9946 -0.1042 -0.0000
vn 0.0044 0.7071 -0.7071
vn 0.0217 0.7067 -0.7071
vn 0.0303 0.7064 -0.7071
vn 0.0391 0.7059 -0.7072
vn 0.0649 0.7041 -0.7071
vn 0.0736 0.7034 -0.7070
vn 0.0823 0.7024 -0.7071
vn 0.0995 0.7001 -0.7071
vn 0.1167 0.6974 -0.7072
vn 0.1252 0.6959 -0.7071
vn 0.1338 0.6944 -0.7071
vn 0.1422 0.6926 -0.7071
vn 0.1507 0.6909 -0.7071
vn 0.1677 0.6869 -0.7072
vn 0.1843 0.6826 -0.7071
vn 0.2011 0.6780 -0.7070
vn 0.2094 0.6755 -0.7070
vn 0.2259 0.6701 -0.7070
vn 0.2343 0.6672 -0.7071
vn 0.2585 0.6581 -0.7071
vn 0.2666 0.6549 -0.7071
vn 0.2826 0.6481 -0.7072
vn 0.2985 0.6411 -0.7070
vn 0.3140 0.6335 -0.7071
vn 0.3447 0.6173 -0.7072
vn 0.3523 0.6133 -0.7069
vn 0.3673 0.6042 -0.7071
vn 0.3746 0.5997 -0.7072
vn 0.3892 0.5903 -0.7072
vn 0.3964 0.5853 -0.7073
vn 0.4036 0.5807 -0.7071
vn 0.4177 0.5706 -0.7071
vn 0.4247 0.5653 -0.7072
vn 0.4317 0.5600 -0.7072
vn 0.4385 0.5548 -0.7071
vn 0.4519 0.5439 -0.7071
vn 0.4651 0.5326 -0.7071
vn 0.4717 0.5268 -0.7071
vn 0.4781 0.5208 -0.7072
vn 0.4844 0.5152 -0.7071
vn 0.4907 0.5091 -0.7072
vn 0.4971 0.5028 -0.7072
vn 0.5031 0.4969 -0.7071
vn 0.5092 0.4909 -0.7070
vn 0.5151 0.4842 -0.7072
vn 0.5210 0.4780 -0.7071
vn 0.5267 0.4716 -0.7072
vn 0.5326 0.4653 -0.7070
vn 0.5383 0.4585 -0.7071
vn 0.5438 0.4520 -0.7071
vn 0.5493 0.4453 -0.7071
vn 0.5547 0.4385 -0.7071
vn 0.5600 0.4318 -0.7071
vn 0.5652 0.4248 -0.7072
vn 0.5706 0.4179 -0.7069
vn 0.5755 0.4105 -0.7073
vn 0.5806 0.4037 -0.7071
vn 0.5855 0.3964 -0.7071
vn 0.5950 0.3820 -0.7071
vn 0.5997 0.3744 -0.7073
vn 0.6042 0.3674 -0.7071
vn 0.6175 0.3444 -0.7072
vn 0.6216 0.3372 -0.7071
vn 0.6256 0.3294 -0.7072
vn 0.6297 0.3218 -0.7070
vn 0.6335 0.3140 -0.7071
vn 0.6375 0.3062 -0.7070
vn 0.6446 0.2906 -0.7071
vn 0.6482 0.2826 -0.7071
vn 0.6517 0.2746 -0.7070
vn 0.6549 0.2666 -0.7072
vn 0.6581 0.2585 -0.7072
vn 0.6614 0.2501 -0.7071
vn 0.6672 0.2343 -0.7071
vn 0.6700 0.2259 -0.7071
vn 0.6730 0.2176 -0.7070
vn 0.6754 0.2095 -0.7071
vn 0.6779 0.2011 -0.7072
vn 0.6803 0.1927 -0.7071
vn 0.6826 0.1845 -0.7071
vn 0.6849 0.1761 -0.7071
vn 0.6869 0.1677 -0.7071
vn 0.6889 0.1592 -0.7072
vn 0.6909 0.1507 -0.7070
vn 0.6927 0.1420 -0.7072
vn 0.6944 0.1336 -0.7071
vn 0.6959 0.1249 -0.7072
vn 0.6975 0.1166 -0.7070
vn 0.6987 0.1082 -0.7072
vn 0.7001 0.0995 -0.7071
vn 0.7012 0.0907 -0.7072
vn 0.7024 0.0823 -0.7070
vn 0.7032 0.0735 -0.7072
vn 0.7040 0.0652 -0.7072
vn 0.7049 0.0563 -0.7071
vn 0.7054 0.0476 -0.7073
vn 0.7060 0.0391 -0.7071
vn 0.7064 0.0303 -0.7072
vn 0.7071 0.0125 -0.7071
vn 0.7071 0.0045 -0.7071
vn 0.0129 -0.7070 -0.7071
vn 0.0217 -0.7067 -0.7071
vn 0.0303 -0.7066 -0.7069
vn 0.0391 -0.7061 -0.7071
vn 0.0477 -0.7056 -0.7070
vn 0.0650 -0.7041 -0.7071
vn 0.0908 -0.7014 -0.7070
vn 0.0995 -0.7001 -0.7071
vn 0.1251 -0.6960 -0.7070
vn 0.1337 -0.6944 -0.7071
vn 0.1421 -0.6927 -0.7071
vn 0.1591 -0.6891 -0.7070
vn 0.1676 -0.6869 -0.7071
vn 0.1928 -0.6804 -0.7070
vn 0.2095 -0.6753 -0.7072
vn 0.2259 -0.6699 -0.7073
vn 0.2341 -0.6672 -0.7071
vn 0.2504 -0.6613 -0.7071
vn 0.2585 -0.6581 -0.7072
vn 0.2666 -0.6550 -0.7070
vn 0.2904 -0.6448 -0.7071
vn 0.2984 -0.6410 -0.7071
vn 0.3062 -0.6373 -0.7072
vn 0.3218 -0.6295 -0.7072
vn 0.3295 -0.6257 -0.7071
vn 0.3372 -0.6215 -0.7072
vn 0.3447 -0.6175 -0.7070
vn 0.3597 -0.6087 -0.7071
vn 0.3673 -0.6042 -0.7072
vn 0.3746 -0.5999 -0.7070
vn 0.3819 -0.5951 -0.7071
vn 0.3892 -0.5904 -0.7071
vn 0.4036 -0.5806 -0.7072
vn 0.4108 -0.5755 -0.7072
vn 0.4177 -0.5704 -0.7072
vn 0.4247 -0.5656 -0.7069
vn 0.4316 -0.5602 -0.7071
vn 0.4384 -0.5549 -0.7071
vn 0.4452 -0.5493 -0.7072
vn 0.4519 -0.5439 -0.7071
vn 0.4586 -0.5383 -0.7070
vn 0.4651 -0.5325 -0.7072
vn 0.4717 -0.5268 -0.7071
vn 0.4781 -0.5211 -0.7070
vn 0.4844 -0.5152 -0.7071
vn 0.4906 -0.5091 -0.7072
vn 0.4970 -0.5031 -0.7070
vn 0.5029 -0.4971 -0.7070
vn 0.5210 -0.4782 -0.7070
vn 0.5268 -0.4715 -0.7073
vn 0.5325 -0.4652 -0.7071
vn 0.5383 -0.4585 -0.7071
vn 0.5494 -0.4451 -0.7071
vn 0.5549 -0.4383 -0.7071
vn 0.5601 -0.4316 -0.7071
vn 0.5654 -0.4246 -0.7071
vn 0.5707 -0.4176 -0.7070
vn 0.5756 -0.4107 -0.7071
vn 0.5807 -0.4036 -0.7071
vn 0.5855 -0.3966 -0.7071
vn 0.5904 -0.3892 -0.7071
vn 0.5997 -0.3748 -0.7070
vn 0.6042 -0.3674 -0.7071
vn 0.6088 -0.3597 -0.7071
vn 0.6130 -0.3522 -0.7073
vn 0.6174 -0.3448 -0.7070
vn 0.6214 -0.3374 -0.7071
vn 0.6296 -0.3217 -0.7071
vn 0.6334 -0.3143 -0.7071
vn 0.6374 -0.3062 -0.7071
vn 0.6409 -0.2984 -0.7072
vn 0.6447 -0.2905 -0.7071
vn 0.6549 -0.2667 -0.7071
vn 0.6582 -0.2584 -0.7071
vn 0.6642 -0.2425 -0.7071
vn 0.6672 -0.2340 -0.7072
vn 0.6730 -0.2176 -0.7070
vn 0.6753 -0.2094 -0.7072
vn 0.6779 -0.2011 -0.7072
vn 0.6803 -0.1927 -0.7071
vn 0.6826 -0.1843 -0.7072
vn 0.6848 -0.1759 -0.7071
vn 0.6870 -0.1674 -0.7072
vn 0.6890 -0.1590 -0.7071
vn 0.6908 -0.1507 -0.7071
vn 0.6926 -0.1423 -0.7072
vn 0.6944 -0.1340 -0.7071
vn 0.6960 -0.1253 -0.7071
vn 0.6974 -0.1169 -0.7070
vn 0.7000 -0.0991 -0.7072
vn 0.7013 -0.0909 -0.7070
vn 0.7022 -0.0824 -0.7072
vn 0.7032 -0.0735 -0.7072
vn 0.7042 -0.0649 -0.7071
vn 0.7048 -0.0564 -0.7071
vn 0.7056 -0.0478 -0.7070
vn 0.7061 -0.0390 -0.7070
vn 0.7065 -0.0303 -0.7071
vn 0.7068 -0.0218 -0.7071
vn 0.7071 -0.0044 -0.7071
vn -0.7071 -0.0045 -0.7071
vn -0.7071 -0.0125 -0.7071
vn -0.7064 -0.0303 -0.7072
vn -0.7060 -0.0391 -0.7071
vn -0.7054 -0.0476 -0.7073
vn -0.7049 -0.0563 -0.7071
vn -0.7040 -0.0652 -0.7072
vn -0.7032 -0.0735 -0.7072
vn -0.7024 -0.0823 -0.7070
vn -0.7012 -0.0907 -0.7072
vn -0.7001 -0.0995 -0.7071
vn -0.6987 -0.1082 -0.7072
vn -0.6975 -0.1166 -0.7070
vn -0.6958 -0.1250 -0.7072
vn -0.6944 -0.1337 -0.7071
vn -0.6926 -0.1421 -0.7072
vn -0.6909 -0.1507 -0.7071
vn -0.6889 -0.1592 -0.7072
vn -0.6869 -0.1677 -0.7071
vn -0.6849 -0.1761 -0.7071
vn -0.6826 -0.1845 -0.7071
vn -0.6803 -0.1927 -0.7071
vn -0.6779 -0.2011 -0.7072
vn -0.6754 -0.2095 -0.7071
vn -0.6727 -0.2178 -0.7071
vn -0.6702 -0.2257 -0.7070
vn -0.6672 -0.2343 -0.7071
vn -0.6644 -0.2423 -0.7071
vn -0.6613 -0.2503 -0.7071
vn -0.6583 -0.2583 -0.7071
vn -0.6549 -0.2665 -0.7072
vn -0.6515 -0.2748 -0.7071
vn -0.6482 -0.2826 -0.7071
vn -0.6446 -0.2906 -0.7071
vn -0.6375 -0.3062 -0.7070
vn -0.6335 -0.3140 -0.7071
vn -0.6297 -0.3218 -0.7070
vn -0.6256 -0.3294 -0.7072
vn -0.6216 -0.3372 -0.7071
vn -0.6175 -0.3444 -0.7072
vn -0.6042 -0.3674 -0.7071
vn -0.5997 -0.3744 -0.7073
vn -0.5950 -0.3820 -0.7071
vn -0.5855 -0.3964 -0.7071
vn -0.5806 -0.4036 -0.7071
vn -0.5755 -0.4108 -0.7071
vn -0.5706 -0.4179 -0.7069
vn -0.5653 -0.4246 -0.7073
vn -0.5601 -0.4315 -0.7071
vn -0.5547 -0.4383 -0.7072
vn -0.5494 -0.4453 -0.7070
vn -0.5438 -0.4520 -0.7071
vn -0.5383 -0.4585 -0.7071
vn -0.5326 -0.4653 -0.7070
vn -0.5267 -0.4716 -0.7072
vn -0.5210 -0.4780 -0.7071
vn -0.5151 -0.4842 -0.7072
vn -0.5092 -0.4909 -0.7070
vn -0.5031 -0.4969 -0.7071
vn -0.4971 -0.5028 -0.7072
vn -0.4907 -0.5091 -0.7072
vn -0.4844 -0.5152 -0.7071
vn -0.4781 -0.5208 -0.7072
vn -0.4717 -0.5268 -0.7071
vn -0.4651 -0.5326 -0.7071
vn -0.4519 -0.5439 -0.7071
vn -0.4453 -0.5492 -0.7071
vn -0.4384 -0.5547 -0.7071
vn -0.4316 -0.5601 -0.7071
vn -0.4178 -0.5703 -0.7072
vn -0.4035 -0.5807 -0.7071
vn -0.3892 -0.5903 -0.7072
vn -0.3746 -0.5997 -0.7072
vn -0.3673 -0.6042 -0.7071
vn -0.3523 -0.6133 -0.7069
vn -0.3447 -0.6173 -0.7072
vn -0.3140 -0.6335 -0.7071
vn -0.2985 -0.6411 -0.7070
vn -0.2826 -0.6481 -0.7072
vn -0.2666 -0.6550 -0.7071
vn -0.2586 -0.6581 -0.7071
vn -0.2424 -0.6643 -0.7071
vn -0.2342 -0.6673 -0.7071
vn -0.2177 -0.6726 -0.7073
vn -0.2094 -0.6755 -0.7070
vn -0.2011 -0.6780 -0.7070
vn -0.1843 -0.6826 -0.7071
vn -0.1677 -0.6869 -0.7072
vn -0.1507 -0.6909 -0.7071
vn -0.1338 -0.6943 -0.7071
vn -0.1252 -0.6959 -0.7071
vn -0.1167 -0.6974 -0.7072
vn -0.0995 -0.7001 -0.7071
vn -0.0823 -0.7024 -0.7071
vn -0.0736 -0.7034 -0.7070
vn -0.0649 -0.7041 -0.7071
vn -0.0391 -0.7059 -0.7072
vn -0.0303 -0.7064 -0.7071
vn -0.0217 -0.7067 -0.7071
vn -0.0044 -0.7071 -0.7071
vn -0.0129 0.7070 -0.7071
vn -0.0217 0.7067 -0.7071
vn -0.0303 0.7066 -0.7069
vn -0.0391 0.7061 -0.7071
vn -0.0477 0.7056 -0.7070
vn -0.0650 0.7041 -0.7071
vn -0.0908 0.7014 -0.7070
vn -0.0995 0.7001 -0.7071
vn -0.1251 0.6960 -0.7070
vn -0.1337 0.6944 -0.7071
vn -0.1421 0.6927 -0.7071
vn -0.1591 0.6891 -0.7070
vn -0.1676 0.6869 -0.7071
vn -0.1928 0.6804 -0.7070
vn -0.2095 0.6753 -0.7072
vn -0.2259 0.6699 -0.7073
vn -0.2341 0.6672 -0.7071
vn -0.2504 0.6613 -0.7071
vn -0.2585 0.6581 -0.7072
vn -0.2666 0.6550 -0.7070
vn -0.2904 0.6448 -0.7071
vn -0.2984 0.6410 -0.7071
vn -0.3062 0.6373 -0.7072
vn -0.3218 0.6295 -0.7072
vn -0.3295 0.6257 -0.7071
vn -0.3372 0.6215 -0.7072
vn -0.3447 0.6175 -0.7070
vn -0.3597 0.6087 -0.7071
vn -0.3673 0.6042 -0.7072
vn -0.3746 0.5999 -0.7070
vn -0.3819 0.5951 -0.7071
vn -0.3892 0.5904 -0.7071
vn -0.4036 0.5806 -0.7072
vn -0.4108 0.5755 -0.7072
vn -0.4177 0.5704 -0.7072
vn -0.4247 0.5656 -0.7069
vn -0.4316 0.5602 -0.7071
vn -0.4384 0.5549 -0.7071
vn -0.4452 0.5493 -0.7072
vn -0.4519 0.5439 -0.7071
vn -0.4586 0.5383 -0.7070
vn -0.4651 0.5325 -0.7072
vn -0.4717 0.5268 -0.7071
vn -0.4781 0.5211 -0.7070
vn -0.4844 0.5152 -0.7071
vn -0.4906 0.5091 -0.7072
vn -0.4970 0.5031 -0.7070
vn -0.5029 0.4971 -0.7070
vn -0.5210 0.4782 -0.7070
vn -0.5268 0.4715 -0.7073
vn -0.5325 0.4652 -0.7071
vn -0.5383 0.4585 -0.7071
vn -0.5494 0.4451 -0.7071
vn -0.5549 0.4383 -0.7071
vn -0.5601 0.4316 -0.7071
vn -0.5654 0.4246 -0.7071
vn -0.5707 0.4176 -0.7070
vn -0.5756 0.4107 -0.7071
vn -0.5807 0.4036 -0.7071
vn -0.5855 0.3966 -0.7071
vn -0.5904 0.3892 -0.7071
vn -0.5997 0.3748 -0.7070
vn -0.6042 0.3674 -0.7071
vn -0.6088 0.3597 -0.7071
vn -0.6130 0.3522 -0.7073
vn -0.6174 0.3448 -0.7070
vn -0.6214 0.3374 -0.7071
vn -0.6296 0.3217 -0.7071
vn -0.6334 0.3143 -0.7071
vn -0.6374 0.3062 -0.7071
vn -0.6409 0.2984 -0.7072
vn -0.6447 0.2905 -0.7071
vn -0.6549 0.2667 -0.7071
vn -0.6582 0.2584 -0.7071
vn -0.6642 0.2425 -0.7071
vn -0.6672 0.2340 -0.7072
vn -0.6730 0.2176 -0.7070
vn -0.6753 0.2094 -0.7072
vn -0.6779 0.2011 -0.7072
vn -0.6803 0.1927 -0.7071
vn -0.6826 0.1843 -0.7072
vn -0.6848 0.1759 -0.7071
vn -0.6870 0.1674 -0.7072
vn -0.6890 0.1590 -0.7071
vn -0.6908 0.1507 -0.7071
vn -0.6926 0.1423 -0.7072
vn -0.6944 0.1340 -0.7071
vn -0.6960 0.1253 -0.7071
vn -0.6974 0.1169 -0.7070
vn -0.7000 0.0991 -0.7072
vn -0.7013 0.0909 -0.7070
vn -0.7022 0.0824 -0.7072
vn -0.7032 0.0735 -0.7072
vn -0.7042 0.0649 -0.7071
vn -0.7048 0.0564 -0.7071
vn -0.7056 0.0478 -0.7070
vn -0.7061 0.0390 -0.7070
vn -0.7065 0.0303 -0.7071
vn -0.7068 0.0218 -0.7071
vn -0.7071 0.0044 -0.7071
vn 0.2549 0.9670 -0.0000
vn 0.3253 -0.9456 -0.0000
vn -0.7958 0.6055 -0.0000
vn 0.2311 0.9729 -0.0000
vn 0.3484 -0.9373 -0.0000
vn -0.8104 0.5858 -0.0000
vn 0.2071 0.9783 -0.0000
vn 0.3713 -0.9285 -0.0000
vn -0.8246 0.5657 -0.0000
vn 0.1830 0.9831 -0.0000
vn 0.3940 -0.9191 -0.0000
vn -0.8382 0.5454 -0.0000
vn 0.1589 0.9873 -0.0000
vn 0.4164 -0.9092 -0.0000
vn -0.8514 0.5246 -0.0000
vn 0.1346 0.9909 -0.0000
vn 0.4386 -0.8987 -0.0000
vn -0.8640 0.5035 -0.0000
vn 0.1102 0.9939 -0.0000
vn 0.4605 -0.8876 -0.0000
vn -0.8761 0.4822 -0.0000
vn 0.0858 0.9963 -0.0000
vn 0.4822 -0.8761 -0.0000
vn -0.8876 0.4606 -0.0000
vn 0.0613 0.9981 -0.0000
vn 0.5035 -0.8640 -0.0000
vn -0.8987 0.4387 -0.0000
vn 0.0368 0.9993 -0.0000
vn 0.5246 -0.8514 -0.0000
vn -0.9092 0.4164 -0.0000
vn 0.0123 0.9999 -0.0000
vn 0.5453 -0.8382 -0.0000
vn -0.9191 0.3940 -0.0000
vn 0.5657 -0.8246 -0.0000
vn -0.9285 0.3713 -0.0000
vn 0.5858 -0.8105 -0.0000
vn -0.9373 0.3484 -0.0000
vn 0.6055 -0.7958 -0.0000
vn -0.9456 0.3253 -0.0000
vn 0.6249 -0.7807 -0.0000
vn -0.9533 0.3020 -0.0000
vn 0.6438 -0.7652 -0.0000
vn -0.9604 0.2785 -0.0000
vn 0.6624 -0.7491 -0.0000
vn -0.9670 0.2548 -0.0000
vn 0.6806 -0.7327 -0.0000
vn -0.9729 0.2311 -0.0000
vn 0.6984 -0.7157 -0.0000
vn -0.9783 0.2071 -0.0000
vn 0.7157 -0.6984 -0.0000
vn -0.9831 0.1831 -0.0000
vn 0.7327 -0.6806 -0.0000
vn -0.9873 0.1589 -0.0000
vn 0.7491 -0.6624 -0.0000
vn -0.9909 0.1346 -0.0000
vn 0.7652 -0.6438 -0.0000
vn -0.9939 0.1102 -0.0000
vn 0.7807 -0.6249 -0.0000
vn -0.9963 0.0858 -0.0000
vn 0.7958 -0.6055 -0.0000
vn -0.9981 0.0614 -0.0000
vn 0.8105 -0.5858 -0.0000
vn -0.9993 0.0368 -0.0000
vn 0.8246 -0.5657 -0.0000
vn -0.9999 0.0123 -0.0000
vn 0.8382 -0.5453 -0.0000
vn -0.9999 -0.0123 -0.0000
vn 0.8514 -0.5246 -0.0000
vn -0.9993 -0.0368 -0.0000
vn 0.8640 -0.5035 -0.0000
vn -0.9981 -0.0614 -0.0000
vn 0.8761 -0.4822 -0.0000
vn -0.9963 -0.0858 -0.0000
vn 0.8876 -0.4605 -0.0000
vn -0.9939 -0.1102 -0.0000
vn 0.8987 -0.4386 -0.0000
vn -0.9909 -0.1346 -0.0000
vn 0.9092 -0.4164 -0.0000
vn -0.9873 -0.1589 -0.0000
vn 0.9191 -0.3940 -0.0000
vn -0.9831 -0.1831 -0.0000
vn 0.9285 -0.3713 -0.0000
vn -0.9783 -0.2071 -0.0000
vn 0.9373 -0.3484 -0.0000
vn -0.9729 -0.2311 -0.0000
vn 0.9456 -0.3253 -0.0000
vn -0.9670 -0.2549 -0.0000
vn 0.9533 -0.3020 -0.0000
vn -0.9604 -0.2785 -0.0000
vn 0.9604 -0.2785 -0.0000
vn -0.9533 -0.3020 -0.0000
vn 0.9670 -0.2549 -0.0000
vn -0.9456 -0.3253 -0.0000
vn 0.9729 -0.2311 -0.0000
vn -0.9373 -0.3484 -0.0000
vn 0.9783 -0.2071 -0.0000
vn -0.9285 -0.3713 -0.0000
vn 0.9831 -0.1831 -0.0000
vn -0.9191 -0.3940 -0.0000
vn 0.9873 -0.1588 -0.0000
vn -0.9092 -0.4164 -0.0000
vn 0.9909 -0.1346 -0.0000
vn -0.8987 -0.4386 -0.0000
vn 0.9939 -0.1102 -0.0000
vn -0.8876 -0.4605 -0.0000
vn 0.9963 -0.0858 -0.0000
vn -0.8761 -0.4822 -0.0000
vn 0.9981 -0.0613 -0.0000
vn -0.8640 -0.5036 -0.0000
vn 0.9993 -0.0368 -0.0000
vn -0.8514 -0.5246 -0.0000
vn 0.9999 -0.0123 -0.0000
vn -0.8382 -0.5453 -0.0000
vn 0.9999 0.0123 -0.0000
vn -0.8246 -0.5657 -0.0000
vn 0.9993 0.0368 -0.0000
vn -0.8105 -0.5858 -0.0000
vn 0.9981 0.0613 -0.0000
vn -0.7958 -0.6055 -0.0000
vn 0.9963 0.0858 -0.0000
vn -0.7807 -0.6249 -0.0000
vn 0.9939 0.1102 -0.0000
vn -0.7652 -0.6438 -0.0000
vn 0.9909 0.1346 -0.0000
vn -0.7491 -0.6624 -0.0000
vn 0.9873 0.1589 -0.0000
vn -0.7327 -0.6806 -0.0000
vn 0.9831 0.1830 -0.0000
vn -0.7157 -0.6984 -0.0000
vn 0.9783 0.2071 -0.0000
vn -0.6984 -0.7157 -0.0000
vn 0.9729 0.2311 -0.0000
vn -0.6806 -0.7327 -0.0000
vn 0.9670 0.2548 -0.0000
vn -0.6624 -0.7491 -0.0000
vn 0.9604 0.2785 -0.0000
vn -0.6438 -0.7652 -0.0000
vn 0.9533 0.3020 -0.0000
vn -0.6249 -0.7807 -0.0000
vn 0.9456 0.3253 -0.0000
vn -0.6055 -0.7958 -0.0000
vn 0.9373 0.3484 -0.0000
vn -0.5858 -0.8105 -0.0000
vn 0.9285 0.3713 -0.0000
vn -0.5657 -0.8246 -0.0000
vn 0.9191 0.3940 -0.0000
vn -0.5453 -0.8382 -0.0000
vn -0.0123 0.9999 -0.0000
vn 0.9092 0.4164 -0.0000
vn -0.5246 -0.8514 -0.0000
vn -0.0368 0.9993 -0.0000
vn 0.8987 0.4386 -0.0000
vn -0.5035 -0.8640 -0.0000
vn -0.0613 0.9981 -0.0000
vn 0.8876 0.4605 -0.0000
vn -0.4822 -0.8761 -0.0000
vn -0.0858 0.9963 -0.0000
vn 0.8761 0.4822 -0.0000
vn -0.4605 -0.8876 -0.0000
vn -0.1102 0.9939 -0.0000
vn 0.8640 0.5035 -0.0000
vn -0.4386 -0.8987 -0.0000
vn -0.1346 0.9909 -0.0000
vn 0.8514 0.5246 -0.0000
vn -0.4164 -0.9092 -0.0000
vn -0.1589 0.9873 -0.0000
vn 0.8382 0.5453 -0.0000
vn -0.3940 -0.9191 -0.0000
vn -0.1830 0.9831 -0.0000
vn 0.8246 0.5657 -0.0000
vn -0.3713 -0.9285 -0.0000
vn -0.2071 0.9783 -0.0000
vn 0.8105 0.5858 -0.0000
vn -0.3484 -0.9373 -0.0000
vn -0.2311 0.9729 -0.0000
vn 0.7958 0.6055 -0.0000
vn -0.3253 -0.9456 -0.0000
vn -0.2549 0.9670 -0.0000
vn 0.7807 0.6249 -0.0000
vn -0.3020 -0.9533 -0.0000
vn -0.2785 0.9604 -0.0000
vn 0.7652 0.6438 -0.0000
vn -0.2785 -0.9604 -0.0000
vn -0.3020 0.9533 -0.0000
vn 0.7491 0.6624 -0.0000
vn -0.2549 -0.9670 -0.0000
vn -0.3253 0.9456 -0.0000
vn 0.7327 0.6806 -0.0000
vn -0.2311 -0.9729 -0.0000
vn -0.3484 0.9373 -0.0000
vn 0.7157 0.6984 -0.0000
vn -0.2071 -0.9783 -0.0000
vn -0.3713 0.9285 -0.0000
vn 0.6984 0.7157 -0.0000
vn -0.1830 -0.9831 -0.0000
vn -0.3940 0.9191 -0.0000
vn 0.6806 0.7327 -0.0000
vn -0.1589 -0.9873 -0.0000
vn -0.4164 0.9092 -0.0000
vn 0.6624 0.7491 -0.0000
vn -0.1346 -0.9909 -0.0000
vn -0.4386 0.8987 -0.0000
vn 0.6438 0.7652 -0.0000
vn -0.1102 -0.9939 -0.0000
vn -0.4605 0.8876 -0.0000
vn 0.6249 0.7807 -0.0000
vn -0.0858 -0.9963 -0.0000
vn -0.4822 0.8761 -0.0000
vn 0.6055 0.7958 -0.0000
vn -0.0613 -0.9981 -0.0000
vn -0.5035 0.8640 -0.0000
vn 0.5858 0.8105 -0.0000
vn -0.0368 -0.9993 -0.0000
vn -0.5246 0.8514 -0.0000
vn 0.5657 0.8246 -0.0000
vn -0.0123 -0.9999 -0.0000
vn -0.5453 0.8382 -0.0000
vn 0.5453 0.8382 -0.0000
vn 0.0123 -0.9999 -0.0000
vn -0.5657 0.8246 -0.0000
vn 0.5246 0.8514 -0.0000
vn 0.0368 -0.9993 -0.0000
vn -0.5858 0.8105 -0.0000
vn 0.5035 0.8640 -0.0000
vn 0.0613 -0.9981 -0.0000
vn -0.6055 0.7958 -0.0000
vn 0.4822 0.8761 -0.0000
vn 0.0858 -0.9963 -0.0000
vn -0.6249 0.7807 -0.0000
vn 0.4605 0.8876 -0.0000
vn 0.1102 -0.9939 -0.0000
vn -0.6438 0.7652 -0.0000
vn 0.4386 0.8987 -0.0000
vn 0.1346 -0.9909 -0.0000
vn -0.6624 0.7491 -0.0000
vn 0.4164 0.9092 -0.0000
vn 0.1589 -0.9873 -0.0000
vn -0.6806 0.7327 -0.0000
vn 0.3940 0.9191 -0.0000
vn 0.1830 -0.9831 -0.0000
vn -0.6984 0.7157 -0.0000
vn 0.3713 0.9285 -0.0000
vn 0.2071 -0.9783 -0.0000
vn -0.7157 0.6984 -0.0000
vn 0.3484 0.9373 -0.0000
vn 0.2311 -0.9729 -0.0000
vn -0.7327 0.6806 -0.0000
vn 0.3253 0.9456 -0.0000
vn 0.2549 -0.9670 -0.0000
vn -0.7491 0.6624 -0.0000
vn 0.3020 0.9533 -0.0000
vn 0.2785 -0.9604 -0.0000
vn -0.7652 0.6438 -0.0000
vn 0.2785 0.9604 -0.0000
vn 0.3020 -0.9533 -0.0000
vn -0.7807 0.6249 -0.0000
vn 0.2548 0.9670 -0.0000
vn -0.8105 0.5858 -0.0000
vn -0.8382 0.5453 -0.0000
vn -0.8513 0.5246 -0.0000
vn -0.8876 0.4605 -0.0000
vn -0.8987 0.4386 -0.0000
vn -0.9670 0.2549 -0.0000
vn -0.9981 0.0613 -0.0000
vn -0.9981 -0.0613 -0.0000
vn 0.8760 -0.4822 -0.0000
vn -0.9831 -0.1830 -0.0000
vn 0.9831 -0.1830 -0.0000
vn 0.9873 -0.1589 -0.0000
vn -0.8640 -0.5035 -0.0000
vn -0.8513 -0.5246 -0.0000
vn 0.9729 0.2310 -0.0000
vn 0.9191 0.3939 -0.0000
vn 0.9091 0.4165 -0.0000
vn 0.8876 0.4606 -0.0000
vn 0.8513 0.5246 -0.0000
vn 0.8104 0.5858 -0.0000
vn -0.2548 0.9670 -0.0000
vn -0.2548 -0.9670 -0.0000
vn 0.2548 -0.9670 -0.0000
vn 0.5246 -0.8513 -0.0000
vn -0.9831 0.1830 -0.0000
vn 0.9783 -0.2072 -0.0000
vn 0.9783 0.2072 -0.0000
vn -0.5246 -0.8513 -0.0000
vn 0.7326 0.6806 -0.0000
vn -0.8640 0.5036 -0.0000
vn -0.9909 -0.1345 -0.0000
vn 0.9670 0.2549 -0.0000
vn 0.8382 0.5454 -0.0000
vn -0.7326 0.6806 -0.0000
vn -0.0000 -0.0000 1.0000
vn 0.9853 -0.0000 0.1710
vn 0.9142 -0.0000 0.4052
vn 0.8932 -0.0000 0.4496
vn 0.8701 -0.0000 0.4929
vn 0.8449 -0.0000 0.5350
vn 0.8176 -0.0000 0.5758
vn 0.7883 -0.0000 0.6152
vn 0.7572 -0.0000 0.6532
vn 0.7242 -0.0000 0.6895
vn 0.6895 -0.0000 0.7242
vn 0.6532 -0.0000 0.7572
vn 0.6152 -0.0000 0.7883
vn 0.5758 -0.0000 0.8176
vn 0.5350 -0.0000 0.8449
vn 0.4929 -0.0000 0.8701
vn 0.4496 -0.0000 0.8932
vn 0.4052 -0.0000 0.9142
vn 0.3599 -0.0000 0.9330
vn 0.3137 -0.0000 0.9495
vn 0.2667 -0.0000 0.9638
vn 0.2191 -0.0000 0.9757
vn 0.1710 -0.0000 0.9853
vn 0.1224 -0.0000 0.9925
vn 0.0736 -0.0000 0.9973
vn 0.0245 -0.0000 0.9997
vn 0.9757 -0.0000 0.2191
vn 0.9997 -0.0000 0.0245
vn 0.9973 -0.0000 0.0736
vn 0.9925 -0.0000 0.1224
vn 0.9638 -0.0000 0.2667
vn 0.9495 -0.0000 0.3137
vn 0.9330 -0.0000 0.3599
vn 0.7069 -0.7071 0.0174
vn 0.7052 -0.7071 0.0520
vn 0.7018 -0.7071 0.0866
vn 0.6899 -0.7071 0.1549
vn 0.6967 -0.7071 0.1209
vn 0.6815 -0.7071 0.1886
vn 0.6714 -0.7071 0.2218
vn 0.6464 -0.7071 0.2865
vn 0.6597 -0.7071 0.2545
vn 0.6316 -0.7071 0.3179
vn 0.6152 -0.7071 0.3485
vn 0.5781 -0.7071 0.4072
vn 0.5974 -0.7071 0.3783
vn 0.5574 -0.7071 0.4350
vn 0.5354 -0.7071 0.4619
vn 0.4876 -0.7071 0.5121
vn 0.5121 -0.7071 0.4876
vn 0.4619 -0.7071 0.5354
vn 0.4350 -0.7071 0.5574
vn 0.3783 -0.7071 0.5974
vn 0.4072 -0.7071 0.5781
vn 0.3485 -0.7071 0.6152
vn 0.3179 -0.7071 0.6316
vn 0.2545 -0.7071 0.6597
vn 0.2866 -0.7071 0.6464
vn 0.2218 -0.7071 0.6714
vn 0.1886 -0.7071 0.6815
vn 0.1209 -0.7071 0.6967
vn 0.1549 -0.7071 0.6899
vn 0.0866 -0.7071 0.7018
vn 0.0520 -0.7071 0.7052
vn 0.0174 -0.7071 0.7069
vn -0.9853 -0.0000 0.1710
vn -0.9142 -0.0000 0.4052
vn -0.8932 -0.0000 0.4496
vn -0.8701 -0.0000 0.4929
vn -0.8449 -0.0000 0.5350
vn -0.8176 -0.0000 0.5758
vn -0.7883 -0.0000 0.6152
vn -0.7572 -0.0000 0.6532
vn -0.7242 -0.0000 0.6895
vn -0.6895 -0.0000 0.7242
vn -0.6532 -0.0000 0.7572
vn -0.6152 -0.0000 0.7883
vn -0.5758 -0.0000 0.8176
vn -0.5350 -0.0000 0.8449
vn -0.4929 -0.0000 0.8701
vn -0.4496 -0.0000 0.8932
vn -0.4052 -0.0000 0.9142
vn -0.3599 -0.0000 0.9330
vn -0.3137 -0.0000 0.9495
vn -0.2667 -0.0000 0.9638
vn -0.2191 -0.0000 0.9757
vn -0.1710 -0.0000 0.9853
vn -0.1224 -0.0000 0.9925
vn -0.0736 -0.0000 0.9973
vn -0.0245 -0.0000 0.9997
vn -0.9757 -0.0000 0.2191
vn -0.9997 -0.0000 0.0245
vn -0.9973 -0.0000 0.0736
vn -0.9925 -0.0000 0.1224
vn -0.9638 -0.0000 0.2667
vn -0.9495 -0.0000 0.3137
vn -0.9330 -0.0000 0.3599
vn -0.7069 -0.7071 0.0174
vn -0.7052 -0.7071 0.0520
vn -0.7018 -0.7071 0.0866
vn -0.6899 -0.7071 0.1549
vn -0.6967 -0.7071 0.1209
vn -0.6815 -0.7071 0.1886
vn -0.6714 -0.7071 0.2218
vn -0.6464 -0.7071 0.2866
vn -0.6597 -0.7071 0.2545
vn -0.6316 -0.7071 0.3179
vn -0.6152 -0.7071 0.3485
vn -0.5781 -0.7071 0.4072
vn -0.5974 -0.7071 0.3783
vn -0.5574 -0.7071 0.4350
vn -0.5354 -0.7071 0.4619
vn -0.4876 -0.7071 0.5121
vn -0.5121 -0.7071 0.4876
vn -0.4619 -0.7071 0.5354
vn -0.4350 -0.7071 0.5574
vn -0.3783 -0.7071 0.5974
vn -0.4072 -0.7071 0.5781
vn -0.3485 -0.7071 0.6152
vn -0.3179 -0.7071 0.6316
vn -0.2545 -0.7071 0.6597
vn -0.2866 -0.7071 0.6464
vn -0.2218 -0.7071 0.6714
vn -0.1886 -0.7071 0.6815
vn -0.1209 -0.7071 0.6967
vn -0.1549 -0.7071 0.6899
vn -0.0866 -0.7071 0.7018
vn -0.0520 -0.7071 0.7052
vn -0.0174 -0.7071 0.7069
vn -0.6464 -0.7071 0.2865
vn 0.6464 -0.7071 0.2866
vn 0.2865 -0.7071 0.6464
vn -0.2865 -0.7071 0.6464
vn 0.4876 0.8731 -0.0000
vn -0.5401 0.8416 -0.0000
vn -0.5089 0.8608 -0.0000
vn -0.4550 0.8905 -0.0000
vn -0.4330 0.9014 -0.0000
vn -0.3997 0.9166 -0.0000
vn -0.3771 0.9262 -0.0000
vn -0.3655 0.9308 -0.0000
vn -0.3427 0.9395 -0.0000
vn -0.3312 0.9436 -0.0000
vn -0.2727 0.9621 -0.0000
vn -0.2132 0.9770 -0.0000
vn -0.1406 0.9901 -0.0000
vn -0.1164 0.9932 -0.0000
vn -0.0918 0.9958 -0.0000
vn -0.2726 -0.9621 -0.0000
vn -0.3657 -0.9307 -0.0000
vn -0.3769 -0.9262 -0.0000
vn -0.4221 -0.9066 -0.0000
vn -0.4331 -0.9014 -0.0000
vn -0.4551 -0.8904 -0.0000
vn -0.4769 -0.8790 -0.0000
vn -0.4983 -0.8670 -0.0000
vn -0.5088 -0.8609 -0.0000
vn -0.5707 -0.8211 -0.0000
vn -0.5809 -0.8140 -0.0000
vn -0.6005 -0.7996 -0.0000
vn -0.6850 -0.7285 -0.0000
vn -0.6939 -0.7201 -0.0000
vn -0.7115 -0.7027 -0.0000
vn -0.7284 -0.6851 -0.0000
vn -0.7451 -0.6669 -0.0000
vn -0.7531 -0.6579 -0.0000
vn -0.7613 -0.6484 -0.0000
vn -0.7692 -0.6390 -0.0000
vn -0.7922 -0.6102 -0.0000
vn -0.7996 -0.6006 -0.0000
vn -0.8904 -0.4551 -0.0000
vn -0.8959 -0.4442 -0.0000
vn -0.9013 -0.4332 -0.0000
vn -0.9351 -0.3543 -0.0000
vn -0.9437 -0.3309 -0.0000
vn -0.9476 -0.3194 -0.0000
vn -0.9515 -0.3078 -0.0000
vn -0.9586 -0.2846 -0.0000
vn -0.9654 -0.2606 -0.0000
vn -0.9685 -0.2491 -0.0000
vn -0.9715 -0.2372 -0.0000
vn -0.9770 -0.2133 -0.0000
vn -0.9796 -0.2009 -0.0000
vn -0.9820 -0.1890 -0.0000
vn -0.9842 -0.1771 -0.0000
vn -0.9900 -0.1409 -0.0000
vn -0.9968 -0.0796 -0.0000
vn -0.9977 -0.0676 -0.0000
vn -0.9991 -0.0428 -0.0000
vn -0.9998 -0.0186 -0.0000
vn -1.0000 -0.0061 -0.0000
vn 1.0000 -0.0063 -0.0000
vn 0.9998 -0.0181 -0.0000
vn 0.9991 -0.0430 -0.0000
vn 0.9901 -0.1404 -0.0000
vn 0.9842 -0.1769 -0.0000
vn 0.9819 -0.1892 -0.0000
vn 0.9795 -0.2014 -0.0000
vn 0.9744 -0.2248 -0.0000
vn 0.9588 -0.2842 -0.0000
vn 0.9476 -0.3196 -0.0000
vn 0.9435 -0.3313 -0.0000
vn 0.9352 -0.3541 -0.0000
vn 0.9307 -0.3657 -0.0000
vn 0.9065 -0.4222 -0.0000
vn 0.9014 -0.4329 -0.0000
vn 0.8960 -0.4441 -0.0000
vn 0.8905 -0.4550 -0.0000
vn 0.8545 -0.5195 -0.0000
vn 0.8212 -0.5706 -0.0000
vn 0.8141 -0.5808 -0.0000
vn 0.7995 -0.6007 -0.0000
vn 0.7920 -0.6105 -0.0000
vn 0.7768 -0.6297 -0.0000
vn 0.7691 -0.6392 -0.0000
vn 0.7611 -0.6486 -0.0000
vn 0.7366 -0.6763 -0.0000
vn 0.7201 -0.6938 -0.0000
vn 0.7113 -0.7029 -0.0000
vn 0.6851 -0.7284 -0.0000
vn 0.6762 -0.7367 -0.0000
vn 0.6579 -0.7531 -0.0000
vn 0.6486 -0.7611 -0.0000
vn 0.8904 0.4551 -0.0000
vn 0.6006 -0.7995 -0.0000
vn 0.5807 -0.8141 -0.0000
vn 0.5707 -0.8212 -0.0000
vn 0.5401 -0.8416 -0.0000
vn 0.5089 -0.8608 -0.0000
vn 0.8139 0.5809 -0.0000
vn 0.7996 0.6006 -0.0000
vn 0.7921 0.6104 -0.0000
vn 0.7847 0.6199 -0.0000
vn 0.4550 -0.8905 -0.0000
vn 0.7692 0.6390 -0.0000
vn 0.4330 -0.9014 -0.0000
vn 0.7613 0.6484 -0.0000
vn 0.7531 0.6579 -0.0000
vn 0.7451 0.6669 -0.0000
vn 0.3997 -0.9166 -0.0000
vn 0.7284 0.6851 -0.0000
vn 0.3771 -0.9262 -0.0000
vn 0.3655 -0.9308 -0.0000
vn 0.7115 0.7027 -0.0000
vn 0.3427 -0.9395 -0.0000
vn 0.6939 0.7201 -0.0000
vn 0.3312 -0.9436 -0.0000
vn 0.6850 0.7285 -0.0000
vn 0.2727 -0.9621 -0.0000
vn 0.6103 0.7922 -0.0000
vn 0.6005 0.7996 -0.0000
vn 0.2132 -0.9770 -0.0000
vn 0.5809 0.8140 -0.0000
vn 0.1406 -0.9901 -0.0000
vn 0.1164 -0.9932 -0.0000
vn 0.5088 0.8609 -0.0000
vn 0.4983 0.8670 -0.0000
vn 0.0918 -0.9958 -0.0000
vn 0.4769 0.8790 -0.0000
vn 0.4551 0.8904 -0.0000
vn 0.4331 0.9014 -0.0000
vn 0.4221 0.9066 -0.0000
vn 1.0000 0.0061 -0.0000
vn 0.9998 0.0186 -0.0000
vn 0.9991 0.0428 -0.0000
vn 0.9977 0.0676 -0.0000
vn 0.9968 0.0796 -0.0000
vn 0.9900 0.1409 -0.0000
vn 0.2726 0.9621 -0.0000
vn 0.9842 0.1771 -0.0000
vn 0.9820 0.1888 -0.0000
vn 0.9796 0.2009 -0.0000
vn 0.9770 0.2133 -0.0000
vn 0.9715 0.2372 -0.0000
vn 0.9685 0.2491 -0.0000
vn 0.9654 0.2606 -0.0000
vn 0.9586 0.2846 -0.0000
vn 0.9515 0.3078 -0.0000
vn 0.9476 0.3194 -0.0000
vn -1.0000 0.0063 -0.0000
vn 0.9437 0.3309 -0.0000
vn -0.9998 0.0181 -0.0000
vn 0.9351 0.3543 -0.0000
vn -0.9991 0.0430 -0.0000
vn 0.9308 0.3655 -0.0000
vn 0.9013 0.4332 -0.0000
vn 0.8959 0.4442 -0.0000
vn -0.9901 0.1404 -0.0000
vn -0.9842 0.1769 -0.0000
vn -0.9819 0.1892 -0.0000
vn -0.9795 0.2014 -0.0000
vn -0.9744 0.2248 -0.0000
vn -0.9588 0.2842 -0.0000
vn -0.9476 0.3196 -0.0000
vn -0.9435 0.3313 -0.0000
vn -0.9352 0.3541 -0.0000
vn -0.9307 0.3657 -0.0000
vn -0.9065 0.4222 -0.0000
vn -0.9014 0.4329 -0.0000
vn -0.8960 0.4441 -0.0000
vn -0.8905 0.4550 -0.0000
vn -0.8545 0.5195 -0.0000
vn -0.8212 0.5706 -0.0000
vn -0.8141 0.5808 -0.0000
vn -0.7995 0.6007 -0.0000
vn -0.7920 0.6105 -0.0000
vn -0.7768 0.6297 -0.0000
vn -0.7691 0.6392 -0.0000
vn -0.7611 0.6486 -0.0000
vn -0.7366 0.6763 -0.0000
vn -0.7201 0.6938 -0.0000
vn -0.7113 0.7029 -0.0000
vn -0.6851 0.7284 -0.0000
vn -0.6762 0.7367 -0.0000
vn -0.6579 0.7531 -0.0000
vn -0.6486 0.7611 -0.0000
vn -0.6006 0.7995 -0.0000
vn -0.5807 0.8141 -0.0000
vn -0.5707 0.8212 -0.0000
vn 0.0217 0.7068 -0.7071
vn 0.0303 0.7064 -0.7072
vn 0.0477 0.7055 -0.7071
vn 0.0909 0.7013 -0.7071
vn 0.1166 0.6974 -0.7071
vn 0.1337 0.6943 -0.7071
vn 0.1422 0.6926 -0.7072
vn 0.1591 0.6889 -0.7072
vn 0.1676 0.6870 -0.7071
vn 0.2259 0.6701 -0.7071
vn 0.2341 0.6673 -0.7071
vn 0.2505 0.6613 -0.7071
vn 0.2826 0.6481 -0.7071
vn 0.2905 0.6448 -0.7071
vn 0.3062 0.6373 -0.7071
vn 0.3141 0.6335 -0.7071
vn 0.3295 0.6257 -0.7071
vn 0.3598 0.6086 -0.7072
vn 0.3820 0.5951 -0.7071
vn 0.3892 0.5903 -0.7071
vn 0.3965 0.5856 -0.7071
vn 0.4178 0.5705 -0.7071
vn 0.4247 0.5653 -0.7071
vn 0.4452 0.5493 -0.7071
vn 0.4519 0.5438 -0.7071
vn 0.4585 0.5383 -0.7071
vn 0.4716 0.5268 -0.7071
vn 0.4906 0.5092 -0.7071
vn 0.4969 0.5031 -0.7071
vn 0.5030 0.4970 -0.7071
vn 0.5091 0.4907 -0.7071
vn 0.5209 0.4781 -0.7071
vn 0.5269 0.4716 -0.7071
vn 0.5326 0.4651 -0.7072
vn 0.5439 0.4519 -0.7071
vn 0.5548 0.4384 -0.7071
vn 0.5601 0.4317 -0.7071
vn 0.5653 0.4247 -0.7071
vn 0.5705 0.4178 -0.7071
vn 0.5755 0.4107 -0.7071
vn 0.5806 0.4036 -0.7071
vn 0.5855 0.3965 -0.7071
vn 0.5951 0.3820 -0.7071
vn 0.5997 0.3745 -0.7072
vn 0.6043 0.3672 -0.7071
vn 0.6087 0.3599 -0.7071
vn 0.6130 0.3523 -0.7072
vn 0.6215 0.3372 -0.7071
vn 0.6257 0.3295 -0.7071
vn 0.6296 0.3218 -0.7071
vn 0.6336 0.3141 -0.7070
vn 0.6374 0.3063 -0.7071
vn 0.6410 0.2984 -0.7071
vn 0.6447 0.2906 -0.7071
vn 0.6516 0.2745 -0.7071
vn 0.6582 0.2585 -0.7071
vn 0.6613 0.2505 -0.7071
vn 0.6701 0.2259 -0.7071
vn 0.6728 0.2177 -0.7071
vn 0.6779 0.2012 -0.7071
vn 0.6803 0.1928 -0.7071
vn 0.6826 0.1844 -0.7071
vn 0.6870 0.1677 -0.7070
vn 0.6909 0.1507 -0.7071
vn 0.6926 0.1422 -0.7071
vn 0.6943 0.1336 -0.7071
vn 0.6959 0.1250 -0.7072
vn 0.6974 0.1166 -0.7071
vn 0.6988 0.1080 -0.7071
vn 0.7001 0.0994 -0.7071
vn 0.7013 0.0908 -0.7071
vn 0.7023 0.0822 -0.7071
vn 0.7041 0.0649 -0.7071
vn 0.7055 0.0477 -0.7071
vn 0.7065 0.0304 -0.7071
vn 0.7067 0.0217 -0.7072
vn 0.7070 0.0130 -0.7071
vn 0.0043 -0.7071 -0.7071
vn 0.0217 -0.7069 -0.7070
vn 0.0304 -0.7065 -0.7071
vn 0.0823 -0.7023 -0.7071
vn 0.1166 -0.6975 -0.7071
vn 0.1252 -0.6960 -0.7070
vn 0.1422 -0.6927 -0.7071
vn 0.1591 -0.6889 -0.7071
vn 0.2259 -0.6700 -0.7071
vn 0.2825 -0.6482 -0.7071
vn 0.2905 -0.6447 -0.7071
vn 0.3062 -0.6374 -0.7071
vn 0.3141 -0.6335 -0.7072
vn 0.3218 -0.6296 -0.7071
vn 0.3447 -0.6174 -0.7071
vn 0.3598 -0.6087 -0.7071
vn 0.3673 -0.6043 -0.7071
vn 0.3820 -0.5950 -0.7071
vn 0.3965 -0.5855 -0.7071
vn 0.4177 -0.5705 -0.7071
vn 0.4247 -0.5654 -0.7071
vn 0.4453 -0.5493 -0.7071
vn 0.4520 -0.5438 -0.7071
vn 0.4586 -0.5383 -0.7071
vn 0.4652 -0.5326 -0.7071
vn 0.4716 -0.5268 -0.7071
vn 0.4907 -0.5091 -0.7071
vn 0.4969 -0.5030 -0.7071
vn 0.5030 -0.4969 -0.7071
vn 0.5092 -0.4907 -0.7071
vn 0.5210 -0.4781 -0.7071
vn 0.5268 -0.4717 -0.7071
vn 0.5326 -0.4652 -0.7071
vn 0.5438 -0.4519 -0.7071
vn 0.5493 -0.4452 -0.7071
vn 0.5548 -0.4383 -0.7072
vn 0.5706 -0.4177 -0.7071
vn 0.5806 -0.4034 -0.7072
vn 0.5855 -0.3964 -0.7072
vn 0.5952 -0.3820 -0.7070
vn 0.5998 -0.3746 -0.7071
vn 0.6042 -0.3673 -0.7071
vn 0.6131 -0.3523 -0.7071
vn 0.6216 -0.3371 -0.7071
vn 0.6257 -0.3295 -0.7071
vn 0.6296 -0.3218 -0.7071
vn 0.6335 -0.3141 -0.7071
vn 0.6373 -0.3062 -0.7071
vn 0.6411 -0.2984 -0.7071
vn 0.6446 -0.2904 -0.7072
vn 0.6482 -0.2827 -0.7070
vn 0.6516 -0.2746 -0.7072
vn 0.6581 -0.2587 -0.7071
vn 0.6613 -0.2504 -0.7071
vn 0.6700 -0.2260 -0.7071
vn 0.6727 -0.2177 -0.7071
vn 0.6779 -0.2010 -0.7071
vn 0.6803 -0.1929 -0.7071
vn 0.6827 -0.1842 -0.7071
vn 0.6848 -0.1760 -0.7071
vn 0.6870 -0.1676 -0.7071
vn 0.6909 -0.1507 -0.7071
vn 0.6927 -0.1423 -0.7070
vn 0.6944 -0.1338 -0.7071
vn 0.6959 -0.1252 -0.7071
vn 0.6974 -0.1166 -0.7071
vn 0.6988 -0.1081 -0.7071
vn 0.7001 -0.0995 -0.7071
vn 0.7012 -0.0909 -0.7071
vn 0.7023 -0.0823 -0.7071
vn 0.7041 -0.0651 -0.7071
vn 0.7048 -0.0564 -0.7072
vn 0.7061 -0.0390 -0.7071
vn 0.7065 -0.0303 -0.7070
vn 0.7068 -0.0217 -0.7071
vn 0.7070 -0.0129 -0.7071
vn -0.7070 -0.0130 -0.7071
vn -0.7067 -0.0217 -0.7072
vn -0.7065 -0.0304 -0.7071
vn -0.7055 -0.0477 -0.7071
vn -0.7041 -0.0649 -0.7071
vn -0.7023 -0.0822 -0.7071
vn -0.7013 -0.0908 -0.7071
vn -0.7001 -0.0994 -0.7071
vn -0.6988 -0.1080 -0.7071
vn -0.6974 -0.1166 -0.7071
vn -0.6959 -0.1250 -0.7072
vn -0.6943 -0.1336 -0.7071
vn -0.6926 -0.1422 -0.7071
vn -0.6870 -0.1677 -0.7070
vn -0.6826 -0.1844 -0.7071
vn -0.6803 -0.1928 -0.7071
vn -0.6779 -0.2012 -0.7071
vn -0.6728 -0.2177 -0.7071
vn -0.6700 -0.2259 -0.7071
vn -0.6673 -0.2341 -0.7071
vn -0.6613 -0.2505 -0.7071
vn -0.6582 -0.2585 -0.7071
vn -0.6516 -0.2745 -0.7071
vn -0.6447 -0.2906 -0.7071
vn -0.6410 -0.2984 -0.7071
vn -0.6374 -0.3063 -0.7071
vn -0.6336 -0.3141 -0.7070
vn -0.6296 -0.3218 -0.7071
vn -0.6257 -0.3295 -0.7071
vn -0.6215 -0.3372 -0.7071
vn -0.6130 -0.3523 -0.7072
vn -0.6087 -0.3599 -0.7071
vn -0.6043 -0.3672 -0.7071
vn -0.5997 -0.3745 -0.7072
vn -0.5951 -0.3820 -0.7071
vn -0.5855 -0.3965 -0.7071
vn -0.5806 -0.4037 -0.7071
vn -0.5756 -0.4107 -0.7071
vn -0.5705 -0.4178 -0.7071
vn -0.5653 -0.4247 -0.7071
vn -0.5601 -0.4316 -0.7071
vn -0.5548 -0.4384 -0.7071
vn -0.5493 -0.4453 -0.7071
vn -0.5439 -0.4519 -0.7071
vn -0.5326 -0.4651 -0.7072
vn -0.5269 -0.4716 -0.7071
vn -0.5209 -0.4781 -0.7071
vn -0.5091 -0.4907 -0.7071
vn -0.5030 -0.4970 -0.7071
vn -0.4969 -0.5031 -0.7071
vn -0.4906 -0.5092 -0.7071
vn -0.4716 -0.5268 -0.7071
vn -0.4585 -0.5383 -0.7071
vn -0.4519 -0.5438 -0.7071
vn -0.4452 -0.5493 -0.7071
vn -0.4384 -0.5549 -0.7071
vn -0.4247 -0.5653 -0.7071
vn -0.4178 -0.5705 -0.7071
vn -0.3965 -0.5856 -0.7071
vn -0.3892 -0.5903 -0.7071
vn -0.3820 -0.5951 -0.7071
vn -0.3598 -0.6086 -0.7072
vn -0.3295 -0.6257 -0.7071
vn -0.3141 -0.6335 -0.7071
vn -0.3062 -0.6373 -0.7071
vn -0.2905 -0.6448 -0.7071
vn -0.2826 -0.6481 -0.7071
vn -0.2585 -0.6581 -0.7071
vn -0.2505 -0.6613 -0.7071
vn -0.2259 -0.6701 -0.7071
vn -0.1676 -0.6870 -0.7071
vn -0.1591 -0.6889 -0.7072
vn -0.1423 -0.6926 -0.7072
vn -0.1337 -0.6943 -0.7071
vn -0.1166 -0.6974 -0.7071
vn -0.0909 -0.7013 -0.7071
vn -0.0477 -0.7055 -0.7071
vn -0.0303 -0.7064 -0.7072
vn -0.0217 -0.7068 -0.7071
vn -0.0043 0.7071 -0.7071
vn -0.0217 0.7069 -0.7070
vn -0.0304 0.7065 -0.7071
vn -0.0823 0.7023 -0.7071
vn -0.1166 0.6975 -0.7071
vn -0.1252 0.6960 -0.7070
vn -0.1422 0.6927 -0.7071
vn -0.1591 0.6889 -0.7071
vn -0.2259 0.6700 -0.7071
vn -0.2825 0.6482 -0.7071
vn -0.2905 0.6447 -0.7071
vn -0.3062 0.6374 -0.7071
vn -0.3141 0.6335 -0.7072
vn -0.3218 0.6296 -0.7071
vn -0.3447 0.6174 -0.7071
vn -0.3598 0.6087 -0.7071
vn -0.3673 0.6043 -0.7071
vn -0.3820 0.5950 -0.7071
vn -0.3965 0.5855 -0.7071
vn -0.4177 0.5705 -0.7071
vn -0.4247 0.5654 -0.7071
vn -0.4453 0.5493 -0.7071
vn -0.4520 0.5438 -0.7071
vn -0.4586 0.5383 -0.7071
vn -0.4652 0.5326 -0.7071
vn -0.4716 0.5268 -0.7071
vn -0.4907 0.5091 -0.7071
vn -0.4969 0.5030 -0.7071
vn -0.5030 0.4969 -0.7071
vn -0.5092 0.4907 -0.7071
vn -0.5210 0.4781 -0.7071
vn -0.5268 0.4717 -0.7071
vn -0.5326 0.4652 -0.7071
vn -0.5438 0.4519 -0.7071
vn -0.5493 0.4452 -0.7071
vn -0.5548 0.4383 -0.7072
vn -0.5706 0.4177 -0.7071
vn -0.5806 0.4034 -0.7072
vn -0.5855 0.3964 -0.7072
vn -0.5952 0.3820 -0.7070
vn -0.5998 0.3746 -0.7071
vn -0.6042 0.3673 -0.7071
vn -0.6131 0.3523 -0.7071
vn -0.6216 0.3371 -0.7071
vn -0.6257 0.3295 -0.7071
vn -0.6296 0.3218 -0.7071
vn -0.6335 0.3141 -0.7071
vn -0.6373 0.3062 -0.7071
vn -0.6411 0.2984 -0.7071
vn -0.6446 0.2904 -0.7072
vn -0.6482 0.2827 -0.7070
vn -0.6516 0.2746 -0.7072
vn -0.6581 0.2587 -0.7071
vn -0.6613 0.2504 -0.7071
vn -0.6700 0.2260 -0.7071
vn -0.6727 0.2177 -0.7071
vn -0.6779 0.2010 -0.7071
vn -0.6803 0.1929 -0.7071
vn -0.6827 0.1842 -0.7071
vn -0.6848 0.1760 -0.7071
vn -0.6870 0.1676 -0.7071
vn -0.6909 0.1507 -0.7071
vn -0.6927 0.1423 -0.7070
vn -0.6944 0.1338 -0.7071
vn -0.6959 0.1252 -0.7071
vn -0.6974 0.1166 -0.7071
vn -0.6988 0.1081 -0.7071
vn -0.7001 0.0995 -0.7071
vn -0.7012 0.0909 -0.7071
vn -0.7023 0.0823 -0.7071
vn -0.7041 0.0651 -0.7071
vn -0.7048 0.0564 -0.7072
vn -0.7061 0.0390 -0.7071
vn -0.7065 0.0303 -0.7070
vn -0.7068 0.0217 -0.7071
vn -0.7070 0.0129 -0.7071
vn 0.9968 -0.0797 -0.0000
vn 0.9977 -0.0675 -0.0000
vn -0.7921 0.6103 -0.0000
vn 0.5402 0.8416 -0.0000
vn -0.7995 0.6006 -0.0000
vn 0.5504 0.8349 -0.0000
vn 1.0000 -0.0062 -0.0000
vn 0.5707 0.8211 -0.0000
vn 0.5808 0.8141 -0.0000
vn -0.8348 0.5505 -0.0000
vn 0.6006 0.7996 -0.0000
vn -0.8482 0.5297 -0.0000
vn 0.6297 0.7769 -0.0000
vn -0.9958 -0.0919 -0.0000
vn -0.8731 0.4876 -0.0000
vn -0.9946 -0.1042 -0.0000
vn -0.9932 -0.1164 -0.0000
vn -0.8848 0.4659 -0.0000
vn -0.9013 0.4331 -0.0000
vn -0.9743 -0.2250 -0.0000
vn -0.9395 0.3426 -0.0000
vn -0.9436 0.3311 -0.0000
vn 0.7769 0.6297 -0.0000
vn -0.9552 -0.2961 -0.0000
vn -0.9551 0.2962 -0.0000
vn -0.9436 -0.3312 -0.0000
vn -0.9654 0.2607 -0.0000
vn -0.9685 0.2490 -0.0000
vn -0.9715 0.2371 -0.0000
vn 0.8349 0.5504 -0.0000
vn 0.8481 0.5298 -0.0000
vn -0.9167 -0.3996 -0.0000
vn 0.8545 0.5194 -0.0000
vn -0.9117 -0.4109 -0.0000
vn 0.8608 0.5089 -0.0000
vn -0.9863 0.1650 -0.0000
vn -0.9014 -0.4330 -0.0000
vn 0.9014 0.4330 -0.0000
vn -0.9968 0.0797 -0.0000
vn -0.8608 -0.5089 -0.0000
vn 0.9117 0.4109 -0.0000
vn -0.9977 0.0675 -0.0000
vn -0.8545 -0.5194 -0.0000
vn 0.9167 0.3996 -0.0000
vn -0.8481 -0.5298 -0.0000
vn -0.8349 -0.5504 -0.0000
vn -1.0000 0.0062 -0.0000
vn 0.9436 0.3312 -0.0000
vn -0.7921 -0.6104 -0.0000
vn 0.9552 0.2961 -0.0000
vn -0.7769 -0.6297 -0.0000
vn 0.9743 0.2250 -0.0000
vn 0.9932 0.1164 -0.0000
vn 0.9946 0.1042 -0.0000
vn 0.9958 0.0919 -0.0000
vn -0.6297 -0.7769 -0.0000
vn -0.6006 -0.7996 -0.0000
vn -0.5808 -0.8141 -0.0000
vn -0.5504 -0.8349 -0.0000
vn -0.5402 -0.8416 -0.0000
vn -0.4876 -0.8731 -0.0000
vn -0.4441 -0.8960 -0.0000
vn 0.2370 -0.9715 -0.0000
vn -0.2961 -0.9552 -0.0000
vn 0.3079 -0.9514 -0.0000
vn 0.4109 -0.9117 -0.0000
vn 0.4331 -0.9013 -0.0000
vn 0.4442 -0.8960 -0.0000
vn 0.4551 -0.8905 -0.0000
vn 0.4659 -0.8848 -0.0000
vn 0.4982 -0.8670 -0.0000
vn 0.5298 -0.8482 -0.0000
vn 0.5808 -0.8140 -0.0000
vn 0.5908 -0.8069 -0.0000
vn 0.6296 -0.7769 -0.0000
vn 0.7285 -0.6851 -0.0000
vn 0.7451 -0.6670 -0.0000
vn -0.2370 0.9715 -0.0000
vn 0.7921 -0.6103 -0.0000
vn -0.3079 0.9514 -0.0000
vn 0.7995 -0.6006 -0.0000
vn 0.8348 -0.5505 -0.0000
vn 0.8482 -0.5297 -0.0000
vn -0.4109 0.9117 -0.0000
vn -0.4331 0.9013 -0.0000
vn 0.8731 -0.4876 -0.0000
vn -0.4442 0.8960 -0.0000
vn -0.4551 0.8905 -0.0000
vn 0.8848 -0.4659 -0.0000
vn -0.4659 0.8848 -0.0000
vn 0.9013 -0.4331 -0.0000
vn -0.4982 0.8670 -0.0000
vn -0.5298 0.8482 -0.0000
vn 0.9395 -0.3426 -0.0000
vn -0.5808 0.8140 -0.0000
vn 0.9436 -0.3311 -0.0000
vn -0.5908 0.8069 -0.0000
vn 0.2961 0.9552 -0.0000
vn 0.9551 -0.2962 -0.0000
vn -0.6296 0.7769 -0.0000
vn 0.9654 -0.2607 -0.0000
vn 0.9685 -0.2490 -0.0000
vn 0.9715 -0.2371 -0.0000
vn 0.9863 -0.1650 -0.0000
vn 0.4441 0.8960 -0.0000
vn -0.7285 0.6851 -0.0000
vn -0.7451 0.6670 -0.0000
vn 0.0129 0.7070 -0.7071
vn 0.0303 0.7066 -0.7069
vn 0.0391 0.7061 -0.7071
vn 0.0477 0.7056 -0.7070
vn 0.0823 0.7022 -0.7072
vn 0.0908 0.7014 -0.7070
vn 0.1251 0.6960 -0.7070
vn 0.1421 0.6927 -0.7071
vn 0.1591 0.6891 -0.7070
vn 0.2095 0.6753 -0.7072
vn 0.2259 0.6699 -0.7073
vn 0.2585 0.6581 -0.7072
vn 0.2666 0.6550 -0.7070
vn 0.2904 0.6448 -0.7071
vn 0.2984 0.6410 -0.7071
vn 0.3062 0.6373 -0.7072
vn 0.3218 0.6295 -0.7072
vn 0.3372 0.6215 -0.7072
vn 0.3447 0.6175 -0.7070
vn 0.3597 0.6087 -0.7071
vn 0.3673 0.6042 -0.7072
vn 0.3746 0.5999 -0.7070
vn 0.3819 0.5951 -0.7071
vn 0.4036 0.5806 -0.7072
vn 0.4108 0.5755 -0.7072
vn 0.4177 0.5704 -0.7072
vn 0.4247 0.5656 -0.7069
vn 0.4316 0.5602 -0.7071
vn 0.4452 0.5493 -0.7072
vn 0.4586 0.5383 -0.7070
vn 0.4651 0.5325 -0.7072
vn 0.4781 0.5211 -0.7070
vn 0.4906 0.5091 -0.7072
vn 0.4970 0.5031 -0.7070
vn 0.5029 0.4971 -0.7070
vn 0.5210 0.4782 -0.7070
vn 0.5325 0.4652 -0.7071
vn 0.5494 0.4451 -0.7071
vn 0.5549 0.4383 -0.7071
vn 0.5706 0.4176 -0.7072
vn 0.5807 0.4036 -0.7071
vn 0.5855 0.3966 -0.7071
vn 0.5904 0.3892 -0.7071
vn 0.5951 0.3819 -0.7071
vn 0.5997 0.3748 -0.7070
vn 0.6130 0.3522 -0.7073
vn 0.6174 0.3448 -0.7070
vn 0.6214 0.3374 -0.7071
vn 0.6296 0.3217 -0.7071
vn 0.6334 0.3143 -0.7071
vn 0.6374 0.3062 -0.7071
vn 0.6409 0.2984 -0.7072
vn 0.6447 0.2905 -0.7071
vn 0.6549 0.2667 -0.7071
vn 0.6582 0.2584 -0.7071
vn 0.6642 0.2425 -0.7071
vn 0.6672 0.2340 -0.7072
vn 0.6753 0.2094 -0.7072
vn 0.6778 0.2011 -0.7072
vn 0.6804 0.1928 -0.7070
vn 0.6826 0.1843 -0.7072
vn 0.6848 0.1759 -0.7071
vn 0.6870 0.1674 -0.7072
vn 0.6890 0.1590 -0.7071
vn 0.6926 0.1423 -0.7072
vn 0.6944 0.1340 -0.7071
vn 0.6960 0.1253 -0.7071
vn 0.6974 0.1169 -0.7070
vn 0.7000 0.0991 -0.7072
vn 0.7013 0.0909 -0.7070
vn 0.7022 0.0824 -0.7072
vn 0.7032 0.0737 -0.7071
vn 0.7042 0.0649 -0.7071
vn 0.7048 0.0564 -0.7071
vn 0.7056 0.0478 -0.7070
vn 0.7061 0.0390 -0.7070
vn 0.7065 0.0303 -0.7071
vn 0.7068 0.0218 -0.7071
vn 0.7071 0.0044 -0.7071
vn 0.0303 -0.7064 -0.7071
vn 0.0391 -0.7059 -0.7072
vn 0.0477 -0.7054 -0.7072
vn 0.0823 -0.7024 -0.7071
vn 0.0909 -0.7012 -0.7072
vn 0.1167 -0.6974 -0.7072
vn 0.1338 -0.6944 -0.7071
vn 0.1422 -0.6926 -0.7071
vn 0.1677 -0.6869 -0.7072
vn 0.1843 -0.6826 -0.7071
vn 0.2011 -0.6780 -0.7070
vn 0.2094 -0.6755 -0.7070
vn 0.2259 -0.6701 -0.7070
vn 0.2343 -0.6672 -0.7071
vn 0.2585 -0.6581 -0.7071
vn 0.2826 -0.6481 -0.7072
vn 0.2985 -0.6411 -0.7070
vn 0.3140 -0.6335 -0.7071
vn 0.3218 -0.6297 -0.7071
vn 0.3523 -0.6133 -0.7069
vn 0.3746 -0.5997 -0.7072
vn 0.3892 -0.5903 -0.7072
vn 0.3964 -0.5853 -0.7073
vn 0.4036 -0.5807 -0.7071
vn 0.4177 -0.5706 -0.7071
vn 0.4247 -0.5653 -0.7072
vn 0.4317 -0.5600 -0.7072
vn 0.4385 -0.5548 -0.7071
vn 0.4518 -0.5438 -0.7072
vn 0.4781 -0.5208 -0.7072
vn 0.4907 -0.5091 -0.7072
vn 0.4971 -0.5028 -0.7072
vn 0.5031 -0.4969 -0.7071
vn 0.5092 -0.4909 -0.7070
vn 0.5151 -0.4842 -0.7072
vn 0.5210 -0.4780 -0.7071
vn 0.5326 -0.4653 -0.7070
vn 0.5438 -0.4521 -0.7071
vn 0.5547 -0.4385 -0.7071
vn 0.5600 -0.4318 -0.7071
vn 0.5652 -0.4248 -0.7072
vn 0.5705 -0.4177 -0.7071
vn 0.5755 -0.4105 -0.7073
vn 0.5806 -0.4037 -0.7071
vn 0.5855 -0.3964 -0.7071
vn 0.5951 -0.3818 -0.7072
vn 0.5997 -0.3744 -0.7073
vn 0.6175 -0.3444 -0.7072
vn 0.6216 -0.3372 -0.7071
vn 0.6256 -0.3294 -0.7072
vn 0.6297 -0.3218 -0.7070
vn 0.6335 -0.3140 -0.7071
vn 0.6375 -0.3062 -0.7070
vn 0.6446 -0.2906 -0.7071
vn 0.6517 -0.2746 -0.7070
vn 0.6549 -0.2666 -0.7072
vn 0.6581 -0.2585 -0.7072
vn 0.6614 -0.2501 -0.7071
vn 0.6672 -0.2343 -0.7071
vn 0.6700 -0.2259 -0.7071
vn 0.6754 -0.2095 -0.7071
vn 0.6778 -0.2011 -0.7072
vn 0.6804 -0.1928 -0.7070
vn 0.6826 -0.1845 -0.7071
vn 0.6869 -0.1677 -0.7071
vn 0.6889 -0.1592 -0.7072
vn 0.6909 -0.1507 -0.7070
vn 0.6927 -0.1420 -0.7072
vn 0.6944 -0.1336 -0.7071
vn 0.6959 -0.1249 -0.7072
vn 0.6975 -0.1166 -0.7070
vn 0.6987 -0.1082 -0.7072
vn 0.7012 -0.0907 -0.7072
vn 0.7024 -0.0823 -0.7070
vn 0.7032 -0.0737 -0.7071
vn 0.7040 -0.0652 -0.7072
vn 0.7054 -0.0476 -0.7073
vn 0.7064 -0.0303 -0.7072
vn 0.7071 -0.0125 -0.7071
vn 0.7071 -0.0045 -0.7071
vn -0.7071 -0.0044 -0.7071
vn -0.7068 -0.0218 -0.7071
vn -0.7065 -0.0303 -0.7071
vn -0.7061 -0.0390 -0.7070
vn -0.7056 -0.0478 -0.7070
vn -0.7048 -0.0564 -0.7071
vn -0.7042 -0.0649 -0.7071
vn -0.7032 -0.0737 -0.7071
vn -0.7022 -0.0824 -0.7072
vn -0.7013 -0.0909 -0.7070
vn -0.7000 -0.0991 -0.7072
vn -0.6974 -0.1169 -0.7070
vn -0.6960 -0.1251 -0.7071
vn -0.6943 -0.1338 -0.7071
vn -0.6927 -0.1422 -0.7071
vn -0.6908 -0.1507 -0.7072
vn -0.6890 -0.1590 -0.7071
vn -0.6870 -0.1674 -0.7072
vn -0.6848 -0.1759 -0.7071
vn -0.6826 -0.1843 -0.7072
vn -0.6804 -0.1928 -0.7070
vn -0.6778 -0.2011 -0.7072
vn -0.6753 -0.2094 -0.7072
vn -0.6700 -0.2259 -0.7072
vn -0.6673 -0.2340 -0.7071
vn -0.6643 -0.2424 -0.7071
vn -0.6612 -0.2504 -0.7072
vn -0.6582 -0.2587 -0.7070
vn -0.6550 -0.2667 -0.7071
vn -0.6447 -0.2905 -0.7071
vn -0.6409 -0.2984 -0.7072
vn -0.6374 -0.3062 -0.7071
vn -0.6334 -0.3143 -0.7071
vn -0.6296 -0.3217 -0.7071
vn -0.6214 -0.3374 -0.7071
vn -0.6174 -0.3448 -0.7070
vn -0.6130 -0.3522 -0.7073
vn -0.5997 -0.3748 -0.7070
vn -0.5951 -0.3819 -0.7071
vn -0.5904 -0.3892 -0.7071
vn -0.5855 -0.3967 -0.7070
vn -0.5756 -0.4106 -0.7072
vn -0.5706 -0.4176 -0.7072
vn -0.5654 -0.4248 -0.7070
vn -0.5600 -0.4318 -0.7071
vn -0.5494 -0.4450 -0.7072
vn -0.5325 -0.4652 -0.7071
vn -0.5210 -0.4782 -0.7070
vn -0.5029 -0.4971 -0.7070
vn -0.4970 -0.5031 -0.7070
vn -0.4906 -0.5091 -0.7072
vn -0.4781 -0.5211 -0.7070
vn -0.4651 -0.5325 -0.7072
vn -0.4586 -0.5383 -0.7070
vn -0.4452 -0.5494 -0.7071
vn -0.4315 -0.5601 -0.7072
vn -0.4108 -0.5756 -0.7071
vn -0.4035 -0.5804 -0.7073
vn -0.3819 -0.5951 -0.7071
vn -0.3746 -0.5999 -0.7070
vn -0.3673 -0.6042 -0.7072
vn -0.3597 -0.6087 -0.7071
vn -0.3447 -0.6175 -0.7070
vn -0.3372 -0.6215 -0.7072
vn -0.3218 -0.6295 -0.7072
vn -0.3062 -0.6373 -0.7072
vn -0.2984 -0.6410 -0.7071
vn -0.2904 -0.6448 -0.7071
vn -0.2745 -0.6516 -0.7072
vn -0.2665 -0.6550 -0.7071
vn -0.2586 -0.6582 -0.7071
vn -0.2504 -0.6612 -0.7072
vn -0.2258 -0.6701 -0.7070
vn -0.2095 -0.6753 -0.7072
vn -0.1591 -0.6891 -0.7070
vn -0.1507 -0.6908 -0.7072
vn -0.1422 -0.6926 -0.7072
vn -0.1250 -0.6961 -0.7070
vn -0.0908 -0.7014 -0.7070
vn -0.0823 -0.7022 -0.7072
vn -0.0477 -0.7056 -0.7070
vn -0.0391 -0.7061 -0.7071
vn -0.0303 -0.7066 -0.7069
vn -0.0129 -0.7070 -0.7071
vn -0.0303 0.7064 -0.7071
vn -0.0391 0.7059 -0.7072
vn -0.0477 0.7054 -0.7072
vn -0.0823 0.7024 -0.7071
vn -0.0909 0.7012 -0.7072
vn -0.1167 0.6974 -0.7072
vn -0.1338 0.6944 -0.7071
vn -0.1422 0.6926 -0.7071
vn -0.1677 0.6869 -0.7072
vn -0.1843 0.6826 -0.7071
vn -0.2011 0.6780 -0.7070
vn -0.2094 0.6755 -0.7070
vn -0.2259 0.6701 -0.7070
vn -0.2343 0.6672 -0.7071
vn -0.2585 0.6581 -0.7071
vn -0.2826 0.6481 -0.7072
vn -0.2985 0.6411 -0.7070
vn -0.3140 0.6335 -0.7071
vn -0.3218 0.6297 -0.7071
vn -0.3523 0.6133 -0.7069
vn -0.3746 0.5997 -0.7072
vn -0.3892 0.5903 -0.7072
vn -0.3964 0.5853 -0.7073
vn -0.4036 0.5807 -0.7071
vn -0.4177 0.5706 -0.7071
vn -0.4247 0.5653 -0.7072
vn -0.4317 0.5600 -0.7072
vn -0.4385 0.5548 -0.7071
vn -0.4518 0.5438 -0.7072
vn -0.4781 0.5208 -0.7072
vn -0.4907 0.5091 -0.7072
vn -0.4971 0.5028 -0.7072
vn -0.5031 0.4969 -0.7071
vn -0.5092 0.4909 -0.7070
vn -0.5151 0.4842 -0.7072
vn -0.5210 0.4780 -0.7071
vn -0.5326 0.4653 -0.7070
vn -0.5438 0.4521 -0.7071
vn -0.5547 0.4385 -0.7071
vn -0.5600 0.4318 -0.7071
vn -0.5652 0.4248 -0.7072
vn -0.5705 0.4177 -0.7071
vn -0.5755 0.4105 -0.7073
vn -0.5806 0.4037 -0.7071
vn -0.5855 0.3964 -0.7071
vn -0.5951 0.3818 -0.7072
vn -0.5997 0.3744 -0.7073
vn -0.6175 0.3444 -0.7072
vn -0.6216 0.3372 -0.7071
vn -0.6256 0.3294 -0.7072
vn -0.6297 0.3218 -0.7070
vn -0.6335 0.3140 -0.7071
vn -0.6375 0.3062 -0.7070
vn -0.6446 0.2906 -0.7071
vn -0.6517 0.2746 -0.7070
vn -0.6549 0.2666 -0.7072
vn -0.6581 0.2585 -0.7072
vn -0.6614 0.2501 -0.7071
vn -0.6672 0.2343 -0.7071
vn -0.6700 0.2259 -0.7071
vn -0.6754 0.2095 -0.7071
vn -0.6778 0.2011 -0.7072
vn -0.6804 0.1928 -0.7070
vn -0.6826 0.1845 -0.7071
vn -0.6869 0.1677 -0.7071
vn -0.6889 0.1592 -0.7072
vn -0.6909 0.1507 -0.7070
vn -0.6927 0.1420 -0.7072
vn -0.6944 0.1336 -0.7071
vn -0.6959 0.1249 -0.7072
vn -0.6975 0.1166 -0.7070
vn -0.6987 0.1082 -0.7072
vn -0.7012 0.0907 -0.7072
vn -0.7024 0.0823 -0.7070
vn -0.7032 0.0737 -0.7071
vn -0.7040 0.0652 -0.7072
vn -0.7054 0.0476 -0.7073
vn -0.7064 0.0303 -0.7072
vn -0.7071 0.0125 -0.7071
vn -0.7071 0.0045 -0.7071
vn 0.0002 -0.0000 -1.0000
vn -0.0002 -0.0000 -1.0000
vn 0.0001 -0.0000 -1.0000
vn -0.0001 -0.0000 -1.0000
vn -0.9670 -0.2548 -0.0000
vn 0.9670 -0.2548 -0.0000
vn -0.8987 -0.4387 -0.0000
vn -0.8876 -0.4606 -0.0000
vn -0.8382 -0.5454 -0.0000
vn -0.8104 -0.5858 -0.0000
vn 0.9873 0.1588 -0.0000
vn 0.9831 0.1831 -0.0000
vn 0.8104 -0.5858 -0.0000
vn 0.8513 -0.5246 -0.0000
vn 0.8876 -0.4606 -0.0000
vn 0.9091 -0.4165 -0.0000
vn 0.9191 -0.3939 -0.0000
vn 0.9729 -0.2310 -0.0000
vn 0.8760 0.4822 -0.0000
vn 0.7326 -0.6806 -0.0000
vn 0.6055 -0.7959 -0.0000
vn -0.9909 0.1345 -0.0000
vn 0.8382 -0.5454 -0.0000
vn -0.7326 -0.6806 -0.0000
vn -0.1831 0.9831 -0.0000
vn -0.1831 -0.9831 -0.0000
vn 0.6055 0.7959 -0.0000
vn -0.0056 -0.0000 1.0000
vn 0.0009 -0.0000 1.0000
vn -0.0000 1.0000 -0.0001
vn -0.0000 1.0000 0.0001
vn -0.0000 -1.0000 -0.0001
vn -0.0000 -1.0000 0.0001
vn -0.0000 1.0000 -0.0031
vn -0.0000 1.0000 -0.0039
vn 0.0064 -0.0000 1.0000
vn -0.0008 -0.0000 1.0000
vt 0.171131 0.684524
vt 0.000000 0.000000
vt 0.147375 0.732441
vt 0.142560 0.727625
vt 0.170656 0.684530
vt 0.000000 0.000000
vt 0.147263 0.732440
vt 0.170182 0.684548
vt 0.000000 0.000000
vt 0.169708 0.684576
vt 0.000000 0.000000
vt 0.147205 0.732439
vt 0.169235 0.684617
vt 0.000000 0.000000
vt 0.147146 0.732437
vt 0.168763 0.684669
vt 0.000000 0.000000
vt 0.147088 0.732434
vt 0.168292 0.684733
vt 0.000000 0.000000
vt 0.147030 0.732431
vt 0.167824 0.684809
vt 0.000000 0.000000
vt 0.146971 0.732427
vt 0.167357 0.684895
vt 0.000000 0.000000
vt 0.146913 0.732422
vt 0.166892 0.684994
vt 0.000000 0.000000
vt 0.146854 0.732418
vt 0.166431 0.685104
vt 0.000000 0.000000
vt 0.146797 0.732411
vt 0.165971 0.685225
vt 0.000000 0.000000
vt 0.146739 0.732405
vt 0.165515 0.685357
vt 0.000000 0.000000
vt 0.146681 0.732397
vt 0.165063 0.685501
vt 0.000000 0.000000
vt 0.146623 0.732389
vt 0.164614 0.685654
vt 0.000000 0.000000
vt 0.146565 0.732380
vt 0.164169 0.685820
vt 0.000000 0.000000
vt 0.146508 0.732370
vt 0.163728 0.685996
vt 0.000000 0.000000
vt 0.146450 0.732360
vt 0.163292 0.686184
vt 0.000000 0.000000
vt 0.146393 0.732349
vt 0.162860 0.686381
vt 0.000000 0.000000
vt 0.146335 0.732338
vt 0.146278 0.732325
vt 0.162433 0.686590
vt 0.000000 0.000000
vt 0.146221 0.732311
vt 0.162012 0.686807
vt 0.000000 0.000000
vt 0.161596 0.687038
vt 0.000000 0.000000
vt 0.146165 0.732297
vt 0.161185 0.687276
vt 0.000000 0.000000
vt 0.146108 0.732283
vt 0.160781 0.687525
vt 0.000000 0.000000
vt 0.146052 0.732268
vt 0.160383 0.687784
vt 0.000000 0.000000
vt 0.145995 0.732252
vt 0.159992 0.688053
vt 0.000000 0.000000
vt 0.145939 0.732235
vt 0.159607 0.688331
vt 0.000000 0.000000
vt 0.145884 0.732218
vt 0.159229 0.688618
vt 0.000000 0.000000
vt 0.145828 0.732200
vt 0.158858 0.688915
vt 0.000000 0.000000
vt 0.145772 0.732181
vt 0.158495 0.689221
vt 0.000000 0.000000
vt 0.145717 0.732162
vt 0.158139 0.689535
vt 0.000000 0.000000
vt 0.145663 0.732142
vt 0.157792 0.689859
vt 0.000000 0.000000
vt 0.145608 0.732121
vt 0.157452 0.690189
vt 0.000000 0.000000
vt 0.145553 0.732100
vt 0.157120 0.690530
vt 0.000000 0.000000
vt 0.145499 0.732078
vt 0.156797 0.690878
vt 0.000000 0.000000
vt 0.145445 0.732055
vt 0.156483 0.691233
vt 0.000000 0.000000
vt 0.145392 0.732032
vt 0.156177 0.691597
vt 0.000000 0.000000
vt 0.145339 0.732008
vt 0.155880 0.691968
vt 0.000000 0.000000
vt 0.145286 0.731983
vt 0.155593 0.692346
vt 0.000000 0.000000
vt 0.145233 0.731957
vt 0.155315 0.692730
vt 0.000000 0.000000
vt 0.145181 0.731932
vt 0.155046 0.693122
vt 0.000000 0.000000
vt 0.145128 0.731905
vt 0.154787 0.693519
vt 0.000000 0.000000
vt 0.145077 0.731878
vt 0.154538 0.693923
vt 0.000000 0.000000
vt 0.145025 0.731850
vt 0.154299 0.694333
vt 0.000000 0.000000
vt 0.144974 0.731821
vt 0.154070 0.694749
vt 0.000000 0.000000
vt 0.144924 0.731792
vt 0.153851 0.695171
vt 0.000000 0.000000
vt 0.144874 0.731763
vt 0.153643 0.695598
vt 0.000000 0.000000
vt 0.144824 0.731732
vt 0.153445 0.696030
vt 0.000000 0.000000
vt 0.144774 0.731702
vt 0.153258 0.696466
vt 0.000000 0.000000
vt 0.144725 0.731670
vt 0.153082 0.696907
vt 0.000000 0.000000
vt 0.144676 0.731638
vt 0.152917 0.697352
vt 0.000000 0.000000
vt 0.144628 0.731605
vt 0.152762 0.697801
vt 0.000000 0.000000
vt 0.144580 0.731571
vt 0.152619 0.698253
vt 0.000000 0.000000
vt 0.144532 0.731538
vt 0.152486 0.698709
vt 0.000000 0.000000
vt 0.144485 0.731503
vt 0.152366 0.699169
vt 0.000000 0.000000
vt 0.144438 0.731468
vt 0.152256 0.699630
vt 0.000000 0.000000
vt 0.144392 0.731432
vt 0.144346 0.731396
vt 0.152157 0.700094
vt 0.000000 0.000000
vt 0.144301 0.731359
vt 0.152071 0.700562
vt 0.000000 0.000000
vt 0.151995 0.701030
vt 0.000000 0.000000
vt 0.144256 0.731322
vt 0.151931 0.701501
vt 0.000000 0.000000
vt 0.144211 0.731284
vt 0.151879 0.701972
vt 0.000000 0.000000
vt 0.144167 0.731246
vt 0.151838 0.702446
vt 0.000000 0.000000
vt 0.144124 0.731207
vt 0.144081 0.731167
vt 0.151809 0.702919
vt 0.000000 0.000000
vt 0.144038 0.731127
vt 0.151792 0.703395
vt 0.000000 0.000000
vt 0.151786 0.703870
vt 0.000000 0.000000
vt 0.143996 0.731087
vt 0.151792 0.704345
vt 0.000000 0.000000
vt 0.143955 0.731046
vt 0.143913 0.731004
vt 0.151809 0.704819
vt 0.000000 0.000000
vt 0.143873 0.730962
vt 0.151838 0.705292
vt 0.000000 0.000000
vt 0.143833 0.730919
vt 0.151879 0.705765
vt 0.000000 0.000000
vt 0.143793 0.730876
vt 0.151931 0.706237
vt 0.000000 0.000000
vt 0.151995 0.706707
vt 0.000000 0.000000
vt 0.143754 0.730833
vt 0.152070 0.707176
vt 0.000000 0.000000
vt 0.143716 0.730788
vt 0.152157 0.707642
vt 0.000000 0.000000
vt 0.143678 0.730744
vt 0.143641 0.730699
vt 0.152256 0.708107
vt 0.000000 0.000000
vt 0.143604 0.730654
vt 0.152365 0.708569
vt 0.000000 0.000000
vt 0.143568 0.730609
vt 0.152486 0.709028
vt 0.000000 0.000000
vt 0.143532 0.730562
vt 0.152619 0.709485
vt 0.000000 0.000000
vt 0.143497 0.730515
vt 0.152762 0.709938
vt 0.000000 0.000000
vt 0.143462 0.730468
vt 0.152917 0.710386
vt 0.000000 0.000000
vt 0.143429 0.730420
vt 0.153082 0.710832
vt 0.000000 0.000000
vt 0.143395 0.730372
vt 0.153258 0.711272
vt 0.000000 0.000000
vt 0.153446 0.711709
vt 0.000000 0.000000
vt 0.143362 0.730324
vt 0.143330 0.730276
vt 0.153643 0.712140
vt 0.000000 0.000000
vt 0.143299 0.730226
vt 0.153851 0.712567
vt 0.000000 0.000000
vt 0.143268 0.730177
vt 0.154070 0.712989
vt 0.000000 0.000000
vt 0.154299 0.713404
vt 0.000000 0.000000
vt 0.143237 0.730127
vt 0.143208 0.730076
vt 0.154538 0.713814
vt 0.000000 0.000000
vt 0.143178 0.730026
vt 0.154787 0.714219
vt 0.000000 0.000000
vt 0.143150 0.729975
vt 0.155046 0.714617
vt 0.000000 0.000000
vt 0.143122 0.729923
vt 0.155315 0.715008
vt 0.000000 0.000000
vt 0.143095 0.729871
vt 0.155593 0.715393
vt 0.000000 0.000000
vt 0.155880 0.715771
vt 0.000000 0.000000
vt 0.143068 0.729819
vt 0.143042 0.729767
vt 0.156177 0.716141
vt 0.000000 0.000000
vt 0.156483 0.716505
vt 0.000000 0.000000
vt 0.143017 0.729714
vt 0.142992 0.729661
vt 0.156797 0.716861
vt 0.000000 0.000000
vt 0.157120 0.717208
vt 0.000000 0.000000
vt 0.142968 0.729608
vt 0.157452 0.717548
vt 0.000000 0.000000
vt 0.142945 0.729555
vt 0.157792 0.717880
vt 0.000000 0.000000
vt 0.142922 0.729501
vt 0.142900 0.729447
vt 0.158140 0.718203
vt 0.000000 0.000000
vt 0.158495 0.718517
vt 0.000000 0.000000
vt 0.142879 0.729392
vt 0.142858 0.729337
vt 0.158859 0.718823
vt 0.000000 0.000000
vt 0.142838 0.729282
vt 0.159229 0.719120
vt 0.000000 0.000000
vt 0.159607 0.719408
vt 0.000000 0.000000
vt 0.142819 0.729228
vt 0.142800 0.729172
vt 0.159992 0.719686
vt 0.000000 0.000000
vt 0.142782 0.729116
vt 0.160383 0.719954
vt 0.000000 0.000000
vt 0.160781 0.720213
vt 0.000000 0.000000
vt 0.142765 0.729061
vt 0.142748 0.729005
vt 0.161185 0.720462
vt 0.000000 0.000000
vt 0.142732 0.728949
vt 0.161596 0.720701
vt 0.000000 0.000000
vt 0.142717 0.728892
vt 0.162012 0.720930
vt 0.000000 0.000000
vt 0.162433 0.721149
vt 0.000000 0.000000
vt 0.142703 0.728835
vt 0.162860 0.721357
vt 0.000000 0.000000
vt 0.142689 0.728779
vt 0.163292 0.721555
vt 0.000000 0.000000
vt 0.142676 0.728722
vt 0.142663 0.728664
vt 0.163728 0.721742
vt 0.000000 0.000000
vt 0.164169 0.721918
vt 0.000000 0.000000
vt 0.142651 0.728607
vt 0.164614 0.722084
vt 0.000000 0.000000
vt 0.142640 0.728550
vt 0.165063 0.722238
vt 0.000000 0.000000
vt 0.142630 0.728492
vt 0.165515 0.722382
vt 0.000000 0.000000
vt 0.142620 0.728435
vt 0.165971 0.722513
vt 0.000000 0.000000
vt 0.142611 0.728377
vt 0.166430 0.722634
vt 0.000000 0.000000
vt 0.142603 0.728319
vt 0.166892 0.722744
vt 0.000000 0.000000
vt 0.142596 0.728261
vt 0.167357 0.722843
vt 0.000000 0.000000
vt 0.142589 0.728203
vt 0.142583 0.728146
vt 0.167824 0.722930
vt 0.000000 0.000000
vt 0.142577 0.728087
vt 0.168292 0.723005
vt 0.000000 0.000000
vt 0.142573 0.728028
vt 0.168763 0.723069
vt 0.000000 0.000000
vt 0.142569 0.727970
vt 0.169235 0.723121
vt 0.000000 0.000000
vt 0.142566 0.727912
vt 0.169708 0.723162
vt 0.000000 0.000000
vt 0.170182 0.723191
vt 0.000000 0.000000
vt 0.142563 0.727854
vt 0.170656 0.723209
vt 0.000000 0.000000
vt 0.142561 0.727796
vt 0.171131 0.723214
vt 0.000000 0.000000
vt 0.142560 0.727737
vt 0.171606 0.723208
vt 0.000000 0.000000
vt 0.142559 0.522375
vt 0.172080 0.723191
vt 0.000000 0.000000
vt 0.147375 0.517559
vt 0.172554 0.723162
vt 0.000000 0.000000
vt 0.142560 0.522263
vt 0.173027 0.723121
vt 0.000000 0.000000
vt 0.142561 0.522204
vt 0.173499 0.723070
vt 0.000000 0.000000
vt 0.142563 0.522146
vt 0.173969 0.723005
vt 0.000000 0.000000
vt 0.142565 0.522088
vt 0.174438 0.722930
vt 0.000000 0.000000
vt 0.142569 0.522030
vt 0.174905 0.722842
vt 0.000000 0.000000
vt 0.142573 0.521971
vt 0.175370 0.722745
vt 0.000000 0.000000
vt 0.142577 0.521913
vt 0.175831 0.722635
vt 0.000000 0.000000
vt 0.142583 0.521854
vt 0.142589 0.521796
vt 0.176291 0.722514
vt 0.000000 0.000000
vt 0.142596 0.521738
vt 0.176747 0.722382
vt 0.000000 0.000000
vt 0.177199 0.722238
vt 0.000000 0.000000
vt 0.142603 0.521680
vt 0.177648 0.722084
vt 0.000000 0.000000
vt 0.142611 0.521622
vt 0.178093 0.721918
vt 0.000000 0.000000
vt 0.142620 0.521565
vt 0.178534 0.721742
vt 0.000000 0.000000
vt 0.142630 0.521508
vt 0.178970 0.721555
vt 0.000000 0.000000
vt 0.142640 0.521450
vt 0.179402 0.721356
vt 0.000000 0.000000
vt 0.142651 0.521393
vt 0.179829 0.721149
vt 0.000000 0.000000
vt 0.142663 0.521336
vt 0.180250 0.720930
vt 0.000000 0.000000
vt 0.142676 0.521279
vt 0.142689 0.521221
vt 0.180666 0.720701
vt 0.000000 0.000000
vt 0.142702 0.521165
vt 0.181076 0.720462
vt 0.000000 0.000000
vt 0.142717 0.521108
vt 0.181480 0.720213
vt 0.000000 0.000000
vt 0.142732 0.521052
vt 0.181879 0.719954
vt 0.000000 0.000000
vt 0.142748 0.520995
vt 0.182270 0.719686
vt 0.000000 0.000000
vt 0.182655 0.719408
vt 0.000000 0.000000
vt 0.142765 0.520939
vt 0.142782 0.520884
vt 0.183033 0.719120
vt 0.000000 0.000000
vt 0.183404 0.718824
vt 0.000000 0.000000
vt 0.142800 0.520827
vt 0.142819 0.520772
vt 0.183767 0.718518
vt 0.000000 0.000000
vt 0.142838 0.520717
vt 0.184122 0.718204
vt 0.000000 0.000000
vt 0.184470 0.717880
vt 0.000000 0.000000
vt 0.142858 0.520662
vt 0.184810 0.717548
vt 0.000000 0.000000
vt 0.142879 0.520608
vt 0.185142 0.717209
vt 0.000000 0.000000
vt 0.142900 0.520553
vt 0.185465 0.716861
vt 0.000000 0.000000
vt 0.142923 0.520499
vt 0.185779 0.716505
vt 0.000000 0.000000
vt 0.142945 0.520445
vt 0.142968 0.520392
vt 0.186085 0.716141
vt 0.000000 0.000000
vt 0.142992 0.520339
vt 0.186382 0.715771
vt 0.000000 0.000000
vt 0.186669 0.715393
vt 0.000000 0.000000
vt 0.143017 0.520286
vt 0.186947 0.715009
vt 0.000000 0.000000
vt 0.143042 0.520234
vt 0.187216 0.714617
vt 0.000000 0.000000
vt 0.143068 0.520182
vt 0.187475 0.714219
vt 0.000000 0.000000
vt 0.143095 0.520129
vt 0.187724 0.713815
vt 0.000000 0.000000
vt 0.143122 0.520077
vt 0.187963 0.713405
vt 0.000000 0.000000
vt 0.143150 0.520026
vt 0.188192 0.712989
vt 0.000000 0.000000
vt 0.143179 0.519975
vt 0.188411 0.712567
vt 0.000000 0.000000
vt 0.143208 0.519924
vt 0.188619 0.712141
vt 0.000000 0.000000
vt 0.143237 0.519874
vt 0.188816 0.711708
vt 0.000000 0.000000
vt 0.143268 0.519824
vt 0.189004 0.711272
vt 0.000000 0.000000
vt 0.143299 0.519774
vt 0.189180 0.710831
vt 0.000000 0.000000
vt 0.143330 0.519725
vt 0.189345 0.710387
vt 0.000000 0.000000
vt 0.143362 0.519676
vt 0.143395 0.519628
vt 0.189500 0.709937
vt 0.000000 0.000000
vt 0.143429 0.519580
vt 0.189643 0.709485
vt 0.000000 0.000000
vt 0.143462 0.519533
vt 0.189775 0.709029
vt 0.000000 0.000000
vt 0.143497 0.519485
vt 0.189897 0.708570
vt 0.000000 0.000000
vt 0.143532 0.519439
vt 0.190006 0.708108
vt 0.000000 0.000000
vt 0.143568 0.519392
vt 0.190105 0.707643
vt 0.000000 0.000000
vt 0.143604 0.519346
vt 0.190191 0.707176
vt 0.000000 0.000000
vt 0.190267 0.706707
vt 0.000000 0.000000
vt 0.143641 0.519301
vt 0.190331 0.706237
vt 0.000000 0.000000
vt 0.143678 0.519256
vt 0.190383 0.705765
vt 0.000000 0.000000
vt 0.143716 0.519212
vt 0.190424 0.705292
vt 0.000000 0.000000
vt 0.143754 0.519168
vt 0.190453 0.704819
vt 0.000000 0.000000
vt 0.143793 0.519124
vt 0.190470 0.704344
vt 0.000000 0.000000
vt 0.143833 0.519081
vt 0.190476 0.703869
vt 0.000000 0.000000
vt 0.143873 0.519038
vt 0.190470 0.703395
vt 0.000000 0.000000
vt 0.143913 0.518997
vt 0.143955 0.518955
vt 0.190453 0.702920
vt 0.000000 0.000000
vt 0.190424 0.702446
vt 0.000000 0.000000
vt 0.143996 0.518914
vt 0.144038 0.518873
vt 0.190383 0.701973
vt 0.000000 0.000000
vt 0.144081 0.518833
vt 0.190331 0.701501
vt 0.000000 0.000000
vt 0.144124 0.518794
vt 0.190267 0.701031
vt 0.000000 0.000000
vt 0.144167 0.518755
vt 0.190191 0.700562
vt 0.000000 0.000000
vt 0.190105 0.700095
vt 0.000000 0.000000
vt 0.144211 0.518716
vt 0.190006 0.699630
vt 0.000000 0.000000
vt 0.144256 0.518678
vt 0.189896 0.699169
vt 0.000000 0.000000
vt 0.144301 0.518641
vt 0.189775 0.698710
vt 0.000000 0.000000
vt 0.144346 0.518604
vt 0.189643 0.698254
vt 0.000000 0.000000
vt 0.144392 0.518568
vt 0.189500 0.697801
vt 0.000000 0.000000
vt 0.144438 0.518532
vt 0.189345 0.697352
vt 0.000000 0.000000
vt 0.144485 0.518497
vt 0.189180 0.696907
vt 0.000000 0.000000
vt 0.144532 0.518463
vt 0.189004 0.696466
vt 0.000000 0.000000
vt 0.000000 0.000000
vt 0.144580 0.518429
vt 0.000000 0.000000
vt 0.188817 0.696029
vt 0.000000 0.000000
vt 0.000000 0.000000
vt 0.144628 0.518395
vt 0.000000 0.000000
vt 0.188619 0.695598
vt 0.000000 0.000000
vt 0.000000 0.000000
vt 0.144676 0.518362
vt 0.000000 0.000000
vt 0.188411 0.695171
vt 0.000000 0.000000
vt 0.000000 0.000000
vt 0.144725 0.518330
vt 0.188192 0.694750
vt 0.000000 0.000000
vt 0.000000 0.000000
vt 0.144774 0.518299
vt 0.000000 0.000000
vt 0.187963 0.694334
vt 0.000000 0.000000
vt 0.000000 0.000000
vt 0.144824 0.518268
vt 0.000000 0.000000
vt 0.187724 0.693924
vt 0.000000 0.000000
vt 0.000000 0.000000
vt 0.000000 0.000000
vt 0.144874 0.518238
vt 0.187475 0.693519
vt 0.000000 0.000000
vt 0.000000 0.000000
vt 0.000000 0.000000
vt 0.144924 0.518208
vt 0.187216 0.693122
vt 0.000000 0.000000
vt 0.000000 0.000000
vt 0.000000 0.000000
vt 0.144975 0.518179
vt 0.186947 0.692730
vt 0.000000 0.000000
vt 0.000000 0.000000
vt 0.000000 0.000000
vt 0.145025 0.518151
vt 0.000000 0.000000
vt 0.145077 0.518123
vt 0.186669 0.692344
vt 0.000000 0.000000
vt 0.000000 0.000000
vt 0.000000 0.000000
vt 0.145128 0.518096
vt 0.000000 0.000000
vt 0.186382 0.691967
vt 0.000000 0.000000
vt 0.186085 0.691597
vt 0.000000 0.000000
vt 0.000000 0.000000
vt 0.145181 0.518069
vt 0.000000 0.000000
vt 0.000000 0.000000
vt 0.145233 0.518043
vt 0.185779 0.691234
vt 0.000000 0.000000
vt 0.000000 0.000000
vt 0.145286 0.518018
vt 0.000000 0.000000
vt 0.185465 0.690877
vt 0.000000 0.000000
vt 0.000000 0.000000
vt 0.145339 0.517993
vt 0.000000 0.000000
vt 0.185142 0.690530
vt 0.000000 0.000000
vt 0.000000 0.000000
vt 0.145392 0.517969
vt 0.000000 0.000000
vt 0.184810 0.690190
vt 0.000000 0.000000
vt 0.184471 0.689859
vt 0.000000 0.000000
vt 0.145445 0.517945
vt 0.184123 0.689535
vt 0.000000 0.000000
vt 0.145499 0.517923
vt 0.183767 0.689221
vt 0.000000 0.000000
vt 0.145553 0.517901
vt 0.183404 0.688916
vt 0.000000 0.000000
vt 0.145608 0.517879
vt 0.145663 0.517858
vt 0.183033 0.688619
vt 0.000000 0.000000
vt 0.182655 0.688331
vt 0.000000 0.000000
vt 0.145718 0.517838
vt 0.182270 0.688053
vt 0.000000 0.000000
vt 0.145773 0.517818
vt 0.181879 0.687784
vt 0.000000 0.000000
vt 0.145828 0.517800
vt 0.181481 0.687525
vt 0.000000 0.000000
vt 0.145884 0.517782
vt 0.181076 0.687276
vt 0.000000 0.000000
vt 0.145939 0.517765
vt 0.180666 0.687037
vt 0.000000 0.000000
vt 0.145995 0.517748
vt 0.180250 0.686808
vt 0.000000 0.000000
vt 0.146051 0.517733
vt 0.179829 0.686589
vt 0.000000 0.000000
vt 0.146108 0.517717
vt 0.179402 0.686381
vt 0.000000 0.000000
vt 0.146165 0.517703
vt 0.178970 0.686184
vt 0.000000 0.000000
vt 0.146221 0.517689
vt 0.178534 0.685996
vt 0.000000 0.000000
vt 0.146278 0.517676
vt 0.178093 0.685820
vt 0.000000 0.000000
vt 0.146335 0.517663
vt 0.177648 0.685655
vt 0.000000 0.000000
vt 0.146393 0.517652
vt 0.177199 0.685501
vt 0.000000 0.000000
vt 0.146450 0.517641
vt 0.176747 0.685357
vt 0.000000 0.000000
vt 0.146508 0.517630
vt 0.176291 0.685225
vt 0.000000 0.000000
vt 0.146565 0.517620
vt 0.175831 0.685104
vt 0.000000 0.000000
vt 0.146623 0.517611
vt 0.175370 0.684994
vt 0.000000 0.000000
vt 0.146681 0.517603
vt 0.174905 0.684895
vt 0.000000 0.000000
vt 0.146739 0.517595
vt 0.174438 0.684809
vt 0.000000 0.000000
vt 0.146797 0.517589
vt 0.146854 0.517583
vt 0.173969 0.684733
vt 0.000000 0.000000
vt 0.146913 0.517578
vt 0.173499 0.684669
vt 0.000000 0.000000
vt 0.146971 0.517573
vt 0.173027 0.684617
vt 0.000000 0.000000
vt 0.172554 0.684576
vt 0.000000 0.000000
vt 0.147030 0.517569
vt 0.147088 0.517565
vt 0.172080 0.684547
vt 0.000000 0.000000
vt 0.171606 0.684530
vt 0.000000 0.000000
vt 0.147146 0.517563
vt 0.147204 0.517561
vt 0.000000 0.000000
vt 0.147263 0.517560
vt 0.000000 0.000000
vt 0.000000 0.000000
vt 0.000000 0.000000
vt 0.000000 0.000000
vt 0.357441 0.727625
vt 0.000000 0.000000
vt 0.352625 0.732441
vt 0.000000 0.000000
vt 0.000000 0.000000
vt 0.000000 0.000000
vt 0.000000 0.000000
vt 0.000000 0.000000
vt 0.000000 0.000000
vt 0.357440 0.727737
vt 0.000000 0.000000
vt 0.000000 0.000000
vt 0.357439 0.727796
vt 0.000000 0.000000
vt 0.000000 0.000000
vt 0.000000 0.000000
vt 0.357437 0.727854
vt 0.000000 0.000000
vt 0.000000 0.000000
vt 0.000000 0.000000
vt 0.357434 0.727912
vt 0.000000 0.000000
vt 0.000000 0.000000
vt 0.000000 0.000000
vt 0.000000 0.000000
vt 0.357431 0.727970
vt 0.000000 0.000000
vt 0.000000 0.000000
vt 0.000000 0.000000
vt 0.357427 0.728028
vt 0.000000 0.000000
vt 0.000000 0.000000
vt 0.000000 0.000000
vt 0.357422 0.728087
vt 0.000000 0.000000
vt 0.000000 0.000000
vt 0.000000 0.000000
vt 0.357417 0.728146
vt 0.000000 0.000000
vt 0.000000 0.000000
vt 0.000000 0.000000
vt 0.357411 0.728203
vt 0.000000 0.000000
vt 0.000000 0.000000
vt 0.357404 0.728262
vt 0.000000 0.000000
vt 0.000000 0.000000
vt 0.000000 0.000000
vt 0.000000 0.000000
vt 0.357397 0.728320
vt 0.000000 0.000000
vt 0.000000 0.000000
vt 0.357389 0.728377
vt 0.000000 0.000000
vt 0.000000 0.000000
vt 0.357380 0.728435
vt 0.000000 0.000000
vt 0.000000 0.000000
vt 0.357370 0.728492
vt 0.000000 0.000000
vt 0.000000 0.000000
vt 0.000000 0.000000
vt 0.000000 0.000000
vt 0.357360 0.728550
vt 0.000000 0.000000
vt 0.000000 0.000000
vt 0.000000 0.000000
vt 0.000000 0.000000
vt 0.000000 0.000000
vt 0.357349 0.728607
vt 0.357337 0.728665
vt 0.000000 0.000000
vt 0.000000 0.000000
vt 0.000000 0.000000
vt 0.357325 0.728722
vt 0.000000 0.000000
vt 0.000000 0.000000
vt 0.000000 0.000000
vt 0.357311 0.728779
vt 0.000000 0.000000
vt 0.000000 0.000000
vt 0.000000 0.000000
vt 0.000000 0.000000
vt 0.000000 0.000000
vt 0.000000 0.000000
vt 0.357297 0.728835
vt 0.357283 0.728892
vt 0.000000 0.000000
vt 0.000000 0.000000
vt 0.000000 0.000000
vt 0.357268 0.728949
vt 0.000000 0.000000
vt 0.000000 0.000000
vt 0.000000 0.000000
vt 0.357252 0.729005
vt 0.000000 0.000000
vt 0.000000 0.000000
vt 0.000000 0.000000
vt 0.000000 0.000000
vt 0.000000 0.000000
vt 0.000000 0.000000
vt 0.357235 0.729061
vt 0.000000 0.000000
vt 0.000000 0.000000
vt 0.000000 0.000000
vt 0.357218 0.729117
vt 0.000000 0.000000
vt 0.000000 0.000000
vt 0.000000 0.000000
vt 0.357200 0.729172
vt 0.000000 0.000000
vt 0.000000 0.000000
vt 0.000000 0.000000
vt 0.357181 0.729228
vt 0.000000 0.000000
vt 0.000000 0.000000
vt 0.000000 0.000000
vt 0.357162 0.729283
vt 0.000000 0.000000
vt 0.000000 0.000000
vt 0.357142 0.729338
vt 0.000000 0.000000
vt 0.000000 0.000000
vt 0.000000 0.000000
vt 0.357121 0.729392
vt 0.000000 0.000000
vt 0.357100 0.729447
vt 0.357078 0.729501
vt 0.000000 0.000000
vt 0.357055 0.729554
vt 0.000000 0.000000
vt 0.000000 0.000000
vt 0.357032 0.729608
vt 0.357008 0.729661
vt 0.000000 0.000000
vt 0.356983 0.729714
vt 0.000000 0.000000
vt 0.356957 0.729767
vt 0.000000 0.000000
vt 0.356932 0.729819
vt 0.000000 0.000000
vt 0.356905 0.729872
vt 0.000000 0.000000
vt 0.356878 0.729923
vt 0.000000 0.000000
vt 0.356850 0.729975
vt 0.000000 0.000000
vt 0.356821 0.730026
vt 0.000000 0.000000
vt 0.356792 0.730077
vt 0.000000 0.000000
vt 0.356763 0.730127
vt 0.000000 0.000000
vt 0.356732 0.730177
vt 0.000000 0.000000
vt 0.356701 0.730227
vt 0.000000 0.000000
vt 0.000000 0.000000
vt 0.000000 0.000000
vt 0.000000 0.000000
vt 0.000000 0.000000
vt 0.356670 0.730275
vt 0.000000 0.000000
vt 0.356638 0.730324
vt 0.000000 0.000000
vt 0.000000 0.000000
vt 0.356605 0.730373
vt 0.000000 0.000000
vt 0.000000 0.000000
vt 0.000000 0.000000
vt 0.000000 0.000000
vt 0.356571 0.730421
vt 0.000000 0.000000
vt 0.000000 0.000000
vt 0.000000 0.000000
vt 0.000000 0.000000
vt 0.000000 0.000000
vt 0.356538 0.730468
vt 0.000000 0.000000
vt 0.000000 0.000000
vt 0.000000 0.000000
vt 0.356503 0.730515
vt 0.356468 0.730562
vt 0.000000 0.000000
vt 0.000000 0.000000
vt 0.000000 0.000000
vt 0.000000 0.000000
vt 0.000000 0.000000
vt 0.356432 0.730609
vt 0.000000 0.000000
vt 0.000000 0.000000
vt 0.000000 0.000000
vt 0.356396 0.730654
vt 0.000000 0.000000
vt 0.356359 0.730699
vt 0.000000 0.000000
vt 0.000000 0.000000
vt 0.000000 0.000000
vt 0.000000 0.000000
vt 0.356322 0.730744
vt 0.000000 0.000000
vt 0.000000 0.000000
vt 0.000000 0.000000
vt 0.356284 0.730789
vt 0.000000 0.000000
vt 0.000000 0.000000
vt 0.000000 0.000000
vt 0.356245 0.730832
vt 0.000000 0.000000
vt 0.000000 0.000000
vt 0.000000 0.000000
vt 0.356207 0.730876
vt 0.000000 0.000000
vt 0.000000 0.000000
vt 0.356167 0.730919
vt 0.000000 0.000000
vt 0.000000 0.000000
vt 0.000000 0.000000
vt 0.356127 0.730962
vt 0.000000 0.000000
vt 0.000000 0.000000
vt 0.356087 0.731004
vt 0.356046 0.731046
vt 0.000000 0.000000
vt 0.356004 0.731087
vt 0.000000 0.000000
vt 0.000000 0.000000
vt 0.355962 0.731127
vt 0.000000 0.000000
vt 0.355919 0.731167
vt 0.000000 0.000000
vt 0.355876 0.731207
vt 0.355833 0.731245
vt 0.000000 0.000000
vt 0.000000 0.000000
vt 0.355789 0.731284
vt 0.000000 0.000000
vt 0.355744 0.731322
vt 0.000000 0.000000
vt 0.355699 0.731360
vt 0.000000 0.000000
vt 0.355654 0.731396
vt 0.000000 0.000000
vt 0.355608 0.731433
vt 0.000000 0.000000
vt 0.355562 0.731468
vt 0.000000 0.000000
vt 0.355515 0.731503
vt 0.355468 0.731538
vt 0.000000 0.000000
vt 0.000000 0.000000
vt 0.355421 0.731572
vt 0.000000 0.000000
vt 0.355372 0.731605
vt 0.000000 0.000000
vt 0.355324 0.731638
vt 0.355275 0.731670
vt 0.000000 0.000000
vt 0.000000 0.000000
vt 0.355226 0.731701
vt 0.000000 0.000000
vt 0.355177 0.731732
vt 0.000000 0.000000
vt 0.355126 0.731763
vt 0.000000 0.000000
vt 0.355076 0.731793
vt 0.000000 0.000000
vt 0.355026 0.731822
vt 0.354975 0.731850
vt 0.000000 0.000000
vt 0.354923 0.731878
vt 0.000000 0.000000
vt 0.354872 0.731905
vt 0.000000 0.000000
vt 0.354819 0.731932
vt 0.000000 0.000000
vt 0.354767 0.731958
vt 0.000000 0.000000
vt 0.354715 0.731983
vt 0.000000 0.000000
vt 0.000000 0.000000
vt 0.354661 0.732008
vt 0.000000 0.000000
vt 0.000000 0.000000
vt 0.000000 0.000000
vt 0.354608 0.732032
vt 0.000000 0.000000
vt 0.000000 0.000000
vt 0.000000 0.000000
vt 0.354555 0.732055
vt 0.000000 0.000000
vt 0.000000 0.000000
vt 0.000000 0.000000
vt 0.354501 0.732077
vt 0.000000 0.000000
vt 0.000000 0.000000
vt 0.000000 0.000000
vt 0.354447 0.732100
vt 0.000000 0.000000
vt 0.000000 0.000000
vt 0.000000 0.000000
vt 0.354392 0.732121
vt 0.000000 0.000000
vt 0.000000 0.000000
vt 0.354338 0.732142
vt 0.000000 0.000000
vt 0.000000 0.000000
vt 0.000000 0.000000
vt 0.354283 0.732162
vt 0.000000 0.000000
vt 0.000000 0.000000
vt 0.000000 0.000000
vt 0.000000 0.000000
vt 0.354228 0.732182
vt 0.000000 0.000000
vt 0.000000 0.000000
vt 0.000000 0.000000
vt 0.354172 0.732200
vt 0.354116 0.732218
vt 0.000000 0.000000
vt 0.000000 0.000000
vt 0.000000 0.000000
vt 0.000000 0.000000
vt 0.000000 0.000000
vt 0.000000 0.000000
vt 0.354061 0.732235
vt 0.000000 0.000000
vt 0.000000 0.000000
vt 0.000000 0.000000
vt 0.354005 0.732252
vt 0.000000 0.000000
vt 0.353949 0.732267
vt 0.000000 0.000000
vt 0.000000 0.000000
vt 0.353892 0.732283
vt 0.000000 0.000000
vt 0.000000 0.000000
vt 0.000000 0.000000
vt 0.353835 0.732298
vt 0.000000 0.000000
vt 0.000000 0.000000
vt 0.000000 0.000000
vt 0.000000 0.000000
vt 0.353779 0.732312
vt 0.000000 0.000000
vt 0.000000 0.000000
vt 0.000000 0.000000
vt 0.353722 0.732325
vt 0.000000 0.000000
vt 0.000000 0.000000
vt 0.000000 0.000000
vt 0.353665 0.732337
vt 0.000000 0.000000
vt 0.000000 0.000000
vt 0.000000 0.000000
vt 0.353608 0.732349
vt 0.000000 0.000000
vt 0.000000 0.000000
vt 0.000000 0.000000
vt 0.353550 0.732360
vt 0.000000 0.000000
vt 0.000000 0.000000
vt 0.000000 0.000000
vt 0.000000 0.000000
vt 0.000000 0.000000
vt 0.353493 0.732370
vt 0.000000 0.000000
vt 0.000000 0.000000
vt 0.353435 0.732380
vt 0.000000 0.000000
vt 0.000000 0.000000
vt 0.353377 0.732389
vt 0.000000 0.000000
vt 0.000000 0.000000
vt 0.000000 0.000000
vt 0.353319 0.732397
vt 0.000000 0.000000
vt 0.000000 0.000000
vt 0.000000 0.000000
vt 0.000000 0.000000
vt 0.000000 0.000000
vt 0.353261 0.732404
vt 0.000000 0.000000
vt 0.000000 0.000000
vt 0.000000 0.000000
vt 0.353203 0.732411
vt 0.000000 0.000000
vt 0.000000 0.000000
vt 0.353146 0.732417
vt 0.000000 0.000000
vt 0.000000 0.000000
vt 0.353087 0.732423
vt 0.000000 0.000000
vt 0.000000 0.000000
vt 0.000000 0.000000
vt 0.353029 0.732427
vt 0.000000 0.000000
vt 0.000000 0.000000
vt 0.352970 0.732431
vt 0.000000 0.000000
vt 0.000000 0.000000
vt 0.000000 0.000000
vt 0.352912 0.732435
vt 0.000000 0.000000
vt 0.000000 0.000000
vt 0.000000 0.000000
vt 0.352854 0.732437
vt 0.000000 0.000000
vt 0.000000 0.000000
vt 0.352795 0.732439
vt 0.352737 0.732439
vt 0.000000 0.000000
vt 0.000000 0.000000
vt 0.352625 0.517559
vt 0.357441 0.522375
vt 0.000000 0.000000
vt 0.352737 0.517560
vt 0.000000 0.000000
vt 0.000000 0.000000
vt 0.352796 0.517561
vt 0.000000 0.000000
vt 0.352854 0.517563
vt 0.000000 0.000000
vt 0.352912 0.517565
vt 0.000000 0.000000
vt 0.352970 0.517569
vt 0.000000 0.000000
vt 0.353029 0.517573
vt 0.000000 0.000000
vt 0.353087 0.517577
vt 0.000000 0.000000
vt 0.353146 0.517583
vt 0.000000 0.000000
vt 0.353204 0.517588
vt 0.000000 0.000000
vt 0.353262 0.517595
vt 0.353319 0.517603
vt 0.000000 0.000000
vt 0.000000 0.000000
vt 0.000000 0.000000
vt 0.353377 0.517611
vt 0.000000 0.000000
vt 0.353435 0.517620
vt 0.000000 0.000000
vt 0.000000 0.000000
vt 0.353493 0.517630
vt 0.000000 0.000000
vt 0.000000 0.000000
vt 0.000000 0.000000
vt 0.353550 0.517640
vt 0.000000 0.000000
vt 0.000000 0.000000
vt 0.000000 0.000000
vt 0.353608 0.517651
vt 0.000000 0.000000
vt 0.000000 0.000000
vt 0.000000 0.000000
vt 0.000000 0.000000
vt 0.000000 0.000000
vt 0.353665 0.517663
vt 0.000000 0.000000
vt 0.000000 0.000000
vt 0.000000 0.000000
vt 0.353722 0.517676
vt 0.000000 0.000000
vt 0.000000 0.000000
vt 0.000000 0.000000
vt 0.353779 0.517689
vt 0.000000 0.000000
vt 0.000000 0.000000
vt 0.000000 0.000000
vt 0.353835 0.517703
vt 0.000000 0.000000
vt 0.353892 0.517717
vt 0.000000 0.000000
vt 0.000000 0.000000
vt 0.000000 0.000000
vt 0.353948 0.517733
vt 0.000000 0.000000
vt 0.000000 0.000000
vt 0.000000 0.000000
vt 0.354004 0.517749
vt 0.000000 0.000000
vt 0.000000 0.000000
vt 0.000000 0.000000
vt 0.000000 0.000000
vt 0.000000 0.000000
vt 0.354060 0.517765
vt 0.000000 0.000000
vt 0.354116 0.517782
vt 0.000000 0.000000
vt 0.000000 0.000000
vt 0.000000 0.000000
vt 0.354172 0.517800
vt 0.000000 0.000000
vt 0.000000 0.000000
vt 0.000000 0.000000
vt 0.000000 0.000000
vt 0.354228 0.517819
vt 0.000000 0.000000
vt 0.000000 0.000000
vt 0.354283 0.517838
vt 0.000000 0.000000
vt 0.000000 0.000000
vt 0.354338 0.517858
vt 0.000000 0.000000
vt 0.000000 0.000000
vt 0.354392 0.517879
vt 0.000000 0.000000
vt 0.354447 0.517900
vt 0.000000 0.000000
vt 0.354501 0.517923
vt 0.000000 0.000000
vt 0.354555 0.517945
vt 0.000000 0.000000
vt 0.354608 0.517969
vt 0.354661 0.517993
vt 0.000000 0.000000
vt 0.354714 0.518017
vt 0.000000 0.000000
vt 0.354767 0.518043
vt 0.000000 0.000000
vt 0.354819 0.518069
vt 0.000000 0.000000
vt 0.354872 0.518096
vt 0.000000 0.000000
vt 0.354923 0.518123
vt 0.000000 0.000000
vt 0.000000 0.000000
vt 0.354975 0.518151
vt 0.355026 0.518179
vt 0.000000 0.000000
vt 0.355076 0.518208
vt 0.000000 0.000000
vt 0.355126 0.518238
vt 0.000000 0.000000
vt 0.355176 0.518268
vt 0.000000 0.000000
vt 0.355226 0.518299
vt 0.000000 0.000000
vt 0.355275 0.518330
vt 0.000000 0.000000
vt 0.000000 0.000000
vt 0.355324 0.518362
vt 0.355373 0.518395
vt 0.000000 0.000000
vt 0.355420 0.518429
vt 0.000000 0.000000
vt 0.355468 0.518462
vt 0.000000 0.000000
vt 0.355515 0.518497
vt 0.000000 0.000000
vt 0.355562 0.518532
vt 0.000000 0.000000
vt 0.000000 0.000000
vt 0.355608 0.518568
vt 0.000000 0.000000
vt 0.355654 0.518604
vt 0.000000 0.000000
vt 0.355699 0.518641
vt 0.000000 0.000000
vt 0.355744 0.518678
vt 0.000000 0.000000
vt 0.355789 0.518716
vt 0.000000 0.000000
vt 0.355833 0.518754
vt 0.000000 0.000000
vt 0.355876 0.518793
vt 0.000000 0.000000
vt 0.355919 0.518833
vt 0.000000 0.000000
vt 0.000000 0.000000
vt 0.000000 0.000000
vt 0.355962 0.518873
vt 0.000000 0.000000
vt 0.000000 0.000000
vt 0.000000 0.000000
vt 0.356004 0.518913
vt 0.000000 0.000000
vt 0.000000 0.000000
vt 0.000000 0.000000
vt 0.000000 0.000000
vt 0.356046 0.518955
vt 0.000000 0.000000
vt 0.000000 0.000000
vt 0.356087 0.518997
vt 0.000000 0.000000
vt 0.000000 0.000000
vt 0.000000 0.000000
vt 0.000000 0.000000
vt 0.356127 0.519038
vt 0.000000 0.000000
vt 0.000000 0.000000
vt 0.356167 0.519081
vt 0.000000 0.000000
vt 0.000000 0.000000
vt 0.000000 0.000000
vt 0.356207 0.519124
vt 0.000000 0.000000
vt 0.000000 0.000000
vt 0.000000 0.000000
vt 0.000000 0.000000
vt 0.356246 0.519168
vt 0.000000 0.000000
vt 0.000000 0.000000
vt 0.000000 0.000000
vt 0.356284 0.519212
vt 0.000000 0.000000
vt 0.000000 0.000000
vt 0.000000 0.000000
vt 0.356322 0.519256
vt 0.000000 0.000000
vt 0.356360 0.519301
vt 0.000000 0.000000
vt 0.000000 0.000000
vt 0.356396 0.519347
vt 0.000000 0.000000
vt 0.000000 0.000000
vt 0.000000 0.000000
vt 0.356433 0.519392
vt 0.000000 0.000000
vt 0.000000 0.000000
vt 0.000000 0.000000
vt 0.356468 0.519438
vt 0.000000 0.000000
vt 0.000000 0.000000
vt 0.000000 0.000000
vt 0.000000 0.000000
vt 0.356503 0.519485
vt 0.000000 0.000000
vt 0.000000 0.000000
vt 0.356538 0.519532
vt 0.000000 0.000000
vt 0.000000 0.000000
vt 0.000000 0.000000
vt 0.356572 0.519580
vt 0.000000 0.000000
vt 0.000000 0.000000
vt 0.000000 0.000000
vt 0.000000 0.000000
vt 0.000000 0.000000
vt 0.356605 0.519629
vt 0.000000 0.000000
vt 0.000000 0.000000
vt 0.000000 0.000000
vt 0.000000 0.000000
vt 0.356638 0.519676
vt 0.000000 0.000000
vt 0.000000 0.000000
vt 0.356670 0.519725
vt 0.000000 0.000000
vt 0.000000 0.000000
vt 0.000000 0.000000
vt 0.000000 0.000000
vt 0.356701 0.519774
vt 0.000000 0.000000
vt 0.000000 0.000000
vt 0.000000 0.000000
vt 0.356733 0.519824
vt 0.000000 0.000000
vt 0.000000 0.000000
vt 0.356763 0.519874
vt 0.000000 0.000000
vt 0.000000 0.000000
vt 0.000000 0.000000
vt 0.000000 0.000000
vt 0.356793 0.519924
vt 0.000000 0.000000
vt 0.000000 0.000000
vt 0.000000 0.000000
vt 0.356821 0.519975
vt 0.000000 0.000000
vt 0.000000 0.000000
vt 0.000000 0.000000
vt 0.356850 0.520026
vt 0.000000 0.000000
vt 0.000000 0.000000
vt 0.000000 0.000000
vt 0.356878 0.520077
vt 0.000000 0.000000
vt 0.000000 0.000000
vt 0.356905 0.520129
vt 0.000000 0.000000
vt 0.000000 0.000000
vt 0.000000 0.000000
vt 0.356932 0.520181
vt 0.000000 0.000000
vt 0.000000 0.000000
vt 0.000000 0.000000
vt 0.356958 0.520233
vt 0.000000 0.000000
vt 0.000000 0.000000
vt 0.000000 0.000000
vt 0.356983 0.520286
vt 0.000000 0.000000
vt 0.000000 0.000000
vt 0.000000 0.000000
vt 0.357008 0.520339
vt 0.000000 0.000000
vt 0.357032 0.520392
vt 0.000000 0.000000
vt 0.357055 0.520445
vt 0.000000 0.000000
vt 0.357078 0.520499
vt 0.357100 0.520553
vt 0.000000 0.000000
vt 0.357121 0.520608
vt 0.000000 0.000000
vt 0.357142 0.520662
vt 0.000000 0.000000
vt 0.357162 0.520717
vt 0.000000 0.000000
vt 0.357181 0.520772
vt 0.000000 0.000000
vt 0.357200 0.520827
vt 0.000000 0.000000
vt 0.357218 0.520884
vt 0.000000 0.000000
vt 0.357235 0.520939
vt 0.000000 0.000000
vt 0.357251 0.520996
vt 0.000000 0.000000
vt 0.000000 0.000000
vt 0.357267 0.521052
vt 0.357282 0.521108
vt 0.000000 0.000000
vt 0.357297 0.521165
vt 0.000000 0.000000
vt 0.357311 0.521222
vt 0.000000 0.000000
vt 0.000000 0.000000
vt 0.357324 0.521278
vt 0.000000 0.000000
vt 0.000000 0.000000
vt 0.000000 0.000000
vt 0.357337 0.521335
vt 0.000000 0.000000
vt 0.000000 0.000000
vt 0.000000 0.000000
vt 0.000000 0.000000
vt 0.357349 0.521393
vt 0.000000 0.000000
vt 0.000000 0.000000
vt 0.000000 0.000000
vt 0.000000 0.000000
vt 0.000000 0.000000
vt 0.357360 0.521450
vt 0.000000 0.000000
vt 0.357370 0.521508
vt 0.000000 0.000000
vt 0.000000 0.000000
vt 0.000000 0.000000
vt 0.000000 0.000000
vt 0.000000 0.000000
vt 0.357380 0.521565
vt 0.000000 0.000000
vt 0.000000 0.000000
vt 0.357389 0.521622
vt 0.000000 0.000000
vt 0.000000 0.000000
vt 0.357397 0.521680
vt 0.000000 0.000000
vt 0.000000 0.000000
vt 0.357405 0.521738
vt 0.000000 0.000000
vt 0.000000 0.000000
vt 0.000000 0.000000
vt 0.357411 0.521796
vt 0.000000 0.000000
vt 0.000000 0.000000
vt 0.000000 0.000000
vt 0.000000 0.000000
vt 0.000000 0.000000
vt 0.000000 0.000000
vt 0.357417 0.521854
vt 0.000000 0.000000
vt 0.000000 0.000000
vt 0.357423 0.521913
vt 0.000000 0.000000
vt 0.357428 0.521971
vt 0.000000 0.000000
vt 0.000000 0.000000
vt 0.000000 0.000000
vt 0.357431 0.522030
vt 0.000000 0.000000
vt 0.000000 0.000000
vt 0.000000 0.000000
vt 0.357434 0.522088
vt 0.000000 0.000000
vt 0.000000 0.000000
vt 0.357437 0.522146
vt 0.357439 0.522204
vt 0.357440 0.522263
vt 0.147048 0.749998
vt 0.147321 0.750000
vt 0.146774 0.749993
vt 0.146500 0.749985
vt 0.146226 0.749973
vt 0.145953 0.749958
vt 0.145679 0.749940
vt 0.145406 0.749918
vt 0.145134 0.749893
vt 0.144861 0.749864
vt 0.144589 0.749832
vt 0.144317 0.749797
vt 0.144046 0.749758
vt 0.143775 0.749717
vt 0.143505 0.749671
vt 0.143236 0.749623
vt 0.142967 0.749571
vt 0.142698 0.749516
vt 0.142431 0.749458
vt 0.142164 0.749396
vt 0.141898 0.749331
vt 0.141632 0.749263
vt 0.141368 0.749191
vt 0.141104 0.749117
vt 0.140842 0.749039
vt 0.140580 0.748958
vt 0.140320 0.748873
vt 0.140060 0.748786
vt 0.139802 0.748695
vt 0.139544 0.748601
vt 0.139288 0.748504
vt 0.139033 0.748404
vt 0.138779 0.748301
vt 0.138527 0.748195
vt 0.138276 0.748085
vt 0.138026 0.747973
vt 0.137778 0.747857
vt 0.137531 0.747738
vt 0.137285 0.747617
vt 0.137042 0.747492
vt 0.136799 0.747364
vt 0.136558 0.747234
vt 0.136319 0.747100
vt 0.136082 0.746964
vt 0.135846 0.746824
vt 0.135612 0.746682
vt 0.135380 0.746537
vt 0.135149 0.746389
vt 0.134920 0.746238
vt 0.134693 0.746085
vt 0.134469 0.745928
vt 0.134246 0.745769
vt 0.134025 0.745607
vt 0.133806 0.745443
vt 0.133589 0.745276
vt 0.133374 0.745106
vt 0.133161 0.744933
vt 0.132950 0.744758
vt 0.132742 0.744581
vt 0.132535 0.744400
vt 0.132331 0.744218
vt 0.132129 0.744032
vt 0.131930 0.743845
vt 0.000000 0.000000
vt 0.000000 0.000000
vt 0.131733 0.743655
vt 0.131538 0.743462
vt 0.000000 0.000000
vt 0.000000 0.000000
vt 0.131345 0.743267
vt 0.000000 0.000000
vt 0.131155 0.743070
vt 0.000000 0.000000
vt 0.130968 0.742871
vt 0.000000 0.000000
vt 0.130782 0.742669
vt 0.000000 0.000000
vt 0.130600 0.742465
vt 0.000000 0.000000
vt 0.130419 0.742258
vt 0.000000 0.000000
vt 0.130242 0.742050
vt 0.000000 0.000000
vt 0.130067 0.741839
vt 0.000000 0.000000
vt 0.129894 0.741626
vt 0.000000 0.000000
vt 0.129724 0.741411
vt 0.000000 0.000000
vt 0.129557 0.741194
vt 0.000000 0.000000
vt 0.129393 0.740975
vt 0.129231 0.740754
vt 0.000000 0.000000
vt 0.129072 0.740531
vt 0.000000 0.000000
vt 0.000000 0.000000
vt 0.128915 0.740306
vt 0.000000 0.000000
vt 0.128762 0.740080
vt 0.128611 0.739851
vt 0.000000 0.000000
vt 0.128463 0.739621
vt 0.000000 0.000000
vt 0.128318 0.739388
vt 0.000000 0.000000
vt 0.128176 0.739154
vt 0.000000 0.000000
vt 0.128036 0.738918
vt 0.000000 0.000000
vt 0.127900 0.738681
vt 0.000000 0.000000
vt 0.127766 0.738442
vt 0.000000 0.000000
vt 0.127636 0.738201
vt 0.000000 0.000000
vt 0.127508 0.737958
vt 0.000000 0.000000
vt 0.127383 0.737715
vt 0.000000 0.000000
vt 0.127262 0.737469
vt 0.000000 0.000000
vt 0.000000 0.000000
vt 0.127143 0.737222
vt 0.127028 0.736974
vt 0.000000 0.000000
vt 0.126915 0.736724
vt 0.000000 0.000000
vt 0.126805 0.736473
vt 0.000000 0.000000
vt 0.000000 0.000000
vt 0.126699 0.736221
vt 0.126596 0.735967
vt 0.000000 0.000000
vt 0.126496 0.735712
vt 0.000000 0.000000
vt 0.126399 0.735456
vt 0.000000 0.000000
vt 0.126305 0.735198
vt 0.000000 0.000000
vt 0.126214 0.734940
vt 0.000000 0.000000
vt 0.126127 0.734680
vt 0.000000 0.000000
vt 0.126042 0.734420
vt 0.000000 0.000000
vt 0.125961 0.734158
vt 0.000000 0.000000
vt 0.125883 0.733896
vt 0.000000 0.000000
vt 0.125809 0.733632
vt 0.000000 0.000000
vt 0.125737 0.733368
vt 0.000000 0.000000
vt 0.125669 0.733102
vt 0.000000 0.000000
vt 0.125604 0.732836
vt 0.000000 0.000000
vt 0.125542 0.732569
vt 0.000000 0.000000
vt 0.000000 0.000000
vt 0.125484 0.732302
vt 0.000000 0.000000
vt 0.125429 0.732033
vt 0.000000 0.000000
vt 0.125377 0.731764
vt 0.000000 0.000000
vt 0.125329 0.731495
vt 0.000000 0.000000
vt 0.125283 0.731224
vt 0.000000 0.000000
vt 0.125242 0.730954
vt 0.000000 0.000000
vt 0.125203 0.730683
vt 0.000000 0.000000
vt 0.125168 0.730411
vt 0.125136 0.730139
vt 0.000000 0.000000
vt 0.125107 0.729866
vt 0.000000 0.000000
vt 0.125082 0.729594
vt 0.000000 0.000000
vt 0.125060 0.729321
vt 0.000000 0.000000
vt 0.000000 0.000000
vt 0.125042 0.729047
vt 0.125027 0.728774
vt 0.125015 0.728500
vt 0.125007 0.728226
vt 0.125002 0.727952
vt 0.125000 0.727679
vt 0.147321 0.500000
vt 0.147048 0.500002
vt 0.146774 0.500007
vt 0.146500 0.500015
vt 0.146226 0.500027
vt 0.145953 0.500042
vt 0.145679 0.500060
vt 0.145406 0.500082
vt 0.145134 0.500107
vt 0.144861 0.500136
vt 0.144589 0.500168
vt 0.144317 0.500203
vt 0.144046 0.500242
vt 0.143775 0.500283
vt 0.143505 0.500329
vt 0.143236 0.500377
vt 0.142967 0.500429
vt 0.142698 0.500484
vt 0.142431 0.500542
vt 0.142164 0.500604
vt 0.141898 0.500669
vt 0.141632 0.500737
vt 0.141368 0.500809
vt 0.141104 0.500883
vt 0.140842 0.500961
vt 0.140580 0.501042
vt 0.140320 0.501127
vt 0.140060 0.501214
vt 0.000000 0.000000
vt 0.139802 0.501305
vt 0.000000 0.000000
vt 0.139544 0.501399
vt 0.139288 0.501496
vt 0.000000 0.000000
vt 0.000000 0.000000
vt 0.139033 0.501596
vt 0.000000 0.000000
vt 0.138779 0.501699
vt 0.138527 0.501805
vt 0.000000 0.000000
vt 0.138276 0.501915
vt 0.000000 0.000000
vt 0.000000 0.000000
vt 0.138026 0.502028
vt 0.000000 0.000000
vt 0.137778 0.502143
vt 0.000000 0.000000
vt 0.137531 0.502262
vt 0.000000 0.000000
vt 0.137285 0.502383
vt 0.000000 0.000000
vt 0.137042 0.502508
vt 0.000000 0.000000
vt 0.136799 0.502636
vt 0.136558 0.502766
vt 0.000000 0.000000
vt 0.000000 0.000000
vt 0.136319 0.502900
vt 0.000000 0.000000
vt 0.136082 0.503036
vt 0.135846 0.503176
vt 0.000000 0.000000
vt 0.135612 0.503318
vt 0.000000 0.000000
vt 0.135380 0.503463
vt 0.000000 0.000000
vt 0.135149 0.503611
vt 0.000000 0.000000
vt 0.000000 0.000000
vt 0.134920 0.503762
vt 0.134693 0.503915
vt 0.000000 0.000000
vt 0.000000 0.000000
vt 0.134469 0.504072
vt 0.000000 0.000000
vt 0.134246 0.504231
vt 0.000000 0.000000
vt 0.134025 0.504393
vt 0.133806 0.504557
vt 0.000000 0.000000
vt 0.000000 0.000000
vt 0.133589 0.504724
vt 0.000000 0.000000
vt 0.133374 0.504894
vt 0.000000 0.000000
vt 0.133161 0.505067
vt 0.000000 0.000000
vt 0.132950 0.505242
vt 0.000000 0.000000
vt 0.132742 0.505419
vt 0.000000 0.000000
vt 0.132535 0.505600
vt 0.132331 0.505782
vt 0.132129 0.505968
vt 0.131930 0.506155
vt 0.131733 0.506345
vt 0.131538 0.506538
vt 0.131345 0.506733
vt 0.131155 0.506930
vt 0.130968 0.507129
vt 0.130782 0.507331
vt 0.130600 0.507535
vt 0.130419 0.507742
vt 0.130242 0.507950
vt 0.130067 0.508161
vt 0.129894 0.508374
vt 0.129724 0.508589
vt 0.129557 0.508806
vt 0.129393 0.509025
vt 0.129231 0.509246
vt 0.129072 0.509469
vt 0.128915 0.509694
vt 0.128762 0.509920
vt 0.128611 0.510149
vt 0.128463 0.510379
vt 0.128318 0.510612
vt 0.128176 0.510846
vt 0.128036 0.511082
vt 0.127900 0.511319
vt 0.127766 0.511558
vt 0.127636 0.511799
vt 0.127508 0.512042
vt 0.127383 0.512285
vt 0.127262 0.512531
vt 0.127143 0.512778
vt 0.127028 0.513026
vt 0.126915 0.513276
vt 0.126805 0.513527
vt 0.126699 0.513779
vt 0.126596 0.514033
vt 0.126496 0.514288
vt 0.126399 0.514544
vt 0.126305 0.514802
vt 0.126214 0.515060
vt 0.126127 0.515320
vt 0.126042 0.515580
vt 0.125961 0.515842
vt 0.125883 0.516104
vt 0.125809 0.516368
vt 0.125737 0.516632
vt 0.125669 0.516898
vt 0.125604 0.517164
vt 0.125542 0.517431
vt 0.125484 0.517698
vt 0.125429 0.517967
vt 0.125377 0.518236
vt 0.125329 0.518505
vt 0.125283 0.518775
vt 0.125242 0.519046
vt 0.125203 0.519317
vt 0.125168 0.519589
vt 0.125136 0.519861
vt 0.125107 0.520134
vt 0.125082 0.520406
vt 0.125060 0.520679
vt 0.125042 0.520953
vt 0.328869 0.684524
vt 0.000000 0.000000
vt 0.328395 0.684530
vt 0.000000 0.000000
vt 0.125027 0.521226
vt 0.000000 0.000000
vt 0.327920 0.684547
vt 0.000000 0.000000
vt 0.000000 0.000000
vt 0.125015 0.521500
vt 0.000000 0.000000
vt 0.327446 0.684576
vt 0.000000 0.000000
vt 0.000000 0.000000
vt 0.125007 0.521774
vt 0.000000 0.000000
vt 0.326973 0.684617
vt 0.000000 0.000000
vt 0.000000 0.000000
vt 0.125002 0.522047
vt 0.000000 0.000000
vt 0.326501 0.684670
vt 0.000000 0.000000
vt 0.000000 0.000000
vt 0.125000 0.522321
vt 0.000000 0.000000
vt 0.326030 0.684733
vt 0.000000 0.000000
vt 0.000000 0.000000
vt 0.000000 0.000000
vt 0.375000 0.522321
vt 0.000000 0.000000
vt 0.325562 0.684809
vt 0.000000 0.000000
vt 0.000000 0.000000
vt 0.374998 0.522048
vt 0.000000 0.000000
vt 0.374993 0.521774
vt 0.000000 0.000000
vt 0.325095 0.684895
vt 0.000000 0.000000
vt 0.000000 0.000000
vt 0.324630 0.684994
vt 0.000000 0.000000
vt 0.000000 0.000000
vt 0.374985 0.521500
vt 0.324169 0.685104
vt 0.000000 0.000000
vt 0.000000 0.000000
vt 0.000000 0.000000
vt 0.374973 0.521226
vt 0.323709 0.685225
vt 0.000000 0.000000
vt 0.000000 0.000000
vt 0.000000 0.000000
vt 0.374958 0.520953
vt 0.323254 0.685357
vt 0.000000 0.000000
vt 0.000000 0.000000
vt 0.000000 0.000000
vt 0.374940 0.520679
vt 0.000000 0.000000
vt 0.322801 0.685500
vt 0.000000 0.000000
vt 0.374918 0.520406
vt 0.000000 0.000000
vt 0.000000 0.000000
vt 0.322352 0.685654
vt 0.000000 0.000000
vt 0.374893 0.520134
vt 0.000000 0.000000
vt 0.000000 0.000000
vt 0.321907 0.685820
vt 0.000000 0.000000
vt 0.374864 0.519861
vt 0.000000 0.000000
vt 0.000000 0.000000
vt 0.321466 0.685996
vt 0.000000 0.000000
vt 0.374832 0.519589
vt 0.000000 0.000000
vt 0.321029 0.686183
vt 0.000000 0.000000
vt 0.000000 0.000000
vt 0.374797 0.519317
vt 0.000000 0.000000
vt 0.320598 0.686382
vt 0.000000 0.000000
vt 0.000000 0.000000
vt 0.374758 0.519046
vt 0.000000 0.000000
vt 0.374717 0.518775
vt 0.000000 0.000000
vt 0.320172 0.686590
vt 0.000000 0.000000
vt 0.000000 0.000000
vt 0.000000 0.000000
vt 0.374671 0.518505
vt 0.000000 0.000000
vt 0.319750 0.686808
vt 0.000000 0.000000
vt 0.000000 0.000000
vt 0.319334 0.687037
vt 0.000000 0.000000
vt 0.374623 0.518236
vt 0.000000 0.000000
vt 0.374571 0.517967
vt 0.000000 0.000000
vt 0.318924 0.687276
vt 0.000000 0.000000
vt 0.000000 0.000000
vt 0.374516 0.517698
vt 0.000000 0.000000
vt 0.318519 0.687524
vt 0.000000 0.000000
vt 0.000000 0.000000
vt 0.374458 0.517431
vt 0.000000 0.000000
vt 0.000000 0.000000
vt 0.318122 0.687785
vt 0.000000 0.000000
vt 0.000000 0.000000
vt 0.374396 0.517164
vt 0.000000 0.000000
vt 0.317730 0.688052
vt 0.000000 0.000000
vt 0.000000 0.000000
vt 0.374331 0.516898
vt 0.317345 0.688330
vt 0.000000 0.000000
vt 0.000000 0.000000
vt 0.374263 0.516632
vt 0.000000 0.000000
vt 0.316967 0.688618
vt 0.000000 0.000000
vt 0.000000 0.000000
vt 0.000000 0.000000
vt 0.374191 0.516368
vt 0.000000 0.000000
vt 0.316597 0.688915
vt 0.000000 0.000000
vt 0.374117 0.516104
vt 0.000000 0.000000
vt 0.316234 0.689221
vt 0.000000 0.000000
vt 0.000000 0.000000
vt 0.374039 0.515842
vt 0.000000 0.000000
vt 0.000000 0.000000
vt 0.315877 0.689535
vt 0.000000 0.000000
vt 0.000000 0.000000
vt 0.373958 0.515580
vt 0.315530 0.689859
vt 0.000000 0.000000
vt 0.000000 0.000000
vt 0.000000 0.000000
vt 0.373873 0.515320
vt 0.315190 0.690190
vt 0.000000 0.000000
vt 0.000000 0.000000
vt 0.000000 0.000000
vt 0.373786 0.515060
vt 0.314858 0.690530
vt 0.000000 0.000000
vt 0.373695 0.514802
vt 0.314535 0.690878
vt 0.000000 0.000000
vt 0.373601 0.514544
vt 0.314221 0.691234
vt 0.000000 0.000000
vt 0.373504 0.514288
vt 0.313915 0.691597
vt 0.000000 0.000000
vt 0.373404 0.514033
vt 0.313618 0.691967
vt 0.000000 0.000000
vt 0.373301 0.513779
vt 0.313331 0.692345
vt 0.000000 0.000000
vt 0.373194 0.513527
vt 0.313053 0.692730
vt 0.000000 0.000000
vt 0.373085 0.513276
vt 0.312784 0.693121
vt 0.000000 0.000000
vt 0.372973 0.513026
vt 0.312525 0.693520
vt 0.000000 0.000000
vt 0.372857 0.512778
vt 0.312276 0.693923
vt 0.000000 0.000000
vt 0.372738 0.512531
vt 0.312037 0.694333
vt 0.000000 0.000000
vt 0.372617 0.512285
vt 0.311808 0.694749
vt 0.000000 0.000000
vt 0.311589 0.695171
vt 0.000000 0.000000
vt 0.372492 0.512042
vt 0.311381 0.695598
vt 0.000000 0.000000
vt 0.372364 0.511799
vt 0.311183 0.696029
vt 0.000000 0.000000
vt 0.372234 0.511558
vt 0.372100 0.511319
vt 0.310996 0.696467
vt 0.000000 0.000000
vt 0.371964 0.511082
vt 0.000000 0.000000
vt 0.310820 0.696906
vt 0.000000 0.000000
vt 0.000000 0.000000
vt 0.371824 0.510846
vt 0.000000 0.000000
vt 0.310655 0.697352
vt 0.000000 0.000000
vt 0.000000 0.000000
vt 0.371682 0.510612
vt 0.000000 0.000000
vt 0.310500 0.697801
vt 0.000000 0.000000
vt 0.371537 0.510379
vt 0.000000 0.000000
vt 0.310357 0.698253
vt 0.000000 0.000000
vt 0.000000 0.000000
vt 0.000000 0.000000
vt 0.371389 0.510149
vt 0.000000 0.000000
vt 0.310225 0.698710
vt 0.000000 0.000000
vt 0.000000 0.000000
vt 0.371238 0.509920
vt 0.000000 0.000000
vt 0.310104 0.699168
vt 0.000000 0.000000
vt 0.371085 0.509694
vt 0.000000 0.000000
vt 0.000000 0.000000
vt 0.309994 0.699631
vt 0.000000 0.000000
vt 0.370928 0.509469
vt 0.000000 0.000000
vt 0.309896 0.700095
vt 0.000000 0.000000
vt 0.000000 0.000000
vt 0.000000 0.000000
vt 0.370769 0.509246
vt 0.309808 0.700562
vt 0.000000 0.000000
vt 0.000000 0.000000
vt 0.370607 0.509025
vt 0.000000 0.000000
vt 0.309733 0.701030
vt 0.000000 0.000000
vt 0.000000 0.000000
vt 0.370443 0.508806
vt 0.000000 0.000000
vt 0.000000 0.000000
vt 0.309670 0.701501
vt 0.000000 0.000000
vt 0.370276 0.508589
vt 0.000000 0.000000
vt 0.000000 0.000000
vt 0.309617 0.701973
vt 0.000000 0.000000
vt 0.370106 0.508374
vt 0.000000 0.000000
vt 0.309576 0.702446
vt 0.000000 0.000000
vt 0.000000 0.000000
vt 0.000000 0.000000
vt 0.369933 0.508161
vt 0.309547 0.702920
vt 0.000000 0.000000
vt 0.000000 0.000000
vt 0.369758 0.507950
vt 0.000000 0.000000
vt 0.309530 0.703394
vt 0.000000 0.000000
vt 0.000000 0.000000
vt 0.000000 0.000000
vt 0.369581 0.507742
vt 0.000000 0.000000
vt 0.309524 0.703869
vt 0.000000 0.000000
vt 0.309529 0.704344
vt 0.000000 0.000000
vt 0.369400 0.507535
vt 0.309547 0.704819
vt 0.000000 0.000000
vt 0.369218 0.507331
vt 0.369032 0.507129
vt 0.309576 0.705292
vt 0.000000 0.000000
vt 0.309617 0.705765
vt 0.000000 0.000000
vt 0.368845 0.506930
vt 0.309669 0.706237
vt 0.000000 0.000000
vt 0.368655 0.506733
vt 0.309733 0.706707
vt 0.000000 0.000000
vt 0.368462 0.506538
vt 0.309809 0.707176
vt 0.000000 0.000000
vt 0.368267 0.506345
vt 0.309896 0.707643
vt 0.000000 0.000000
vt 0.368070 0.506155
vt 0.367871 0.505967
vt 0.309994 0.708107
vt 0.000000 0.000000
vt 0.310104 0.708569
vt 0.000000 0.000000
vt 0.367669 0.505782
vt 0.310225 0.709029
vt 0.000000 0.000000
vt 0.367465 0.505600
vt 0.310356 0.709484
vt 0.000000 0.000000
vt 0.367258 0.505419
vt 0.310500 0.709937
vt 0.000000 0.000000
vt 0.367050 0.505242
vt 0.366839 0.505067
vt 0.310655 0.710386
vt 0.000000 0.000000
vt 0.366626 0.504894
vt 0.310820 0.710832
vt 0.000000 0.000000
vt 0.366411 0.504724
vt 0.310996 0.711273
vt 0.000000 0.000000
vt 0.366194 0.504557
vt 0.311184 0.711709
vt 0.000000 0.000000
vt 0.365975 0.504393
vt 0.311381 0.712140
vt 0.000000 0.000000
vt 0.365754 0.504231
vt 0.311589 0.712567
vt 0.000000 0.000000
vt 0.311808 0.712988
vt 0.000000 0.000000
vt 0.365531 0.504072
vt 0.365307 0.503915
vt 0.312037 0.713404
vt 0.000000 0.000000
vt 0.365080 0.503762
vt 0.312276 0.713814
vt 0.000000 0.000000
vt 0.364851 0.503611
vt 0.312525 0.714219
vt 0.000000 0.000000
vt 0.364620 0.503463
vt 0.312784 0.714616
vt 0.000000 0.000000
vt 0.313053 0.715008
vt 0.000000 0.000000
vt 0.364388 0.503318
vt 0.364154 0.503176
vt 0.313331 0.715393
vt 0.000000 0.000000
vt 0.313618 0.715771
vt 0.000000 0.000000
vt 0.363918 0.503036
vt 0.313915 0.716142
vt 0.000000 0.000000
vt 0.363681 0.502900
vt 0.363442 0.502766
vt 0.314221 0.716505
vt 0.000000 0.000000
vt 0.314535 0.716861
vt 0.000000 0.000000
vt 0.363201 0.502636
vt 0.362958 0.502508
vt 0.314858 0.717209
vt 0.000000 0.000000
vt 0.362715 0.502383
vt 0.315190 0.717548
vt 0.000000 0.000000
vt 0.362469 0.502262
vt 0.000000 0.000000
vt 0.315530 0.717880
vt 0.000000 0.000000
vt 0.000000 0.000000
vt 0.000000 0.000000
vt 0.362222 0.502143
vt 0.315877 0.718203
vt 0.000000 0.000000
vt 0.000000 0.000000
vt 0.000000 0.000000
vt 0.361974 0.502028
vt 0.000000 0.000000
vt 0.316233 0.718518
vt 0.000000 0.000000
vt 0.000000 0.000000
vt 0.361724 0.501915
vt 0.000000 0.000000
vt 0.316597 0.718823
vt 0.000000 0.000000
vt 0.361473 0.501805
vt 0.000000 0.000000
vt 0.316967 0.719120
vt 0.000000 0.000000
vt 0.000000 0.000000
vt 0.361221 0.501699
vt 0.000000 0.000000
vt 0.000000 0.000000
vt 0.317345 0.719407
vt 0.000000 0.000000
vt 0.360967 0.501596
vt 0.000000 0.000000
vt 0.000000 0.000000
vt 0.317730 0.719685
vt 0.000000 0.000000
vt 0.000000 0.000000
vt 0.360712 0.501496
vt 0.000000 0.000000
vt 0.318121 0.719955
vt 0.000000 0.000000
vt 0.000000 0.000000
vt 0.360456 0.501399
vt 0.000000 0.000000
vt 0.318519 0.720213
vt 0.000000 0.000000
vt 0.000000 0.000000
vt 0.360198 0.501305
vt 0.318924 0.720462
vt 0.000000 0.000000
vt 0.000000 0.000000
vt 0.000000 0.000000
vt 0.319334 0.720701
vt 0.000000 0.000000
vt 0.000000 0.000000
vt 0.359940 0.501214
vt 0.000000 0.000000
vt 0.319750 0.720930
vt 0.000000 0.000000
vt 0.359680 0.501127
vt 0.000000 0.000000
vt 0.359420 0.501042
vt 0.000000 0.000000
vt 0.000000 0.000000
vt 0.320171 0.721149
vt 0.000000 0.000000
vt 0.000000 0.000000
vt 0.359158 0.500961
vt 0.320598 0.721357
vt 0.000000 0.000000
vt 0.000000 0.000000
vt 0.000000 0.000000
vt 0.321030 0.721555
vt 0.000000 0.000000
vt 0.000000 0.000000
vt 0.358896 0.500883
vt 0.321466 0.721741
vt 0.000000 0.000000
vt 0.000000 0.000000
vt 0.358632 0.500809
vt 0.000000 0.000000
vt 0.000000 0.000000
vt 0.321907 0.721918
vt 0.000000 0.000000
vt 0.358368 0.500737
vt 0.000000 0.000000
vt 0.000000 0.000000
vt 0.322352 0.722084
vt 0.000000 0.000000
vt 0.358102 0.500669
vt 0.000000 0.000000
vt 0.322801 0.722238
vt 0.000000 0.000000
vt 0.000000 0.000000
vt 0.000000 0.000000
vt 0.357836 0.500604
vt 0.323254 0.722382
vt 0.000000 0.000000
vt 0.000000 0.000000
vt 0.357569 0.500542
vt 0.000000 0.000000
vt 0.357302 0.500484
vt 0.000000 0.000000
vt 0.000000 0.000000
vt 0.323710 0.722513
vt 0.000000 0.000000
vt 0.000000 0.000000
vt 0.324169 0.722635
vt 0.000000 0.000000
vt 0.000000 0.000000
vt 0.357033 0.500429
vt 0.324631 0.722744
vt 0.000000 0.000000
vt 0.000000 0.000000
vt 0.000000 0.000000
vt 0.356764 0.500377
vt 0.000000 0.000000
vt 0.325095 0.722842
vt 0.000000 0.000000
vt 0.356495 0.500329
vt 0.000000 0.000000
vt 0.325562 0.722929
vt 0.000000 0.000000
vt 0.000000 0.000000
vt 0.356225 0.500283
vt 0.000000 0.000000
vt 0.355954 0.500242
vt 0.000000 0.000000
vt 0.326031 0.723005
vt 0.000000 0.000000
vt 0.000000 0.000000
vt 0.355683 0.500203
vt 0.000000 0.000000
vt 0.326501 0.723069
vt 0.000000 0.000000
vt 0.000000 0.000000
vt 0.355411 0.500168
vt 0.000000 0.000000
vt 0.326973 0.723121
vt 0.000000 0.000000
vt 0.000000 0.000000
vt 0.327446 0.723162
vt 0.000000 0.000000
vt 0.000000 0.000000
vt 0.355139 0.500136
vt 0.000000 0.000000
vt 0.354866 0.500107
vt 0.000000 0.000000
vt 0.000000 0.000000
vt 0.327920 0.723190
vt 0.000000 0.000000
vt 0.354594 0.500082
vt 0.000000 0.000000
vt 0.328394 0.723209
vt 0.000000 0.000000
vt 0.000000 0.000000
vt 0.354321 0.500060
vt 0.328869 0.723214
vt 0.000000 0.000000
vt 0.329344 0.723209
vt 0.000000 0.000000
vt 0.354047 0.500042
vt 0.329818 0.723191
vt 0.000000 0.000000
vt 0.353774 0.500027
vt 0.353500 0.500015
vt 0.330292 0.723161
vt 0.000000 0.000000
vt 0.353226 0.500007
vt 0.330765 0.723121
vt 0.000000 0.000000
vt 0.331237 0.723069
vt 0.000000 0.000000
vt 0.352952 0.500002
vt 0.352679 0.500000
vt 0.331707 0.723005
vt 0.000000 0.000000
vt 0.352679 0.750000
vt 0.332176 0.722929
vt 0.000000 0.000000
vt 0.332643 0.722842
vt 0.000000 0.000000
vt 0.352952 0.749998
vt 0.353226 0.749993
vt 0.333107 0.722744
vt 0.000000 0.000000
vt 0.333570 0.722635
vt 0.000000 0.000000
vt 0.353500 0.749985
vt 0.353774 0.749973
vt 0.334029 0.722514
vt 0.000000 0.000000
vt 0.354047 0.749958
vt 0.334485 0.722382
vt 0.000000 0.000000
vt 0.354321 0.749940
vt 0.334937 0.722238
vt 0.000000 0.000000
vt 0.335386 0.722083
vt 0.000000 0.000000
vt 0.354594 0.749918
vt 0.335831 0.721918
vt 0.000000 0.000000
vt 0.354866 0.749892
vt 0.336272 0.721741
vt 0.000000 0.000000
vt 0.355139 0.749864
vt 0.000000 0.000000
vt 0.336708 0.721555
vt 0.000000 0.000000
vt 0.000000 0.000000
vt 0.355411 0.749832
vt 0.000000 0.000000
vt 0.337140 0.721357
vt 0.000000 0.000000
vt 0.000000 0.000000
vt 0.355683 0.749797
vt 0.000000 0.000000
vt 0.000000 0.000000
vt 0.355954 0.749758
vt 0.337567 0.721148
vt 0.000000 0.000000
vt 0.000000 0.000000
vt 0.337988 0.720930
vt 0.000000 0.000000
vt 0.000000 0.000000
vt 0.000000 0.000000
vt 0.356225 0.749717
vt 0.000000 0.000000
vt 0.356495 0.749671
vt 0.000000 0.000000
vt 0.338404 0.720701
vt 0.000000 0.000000
vt 0.356764 0.749623
vt 0.000000 0.000000
vt 0.000000 0.000000
vt 0.338814 0.720462
vt 0.000000 0.000000
vt 0.357033 0.749571
vt 0.000000 0.000000
vt 0.000000 0.000000
vt 0.339219 0.720213
vt 0.000000 0.000000
vt 0.000000 0.000000
vt 0.357302 0.749516
vt 0.000000 0.000000
vt 0.339617 0.719954
vt 0.000000 0.000000
vt 0.000000 0.000000
vt 0.340008 0.719686
vt 0.000000 0.000000
vt 0.000000 0.000000
vt 0.357569 0.749458
vt 0.340393 0.719407
vt 0.000000 0.000000
vt 0.000000 0.000000
vt 0.000000 0.000000
vt 0.357836 0.749396
vt 0.340771 0.719120
vt 0.000000 0.000000
vt 0.000000 0.000000
vt 0.000000 0.000000
vt 0.358102 0.749331
vt 0.000000 0.000000
vt 0.358368 0.749263
vt 0.000000 0.000000
vt 0.341141 0.718823
vt 0.000000 0.000000
vt 0.000000 0.000000
vt 0.341505 0.718517
vt 0.000000 0.000000
vt 0.358632 0.749191
vt 0.000000 0.000000
vt 0.000000 0.000000
vt 0.341861 0.718203
vt 0.000000 0.000000
vt 0.000000 0.000000
vt 0.358896 0.749117
vt 0.000000 0.000000
vt 0.342208 0.717880
vt 0.000000 0.000000
vt 0.359158 0.749039
vt 0.000000 0.000000
vt 0.342548 0.717548
vt 0.000000 0.000000
vt 0.000000 0.000000
vt 0.359420 0.748958
vt 0.342880 0.717209
vt 0.000000 0.000000
vt 0.359680 0.748873
vt 0.343203 0.716860
vt 0.000000 0.000000
vt 0.359940 0.748786
vt 0.360198 0.748695
vt 0.343518 0.716505
vt 0.000000 0.000000
vt 0.343823 0.716141
vt 0.000000 0.000000
vt 0.360456 0.748601
vt 0.344120 0.715771
vt 0.000000 0.000000
vt 0.360712 0.748504
vt 0.344407 0.715393
vt 0.000000 0.000000
vt 0.360967 0.748404
vt 0.344686 0.715008
vt 0.000000 0.000000
vt 0.361221 0.748301
vt 0.344954 0.714617
vt 0.000000 0.000000
vt 0.361473 0.748194
vt 0.345213 0.714219
vt 0.000000 0.000000
vt 0.361724 0.748085
vt 0.345462 0.713814
vt 0.000000 0.000000
vt 0.361974 0.747973
vt 0.345701 0.713404
vt 0.000000 0.000000
vt 0.362222 0.747857
vt 0.345930 0.712988
vt 0.000000 0.000000
vt 0.362469 0.747738
vt 0.346149 0.712566
vt 0.000000 0.000000
vt 0.362715 0.747617
vt 0.346357 0.712141
vt 0.000000 0.000000
vt 0.362958 0.747492
vt 0.346555 0.711709
vt 0.000000 0.000000
vt 0.363201 0.747364
vt 0.363442 0.747234
vt 0.346742 0.711272
vt 0.000000 0.000000
vt 0.363681 0.747100
vt 0.346918 0.710831
vt 0.000000 0.000000
vt 0.363918 0.746964
vt 0.347084 0.710386
vt 0.000000 0.000000
vt 0.364154 0.746824
vt 0.347238 0.709937
vt 0.000000 0.000000
vt 0.364388 0.746682
vt 0.347381 0.709484
vt 0.000000 0.000000
vt 0.364620 0.746537
vt 0.347513 0.709028
vt 0.000000 0.000000
vt 0.364851 0.746389
vt 0.347635 0.708569
vt 0.000000 0.000000
vt 0.347744 0.708108
vt 0.000000 0.000000
vt 0.365080 0.746238
vt 0.347843 0.707643
vt 0.000000 0.000000
vt 0.365307 0.746085
vt 0.347930 0.707176
vt 0.000000 0.000000
vt 0.365531 0.745928
vt 0.348005 0.706708
vt 0.000000 0.000000
vt 0.365754 0.745769
vt 0.348069 0.706237
vt 0.000000 0.000000
vt 0.365975 0.745607
vt 0.348121 0.705765
vt 0.000000 0.000000
vt 0.366194 0.745443
vt 0.348162 0.705292
vt 0.000000 0.000000
vt 0.366411 0.745276
vt 0.348191 0.704818
vt 0.000000 0.000000
vt 0.366626 0.745106
vt 0.348209 0.704345
vt 0.000000 0.000000
vt 0.366839 0.744933
vt 0.348215 0.703870
vt 0.000000 0.000000
vt 0.367050 0.744758
vt 0.367258 0.744581
vt 0.000000 0.000000
vt 0.348209 0.703394
vt 0.000000 0.000000
vt 0.000000 0.000000
vt 0.348191 0.702919
vt 0.000000 0.000000
vt 0.000000 0.000000
vt 0.367465 0.744400
vt 0.000000 0.000000
vt 0.348162 0.702446
vt 0.000000 0.000000
vt 0.000000 0.000000
vt 0.367669 0.744218
vt 0.000000 0.000000
vt 0.348121 0.701972
vt 0.000000 0.000000
vt 0.367871 0.744032
vt 0.000000 0.000000
vt 0.000000 0.000000
vt 0.348069 0.701501
vt 0.000000 0.000000
vt 0.368070 0.743845
vt 0.000000 0.000000
vt 0.348005 0.701030
vt 0.000000 0.000000
vt 0.000000 0.000000
vt 0.368267 0.743655
vt 0.000000 0.000000
vt 0.000000 0.000000
vt 0.347929 0.700562
vt 0.000000 0.000000
vt 0.368462 0.743462
vt 0.000000 0.000000
vt 0.000000 0.000000
vt 0.347842 0.700094
vt 0.000000 0.000000
vt 0.000000 0.000000
vt 0.368655 0.743267
vt 0.347744 0.699630
vt 0.000000 0.000000
vt 0.000000 0.000000
vt 0.000000 0.000000
vt 0.368845 0.743070
vt 0.347634 0.699168
vt 0.000000 0.000000
vt 0.000000 0.000000
vt 0.000000 0.000000
vt 0.369032 0.742871
vt 0.347514 0.698709
vt 0.000000 0.000000
vt 0.000000 0.000000
vt 0.000000 0.000000
vt 0.369218 0.742669
vt 0.347382 0.698254
vt 0.000000 0.000000
vt 0.000000 0.000000
vt 0.000000 0.000000
vt 0.369400 0.742465
vt 0.347238 0.697801
vt 0.000000 0.000000
vt 0.000000 0.000000
vt 0.000000 0.000000
vt 0.369581 0.742258
vt 0.347084 0.697352
vt 0.000000 0.000000
vt 0.000000 0.000000
vt 0.000000 0.000000
vt 0.369758 0.742050
vt 0.369933 0.741839
vt 0.000000 0.000000
vt 0.000000 0.000000
vt 0.346918 0.696907
vt 0.000000 0.000000
vt 0.346742 0.696466
vt 0.000000 0.000000
vt 0.000000 0.000000
vt 0.000000 0.000000
vt 0.370106 0.741626
vt 0.000000 0.000000
vt 0.346555 0.696030
vt 0.000000 0.000000
vt 0.370276 0.741411
vt 0.000000 0.000000
vt 0.346357 0.695598
vt 0.000000 0.000000
vt 0.000000 0.000000
vt 0.370443 0.741194
vt 0.000000 0.000000
vt 0.000000 0.000000
vt 0.346149 0.695171
vt 0.000000 0.000000
vt 0.000000 0.000000
vt 0.370607 0.740975
vt 0.000000 0.000000
vt 0.345930 0.694750
vt 0.000000 0.000000
vt 0.370769 0.740754
vt 0.000000 0.000000
vt 0.000000 0.000000
vt 0.345701 0.694333
vt 0.000000 0.000000
vt 0.370928 0.740531
vt 0.000000 0.000000
vt 0.000000 0.000000
vt 0.345462 0.693923
vt 0.000000 0.000000
vt 0.371085 0.740306
vt 0.000000 0.000000
vt 0.000000 0.000000
vt 0.345213 0.693519
vt 0.000000 0.000000
vt 0.371238 0.740080
vt 0.000000 0.000000
vt 0.000000 0.000000
vt 0.344954 0.693121
vt 0.000000 0.000000
vt 0.000000 0.000000
vt 0.371389 0.739851
vt 0.000000 0.000000
vt 0.344686 0.692730
vt 0.000000 0.000000
vt 0.371537 0.739621
vt 0.000000 0.000000
vt 0.000000 0.000000
vt 0.371682 0.739388
vt 0.344408 0.692345
vt 0.000000 0.000000
vt 0.000000 0.000000
vt 0.371824 0.739154
vt 0.000000 0.000000
vt 0.344120 0.691967
vt 0.000000 0.000000
vt 0.000000 0.000000
vt 0.371964 0.738918
vt 0.000000 0.000000
vt 0.000000 0.000000
vt 0.343823 0.691597
vt 0.000000 0.000000
vt 0.343518 0.691234
vt 0.000000 0.000000
vt 0.000000 0.000000
vt 0.000000 0.000000
vt 0.372100 0.738681
vt 0.372234 0.738442
vt 0.000000 0.000000
vt 0.000000 0.000000
vt 0.343203 0.690878
vt 0.000000 0.000000
vt 0.342880 0.690530
vt 0.000000 0.000000
vt 0.000000 0.000000
vt 0.372364 0.738201
vt 0.000000 0.000000
vt 0.000000 0.000000
vt 0.342548 0.690190
vt 0.000000 0.000000
vt 0.372492 0.737958
vt 0.000000 0.000000
vt 0.372617 0.737715
vt 0.000000 0.000000
vt 0.342208 0.689858
vt 0.000000 0.000000
vt 0.372738 0.737469
vt 0.341861 0.689534
vt 0.000000 0.000000
vt 0.372857 0.737222
vt 0.341505 0.689221
vt 0.000000 0.000000
vt 0.372973 0.736974
vt 0.341141 0.688915
vt 0.000000 0.000000
vt 0.373085 0.736724
vt 0.340771 0.688618
vt 0.000000 0.000000
vt 0.373194 0.736473
vt 0.340393 0.688331
vt 0.000000 0.000000
vt 0.373301 0.736221
vt 0.340009 0.688053
vt 0.000000 0.000000
vt 0.373404 0.735967
vt 0.339617 0.687784
vt 0.000000 0.000000
vt 0.373504 0.735712
vt 0.339219 0.687525
vt 0.000000 0.000000
vt 0.338814 0.687276
vt 0.000000 0.000000
vt 0.373601 0.735456
vt 0.338405 0.687038
vt 0.000000 0.000000
vt 0.373695 0.735198
vt 0.337988 0.686808
vt 0.000000 0.000000
vt 0.373786 0.734940
vt 0.337567 0.686589
vt 0.000000 0.000000
vt 0.373873 0.734680
vt 0.337140 0.686381
vt 0.000000 0.000000
vt 0.373958 0.734420
vt 0.336709 0.686183
vt 0.000000 0.000000
vt 0.374039 0.734158
vt 0.336272 0.685996
vt 0.000000 0.000000
vt 0.374117 0.733895
vt 0.374191 0.733632
vt 0.335831 0.685820
vt 0.000000 0.000000
vt 0.000000 0.000000
vt 0.374263 0.733368
vt 0.000000 0.000000
vt 0.000000 0.000000
vt 0.335387 0.685655
vt 0.000000 0.000000
vt 0.000000 0.000000
vt 0.374331 0.733102
vt 0.334938 0.685501
vt 0.000000 0.000000
vt 0.000000 0.000000
vt 0.334485 0.685356
vt 0.000000 0.000000
vt 0.000000 0.000000
vt 0.374396 0.732836
vt 0.000000 0.000000
vt 0.334029 0.685225
vt 0.000000 0.000000
vt 0.000000 0.000000
vt 0.374458 0.732569
vt 0.000000 0.000000
vt 0.000000 0.000000
vt 0.374516 0.732302
vt 0.333570 0.685104
vt 0.000000 0.000000
vt 0.000000 0.000000
vt 0.333108 0.684994
vt 0.000000 0.000000
vt 0.000000 0.000000
vt 0.000000 0.000000
vt 0.374571 0.732033
vt 0.332643 0.684895
vt 0.000000 0.000000
vt 0.000000 0.000000
vt 0.000000 0.000000
vt 0.374623 0.731764
vt 0.332176 0.684809
vt 0.000000 0.000000
vt 0.000000 0.000000
vt 0.000000 0.000000
vt 0.374671 0.731495
vt 0.331708 0.684733
vt 0.000000 0.000000
vt 0.000000 0.000000
vt 0.374717 0.731225
vt 0.000000 0.000000
vt 0.000000 0.000000
vt 0.331237 0.684669
vt 0.000000 0.000000
vt 0.000000 0.000000
vt 0.374758 0.730954
vt 0.000000 0.000000
vt 0.374797 0.730683
vt 0.000000 0.000000
vt 0.330765 0.684617
vt 0.000000 0.000000
vt 0.000000 0.000000
vt 0.374832 0.730411
vt 0.000000 0.000000
vt 0.330292 0.684576
vt 0.000000 0.000000
vt 0.000000 0.000000
vt 0.374864 0.730139
vt 0.000000 0.000000
vt 0.329818 0.684547
vt 0.000000 0.000000
vt 0.000000 0.000000
vt 0.374893 0.729867
vt 0.000000 0.000000
vt 0.329344 0.684529
vt 0.000000 0.000000
vt 0.000000 0.000000
vt 0.000000 0.000000
vt 0.000000 0.000000
vt 0.374918 0.729594
vt 0.000000 0.000000
vt 0.374940 0.729321
vt 0.000000 0.000000
vt 0.374958 0.729047
vt 0.000000 0.000000
vt 0.374973 0.728774
vt 0.000000 0.000000
vt 0.374985 0.728500
vt 0.000000 0.000000
vt 0.374993 0.728226
vt 0.374998 0.727952
vt 0.000000 0.000000
vt 0.000000 0.000000
vt 0.375000 0.727679
vt 0.000000 0.000000
vt 0.147205 0.737202
vt 0.147361 0.737203
vt 0.000000 0.000000
vt 0.000000 0.000000
vt 0.147088 0.737199
vt 0.146971 0.737196
vt 0.000000 0.000000
vt 0.000000 0.000000
vt 0.146854 0.737191
vt 0.000000 0.000000
vt 0.146737 0.737185
vt 0.000000 0.000000
vt 0.146621 0.737176
vt 0.000000 0.000000
vt 0.146504 0.737167
vt 0.000000 0.000000
vt 0.146388 0.737156
vt 0.000000 0.000000
vt 0.146272 0.737144
vt 0.146156 0.737130
vt 0.000000 0.000000
vt 0.146040 0.737115
vt 0.000000 0.000000
vt 0.145924 0.737099
vt 0.000000 0.000000
vt 0.000000 0.000000
vt 0.145808 0.737081
vt 0.000000 0.000000
vt 0.145693 0.737062
vt 0.145578 0.737042
vt 0.000000 0.000000
vt 0.145464 0.737019
vt 0.000000 0.000000
vt 0.145349 0.736996
vt 0.000000 0.000000
vt 0.145235 0.736971
vt 0.000000 0.000000
vt 0.000000 0.000000
vt 0.145121 0.736945
vt 0.145008 0.736917
vt 0.000000 0.000000
vt 0.144894 0.736888
vt 0.000000 0.000000
vt 0.144781 0.736857
vt 0.000000 0.000000
vt 0.000000 0.000000
vt 0.144669 0.736825
vt 0.000000 0.000000
vt 0.144557 0.736792
vt 0.000000 0.000000
vt 0.000000 0.000000
vt 0.000000 0.000000
vt 0.144445 0.736757
vt 0.000000 0.000000
vt 0.000000 0.000000
vt 0.000000 0.000000
vt 0.144334 0.736721
vt 0.000000 0.000000
vt 0.000000 0.000000
vt 0.144223 0.736685
vt 0.000000 0.000000
vt 0.000000 0.000000
vt 0.000000 0.000000
vt 0.144113 0.736645
vt 0.000000 0.000000
vt 0.000000 0.000000
vt 0.000000 0.000000
vt 0.000000 0.000000
vt 0.144003 0.736606
vt 0.000000 0.000000
vt 0.143894 0.736564
vt 0.000000 0.000000
vt 0.000000 0.000000
vt 0.000000 0.000000
vt 0.000000 0.000000
vt 0.000000 0.000000
vt 0.143785 0.736521
vt 0.000000 0.000000
vt 0.000000 0.000000
vt 0.143677 0.736477
vt 0.000000 0.000000
vt 0.000000 0.000000
vt 0.000000 0.000000
vt 0.143569 0.736431
vt 0.000000 0.000000
vt 0.000000 0.000000
vt 0.000000 0.000000
vt 0.143462 0.736385
vt 0.000000 0.000000
vt 0.000000 0.000000
vt 0.000000 0.000000
vt 0.143356 0.736337
vt 0.000000 0.000000
vt 0.000000 0.000000
vt 0.000000 0.000000
vt 0.143250 0.736288
vt 0.000000 0.000000
vt 0.143144 0.736237
vt 0.000000 0.000000
vt 0.000000 0.000000
vt 0.000000 0.000000
vt 0.000000 0.000000
vt 0.000000 0.000000
vt 0.143040 0.736185
vt 0.000000 0.000000
vt 0.000000 0.000000
vt 0.000000 0.000000
vt 0.000000 0.000000
vt 0.142935 0.736132
vt 0.142832 0.736078
vt 0.000000 0.000000
vt 0.000000 0.000000
vt 0.000000 0.000000
vt 0.142729 0.736022
vt 0.000000 0.000000
vt 0.000000 0.000000
vt 0.000000 0.000000
vt 0.000000 0.000000
vt 0.000000 0.000000
vt 0.000000 0.000000
vt 0.142627 0.735965
vt 0.142526 0.735906
vt 0.000000 0.000000
vt 0.000000 0.000000
vt 0.000000 0.000000
vt 0.000000 0.000000
vt 0.000000 0.000000
vt 0.000000 0.000000
vt 0.142426 0.735847
vt 0.142325 0.735786
vt 0.000000 0.000000
vt 0.000000 0.000000
vt 0.000000 0.000000
vt 0.000000 0.000000
vt 0.000000 0.000000
vt 0.000000 0.000000
vt 0.142226 0.735725
vt 0.000000 0.000000
vt 0.000000 0.000000
vt 0.000000 0.000000
vt 0.142128 0.735662
vt 0.000000 0.000000
vt 0.142031 0.735597
vt 0.000000 0.000000
vt 0.000000 0.000000
vt 0.000000 0.000000
vt 0.141934 0.735531
vt 0.000000 0.000000
vt 0.000000 0.000000
vt 0.000000 0.000000
vt 0.141838 0.735465
vt 0.000000 0.000000
vt 0.000000 0.000000
vt 0.141743 0.735397
vt 0.000000 0.000000
vt 0.000000 0.000000
vt 0.000000 0.000000
vt 0.000000 0.000000
vt 0.000000 0.000000
vt 0.141648 0.735328
vt 0.000000 0.000000
vt 0.000000 0.000000
vt 0.000000 0.000000
vt 0.141555 0.735258
vt 0.000000 0.000000
vt 0.141462 0.735186
vt 0.000000 0.000000
vt 0.000000 0.000000
vt 0.000000 0.000000
vt 0.000000 0.000000
vt 0.000000 0.000000
vt 0.141370 0.735114
vt 0.000000 0.000000
vt 0.141280 0.735041
vt 0.000000 0.000000
vt 0.141190 0.734965
vt 0.000000 0.000000
vt 0.141101 0.734890
vt 0.000000 0.000000
vt 0.141013 0.734813
vt 0.000000 0.000000
vt 0.140926 0.734735
vt 0.000000 0.000000
vt 0.140840 0.734656
vt 0.000000 0.000000
vt 0.140755 0.734576
vt 0.000000 0.000000
vt 0.000000 0.000000
vt 0.140671 0.734495
vt 0.140587 0.734413
vt 0.000000 0.000000
vt 0.000000 0.000000
vt 0.140505 0.734329
vt 0.000000 0.000000
vt 0.140424 0.734246
vt 0.000000 0.000000
vt 0.140344 0.734160
vt 0.000000 0.000000
vt 0.140265 0.734074
vt 0.140187 0.733987
vt 0.000000 0.000000
vt 0.140110 0.733899
vt 0.000000 0.000000
vt 0.000000 0.000000
vt 0.140034 0.733810
vt 0.139960 0.733720
vt 0.000000 0.000000
vt 0.000000 0.000000
vt 0.000000 0.000000
vt 0.000000 0.000000
vt 0.139886 0.733630
vt 0.000000 0.000000
vt 0.000000 0.000000
vt 0.139814 0.733538
vt 0.000000 0.000000
vt 0.000000 0.000000
vt 0.139742 0.733445
vt 0.000000 0.000000
vt 0.000000 0.000000
vt 0.000000 0.000000
vt 0.139672 0.733352
vt 0.000000 0.000000
vt 0.000000 0.000000
vt 0.000000 0.000000
vt 0.000000 0.000000
vt 0.139603 0.733258
vt 0.000000 0.000000
vt 0.000000 0.000000
vt 0.139535 0.733162
vt 0.000000 0.000000
vt 0.000000 0.000000
vt 0.000000 0.000000
vt 0.000000 0.000000
vt 0.000000 0.000000
vt 0.000000 0.000000
vt 0.139468 0.733066
vt 0.139403 0.732969
vt 0.000000 0.000000
vt 0.000000 0.000000
vt 0.000000 0.000000
vt 0.139339 0.732872
vt 0.000000 0.000000
vt 0.000000 0.000000
vt 0.000000 0.000000
vt 0.139276 0.732774
vt 0.000000 0.000000
vt 0.000000 0.000000
vt 0.000000 0.000000
vt 0.000000 0.000000
vt 0.000000 0.000000
vt 0.139214 0.732675
vt 0.000000 0.000000
vt 0.000000 0.000000
vt 0.000000 0.000000
vt 0.139153 0.732574
vt 0.000000 0.000000
vt 0.000000 0.000000
vt 0.139093 0.732474
vt 0.000000 0.000000
vt 0.000000 0.000000
vt 0.000000 0.000000
vt 0.139035 0.732373
vt 0.000000 0.000000
vt 0.000000 0.000000
vt 0.000000 0.000000
vt 0.138978 0.732271
vt 0.000000 0.000000
vt 0.000000 0.000000
vt 0.000000 0.000000
vt 0.000000 0.000000
vt 0.138922 0.732168
vt 0.000000 0.000000
vt 0.138868 0.732065
vt 0.000000 0.000000
vt 0.138815 0.731960
vt 0.138763 0.731855
vt 0.000000 0.000000
vt 0.000000 0.000000
vt 0.138712 0.731750
vt 0.138663 0.731645
vt 0.000000 0.000000
vt 0.138615 0.731538
vt 0.000000 0.000000
vt 0.000000 0.000000
vt 0.138568 0.731431
vt 0.000000 0.000000
vt 0.138523 0.731323
vt 0.138479 0.731215
vt 0.000000 0.000000
vt 0.138436 0.731106
vt 0.000000 0.000000
vt 0.138395 0.730997
vt 0.000000 0.000000
vt 0.000000 0.000000
vt 0.138355 0.730887
vt 0.000000 0.000000
vt 0.138316 0.730777
vt 0.000000 0.000000
vt 0.138279 0.730666
vt 0.138243 0.730555
vt 0.000000 0.000000
vt 0.138208 0.730443
vt 0.000000 0.000000
vt 0.138175 0.730331
vt 0.000000 0.000000
vt 0.138143 0.730218
vt 0.000000 0.000000
vt 0.000000 0.000000
vt 0.138112 0.730106
vt 0.000000 0.000000
vt 0.138083 0.729992
vt 0.138056 0.729880
vt 0.000000 0.000000
vt 0.138029 0.729765
vt 0.000000 0.000000
vt 0.138004 0.729651
vt 0.000000 0.000000
vt 0.000000 0.000000
vt 0.137981 0.729536
vt 0.000000 0.000000
vt 0.137959 0.729422
vt 0.137938 0.729307
vt 0.000000 0.000000
vt 0.000000 0.000000
vt 0.137919 0.729192
vt 0.137901 0.729076
vt 0.000000 0.000000
vt 0.137885 0.728961
vt 0.000000 0.000000
vt 0.000000 0.000000
vt 0.137869 0.728844
vt 0.000000 0.000000
vt 0.137856 0.728729
vt 0.137844 0.728612
vt 0.000000 0.000000
vt 0.000000 0.000000
vt 0.137833 0.728496
vt 0.000000 0.000000
vt 0.000000 0.000000
vt 0.137824 0.728379
vt 0.000000 0.000000
vt 0.000000 0.000000
vt 0.137816 0.728263
vt 0.000000 0.000000
vt 0.000000 0.000000
vt 0.000000 0.000000
vt 0.000000 0.000000
vt 0.000000 0.000000
vt 0.000000 0.000000
vt 0.137809 0.728146
vt 0.137804 0.728029
vt 0.000000 0.000000
vt 0.000000 0.000000
vt 0.000000 0.000000
vt 0.000000 0.000000
vt 0.000000 0.000000
vt 0.000000 0.000000
vt 0.137801 0.727912
vt 0.137799 0.727796
vt 0.000000 0.000000
vt 0.000000 0.000000
vt 0.000000 0.000000
vt 0.137798 0.727639
vt 0.000000 0.000000
vt 0.000000 0.000000
vt 0.000000 0.000000
vt 0.000000 0.000000
vt 0.147361 0.512798
vt 0.000000 0.000000
vt 0.000000 0.000000
vt 0.000000 0.000000
vt 0.000000 0.000000
vt 0.000000 0.000000
vt 0.147205 0.512799
vt 0.147088 0.512801
vt 0.000000 0.000000
vt 0.000000 0.000000
vt 0.000000 0.000000
vt 0.000000 0.000000
vt 0.146971 0.512804
vt 0.000000 0.000000
vt 0.000000 0.000000
vt 0.000000 0.000000
vt 0.000000 0.000000
vt 0.146854 0.512809
vt 0.000000 0.000000
vt 0.146737 0.512816
vt 0.000000 0.000000
vt 0.000000 0.000000
vt 0.000000 0.000000
vt 0.146621 0.512823
vt 0.000000 0.000000
vt 0.000000 0.000000
vt 0.000000 0.000000
vt 0.146504 0.512833
vt 0.000000 0.000000
vt 0.000000 0.000000
vt 0.000000 0.000000
vt 0.000000 0.000000
vt 0.000000 0.000000
vt 0.146388 0.512844
vt 0.000000 0.000000
vt 0.146272 0.512856
vt 0.000000 0.000000
vt 0.000000 0.000000
vt 0.000000 0.000000
vt 0.000000 0.000000
vt 0.000000 0.000000
vt 0.000000 0.000000
vt 0.146156 0.512870
vt 0.000000 0.000000
vt 0.146040 0.512885
vt 0.000000 0.000000
vt 0.000000 0.000000
vt 0.000000 0.000000
vt 0.000000 0.000000
vt 0.145924 0.512901
vt 0.000000 0.000000
vt 0.000000 0.000000
vt 0.000000 0.000000
vt 0.145809 0.512919
vt 0.000000 0.000000
vt 0.000000 0.000000
vt 0.000000 0.000000
vt 0.145693 0.512938
vt 0.000000 0.000000
vt 0.000000 0.000000
vt 0.000000 0.000000
vt 0.145579 0.512959
vt 0.000000 0.000000
vt 0.000000 0.000000
vt 0.000000 0.000000
vt 0.145464 0.512981
vt 0.000000 0.000000
vt 0.000000 0.000000
vt 0.000000 0.000000
vt 0.000000 0.000000
vt 0.145349 0.513005
vt 0.000000 0.000000
vt 0.000000 0.000000
vt 0.000000 0.000000
vt 0.145235 0.513030
vt 0.000000 0.000000
vt 0.000000 0.000000
vt 0.000000 0.000000
vt 0.145121 0.513056
vt 0.000000 0.000000
vt 0.000000 0.000000
vt 0.145007 0.513083
vt 0.000000 0.000000
vt 0.144894 0.513112
vt 0.000000 0.000000
vt 0.000000 0.000000
vt 0.000000 0.000000
vt 0.000000 0.000000
vt 0.000000 0.000000
vt 0.144781 0.513143
vt 0.000000 0.000000
vt 0.000000 0.000000
vt 0.000000 0.000000
vt 0.144669 0.513175
vt 0.000000 0.000000
vt 0.000000 0.000000
vt 0.000000 0.000000
vt 0.144557 0.513208
vt 0.000000 0.000000
vt 0.144445 0.513242
vt 0.000000 0.000000
vt 0.144334 0.513279
vt 0.000000 0.000000
vt 0.144223 0.513316
vt 0.000000 0.000000
vt 0.144113 0.513354
vt 0.144003 0.513395
vt 0.000000 0.000000
vt 0.000000 0.000000
vt 0.143894 0.513436
vt 0.143785 0.513479
vt 0.000000 0.000000
vt 0.000000 0.000000
vt 0.143677 0.513523
vt 0.143569 0.513568
vt 0.000000 0.000000
vt 0.000000 0.000000
vt 0.143462 0.513615
vt 0.143356 0.513663
vt 0.000000 0.000000
vt 0.143249 0.513712
vt 0.000000 0.000000
vt 0.000000 0.000000
vt 0.143144 0.513763
vt 0.143040 0.513814
vt 0.000000 0.000000
vt 0.142935 0.513867
vt 0.000000 0.000000
vt 0.000000 0.000000
vt 0.142832 0.513922
vt 0.000000 0.000000
vt 0.142729 0.513978
vt 0.000000 0.000000
vt 0.000000 0.000000
vt 0.000000 0.000000
vt 0.000000 0.000000
vt 0.142627 0.514035
vt 0.000000 0.000000
vt 0.000000 0.000000
vt 0.142526 0.514094
vt 0.000000 0.000000
vt 0.000000 0.000000
vt 0.000000 0.000000
vt 0.142426 0.514153
vt 0.000000 0.000000
vt 0.000000 0.000000
vt 0.000000 0.000000
vt 0.000000 0.000000
vt 0.000000 0.000000
vt 0.142325 0.514214
vt 0.000000 0.000000
vt 0.142226 0.514275
vt 0.000000 0.000000
vt 0.000000 0.000000
vt 0.000000 0.000000
vt 0.000000 0.000000
vt 0.000000 0.000000
vt 0.142128 0.514338
vt 0.000000 0.000000
vt 0.000000 0.000000
vt 0.000000 0.000000
vt 0.142031 0.514402
vt 0.000000 0.000000
vt 0.000000 0.000000
vt 0.141934 0.514468
vt 0.000000 0.000000
vt 0.000000 0.000000
vt 0.000000 0.000000
vt 0.000000 0.000000
vt 0.000000 0.000000
vt 0.141838 0.514535
vt 0.000000 0.000000
vt 0.000000 0.000000
vt 0.000000 0.000000
vt 0.141742 0.514603
vt 0.141648 0.514672
vt 0.000000 0.000000
vt 0.000000 0.000000
vt 0.000000 0.000000
vt 0.141555 0.514742
vt 0.000000 0.000000
vt 0.000000 0.000000
vt 0.000000 0.000000
vt 0.141462 0.514813
vt 0.000000 0.000000
vt 0.000000 0.000000
vt 0.000000 0.000000
vt 0.141370 0.514886
vt 0.000000 0.000000
vt 0.000000 0.000000
vt 0.000000 0.000000
vt 0.141280 0.514959
vt 0.000000 0.000000
vt 0.000000 0.000000
vt 0.141190 0.515035
vt 0.000000 0.000000
vt 0.141101 0.515110
vt 0.141013 0.515186
vt 0.000000 0.000000
vt 0.140926 0.515265
vt 0.000000 0.000000
vt 0.000000 0.000000
vt 0.140840 0.515344
vt 0.140754 0.515423
vt 0.000000 0.000000
vt 0.140671 0.515504
vt 0.000000 0.000000
vt 0.000000 0.000000
vt 0.140587 0.515587
vt 0.140505 0.515670
vt 0.000000 0.000000
vt 0.000000 0.000000
vt 0.140424 0.515754
vt 0.000000 0.000000
vt 0.140344 0.515840
vt 0.000000 0.000000
vt 0.140265 0.515925
vt 0.000000 0.000000
vt 0.140187 0.516012
vt 0.140110 0.516101
vt 0.000000 0.000000
vt 0.000000 0.000000
vt 0.140034 0.516190
vt 0.000000 0.000000
vt 0.139960 0.516280
vt 0.139886 0.516370
vt 0.000000 0.000000
vt 0.000000 0.000000
vt 0.139814 0.516462
vt 0.139742 0.516555
vt 0.000000 0.000000
vt 0.000000 0.000000
vt 0.139672 0.516648
vt 0.000000 0.000000
vt 0.139603 0.516743
vt 0.000000 0.000000
vt 0.139535 0.516837
vt 0.000000 0.000000
vt 0.139468 0.516933
vt 0.000000 0.000000
vt 0.139403 0.517031
vt 0.139339 0.517128
vt 0.000000 0.000000
vt 0.139275 0.517226
vt 0.000000 0.000000
vt 0.139213 0.517325
vt 0.000000 0.000000
vt 0.139153 0.517426
vt 0.000000 0.000000
vt 0.000000 0.000000
vt 0.139093 0.517526
vt 0.000000 0.000000
vt 0.139035 0.517627
vt 0.000000 0.000000
vt 0.138978 0.517729
vt 0.000000 0.000000
vt 0.000000 0.000000
vt 0.000000 0.000000
vt 0.138922 0.517831
vt 0.000000 0.000000
vt 0.000000 0.000000
vt 0.138868 0.517935
vt 0.000000 0.000000
vt 0.000000 0.000000
vt 0.000000 0.000000
vt 0.000000 0.000000
vt 0.138815 0.518040
vt 0.000000 0.000000
vt 0.138763 0.518144
vt 0.000000 0.000000
vt 0.000000 0.000000
vt 0.000000 0.000000
vt 0.000000 0.000000
vt 0.138712 0.518249
vt 0.000000 0.000000
vt 0.000000 0.000000
vt 0.000000 0.000000
vt 0.138663 0.518356
vt 0.000000 0.000000
vt 0.000000 0.000000
vt 0.000000 0.000000
vt 0.000000 0.000000
vt 0.138615 0.518462
vt 0.000000 0.000000
vt 0.000000 0.000000
vt 0.138568 0.518569
vt 0.000000 0.000000
vt 0.138523 0.518677
vt 0.000000 0.000000
vt 0.000000 0.000000
vt 0.000000 0.000000
vt 0.000000 0.000000
vt 0.000000 0.000000
vt 0.138479 0.518785
vt 0.000000 0.000000
vt 0.000000 0.000000
vt 0.138436 0.518894
vt 0.000000 0.000000
vt 0.000000 0.000000
vt 0.000000 0.000000
vt 0.138395 0.519004
vt 0.000000 0.000000
vt 0.000000 0.000000
vt 0.000000 0.000000
vt 0.138355 0.519113
vt 0.000000 0.000000
vt 0.000000 0.000000
vt 0.000000 0.000000
vt 0.000000 0.000000
vt 0.138316 0.519223
vt 0.000000 0.000000
vt 0.000000 0.000000
vt 0.000000 0.000000
vt 0.138278 0.519334
vt 0.000000 0.000000
vt 0.000000 0.000000
vt 0.000000 0.000000
vt 0.000000 0.000000
vt 0.138243 0.519445
vt 0.000000 0.000000
vt 0.000000 0.000000
vt 0.138208 0.519557
vt 0.000000 0.000000
vt 0.000000 0.000000
vt 0.000000 0.000000
vt 0.138175 0.519669
vt 0.000000 0.000000
vt 0.000000 0.000000
vt 0.000000 0.000000
vt 0.138143 0.519782
vt 0.000000 0.000000
vt 0.000000 0.000000
vt 0.000000 0.000000
vt 0.138112 0.519894
vt 0.000000 0.000000
vt 0.000000 0.000000
vt 0.138083 0.520007
vt 0.000000 0.000000
vt 0.000000 0.000000
vt 0.138055 0.520121
vt 0.000000 0.000000
vt 0.000000 0.000000
vt 0.000000 0.000000
vt 0.000000 0.000000
vt 0.000000 0.000000
vt 0.000000 0.000000
vt 0.138029 0.520235
vt 0.000000 0.000000
vt 0.000000 0.000000
vt 0.000000 0.000000
vt 0.138004 0.520350
vt 0.000000 0.000000
vt 0.000000 0.000000
vt 0.000000 0.000000
vt 0.137981 0.520464
vt 0.000000 0.000000
vt 0.000000 0.000000
vt 0.000000 0.000000
vt 0.137959 0.520579
vt 0.000000 0.000000
vt 0.000000 0.000000
vt 0.137938 0.520693
vt 0.000000 0.000000
vt 0.000000 0.000000
vt 0.000000 0.000000
vt 0.137919 0.520809
vt 0.000000 0.000000
vt 0.000000 0.000000
vt 0.000000 0.000000
vt 0.137901 0.520924
vt 0.000000 0.000000
vt 0.000000 0.000000
vt 0.000000 0.000000
vt 0.000000 0.000000
vt 0.137885 0.521040
vt 0.137869 0.521156
vt 0.000000 0.000000
vt 0.000000 0.000000
vt 0.000000 0.000000
vt 0.137856 0.521272
vt 0.137844 0.521388
vt 0.137833 0.521505
vt 0.137824 0.521621
vt 0.137816 0.521737
vt 0.137809 0.521854
vt 0.137804 0.521971
vt 0.137801 0.522088
vt 0.137799 0.522205
vt 0.137798 0.522361
vt 0.362203 0.522361
vt 0.362201 0.522205
vt 0.362199 0.522088
vt 0.362195 0.521971
vt 0.362191 0.521854
vt 0.362184 0.521737
vt 0.362176 0.521621
vt 0.362167 0.521505
vt 0.362157 0.521388
vt 0.362144 0.521272
vt 0.362130 0.521155
vt 0.362116 0.521040
vt 0.362099 0.520924
vt 0.362081 0.520808
vt 0.362062 0.520693
vt 0.362041 0.520579
vt 0.362019 0.520464
vt 0.361996 0.520349
vt 0.361970 0.520235
vt 0.361944 0.520120
vt 0.361917 0.520007
vt 0.361888 0.519895
vt 0.361857 0.519782
vt 0.000000 0.000000
vt 0.361826 0.519669
vt 0.000000 0.000000
vt 0.361792 0.519557
vt 0.000000 0.000000
vt 0.361758 0.519446
vt 0.361722 0.519334
vt 0.000000 0.000000
vt 0.361684 0.519224
vt 0.000000 0.000000
vt 0.000000 0.000000
vt 0.361646 0.519113
vt 0.000000 0.000000
vt 0.361606 0.519004
vt 0.361564 0.518895
vt 0.000000 0.000000
vt 0.361521 0.518785
vt 0.000000 0.000000
vt 0.361477 0.518677
vt 0.000000 0.000000
vt 0.000000 0.000000
vt 0.361431 0.518569
vt 0.000000 0.000000
vt 0.361385 0.518462
vt 0.361337 0.518356
vt 0.000000 0.000000
vt 0.000000 0.000000
vt 0.361288 0.518250
vt 0.361237 0.518144
vt 0.000000 0.000000
vt 0.000000 0.000000
vt 0.361185 0.518039
vt 0.361132 0.517935
vt 0.000000 0.000000
vt 0.000000 0.000000
vt 0.361077 0.517831
vt 0.361022 0.517729
vt 0.000000 0.000000
vt 0.000000 0.000000
vt 0.360965 0.517627
vt 0.000000 0.000000
vt 0.360907 0.517526
vt 0.000000 0.000000
vt 0.360848 0.517426
vt 0.360786 0.517325
vt 0.000000 0.000000
vt 0.360725 0.517226
vt 0.000000 0.000000
vt 0.360661 0.517128
vt 0.000000 0.000000
vt 0.360597 0.517030
vt 0.000000 0.000000
vt 0.360532 0.516933
vt 0.000000 0.000000
vt 0.360465 0.516837
vt 0.000000 0.000000
vt 0.000000 0.000000
vt 0.360397 0.516742
vt 0.360328 0.516648
vt 0.000000 0.000000
vt 0.000000 0.000000
vt 0.360258 0.516555
vt 0.000000 0.000000
vt 0.360186 0.516462
vt 0.360114 0.516370
vt 0.360040 0.516279
vt 0.359965 0.516190
vt 0.359890 0.516101
vt 0.359813 0.516013
vt 0.359735 0.515926
vt 0.359656 0.515840
vt 0.359575 0.515755
vt 0.359495 0.515670
vt 0.359413 0.515587
vt 0.359329 0.515505
vt 0.359245 0.515424
vt 0.359160 0.515344
vt 0.359074 0.515265
vt 0.358987 0.515187
vt 0.358899 0.515110
vt 0.358810 0.515035
vt 0.358720 0.514960
vt 0.358629 0.514886
vt 0.358538 0.514814
vt 0.358445 0.514742
vt 0.358352 0.514672
vt 0.358257 0.514603
vt 0.358162 0.514535
vt 0.358066 0.514468
vt 0.357970 0.514402
vt 0.357872 0.514338
vt 0.357774 0.514275
vt 0.357675 0.514214
vt 0.357575 0.514153
vt 0.357474 0.514093
vt 0.357373 0.514035
vt 0.357271 0.513978
vt 0.357168 0.513922
vt 0.357064 0.513867
vt 0.356960 0.513814
vt 0.356856 0.513763
vt 0.356750 0.513712
vt 0.356644 0.513663
vt 0.356538 0.513615
vt 0.356431 0.513568
vt 0.356323 0.513523
vt 0.356215 0.513479
vt 0.356106 0.513436
vt 0.355997 0.513394
vt 0.355887 0.513354
vt 0.355777 0.513316
vt 0.355666 0.513278
vt 0.355555 0.513243
vt 0.355443 0.513208
vt 0.355331 0.513175
vt 0.355218 0.513143
vt 0.355106 0.513112
vt 0.354993 0.513083
vt 0.354879 0.513056
vt 0.354766 0.513029
vt 0.354651 0.513004
vt 0.354536 0.512981
vt 0.354422 0.512959
vt 0.354307 0.512938
vt 0.354192 0.512919
vt 0.354076 0.512901
vt 0.353960 0.512885
vt 0.353844 0.512869
vt 0.353728 0.512855
vt 0.353612 0.512843
vt 0.353496 0.512833
vt 0.000000 0.000000
vt 0.000000 0.000000
vt 0.353379 0.512824
vt 0.000000 0.000000
vt 0.353263 0.512816
vt 0.000000 0.000000
vt 0.353145 0.512809
vt 0.353029 0.512804
vt 0.000000 0.000000
vt 0.000000 0.000000
vt 0.352912 0.512801
vt 0.352796 0.512799
vt 0.000000 0.000000
vt 0.352639 0.512798
vt 0.000000 0.000000
vt 0.000000 0.000000
vt 0.352639 0.737203
vt 0.000000 0.000000
vt 0.352796 0.737202
vt 0.000000 0.000000
vt 0.352912 0.737199
vt 0.000000 0.000000
vt 0.353029 0.737195
vt 0.353146 0.737190
vt 0.000000 0.000000
vt 0.000000 0.000000
vt 0.353262 0.737184
vt 0.000000 0.000000
vt 0.353379 0.737176
vt 0.000000 0.000000
vt 0.353496 0.737168
vt 0.000000 0.000000
vt 0.353612 0.737157
vt 0.353728 0.737144
vt 0.000000 0.000000
vt 0.000000 0.000000
vt 0.353844 0.737130
vt 0.353961 0.737116
vt 0.000000 0.000000
vt 0.000000 0.000000
vt 0.354076 0.737099
vt 0.354192 0.737081
vt 0.000000 0.000000
vt 0.354307 0.737062
vt 0.000000 0.000000
vt 0.000000 0.000000
vt 0.354421 0.737041
vt 0.354537 0.737019
vt 0.000000 0.000000
vt 0.000000 0.000000
vt 0.354651 0.736996
vt 0.354766 0.736971
vt 0.000000 0.000000
vt 0.354879 0.736944
vt 0.000000 0.000000
vt 0.354992 0.736917
vt 0.000000 0.000000
vt 0.000000 0.000000
vt 0.355106 0.736888
vt 0.355219 0.736858
vt 0.000000 0.000000
vt 0.000000 0.000000
vt 0.355331 0.736825
vt 0.000000 0.000000
vt 0.355443 0.736792
vt 0.355555 0.736757
vt 0.000000 0.000000
vt 0.000000 0.000000
vt 0.355666 0.736721
vt 0.000000 0.000000
vt 0.355777 0.736684
vt 0.000000 0.000000
vt 0.355887 0.736645
vt 0.000000 0.000000
vt 0.355997 0.736606
vt 0.356106 0.736564
vt 0.000000 0.000000
vt 0.356215 0.736522
vt 0.000000 0.000000
vt 0.000000 0.000000
vt 0.356323 0.736477
vt 0.356431 0.736432
vt 0.000000 0.000000
vt 0.000000 0.000000
vt 0.356538 0.736385
vt 0.000000 0.000000
vt 0.356644 0.736338
vt 0.000000 0.000000
vt 0.356750 0.736287
vt 0.000000 0.000000
vt 0.356856 0.736237
vt 0.000000 0.000000
vt 0.356960 0.736185
vt 0.000000 0.000000
vt 0.357065 0.736132
vt 0.357168 0.736077
vt 0.000000 0.000000
vt 0.000000 0.000000
vt 0.357270 0.736022
vt 0.000000 0.000000
vt 0.357373 0.735965
vt 0.357474 0.735907
vt 0.000000 0.000000
vt 0.000000 0.000000
vt 0.357575 0.735848
vt 0.000000 0.000000
vt 0.357675 0.735787
vt 0.000000 0.000000
vt 0.357774 0.735725
vt 0.357872 0.735661
vt 0.000000 0.000000
vt 0.000000 0.000000
vt 0.357970 0.735597
vt 0.358066 0.735531
vt 0.000000 0.000000
vt 0.000000 0.000000
vt 0.358162 0.735465
vt 0.358257 0.735397
vt 0.000000 0.000000
vt 0.358352 0.735328
vt 0.000000 0.000000
vt 0.000000 0.000000
vt 0.358446 0.735258
vt 0.000000 0.000000
vt 0.358538 0.735186
vt 0.000000 0.000000
vt 0.358630 0.735114
vt 0.358720 0.735040
vt 0.358810 0.734966
vt 0.358899 0.734890
vt 0.358987 0.734813
vt 0.359074 0.734735
vt 0.359160 0.734656
vt 0.359245 0.734576
vt 0.359329 0.734495
vt 0.359413 0.734413
vt 0.359495 0.734329
vt 0.359576 0.734245
vt 0.359656 0.734160
vt 0.359735 0.734074
vt 0.359813 0.733987
vt 0.359890 0.733899
vt 0.359966 0.733810
vt 0.360041 0.733721
vt 0.360114 0.733630
vt 0.360186 0.733538
vt 0.360258 0.733446
vt 0.360328 0.733352
vt 0.360397 0.733258
vt 0.360465 0.733163
vt 0.360532 0.733066
vt 0.360597 0.732969
vt 0.360662 0.732872
vt 0.360725 0.732773
vt 0.360786 0.732675
vt 0.360847 0.732575
vt 0.360907 0.732474
vt 0.360965 0.732373
vt 0.361022 0.732271
vt 0.361077 0.732167
vt 0.000000 0.000000
vt 0.361132 0.732064
vt 0.000000 0.000000
vt 0.000000 0.000000
vt 0.361185 0.731960
vt 0.000000 0.000000
vt 0.361237 0.731856
vt 0.361287 0.731750
vt 0.000000 0.000000
vt 0.000000 0.000000
vt 0.361337 0.731645
vt 0.000000 0.000000
vt 0.361385 0.731538
vt 0.000000 0.000000
vt 0.361432 0.731431
vt 0.361477 0.731323
vt 0.000000 0.000000
vt 0.361521 0.731215
vt 0.000000 0.000000
vt 0.361564 0.731106
vt 0.000000 0.000000
vt 0.361605 0.730996
vt 0.000000 0.000000
vt 0.000000 0.000000
vt 0.361645 0.730887
vt 0.000000 0.000000
vt 0.361684 0.730776
vt 0.361721 0.730666
vt 0.000000 0.000000
vt 0.361757 0.730555
vt 0.000000 0.000000
vt 0.361792 0.730443
vt 0.000000 0.000000
vt 0.361826 0.730332
vt 0.000000 0.000000
vt 0.361857 0.730218
vt 0.000000 0.000000
vt 0.361888 0.730106
vt 0.000000 0.000000
vt 0.361917 0.729993
vt 0.000000 0.000000
vt 0.361945 0.729879
vt 0.000000 0.000000
vt 0.000000 0.000000
vt 0.361971 0.729766
vt 0.361996 0.729652
vt 0.000000 0.000000
vt 0.000000 0.000000
vt 0.362020 0.729537
vt 0.000000 0.000000
vt 0.362042 0.729422
vt 0.000000 0.000000
vt 0.362062 0.729307
vt 0.000000 0.000000
vt 0.362081 0.729192
vt 0.000000 0.000000
vt 0.362099 0.729076
vt 0.000000 0.000000
vt 0.328869 0.526786
vt 0.000000 0.000000
vt 0.000000 0.000000
vt 0.362116 0.728961
vt 0.328394 0.526791
vt 0.000000 0.000000
vt 0.362130 0.728844
vt 0.327920 0.526809
vt 0.000000 0.000000
vt 0.362144 0.728728
vt 0.362156 0.728612
vt 0.327446 0.526838
vt 0.000000 0.000000
vt 0.326973 0.526878
vt 0.000000 0.000000
vt 0.362167 0.728496
vt 0.326501 0.526931
vt 0.000000 0.000000
vt 0.362176 0.728379
vt 0.362184 0.728263
vt 0.326031 0.526994
vt 0.000000 0.000000
vt 0.362191 0.728145
vt 0.325562 0.527071
vt 0.000000 0.000000
vt 0.362196 0.728029
vt 0.325095 0.527157
vt 0.000000 0.000000
vt 0.362199 0.727912
vt 0.324631 0.527256
vt 0.000000 0.000000
vt 0.362201 0.727796
vt 0.324169 0.527366
vt 0.000000 0.000000
vt 0.362202 0.727639
vt 0.323709 0.527486
vt 0.000000 0.000000
vt 0.147048 0.749998
vt 0.323254 0.527618
vt 0.000000 0.000000
vt 0.322801 0.527762
vt 0.000000 0.000000
vt 0.147321 0.750000
vt 0.146774 0.749993
vt 0.322352 0.527917
vt 0.000000 0.000000
vt 0.146500 0.749985
vt 0.321907 0.528082
vt 0.000000 0.000000
vt 0.146226 0.749973
vt 0.321466 0.528258
vt 0.000000 0.000000
vt 0.321029 0.528445
vt 0.000000 0.000000
vt 0.145953 0.749958
vt 0.145679 0.749940
vt 0.320598 0.528643
vt 0.000000 0.000000
vt 0.145406 0.749918
vt 0.320172 0.528852
vt 0.000000 0.000000
vt 0.145134 0.749893
vt 0.319750 0.529070
vt 0.000000 0.000000
vt 0.144861 0.749864
vt 0.319334 0.529298
vt 0.000000 0.000000
vt 0.144589 0.749832
vt 0.318924 0.529538
vt 0.000000 0.000000
vt 0.318519 0.529787
vt 0.000000 0.000000
vt 0.144317 0.749797
vt 0.318122 0.530046
vt 0.000000 0.000000
vt 0.144046 0.749758
vt 0.317730 0.530314
vt 0.000000 0.000000
vt 0.143775 0.749717
vt 0.143505 0.749671
vt 0.317345 0.530592
vt 0.000000 0.000000
vt 0.316967 0.530880
vt 0.000000 0.000000
vt 0.143236 0.749623
vt 0.316597 0.531177
vt 0.000000 0.000000
vt 0.142967 0.749571
vt 0.316233 0.531482
vt 0.000000 0.000000
vt 0.142698 0.749516
vt 0.315878 0.531797
vt 0.000000 0.000000
vt 0.142431 0.749458
vt 0.315530 0.532121
vt 0.000000 0.000000
vt 0.142164 0.749396
vt 0.315190 0.532453
vt 0.000000 0.000000
vt 0.141898 0.749331
vt 0.141632 0.749263
vt 0.000000 0.000000
vt 0.314859 0.532792
vt 0.000000 0.000000
vt 0.000000 0.000000
vt 0.141368 0.749191
vt 0.000000 0.000000
vt 0.314535 0.533139
vt 0.000000 0.000000
vt 0.000000 0.000000
vt 0.000000 0.000000
vt 0.141104 0.749117
vt 0.314221 0.533495
vt 0.000000 0.000000
vt 0.000000 0.000000
vt 0.000000 0.000000
vt 0.140842 0.749039
vt 0.313915 0.533858
vt 0.000000 0.000000
vt 0.000000 0.000000
vt 0.140580 0.748958
vt 0.000000 0.000000
vt 0.313619 0.534229
vt 0.000000 0.000000
vt 0.000000 0.000000
vt 0.313331 0.534607
vt 0.000000 0.000000
vt 0.000000 0.000000
vt 0.140320 0.748873
vt 0.000000 0.000000
vt 0.313053 0.534992
vt 0.000000 0.000000
vt 0.000000 0.000000
vt 0.140060 0.748786
vt 0.000000 0.000000
vt 0.000000 0.000000
vt 0.312785 0.535383
vt 0.000000 0.000000
vt 0.139802 0.748695
vt 0.000000 0.000000
vt 0.000000 0.000000
vt 0.312525 0.535781
vt 0.000000 0.000000
vt 0.139544 0.748601
vt 0.000000 0.000000
vt 0.312276 0.536185
vt 0.000000 0.000000
vt 0.000000 0.000000
vt 0.139288 0.748504
vt 0.000000 0.000000
vt 0.139033 0.748404
vt 0.000000 0.000000
vt 0.312037 0.536596
vt 0.000000 0.000000
vt 0.000000 0.000000
vt 0.000000 0.000000
vt 0.138779 0.748301
vt 0.000000 0.000000
vt 0.311808 0.537011
vt 0.000000 0.000000
vt 0.311590 0.537433
vt 0.000000 0.000000
vt 0.000000 0.000000
vt 0.138527 0.748195
vt 0.000000 0.000000
vt 0.138276 0.748085
vt 0.000000 0.000000
vt 0.000000 0.000000
vt 0.311381 0.537859
vt 0.000000 0.000000
vt 0.138026 0.747973
vt 0.000000 0.000000
vt 0.311184 0.538292
vt 0.000000 0.000000
vt 0.000000 0.000000
vt 0.310997 0.538728
vt 0.000000 0.000000
vt 0.000000 0.000000
vt 0.137778 0.747857
vt 0.000000 0.000000
vt 0.000000 0.000000
vt 0.137531 0.747738
vt 0.310820 0.539168
vt 0.000000 0.000000
vt 0.000000 0.000000
vt 0.000000 0.000000
vt 0.310655 0.539613
vt 0.000000 0.000000
vt 0.137285 0.747617
vt 0.000000 0.000000
vt 0.000000 0.000000
vt 0.137042 0.747492
vt 0.310500 0.540063
vt 0.000000 0.000000
vt 0.000000 0.000000
vt 0.000000 0.000000
vt 0.136799 0.747364
vt 0.310357 0.540515
vt 0.000000 0.000000
vt 0.000000 0.000000
vt 0.000000 0.000000
vt 0.136558 0.747234
vt 0.310225 0.540971
vt 0.000000 0.000000
vt 0.000000 0.000000
vt 0.000000 0.000000
vt 0.136319 0.747100
vt 0.310104 0.541430
vt 0.000000 0.000000
vt 0.000000 0.000000
vt 0.000000 0.000000
vt 0.136082 0.746964
vt 0.000000 0.000000
vt 0.309994 0.541892
vt 0.000000 0.000000
vt 0.000000 0.000000
vt 0.135846 0.746824
vt 0.309896 0.542357
vt 0.000000 0.000000
vt 0.000000 0.000000
vt 0.000000 0.000000
vt 0.309809 0.542824
vt 0.000000 0.000000
vt 0.000000 0.000000
vt 0.135612 0.746682
vt 0.000000 0.000000
vt 0.135380 0.746537
vt 0.309733 0.543292
vt 0.000000 0.000000
vt 0.000000 0.000000
vt 0.000000 0.000000
vt 0.135149 0.746389
vt 0.000000 0.000000
vt 0.309669 0.543763
vt 0.000000 0.000000
vt 0.000000 0.000000
vt 0.134920 0.746238
vt 0.309617 0.544235
vt 0.000000 0.000000
vt 0.000000 0.000000
vt 0.134693 0.746085
vt 0.000000 0.000000
vt 0.309576 0.544708
vt 0.000000 0.000000
vt 0.000000 0.000000
vt 0.134469 0.745928
vt 0.000000 0.000000
vt 0.309547 0.545181
vt 0.000000 0.000000
vt 0.000000 0.000000
vt 0.134246 0.745769
vt 0.000000 0.000000
vt 0.309529 0.545656
vt 0.000000 0.000000
vt 0.000000 0.000000
vt 0.309524 0.546131
vt 0.000000 0.000000
vt 0.134025 0.745607
vt 0.309530 0.546606
vt 0.000000 0.000000
vt 0.133806 0.745443
vt 0.133589 0.745276
vt 0.309547 0.547080
vt 0.000000 0.000000
vt 0.133374 0.745106
vt 0.309576 0.547554
vt 0.000000 0.000000
vt 0.309617 0.548027
vt 0.000000 0.000000
vt 0.133161 0.744933
vt 0.309670 0.548499
vt 0.000000 0.000000
vt 0.132950 0.744758
vt 0.309733 0.548969
vt 0.000000 0.000000
vt 0.132742 0.744581
vt 0.309809 0.549438
vt 0.000000 0.000000
vt 0.132535 0.744400
vt 0.309896 0.549905
vt 0.000000 0.000000
vt 0.132331 0.744218
vt 0.309994 0.550369
vt 0.000000 0.000000
vt 0.132129 0.744032
vt 0.310103 0.550831
vt 0.000000 0.000000
vt 0.131930 0.743845
vt 0.310225 0.551291
vt 0.000000 0.000000
vt 0.131733 0.743655
vt 0.310357 0.551747
vt 0.000000 0.000000
vt 0.131538 0.743462
vt 0.131345 0.743267
vt 0.310500 0.552199
vt 0.000000 0.000000
vt 0.131155 0.743070
vt 0.310654 0.552647
vt 0.000000 0.000000
vt 0.310820 0.553093
vt 0.000000 0.000000
vt 0.130968 0.742871
vt 0.130782 0.742669
vt 0.310996 0.553534
vt 0.000000 0.000000
vt 0.311184 0.553970
vt 0.000000 0.000000
vt 0.130600 0.742465
vt 0.311381 0.554402
vt 0.000000 0.000000
vt 0.130419 0.742258
vt 0.311590 0.554828
vt 0.000000 0.000000
vt 0.130242 0.742050
vt 0.311808 0.555250
vt 0.000000 0.000000
vt 0.130067 0.741839
vt 0.312037 0.555666
vt 0.000000 0.000000
vt 0.129894 0.741626
vt 0.129724 0.741411
vt 0.312277 0.556076
vt 0.000000 0.000000
vt 0.129557 0.741194
vt 0.312525 0.556480
vt 0.000000 0.000000
vt 0.312784 0.556878
vt 0.000000 0.000000
vt 0.129393 0.740975
vt 0.129231 0.740754
vt 0.313053 0.557270
vt 0.000000 0.000000
vt 0.129072 0.740531
vt 0.313331 0.557655
vt 0.000000 0.000000
vt 0.313619 0.558033
vt 0.000000 0.000000
vt 0.128915 0.740306
vt 0.128762 0.740080
vt 0.313915 0.558403
vt 0.000000 0.000000
vt 0.314221 0.558767
vt 0.000000 0.000000
vt 0.128611 0.739851
vt 0.314535 0.559122
vt 0.000000 0.000000
vt 0.128463 0.739621
vt 0.314859 0.559471
vt 0.000000 0.000000
vt 0.128318 0.739388
vt 0.315190 0.559811
vt 0.000000 0.000000
vt 0.128176 0.739154
vt 0.315530 0.560141
vt 0.000000 0.000000
vt 0.128036 0.738918
vt 0.315878 0.560465
vt 0.000000 0.000000
vt 0.127900 0.738681
vt 0.127766 0.738442
vt 0.316234 0.560779
vt 0.000000 0.000000
vt 0.316597 0.561085
vt 0.000000 0.000000
vt 0.127636 0.738201
vt 0.316967 0.561382
vt 0.000000 0.000000
vt 0.127508 0.737958
vt 0.127383 0.737715
vt 0.317346 0.561670
vt 0.000000 0.000000
vt 0.127262 0.737469
vt 0.317730 0.561948
vt 0.000000 0.000000
vt 0.318121 0.562215
vt 0.000000 0.000000
vt 0.127143 0.737222
vt 0.318519 0.562475
vt 0.000000 0.000000
vt 0.127028 0.736974
vt 0.318924 0.562724
vt 0.000000 0.000000
vt 0.126915 0.736724
vt 0.319334 0.562963
vt 0.000000 0.000000
vt 0.126805 0.736473
vt 0.319750 0.563192
vt 0.000000 0.000000
vt 0.126699 0.736221
vt 0.320171 0.563410
vt 0.000000 0.000000
vt 0.126596 0.735967
vt 0.126496 0.735712
vt 0.320598 0.563619
vt 0.000000 0.000000
vt 0.126399 0.735456
vt 0.321030 0.563817
vt 0.000000 0.000000
vt 0.126305 0.735198
vt 0.321466 0.564004
vt 0.000000 0.000000
vt 0.321907 0.564180
vt 0.000000 0.000000
vt 0.126214 0.734940
vt 0.322352 0.564345
vt 0.000000 0.000000
vt 0.126127 0.734680
vt 0.126042 0.734420
vt 0.322801 0.564499
vt 0.000000 0.000000
vt 0.323254 0.564643
vt 0.000000 0.000000
vt 0.125961 0.734158
vt 0.323710 0.564775
vt 0.000000 0.000000
vt 0.125883 0.733896
vt 0.324168 0.564895
vt 0.000000 0.000000
vt 0.125809 0.733632
vt 0.324631 0.565006
vt 0.000000 0.000000
vt 0.125737 0.733368
vt 0.325095 0.565105
vt 0.000000 0.000000
vt 0.125669 0.733102
vt 0.325562 0.565191
vt 0.000000 0.000000
vt 0.125604 0.732836
vt 0.326031 0.565266
vt 0.000000 0.000000
vt 0.125542 0.732569
vt 0.326501 0.565331
vt 0.000000 0.000000
vt 0.125484 0.732302
vt 0.125429 0.732033
vt 0.326973 0.565383
vt 0.000000 0.000000
vt 0.327446 0.565423
vt 0.000000 0.000000
vt 0.125377 0.731764
vt 0.327920 0.565453
vt 0.000000 0.000000
vt 0.125329 0.731495
vt 0.328394 0.565470
vt 0.000000 0.000000
vt 0.125283 0.731224
vt 0.328869 0.565476
vt 0.000000 0.000000
vt 0.125242 0.730954
vt 0.329344 0.565470
vt 0.000000 0.000000
vt 0.125203 0.730683
vt 0.329818 0.565452
vt 0.000000 0.000000
vt 0.125168 0.730411
vt 0.330292 0.565424
vt 0.000000 0.000000
vt 0.125136 0.730139
vt 0.330765 0.565383
vt 0.000000 0.000000
vt 0.125107 0.729866
vt 0.331237 0.565330
vt 0.000000 0.000000
vt 0.125082 0.729594
vt 0.331708 0.565267
vt 0.000000 0.000000
vt 0.125060 0.729321
vt 0.332176 0.565191
vt 0.000000 0.000000
vt 0.125042 0.729047
vt 0.332643 0.565104
vt 0.000000 0.000000
vt 0.125027 0.728774
vt 0.333108 0.565006
vt 0.000000 0.000000
vt 0.125015 0.728500
vt 0.333570 0.564896
vt 0.000000 0.000000
vt 0.125007 0.728226
vt 0.334029 0.564775
vt 0.000000 0.000000
vt 0.125002 0.727952
vt 0.334485 0.564643
vt 0.000000 0.000000
vt 0.125000 0.727679
vt 0.147321 0.500000
vt 0.334938 0.564500
vt 0.000000 0.000000
vt 0.335386 0.564345
vt 0.000000 0.000000
vt 0.147048 0.500002
vt 0.335832 0.564180
vt 0.000000 0.000000
vt 0.146774 0.500007
vt 0.336272 0.564003
vt 0.000000 0.000000
vt 0.146500 0.500015
vt 0.146226 0.500027
vt 0.336709 0.563817
vt 0.000000 0.000000
vt 0.145953 0.500042
vt 0.337140 0.563619
vt 0.000000 0.000000
vt 0.145679 0.500060
vt 0.337567 0.563411
vt 0.000000 0.000000
vt 0.145406 0.500082
vt 0.337988 0.563191
vt 0.000000 0.000000
vt 0.145134 0.500107
vt 0.338404 0.562963
vt 0.000000 0.000000
vt 0.144861 0.500136
vt 0.338815 0.562724
vt 0.000000 0.000000
vt 0.144589 0.500168
vt 0.339219 0.562474
vt 0.000000 0.000000
vt 0.144317 0.500203
vt 0.339617 0.562216
vt 0.000000 0.000000
vt 0.144046 0.500242
vt 0.340009 0.561947
vt 0.000000 0.000000
vt 0.143775 0.500283
vt 0.340393 0.561669
vt 0.000000 0.000000
vt 0.143505 0.500329
vt 0.340771 0.561381
vt 0.000000 0.000000
vt 0.143236 0.500377
vt 0.341142 0.561085
vt 0.000000 0.000000
vt 0.142967 0.500429
vt 0.341505 0.560779
vt 0.000000 0.000000
vt 0.341861 0.560465
vt 0.000000 0.000000
vt 0.142698 0.500484
vt 0.342209 0.560142
vt 0.000000 0.000000
vt 0.142431 0.500542
vt 0.342548 0.559811
vt 0.000000 0.000000
vt 0.142164 0.500604
vt 0.342880 0.559471
vt 0.000000 0.000000
vt 0.141898 0.500669
vt 0.343203 0.559121
vt 0.000000 0.000000
vt 0.141632 0.500737
vt 0.343518 0.558767
vt 0.000000 0.000000
vt 0.141368 0.500809
vt 0.141104 0.500883
vt 0.343823 0.558403
vt 0.000000 0.000000
vt 0.344120 0.558032
vt 0.000000 0.000000
vt 0.140842 0.500961
vt 0.344408 0.557655
vt 0.000000 0.000000
vt 0.140580 0.501042
vt 0.344685 0.557269
vt 0.000000 0.000000
vt 0.140320 0.501127
vt 0.344955 0.556879
vt 0.000000 0.000000
vt 0.140060 0.501214
vt 0.345213 0.556480
vt 0.000000 0.000000
vt 0.139802 0.501305
vt 0.345462 0.556076
vt 0.000000 0.000000
vt 0.139544 0.501399
vt 0.345701 0.555666
vt 0.000000 0.000000
vt 0.139288 0.501496
vt 0.345930 0.555250
vt 0.000000 0.000000
vt 0.139033 0.501596
vt 0.346149 0.554829
vt 0.000000 0.000000
vt 0.138779 0.501699
vt 0.138527 0.501805
vt 0.346358 0.554402
vt 0.000000 0.000000
vt 0.138276 0.501915
vt 0.346555 0.553971
vt 0.000000 0.000000
vt 0.138026 0.502028
vt 0.346742 0.553534
vt 0.000000 0.000000
vt 0.346918 0.553093
vt 0.000000 0.000000
vt 0.137778 0.502143
vt 0.137531 0.502262
vt 0.347083 0.552648
vt 0.000000 0.000000
vt 0.137285 0.502383
vt 0.347238 0.552198
vt 0.000000 0.000000
vt 0.137042 0.502508
vt 0.347381 0.551746
vt 0.000000 0.000000
vt 0.136799 0.502636
vt 0.347514 0.551291
vt 0.000000 0.000000
vt 0.347634 0.550831
vt 0.000000 0.000000
vt 0.136558 0.502766
vt 0.347744 0.550370
vt 0.000000 0.000000
vt 0.136319 0.502900
vt 0.347843 0.549904
vt 0.000000 0.000000
vt 0.136082 0.503036
vt 0.347930 0.549438
vt 0.000000 0.000000
vt 0.135846 0.503176
vt 0.348006 0.548969
vt 0.000000 0.000000
vt 0.135612 0.503318
vt 0.348069 0.548499
vt 0.000000 0.000000
vt 0.135380 0.503463
vt 0.348121 0.548027
vt 0.000000 0.000000
vt 0.135149 0.503611
vt 0.348162 0.547553
vt 0.000000 0.000000
vt 0.134920 0.503762
vt 0.348191 0.547080
vt 0.000000 0.000000
vt 0.134693 0.503915
vt 0.348209 0.546606
vt 0.000000 0.000000
vt 0.134469 0.504072
vt 0.134246 0.504231
vt 0.348215 0.546131
vt 0.000000 0.000000
vt 0.348209 0.545656
vt 0.000000 0.000000
vt 0.134025 0.504393
vt 0.348191 0.545181
vt 0.000000 0.000000
vt 0.133806 0.504557
vt 0.348162 0.544708
vt 0.000000 0.000000
vt 0.133589 0.504724
vt 0.348121 0.544234
vt 0.000000 0.000000
vt 0.133374 0.504894
vt 0.348069 0.543763
vt 0.000000 0.000000
vt 0.133161 0.505067
vt 0.348005 0.543292
vt 0.000000 0.000000
vt 0.132950 0.505242
vt 0.347930 0.542823
vt 0.000000 0.000000
vt 0.132742 0.505419
vt 0.132535 0.505600
vt 0.347842 0.542356
vt 0.000000 0.000000
vt 0.132331 0.505782
vt 0.347744 0.541892
vt 0.000000 0.000000
vt 0.132129 0.505968
vt 0.347635 0.541430
vt 0.000000 0.000000
vt 0.131930 0.506155
vt 0.347514 0.540971
vt 0.000000 0.000000
vt 0.347382 0.540516
vt 0.000000 0.000000
vt 0.131733 0.506345
vt 0.131538 0.506538
vt 0.347239 0.540064
vt 0.000000 0.000000
vt 0.347084 0.539614
vt 0.000000 0.000000
vt 0.131345 0.506733
vt 0.131155 0.506930
vt 0.346918 0.539169
vt 0.000000 0.000000
vt 0.346742 0.538727
vt 0.000000 0.000000
vt 0.130968 0.507129
vt 0.346555 0.538291
vt 0.000000 0.000000
vt 0.130782 0.507331
vt 0.130600 0.507535
vt 0.346357 0.537859
vt 0.000000 0.000000
vt 0.346148 0.537433
vt 0.000000 0.000000
vt 0.130419 0.507742
vt 0.130242 0.507950
vt 0.345930 0.537012
vt 0.000000 0.000000
vt 0.130067 0.508161
vt 0.345701 0.536595
vt 0.000000 0.000000
vt 0.129894 0.508374
vt 0.345462 0.536185
vt 0.000000 0.000000
vt 0.345213 0.535781
vt 0.000000 0.000000
vt 0.129724 0.508589
vt 0.129557 0.508806
vt 0.344954 0.535383
vt 0.000000 0.000000
vt 0.129393 0.509025
vt 0.344685 0.534992
vt 0.000000 0.000000
vt 0.129231 0.509246
vt 0.344408 0.534607
vt 0.000000 0.000000
vt 0.129072 0.509469
vt 0.344120 0.534229
vt 0.000000 0.000000
vt 0.343823 0.533858
vt 0.000000 0.000000
vt 0.128915 0.509694
vt 0.343517 0.533495
vt 0.000000 0.000000
vt 0.128762 0.509920
vt 0.343203 0.533139
vt 0.000000 0.000000
vt 0.128611 0.510149
vt 0.342880 0.532792
vt 0.000000 0.000000
vt 0.128463 0.510379
vt 0.342548 0.532451
vt 0.000000 0.000000
vt 0.128318 0.510612
vt 0.342209 0.532120
vt 0.000000 0.000000
vt 0.128176 0.510846
vt 0.341861 0.531796
vt 0.000000 0.000000
vt 0.128036 0.511082
vt 0.341505 0.531482
vt 0.000000 0.000000
vt 0.127900 0.511319
vt 0.341142 0.531177
vt 0.000000 0.000000
vt 0.127766 0.511558
vt 0.127636 0.511799
vt 0.340771 0.530881
vt 0.000000 0.000000
vt 0.340393 0.530593
vt 0.000000 0.000000
vt 0.127508 0.512042
vt 0.340008 0.530315
vt 0.000000 0.000000
vt 0.127383 0.512285
vt 0.339617 0.530046
vt 0.000000 0.000000
vt 0.127262 0.512531
vt 0.339219 0.529787
vt 0.000000 0.000000
vt 0.127143 0.512778
vt 0.338815 0.529538
vt 0.000000 0.000000
vt 0.127028 0.513026
vt 0.338405 0.529299
vt 0.000000 0.000000
vt 0.126915 0.513276
vt 0.337989 0.529070
vt 0.000000 0.000000
vt 0.126805 0.513527
vt 0.337567 0.528852
vt 0.000000 0.000000
vt 0.126699 0.513779
vt 0.337140 0.528643
vt 0.000000 0.000000
vt 0.126596 0.514033
vt 0.336709 0.528445
vt 0.000000 0.000000
vt 0.126496 0.514288
vt 0.336272 0.528258
vt 0.000000 0.000000
vt 0.126399 0.514544
vt 0.335832 0.528082
vt 0.000000 0.000000
vt 0.126305 0.514802
vt 0.335387 0.527917
vt 0.000000 0.000000
vt 0.126214 0.515060
vt 0.334938 0.527763
vt 0.000000 0.000000
vt 0.126127 0.515320
vt 0.334485 0.527618
vt 0.000000 0.000000
vt 0.126042 0.515580
vt 0.334029 0.527486
vt 0.000000 0.000000
vt 0.125961 0.515842
vt 0.333570 0.527364
vt 0.000000 0.000000
vt 0.125883 0.516104
vt 0.333108 0.527255
vt 0.000000 0.000000
vt 0.125809 0.516368
vt 0.332643 0.527157
vt 0.000000 0.000000
vt 0.125737 0.516632
vt 0.332177 0.527070
vt 0.000000 0.000000
vt 0.125669 0.516898
vt 0.331708 0.526994
vt 0.000000 0.000000
vt 0.125604 0.517164
vt 0.331238 0.526931
vt 0.000000 0.000000
vt 0.125542 0.517431
vt 0.125484 0.517698
vt 0.330766 0.526879
vt 0.000000 0.000000
vt 0.330293 0.526838
vt 0.000000 0.000000
vt 0.125429 0.517967
vt 0.329819 0.526809
vt 0.000000 0.000000
vt 0.125377 0.518236
vt 0.125329 0.518505
vt 0.329344 0.526792
vt 0.000000 0.000000
vt 0.000000 0.000000
vt 0.125283 0.518775
vt 0.000000 0.000000
vt 0.125242 0.519046
vt 0.000000 0.000000
vt 0.125203 0.519317
vt 0.000000 0.000000
vt 0.125168 0.519589
vt 0.000000 0.000000
vt 0.125136 0.519861
vt 0.125107 0.520134
vt 0.000000 0.000000
vt 0.125082 0.520406
vt 0.000000 0.000000
vt 0.125060 0.520679
vt 0.000000 0.000000
vt 0.000000 0.000000
vt 0.125042 0.520953
vt 0.000000 0.000000
vt 0.125027 0.521226
vt 0.000000 0.000000
vt 0.125015 0.521500
vt 0.000000 0.000000
vt 0.125007 0.521774
vt 0.000000 0.000000
vt 0.125002 0.522047
vt 0.000000 0.000000
vt 0.125000 0.522321
vt 0.375000 0.522321
vt 0.000000 0.000000
vt 0.374998 0.522048
vt 0.000000 0.000000
vt 0.374993 0.521774
vt 0.000000 0.000000
vt 0.374985 0.521500
vt 0.000000 0.000000
vt 0.000000 0.000000
vt 0.374973 0.521226
vt 0.000000 0.000000
vt 0.374958 0.520953
vt 0.000000 0.000000
vt 0.374940 0.520679
vt 0.374918 0.520406
vt 0.000000 0.000000
vt 0.000000 0.000000
vt 0.374893 0.520134
vt 0.374864 0.519861
vt 0.000000 0.000000
vt 0.000000 0.000000
vt 0.374832 0.519589
vt 0.000000 0.000000
vt 0.374797 0.519317
vt 0.000000 0.000000
vt 0.374758 0.519046
vt 0.000000 0.000000
vt 0.374717 0.518775
vt 0.000000 0.000000
vt 0.374671 0.518505
vt 0.000000 0.000000
vt 0.374623 0.518236
vt 0.000000 0.000000
vt 0.374571 0.517967
vt 0.000000 0.000000
vt 0.374516 0.517698
vt 0.000000 0.000000
vt 0.374458 0.517431
vt 0.000000 0.000000
vt 0.374396 0.517164
vt 0.000000 0.000000
vt 0.374331 0.516898
vt 0.000000 0.000000
vt 0.374263 0.516632
vt 0.374191 0.516368
vt 0.000000 0.000000
vt 0.000000 0.000000
vt 0.374117 0.516104
vt 0.374039 0.515842
vt 0.000000 0.000000
vt 0.373958 0.515580
vt 0.000000 0.000000
vt 0.373873 0.515320
vt 0.000000 0.000000
vt 0.000000 0.000000
vt 0.373786 0.515060
vt 0.373695 0.514802
vt 0.000000 0.000000
vt 0.373601 0.514544
vt 0.000000 0.000000
vt 0.373504 0.514288
vt 0.000000 0.000000
vt 0.373404 0.514033
vt 0.000000 0.000000
vt 0.373301 0.513779
vt 0.000000 0.000000
vt 0.373194 0.513527
vt 0.000000 0.000000
vt 0.373085 0.513276
vt 0.000000 0.000000
vt 0.372973 0.513026
vt 0.000000 0.000000
vt 0.372857 0.512778
vt 0.000000 0.000000
vt 0.372738 0.512531
vt 0.000000 0.000000
vt 0.000000 0.000000
vt 0.372617 0.512285
vt 0.000000 0.000000
vt 0.372492 0.512042
vt 0.000000 0.000000
vt 0.372364 0.511799
vt 0.000000 0.000000
vt 0.372234 0.511558
vt 0.000000 0.000000
vt 0.372100 0.511319
vt 0.371964 0.511082
vt 0.000000 0.000000
vt 0.000000 0.000000
vt 0.371824 0.510846
vt 0.000000 0.000000
vt 0.371682 0.510612
vt 0.371537 0.510379
vt 0.000000 0.000000
vt 0.371389 0.510149
vt 0.000000 0.000000
vt 0.371238 0.509920
vt 0.000000 0.000000
vt 0.371085 0.509694
vt 0.000000 0.000000
vt 0.370928 0.509469
vt 0.000000 0.000000
vt 0.370769 0.509246
vt 0.000000 0.000000
vt 0.370607 0.509025
vt 0.000000 0.000000
vt 0.370443 0.508806
vt 0.000000 0.000000
vt 0.370276 0.508589
vt 0.000000 0.000000
vt 0.370106 0.508374
vt 0.000000 0.000000
vt 0.000000 0.000000
vt 0.369933 0.508161
vt 0.369758 0.507950
vt 0.000000 0.000000
vt 0.369581 0.507742
vt 0.000000 0.000000
vt 0.369400 0.507535
vt 0.000000 0.000000
vt 0.369218 0.507331
vt 0.000000 0.000000
vt 0.000000 0.000000
vt 0.369032 0.507129
vt 0.000000 0.000000
vt 0.368845 0.506930
vt 0.000000 0.000000
vt 0.368655 0.506733
vt 0.000000 0.000000
vt 0.368462 0.506538
vt 0.000000 0.000000
vt 0.368267 0.506345
vt 0.000000 0.000000
vt 0.368070 0.506155
vt 0.000000 0.000000
vt 0.367871 0.505967
vt 0.000000 0.000000
vt 0.367669 0.505782
vt 0.367465 0.505600
vt 0.000000 0.000000
vt 0.367258 0.505419
vt 0.000000 0.000000
vt 0.367050 0.505242
vt 0.000000 0.000000
vt 0.366839 0.505067
vt 0.000000 0.000000
vt 0.366626 0.504894
vt 0.000000 0.000000
vt 0.366411 0.504724
vt 0.000000 0.000000
vt 0.366194 0.504557
vt 0.000000 0.000000
vt 0.365975 0.504393
vt 0.000000 0.000000
vt 0.365754 0.504231
vt 0.000000 0.000000
vt 0.365531 0.504072
vt 0.000000 0.000000
vt 0.000000 0.000000
vt 0.365307 0.503915
vt 0.000000 0.000000
vt 0.365080 0.503762
vt 0.000000 0.000000
vt 0.364851 0.503611
vt 0.000000 0.000000
vt 0.364620 0.503463
vt 0.000000 0.000000
vt 0.364388 0.503318
vt 0.000000 0.000000
vt 0.364154 0.503176
vt 0.363918 0.503036
vt 0.000000 0.000000
vt 0.363681 0.502900
vt 0.000000 0.000000
vt 0.000000 0.000000
vt 0.363442 0.502766
vt 0.000000 0.000000
vt 0.363201 0.502636
vt 0.000000 0.000000
vt 0.362958 0.502508
vt 0.000000 0.000000
vt 0.362715 0.502383
vt 0.000000 0.000000
vt 0.362469 0.502262
vt 0.000000 0.000000
vt 0.362222 0.502143
vt 0.361974 0.502028
vt 0.000000 0.000000
vt 0.000000 0.000000
vt 0.361724 0.501915
vt 0.000000 0.000000
vt 0.361473 0.501805
vt 0.361221 0.501699
vt 0.000000 0.000000
vt 0.360967 0.501596
vt 0.000000 0.000000
vt 0.360712 0.501496
vt 0.000000 0.000000
vt 0.360456 0.501399
vt 0.000000 0.000000
vt 0.360198 0.501305
vt 0.000000 0.000000
vt 0.359940 0.501214
vt 0.000000 0.000000
vt 0.359680 0.501127
vt 0.000000 0.000000
vt 0.000000 0.000000
vt 0.359420 0.501042
vt 0.359158 0.500961
vt 0.000000 0.000000
vt 0.358896 0.500883
vt 0.000000 0.000000
vt 0.000000 0.000000
vt 0.358632 0.500809
vt 0.000000 0.000000
vt 0.358368 0.500737
vt 0.000000 0.000000
vt 0.358102 0.500669
vt 0.000000 0.000000
vt 0.357836 0.500604
vt 0.357569 0.500542
vt 0.000000 0.000000
vt 0.000000 0.000000
vt 0.357302 0.500484
vt 0.000000 0.000000
vt 0.357033 0.500429
vt 0.000000 0.000000
vt 0.356764 0.500377
vt 0.356495 0.500329
vt 0.000000 0.000000
vt 0.356225 0.500283
vt 0.000000 0.000000
vt 0.355954 0.500242
vt 0.000000 0.000000
vt 0.355683 0.500203
vt 0.000000 0.000000
vt 0.355411 0.500168
vt 0.000000 0.000000
vt 0.355139 0.500136
vt 0.000000 0.000000
vt 0.354866 0.500107
vt 0.000000 0.000000
vt 0.354594 0.500082
vt 0.000000 0.000000
vt 0.000000 0.000000
vt 0.354321 0.500060
vt 0.000000 0.000000
vt 0.354047 0.500042
vt 0.000000 0.000000
vt 0.353774 0.500027
vt 0.000000 0.000000
vt 0.353500 0.500015
vt 0.000000 0.000000
vt 0.353226 0.500007
vt 0.000000 0.000000
vt 0.352952 0.500002
vt 0.352679 0.500000
vt 0.000000 0.000000
vt 0.352679 0.750000
vt 0.000000 0.000000
vt 0.352952 0.749998
vt 0.000000 0.000000
vt 0.353226 0.749993
vt 0.000000 0.000000
vt 0.353500 0.749985
vt 0.000000 0.000000
vt 0.353774 0.749973
vt 0.000000 0.000000
vt 0.000000 0.000000
vt 0.354047 0.749958
vt 0.000000 0.000000
vt 0.354321 0.749940
vt 0.000000 0.000000
vt 0.354594 0.749918
vt 0.000000 0.000000
vt 0.354866 0.749892
vt 0.355139 0.749864
vt 0.000000 0.000000
vt 0.355411 0.749832
vt 0.000000 0.000000
vt 0.355683 0.749797
vt 0.000000 0.000000
vt 0.355954 0.749758
vt 0.000000 0.000000
vt 0.000000 0.000000
vt 0.356225 0.749717
vt 0.000000 0.000000
vt 0.356495 0.749671
vt 0.356764 0.749623
vt 0.000000 0.000000
vt 0.000000 0.000000
vt 0.357033 0.749571
vt 0.000000 0.000000
vt 0.357302 0.749516
vt 0.000000 0.000000
vt 0.357569 0.749458
vt 0.000000 0.000000
vt 0.357836 0.749396
vt 0.000000 0.000000
vt 0.358102 0.749331
vt 0.000000 0.000000
vt 0.358368 0.749263
vt 0.000000 0.000000
vt 0.358632 0.749191
vt 0.358896 0.749117
vt 0.000000 0.000000
vt 0.000000 0.000000
vt 0.359158 0.749039
vt 0.000000 0.000000
vt 0.359420 0.748958
vt 0.000000 0.000000
vt 0.359680 0.748873
vt 0.000000 0.000000
vt 0.359940 0.748786
vt 0.000000 0.000000
vt 0.360198 0.748695
vt 0.000000 0.000000
vt 0.360456 0.748601
vt 0.360712 0.748504
vt 0.000000 0.000000
vt 0.000000 0.000000
vt 0.360967 0.748404
vt 0.000000 0.000000
vt 0.361221 0.748301
vt 0.361473 0.748194
vt 0.000000 0.000000
vt 0.000000 0.000000
vt 0.361724 0.748085
vt 0.000000 0.000000
vt 0.361974 0.747973
vt 0.000000 0.000000
vt 0.362222 0.747857
vt 0.000000 0.000000
vt 0.362469 0.747738
vt 0.000000 0.000000
vt 0.362715 0.747617
vt 0.000000 0.000000
vt 0.362958 0.747492
vt 0.000000 0.000000
vt 0.363201 0.747364
vt 0.000000 0.000000
vt 0.363442 0.747234
vt 0.363681 0.747100
vt 0.000000 0.000000
vt 0.363918 0.746964
vt 0.000000 0.000000
vt 0.364154 0.746824
vt 0.000000 0.000000
vt 0.000000 0.000000
vt 0.364388 0.746682
vt 0.364620 0.746537
vt 0.000000 0.000000
vt 0.364851 0.746389
vt 0.000000 0.000000
vt 0.365080 0.746238
vt 0.000000 0.000000
vt 0.365307 0.746085
vt 0.000000 0.000000
vt 0.365531 0.745928
vt 0.000000 0.000000
vt 0.365754 0.745769
vt 0.000000 0.000000
vt 0.365975 0.745607
vt 0.000000 0.000000
vt 0.366194 0.745443
vt 0.000000 0.000000
vt 0.366411 0.745276
vt 0.000000 0.000000
vt 0.366626 0.745106
vt 0.000000 0.000000
vt 0.366839 0.744933
vt 0.000000 0.000000
vt 0.367050 0.744758
vt 0.000000 0.000000
vt 0.000000 0.000000
vt 0.367258 0.744581
vt 0.000000 0.000000
vt 0.367465 0.744400
vt 0.000000 0.000000
vt 0.367669 0.744218
vt 0.000000 0.000000
vt 0.367871 0.744032
vt 0.000000 0.000000
vt 0.368070 0.743845
vt 0.000000 0.000000
vt 0.368267 0.743655
vt 0.000000 0.000000
vt 0.368462 0.743462
vt 0.000000 0.000000
vt 0.368655 0.743267
vt 0.000000 0.000000
vt 0.368845 0.743070
vt 0.369032 0.742871
vt 0.000000 0.000000
vt 0.369218 0.742669
vt 0.000000 0.000000
vt 0.369400 0.742465
vt 0.000000 0.000000
vt 0.369581 0.742258
vt 0.000000 0.000000
vt 0.369758 0.742050
vt 0.000000 0.000000
vt 0.369933 0.741839
vt 0.000000 0.000000
vt 0.370106 0.741626
vt 0.000000 0.000000
vt 0.370276 0.741411
vt 0.000000 0.000000
vt 0.370443 0.741194
vt 0.000000 0.000000
vt 0.370607 0.740975
vt 0.000000 0.000000
vt 0.370769 0.740754
vt 0.000000 0.000000
vt 0.370928 0.740531
vt 0.000000 0.000000
vt 0.371085 0.740306
vt 0.000000 0.000000
vt 0.371238 0.740080
vt 0.000000 0.000000
vt 0.000000 0.000000
vt 0.371389 0.739851
vt 0.000000 0.000000
vt 0.371537 0.739621
vt 0.000000 0.000000
vt 0.371682 0.739388
vt 0.371824 0.739154
vt 0.000000 0.000000
vt 0.000000 0.000000
vt 0.371964 0.738918
vt 0.372100 0.738681
vt 0.000000 0.000000
vt 0.000000 0.000000
vt 0.372234 0.738442
vt 0.000000 0.000000
vt 0.372364 0.738201
vt 0.372492 0.737958
vt 0.000000 0.000000
vt 0.372617 0.737715
vt 0.000000 0.000000
vt 0.372738 0.737469
vt 0.000000 0.000000
vt 0.372857 0.737222
vt 0.000000 0.000000
vt 0.372973 0.736974
vt 0.000000 0.000000
vt 0.373085 0.736724
vt 0.000000 0.000000
vt 0.373194 0.736473
vt 0.000000 0.000000
vt 0.373301 0.736221
vt 0.000000 0.000000
vt 0.000000 0.000000
vt 0.373404 0.735967
vt 0.000000 0.000000
vt 0.373504 0.735712
vt 0.373601 0.735456
vt 0.000000 0.000000
vt 0.000000 0.000000
vt 0.373695 0.735198
vt 0.000000 0.000000
vt 0.373786 0.734940
vt 0.000000 0.000000
vt 0.373873 0.734680
vt 0.373958 0.734420
vt 0.000000 0.000000
vt 0.000000 0.000000
vt 0.374039 0.734158
vt 0.374117 0.733895
vt 0.000000 0.000000
vt 0.000000 0.000000
vt 0.374191 0.733632
vt 0.000000 0.000000
vt 0.374263 0.733368
vt 0.000000 0.000000
vt 0.374331 0.733102
vt 0.000000 0.000000
vt 0.374396 0.732836
vt 0.000000 0.000000
vt 0.374458 0.732569
vt 0.374516 0.732302
vt 0.000000 0.000000
vt 0.000000 0.000000
vt 0.374571 0.732033
vt 0.374623 0.731764
vt 0.374671 0.731495
vt 0.374717 0.731225
vt 0.374758 0.730954
vt 0.374797 0.730683
vt 0.374832 0.730411
vt 0.374864 0.730139
vt 0.374893 0.729867
vt 0.374918 0.729594
vt 0.374940 0.729321
vt 0.374958 0.729047
vt 0.374973 0.728774
vt 0.374985 0.728500
vt 0.374993 0.728226
vt 0.374998 0.727952
vt 0.375000 0.727679
vt 0.147205 0.737202
vt 0.147361 0.737203
vt 0.147088 0.737199
vt 0.146971 0.737196
vt 0.146854 0.737191
vt 0.146737 0.737185
vt 0.146621 0.737176
vt 0.146504 0.737167
vt 0.146388 0.737156
vt 0.146272 0.737144
vt 0.146156 0.737130
vt 0.146040 0.737115
vt 0.145924 0.737099
vt 0.145808 0.737081
vt 0.145693 0.737062
vt 0.145578 0.737042
vt 0.145464 0.737019
vt 0.145349 0.736996
vt 0.145235 0.736971
vt 0.145121 0.736945
vt 0.145008 0.736917
vt 0.144894 0.736888
vt 0.144781 0.736857
vt 0.144669 0.736825
vt 0.144557 0.736792
vt 0.144445 0.736757
vt 0.144334 0.736721
vt 0.144223 0.736685
vt 0.144113 0.736645
vt 0.144003 0.736606
vt 0.143894 0.736564
vt 0.143785 0.736521
vt 0.143677 0.736477
vt 0.143569 0.736431
vt 0.143462 0.736385
vt 0.143356 0.736337
vt 0.143250 0.736288
vt 0.143144 0.736237
vt 0.143040 0.736185
vt 0.142935 0.736132
vt 0.142832 0.736078
vt 0.142729 0.736022
vt 0.142627 0.735965
vt 0.142526 0.735906
vt 0.142426 0.735847
vt 0.142325 0.735786
vt 0.142226 0.735725
vt 0.142128 0.735662
vt 0.142031 0.735597
vt 0.141934 0.735531
vt 0.141838 0.735465
vt 0.141743 0.735397
vt 0.141648 0.735328
vt 0.141555 0.735258
vt 0.141462 0.735186
vt 0.141370 0.735114
vt 0.141280 0.735041
vt 0.141190 0.734965
vt 0.141101 0.734890
vt 0.141013 0.734813
vt 0.140926 0.734735
vt 0.140840 0.734656
vt 0.140755 0.734576
vt 0.140671 0.734495
vt 0.140587 0.734413
vt 0.140505 0.734329
vt 0.140424 0.734246
vt 0.140344 0.734160
vt 0.140265 0.734074
vt 0.140187 0.733987
vt 0.140110 0.733899
vt 0.140034 0.733810
vt 0.139960 0.733720
vt 0.139886 0.733630
vt 0.139814 0.733538
vt 0.139742 0.733445
vt 0.139672 0.733352
vt 0.139603 0.733258
vt 0.139535 0.733162
vt 0.139468 0.733066
vt 0.139403 0.732969
vt 0.139339 0.732872
vt 0.139276 0.732774
vt 0.139214 0.732675
vt 0.139153 0.732574
vt 0.139093 0.732474
vt 0.139035 0.732373
vt 0.138978 0.732271
vt 0.138922 0.732168
vt 0.138868 0.732065
vt 0.138815 0.731960
vt 0.138763 0.731855
vt 0.138712 0.731750
vt 0.138663 0.731645
vt 0.138615 0.731538
vt 0.138568 0.731431
vt 0.138523 0.731323
vt 0.138479 0.731215
vt 0.138436 0.731106
vt 0.138395 0.730997
vt 0.138355 0.730887
vt 0.138316 0.730777
vt 0.138279 0.730666
vt 0.138243 0.730555
vt 0.138208 0.730443
vt 0.138175 0.730331
vt 0.138143 0.730218
vt 0.138112 0.730106
vt 0.138083 0.729992
vt 0.138056 0.729880
vt 0.138029 0.729765
vt 0.138004 0.729651
vt 0.137981 0.729536
vt 0.137959 0.729422
vt 0.137938 0.729307
vt 0.137919 0.729192
vt 0.137901 0.729076
vt 0.137885 0.728961
vt 0.137869 0.728844
vt 0.137856 0.728729
vt 0.137844 0.728612
vt 0.137833 0.728496
vt 0.137824 0.728379
vt 0.137816 0.728263
vt 0.137809 0.728146
vt 0.137804 0.728029
vt 0.137801 0.727912
vt 0.137799 0.727796
vt 0.137798 0.727639
vt 0.147361 0.512798
vt 0.147205 0.512799
vt 0.147088 0.512801
vt 0.146971 0.512804
vt 0.146854 0.512809
vt 0.146737 0.512816
vt 0.146621 0.512823
vt 0.146504 0.512833
vt 0.146388 0.512844
vt 0.146272 0.512856
vt 0.146156 0.512870
vt 0.146040 0.512885
vt 0.145924 0.512901
vt 0.145809 0.512919
vt 0.145693 0.512938
vt 0.145579 0.512959
vt 0.145464 0.512981
vt 0.145349 0.513005
vt 0.145235 0.513030
vt 0.145121 0.513056
vt 0.145007 0.513083
vt 0.144894 0.513112
vt 0.144781 0.513143
vt 0.144669 0.513175
vt 0.144557 0.513208
vt 0.144445 0.513242
vt 0.144334 0.513279
vt 0.144223 0.513316
vt 0.144113 0.513354
vt 0.144003 0.513395
vt 0.143894 0.513436
vt 0.143785 0.513479
vt 0.143677 0.513523
vt 0.143569 0.513568
vt 0.143462 0.513615
vt 0.143356 0.513663
vt 0.143249 0.513712
vt 0.143144 0.513763
vt 0.143040 0.513814
vt 0.142935 0.513867
vt 0.142832 0.513922
vt 0.142729 0.513978
vt 0.142627 0.514035
vt 0.142526 0.514094
vt 0.142426 0.514153
vt 0.142325 0.514214
vt 0.142226 0.514275
vt 0.142128 0.514338
vt 0.142031 0.514402
vt 0.141934 0.514468
vt 0.141838 0.514535
vt 0.141742 0.514603
vt 0.141648 0.514672
vt 0.141555 0.514742
vt 0.141462 0.514813
vt 0.141370 0.514886
vt 0.141280 0.514959
vt 0.141190 0.515035
vt 0.141101 0.515110
vt 0.141013 0.515186
vt 0.140926 0.515265
vt 0.140840 0.515344
vt 0.140754 0.515423
vt 0.140671 0.515504
vt 0.140587 0.515587
vt 0.140505 0.515670
vt 0.140424 0.515754
vt 0.140344 0.515840
vt 0.140265 0.515925
vt 0.140187 0.516012
vt 0.140110 0.516101
vt 0.140034 0.516190
vt 0.139960 0.516280
vt 0.139886 0.516370
vt 0.139814 0.516462
vt 0.139742 0.516555
vt 0.139672 0.516648
vt 0.139603 0.516743
vt 0.139535 0.516837
vt 0.139468 0.516933
vt 0.139403 0.517031
vt 0.139339 0.517128
vt 0.139275 0.517226
vt 0.139213 0.517325
vt 0.139153 0.517426
vt 0.139093 0.517526
vt 0.139035 0.517627
vt 0.138978 0.517729
vt 0.138922 0.517831
vt 0.138868 0.517935
vt 0.138815 0.518040
vt 0.138763 0.518144
vt 0.138712 0.518249
vt 0.138663 0.518356
vt 0.138615 0.518462
vt 0.138568 0.518569
vt 0.138523 0.518677
vt 0.138479 0.518785
vt 0.138436 0.518894
vt 0.138395 0.519004
vt 0.138355 0.519113
vt 0.138316 0.519223
vt 0.138278 0.519334
vt 0.138243 0.519445
vt 0.138208 0.519557
vt 0.138175 0.519669
vt 0.138143 0.519782
vt 0.138112 0.519894
vt 0.138083 0.520007
vt 0.138055 0.520121
vt 0.138029 0.520235
vt 0.171131 0.526786
vt 0.000000 0.000000
vt 0.138004 0.520350
vt 0.170656 0.526792
vt 0.000000 0.000000
vt 0.137981 0.520464
vt 0.170182 0.526809
vt 0.000000 0.000000
vt 0.137959 0.520579
vt 0.169708 0.526838
vt 0.000000 0.000000
vt 0.137938 0.520693
vt 0.169235 0.526879
vt 0.000000 0.000000
vt 0.137919 0.520809
vt 0.168763 0.526931
vt 0.000000 0.000000
vt 0.137901 0.520924
vt 0.168292 0.526994
vt 0.000000 0.000000
vt 0.137885 0.521040
vt 0.167824 0.527070
vt 0.000000 0.000000
vt 0.137869 0.521156
vt 0.167357 0.527157
vt 0.000000 0.000000
vt 0.137856 0.521272
vt 0.166892 0.527255
vt 0.000000 0.000000
vt 0.137844 0.521388
vt 0.166430 0.527364
vt 0.000000 0.000000
vt 0.137833 0.521505
vt 0.165971 0.527486
vt 0.000000 0.000000
vt 0.137824 0.521621
vt 0.165515 0.527619
vt 0.000000 0.000000
vt 0.137816 0.521737
vt 0.137809 0.521854
vt 0.165063 0.527763
vt 0.000000 0.000000
vt 0.164614 0.527917
vt 0.000000 0.000000
vt 0.137804 0.521971
vt 0.137801 0.522088
vt 0.164169 0.528082
vt 0.000000 0.000000
vt 0.137799 0.522205
vt 0.163728 0.528258
vt 0.000000 0.000000
vt 0.137798 0.522361
vt 0.163291 0.528446
vt 0.000000 0.000000
vt 0.362203 0.522361
vt 0.162860 0.528643
vt 0.000000 0.000000
vt 0.362201 0.522205
vt 0.162433 0.528851
vt 0.000000 0.000000
vt 0.362199 0.522088
vt 0.162012 0.529070
vt 0.000000 0.000000
vt 0.362195 0.521971
vt 0.161596 0.529299
vt 0.000000 0.000000
vt 0.161186 0.529538
vt 0.000000 0.000000
vt 0.362191 0.521854
vt 0.362184 0.521737
vt 0.160781 0.529787
vt 0.000000 0.000000
vt 0.160383 0.530046
vt 0.000000 0.000000
vt 0.362176 0.521621
vt 0.362167 0.521505
vt 0.159992 0.530314
vt 0.000000 0.000000
vt 0.362157 0.521388
vt 0.159607 0.530592
vt 0.000000 0.000000
vt 0.362144 0.521272
vt 0.159229 0.530881
vt 0.000000 0.000000
vt 0.362130 0.521155
vt 0.158858 0.531176
vt 0.000000 0.000000
vt 0.362116 0.521040
vt 0.158495 0.531483
vt 0.000000 0.000000
vt 0.362099 0.520924
vt 0.158139 0.531797
vt 0.000000 0.000000
vt 0.362081 0.520808
vt 0.157792 0.532120
vt 0.000000 0.000000
vt 0.362062 0.520693
vt 0.157452 0.532451
vt 0.000000 0.000000
vt 0.362041 0.520579
vt 0.157120 0.532792
vt 0.000000 0.000000
vt 0.362019 0.520464
vt 0.156797 0.533139
vt 0.000000 0.000000
vt 0.361996 0.520349
vt 0.156482 0.533495
vt 0.000000 0.000000
vt 0.361970 0.520235
vt 0.156177 0.533858
vt 0.000000 0.000000
vt 0.361944 0.520120
vt 0.155880 0.534229
vt 0.000000 0.000000
vt 0.361917 0.520007
vt 0.155593 0.534607
vt 0.000000 0.000000
vt 0.361888 0.519895
vt 0.155314 0.534991
vt 0.000000 0.000000
vt 0.361857 0.519782
vt 0.155046 0.535383
vt 0.000000 0.000000
vt 0.154787 0.535781
vt 0.000000 0.000000
vt 0.361826 0.519669
vt 0.154538 0.536185
vt 0.000000 0.000000
vt 0.361792 0.519557
vt 0.154299 0.536595
vt 0.000000 0.000000
vt 0.361758 0.519446
vt 0.154070 0.537012
vt 0.000000 0.000000
vt 0.361722 0.519334
vt 0.361684 0.519224
vt 0.153851 0.537433
vt 0.000000 0.000000
vt 0.153643 0.537860
vt 0.000000 0.000000
vt 0.361646 0.519113
vt 0.361606 0.519004
vt 0.153445 0.538292
vt 0.000000 0.000000
vt 0.361564 0.518895
vt 0.153258 0.538728
vt 0.000000 0.000000
vt 0.153082 0.539169
vt 0.000000 0.000000
vt 0.361521 0.518785
vt 0.152916 0.539614
vt 0.000000 0.000000
vt 0.361477 0.518677
vt 0.361431 0.518569
vt 0.152762 0.540063
vt 0.000000 0.000000
vt 0.361385 0.518462
vt 0.152619 0.540516
vt 0.000000 0.000000
vt 0.152486 0.540971
vt 0.000000 0.000000
vt 0.361337 0.518356
vt 0.361288 0.518250
vt 0.152365 0.541430
vt 0.000000 0.000000
vt 0.361237 0.518144
vt 0.152256 0.541891
vt 0.000000 0.000000
vt 0.361185 0.518039
vt 0.152157 0.542356
vt 0.000000 0.000000
vt 0.152070 0.542823
vt 0.000000 0.000000
vt 0.361132 0.517935
vt 0.361077 0.517831
vt 0.151995 0.543292
vt 0.000000 0.000000
vt 0.361022 0.517729
vt 0.151931 0.543763
vt 0.000000 0.000000
vt 0.360965 0.517627
vt 0.151879 0.544235
vt 0.000000 0.000000
vt 0.151838 0.544708
vt 0.000000 0.000000
vt 0.360907 0.517526
vt 0.151809 0.545182
vt 0.000000 0.000000
vt 0.360848 0.517426
vt 0.360786 0.517325
vt 0.151792 0.545657
vt 0.000000 0.000000
vt 0.151786 0.546131
vt 0.000000 0.000000
vt 0.360725 0.517226
vt 0.151792 0.546606
vt 0.000000 0.000000
vt 0.360661 0.517128
vt 0.151809 0.547079
vt 0.000000 0.000000
vt 0.360597 0.517030
vt 0.151838 0.547554
vt 0.000000 0.000000
vt 0.360532 0.516933
vt 0.151879 0.548027
vt 0.000000 0.000000
vt 0.360465 0.516837
vt 0.360397 0.516742
vt 0.151931 0.548498
vt 0.000000 0.000000
vt 0.151995 0.548969
vt 0.000000 0.000000
vt 0.360328 0.516648
vt 0.152070 0.549438
vt 0.000000 0.000000
vt 0.360258 0.516555
vt 0.152157 0.549904
vt 0.000000 0.000000
vt 0.360186 0.516462
vt 0.360114 0.516370
vt 0.152256 0.550369
vt 0.000000 0.000000
vt 0.360040 0.516279
vt 0.152366 0.550832
vt 0.000000 0.000000
vt 0.359965 0.516190
vt 0.152486 0.551290
vt 0.000000 0.000000
vt 0.359890 0.516101
vt 0.152619 0.551746
vt 0.000000 0.000000
vt 0.359813 0.516013
vt 0.152762 0.552199
vt 0.000000 0.000000
vt 0.359735 0.515926
vt 0.152916 0.552648
vt 0.000000 0.000000
vt 0.359656 0.515840
vt 0.153082 0.553093
vt 0.000000 0.000000
vt 0.359575 0.515755
vt 0.153258 0.553534
vt 0.000000 0.000000
vt 0.359495 0.515670
vt 0.153445 0.553971
vt 0.000000 0.000000
vt 0.359413 0.515587
vt 0.153643 0.554402
vt 0.000000 0.000000
vt 0.359329 0.515505
vt 0.153851 0.554829
vt 0.000000 0.000000
vt 0.359245 0.515424
vt 0.154070 0.555250
vt 0.000000 0.000000
vt 0.359160 0.515344
vt 0.154299 0.555666
vt 0.000000 0.000000
vt 0.359074 0.515265
vt 0.154538 0.556076
vt 0.000000 0.000000
vt 0.358987 0.515187
vt 0.154787 0.556480
vt 0.000000 0.000000
vt 0.358899 0.515110
vt 0.155046 0.556879
vt 0.000000 0.000000
vt 0.358810 0.515035
vt 0.155314 0.557270
vt 0.000000 0.000000
vt 0.358720 0.514960
vt 0.155593 0.557655
vt 0.000000 0.000000
vt 0.358629 0.514886
vt 0.155880 0.558032
vt 0.000000 0.000000
vt 0.358538 0.514814
vt 0.156177 0.558403
vt 0.000000 0.000000
vt 0.358445 0.514742
vt 0.156483 0.558767
vt 0.000000 0.000000
vt 0.358352 0.514672
vt 0.156797 0.559122
vt 0.000000 0.000000
vt 0.358257 0.514603
vt 0.157120 0.559470
vt 0.000000 0.000000
vt 0.358162 0.514535
vt 0.157452 0.559810
vt 0.000000 0.000000
vt 0.157792 0.560142
vt 0.000000 0.000000
vt 0.358066 0.514468
vt 0.158139 0.560465
vt 0.000000 0.000000
vt 0.357970 0.514402
vt 0.158495 0.560779
vt 0.000000 0.000000
vt 0.357872 0.514338
vt 0.158858 0.561084
vt 0.000000 0.000000
vt 0.357774 0.514275
vt 0.159229 0.561382
vt 0.000000 0.000000
vt 0.357675 0.514214
vt 0.159607 0.561669
vt 0.000000 0.000000
vt 0.357575 0.514153
vt 0.159992 0.561948
vt 0.000000 0.000000
vt 0.357474 0.514093
vt 0.160383 0.562216
vt 0.000000 0.000000
vt 0.357373 0.514035
vt 0.160781 0.562475
vt 0.000000 0.000000
vt 0.357271 0.513978
vt 0.161185 0.562724
vt 0.000000 0.000000
vt 0.357168 0.513922
vt 0.161596 0.562963
vt 0.000000 0.000000
vt 0.357064 0.513867
vt 0.162012 0.563192
vt 0.000000 0.000000
vt 0.356960 0.513814
vt 0.162433 0.563410
vt 0.000000 0.000000
vt 0.356856 0.513763
vt 0.162860 0.563618
vt 0.000000 0.000000
vt 0.356750 0.513712
vt 0.163292 0.563817
vt 0.000000 0.000000
vt 0.356644 0.513663
vt 0.163728 0.564004
vt 0.000000 0.000000
vt 0.356538 0.513615
vt 0.164169 0.564180
vt 0.000000 0.000000
vt 0.356431 0.513568
vt 0.164614 0.564345
vt 0.000000 0.000000
vt 0.356323 0.513523
vt 0.165063 0.564500
vt 0.000000 0.000000
vt 0.356215 0.513479
vt 0.165515 0.564643
vt 0.000000 0.000000
vt 0.356106 0.513436
vt 0.165971 0.564776
vt 0.000000 0.000000
vt 0.355997 0.513394
vt 0.166430 0.564896
vt 0.000000 0.000000
vt 0.355887 0.513354
vt 0.166892 0.565006
vt 0.000000 0.000000
vt 0.355777 0.513316
vt 0.167357 0.565104
vt 0.000000 0.000000
vt 0.355666 0.513278
vt 0.167824 0.565192
vt 0.000000 0.000000
vt 0.355555 0.513243
vt 0.168292 0.565266
vt 0.000000 0.000000
vt 0.355443 0.513208
vt 0.168763 0.565331
vt 0.000000 0.000000
vt 0.355331 0.513175
vt 0.169235 0.565383
vt 0.000000 0.000000
vt 0.355218 0.513143
vt 0.169708 0.565424
vt 0.000000 0.000000
vt 0.355106 0.513112
vt 0.170182 0.565453
vt 0.000000 0.000000
vt 0.354993 0.513083
vt 0.354879 0.513056
vt 0.170656 0.565470
vt 0.000000 0.000000
vt 0.171131 0.565476
vt 0.000000 0.000000
vt 0.354766 0.513029
vt 0.354651 0.513004
vt 0.171606 0.565470
vt 0.000000 0.000000
vt 0.172080 0.565453
vt 0.000000 0.000000
vt 0.354536 0.512981
vt 0.172554 0.565423
vt 0.000000 0.000000
vt 0.354422 0.512959
vt 0.173027 0.565383
vt 0.000000 0.000000
vt 0.354307 0.512938
vt 0.173499 0.565331
vt 0.000000 0.000000
vt 0.354192 0.512919
vt 0.173969 0.565267
vt 0.000000 0.000000
vt 0.354076 0.512901
vt 0.174438 0.565191
vt 0.000000 0.000000
vt 0.353960 0.512885
vt 0.174905 0.565105
vt 0.000000 0.000000
vt 0.353844 0.512869
vt 0.175369 0.565005
vt 0.000000 0.000000
vt 0.353728 0.512855
vt 0.175831 0.564896
vt 0.000000 0.000000
vt 0.353612 0.512843
vt 0.176291 0.564776
vt 0.000000 0.000000
vt 0.353496 0.512833
vt 0.176747 0.564643
vt 0.000000 0.000000
vt 0.353379 0.512824
vt 0.177199 0.564500
vt 0.000000 0.000000
vt 0.353263 0.512816
vt 0.177648 0.564344
vt 0.000000 0.000000
vt 0.353145 0.512809
vt 0.178093 0.564180
vt 0.000000 0.000000
vt 0.353029 0.512804
vt 0.178534 0.564004
vt 0.000000 0.000000
vt 0.352912 0.512801
vt 0.352796 0.512799
vt 0.178970 0.563816
vt 0.000000 0.000000
vt 0.352639 0.512798
vt 0.179402 0.563619
vt 0.000000 0.000000
vt 0.352639 0.737203
vt 0.179829 0.563410
vt 0.000000 0.000000
vt 0.352796 0.737202
vt 0.180250 0.563191
vt 0.000000 0.000000
vt 0.352912 0.737199
vt 0.180666 0.562963
vt 0.000000 0.000000
vt 0.353029 0.737195
vt 0.181076 0.562723
vt 0.000000 0.000000
vt 0.353146 0.737190
vt 0.181481 0.562475
vt 0.000000 0.000000
vt 0.353262 0.737184
vt 0.181879 0.562216
vt 0.000000 0.000000
vt 0.182270 0.561947
vt 0.000000 0.000000
vt 0.353379 0.737176
vt 0.353496 0.737168
vt 0.182655 0.561670
vt 0.000000 0.000000
vt 0.183033 0.561382
vt 0.000000 0.000000
vt 0.353612 0.737157
vt 0.183403 0.561085
vt 0.000000 0.000000
vt 0.353728 0.737144
vt 0.183767 0.560779
vt 0.000000 0.000000
vt 0.353844 0.737130
vt 0.184123 0.560466
vt 0.000000 0.000000
vt 0.353961 0.737116
vt 0.354076 0.737099
vt 0.184470 0.560142
vt 0.000000 0.000000
vt 0.184810 0.559811
vt 0.000000 0.000000
vt 0.354192 0.737081
vt 0.185142 0.559471
vt 0.000000 0.000000
vt 0.354307 0.737062
vt 0.185465 0.559123
vt 0.000000 0.000000
vt 0.354421 0.737041
vt 0.185779 0.558767
vt 0.000000 0.000000
vt 0.354537 0.737019
vt 0.186085 0.558403
vt 0.000000 0.000000
vt 0.354651 0.736996
vt 0.186382 0.558033
vt 0.000000 0.000000
vt 0.354766 0.736971
vt 0.186669 0.557655
vt 0.000000 0.000000
vt 0.354879 0.736944
vt 0.354992 0.736917
vt 0.186947 0.557270
vt 0.000000 0.000000
vt 0.355106 0.736888
vt 0.187216 0.556878
vt 0.000000 0.000000
vt 0.355219 0.736858
vt 0.187475 0.556480
vt 0.000000 0.000000
vt 0.355331 0.736825
vt 0.187724 0.556076
vt 0.000000 0.000000
vt 0.355443 0.736792
vt 0.187963 0.555666
vt 0.000000 0.000000
vt 0.188192 0.555250
vt 0.000000 0.000000
vt 0.355555 0.736757
vt 0.355666 0.736721
vt 0.188411 0.554828
vt 0.000000 0.000000
vt 0.355777 0.736684
vt 0.188619 0.554402
vt 0.000000 0.000000
vt 0.355887 0.736645
vt 0.188817 0.553970
vt 0.000000 0.000000
vt 0.355997 0.736606
vt 0.189004 0.553534
vt 0.000000 0.000000
vt 0.356106 0.736564
vt 0.189180 0.553093
vt 0.000000 0.000000
vt 0.189345 0.552647
vt 0.000000 0.000000
vt 0.356215 0.736522
vt 0.189500 0.552199
vt 0.000000 0.000000
vt 0.356323 0.736477
vt 0.189643 0.551747
vt 0.000000 0.000000
vt 0.356431 0.736432
vt 0.356538 0.736385
vt 0.189776 0.551292
vt 0.000000 0.000000
vt 0.189896 0.550831
vt 0.000000 0.000000
vt 0.356644 0.736338
vt 0.190006 0.550369
vt 0.000000 0.000000
vt 0.356750 0.736287
vt 0.190105 0.549905
vt 0.000000 0.000000
vt 0.356856 0.736237
vt 0.190191 0.549438
vt 0.000000 0.000000
vt 0.356960 0.736185
vt 0.190267 0.548969
vt 0.000000 0.000000
vt 0.357065 0.736132
vt 0.190331 0.548499
vt 0.000000 0.000000
vt 0.357168 0.736077
vt 0.190383 0.548027
vt 0.000000 0.000000
vt 0.357270 0.736022
vt 0.190424 0.547554
vt 0.000000 0.000000
vt 0.357373 0.735965
vt 0.190453 0.547080
vt 0.000000 0.000000
vt 0.357474 0.735907
vt 0.357575 0.735848
vt 0.190470 0.546606
vt 0.000000 0.000000
vt 0.357675 0.735787
vt 0.190476 0.546131
vt 0.000000 0.000000
vt 0.190470 0.545656
vt 0.000000 0.000000
vt 0.357774 0.735725
vt 0.357872 0.735661
vt 0.190453 0.545181
vt 0.000000 0.000000
vt 0.357970 0.735597
vt 0.190424 0.544708
vt 0.000000 0.000000
vt 0.190383 0.544235
vt 0.000000 0.000000
vt 0.358066 0.735531
vt 0.190331 0.543763
vt 0.000000 0.000000
vt 0.358162 0.735465
vt 0.190267 0.543292
vt 0.000000 0.000000
vt 0.358257 0.735397
vt 0.190191 0.542823
vt 0.000000 0.000000
vt 0.358352 0.735328
vt 0.190104 0.542357
vt 0.000000 0.000000
vt 0.358446 0.735258
vt 0.190006 0.541892
vt 0.000000 0.000000
vt 0.358538 0.735186
vt 0.189897 0.541430
vt 0.000000 0.000000
vt 0.358630 0.735114
vt 0.189776 0.540971
vt 0.000000 0.000000
vt 0.358720 0.735040
vt 0.189643 0.540515
vt 0.000000 0.000000
vt 0.358810 0.734966
vt 0.189500 0.540063
vt 0.000000 0.000000
vt 0.358899 0.734890
vt 0.189345 0.539613
vt 0.000000 0.000000
vt 0.358987 0.734813
vt 0.189180 0.539169
vt 0.000000 0.000000
vt 0.359074 0.734735
vt 0.189004 0.538728
vt 0.000000 0.000000
vt 0.359160 0.734656
vt 0.188817 0.538292
vt 0.000000 0.000000
vt 0.359245 0.734576
vt 0.188619 0.537859
vt 0.000000 0.000000
vt 0.359329 0.734495
vt 0.188411 0.537433
vt 0.000000 0.000000
vt 0.359413 0.734413
vt 0.188192 0.537011
vt 0.000000 0.000000
vt 0.359495 0.734329
vt 0.187963 0.536596
vt 0.000000 0.000000
vt 0.359576 0.734245
vt 0.359656 0.734160
vt 0.187724 0.536185
vt 0.000000 0.000000
vt 0.359735 0.734074
vt 0.187475 0.535781
vt 0.000000 0.000000
vt 0.359813 0.733987
vt 0.187216 0.535383
vt 0.000000 0.000000
vt 0.359890 0.733899
vt 0.186947 0.534992
vt 0.000000 0.000000
vt 0.359966 0.733810
vt 0.186669 0.534607
vt 0.000000 0.000000
vt 0.186382 0.534229
vt 0.000000 0.000000
vt 0.360041 0.733721
vt 0.186085 0.533859
vt 0.000000 0.000000
vt 0.360114 0.733630
vt 0.185780 0.533495
vt 0.000000 0.000000
vt 0.360186 0.733538
vt 0.185465 0.533139
vt 0.000000 0.000000
vt 0.360258 0.733446
vt 0.360328 0.733352
vt 0.185142 0.532792
vt 0.000000 0.000000
vt 0.184810 0.532452
vt 0.000000 0.000000
vt 0.360397 0.733258
vt 0.360465 0.733163
vt 0.184471 0.532121
vt 0.000000 0.000000
vt 0.360532 0.733066
vt 0.184123 0.531797
vt 0.000000 0.000000
vt 0.183767 0.531482
vt 0.000000 0.000000
vt 0.360597 0.732969
vt 0.183403 0.531177
vt 0.000000 0.000000
vt 0.360662 0.732872
vt 0.183033 0.530879
vt 0.000000 0.000000
vt 0.360725 0.732773
vt 0.182655 0.530593
vt 0.000000 0.000000
vt 0.360786 0.732675
vt 0.360847 0.732575
vt 0.182270 0.530314
vt 0.000000 0.000000
vt 0.360907 0.732474
vt 0.181879 0.530046
vt 0.000000 0.000000
vt 0.360965 0.732373
vt 0.181481 0.529787
vt 0.000000 0.000000
vt 0.181076 0.529537
vt 0.000000 0.000000
vt 0.361022 0.732271
vt 0.180666 0.529299
vt 0.000000 0.000000
vt 0.361077 0.732167
vt 0.180250 0.529070
vt 0.000000 0.000000
vt 0.361132 0.732064
vt 0.179829 0.528852
vt 0.000000 0.000000
vt 0.361185 0.731960
vt 0.179402 0.528643
vt 0.000000 0.000000
vt 0.361237 0.731856
vt 0.178971 0.528446
vt 0.000000 0.000000
vt 0.361287 0.731750
vt 0.178534 0.528258
vt 0.000000 0.000000
vt 0.361337 0.731645
vt 0.178093 0.528081
vt 0.000000 0.000000
vt 0.361385 0.731538
vt 0.361432 0.731431
vt 0.177648 0.527917
vt 0.000000 0.000000
vt 0.177199 0.527762
vt 0.000000 0.000000
vt 0.361477 0.731323
vt 0.361521 0.731215
vt 0.176747 0.527618
vt 0.000000 0.000000
vt 0.176291 0.527486
vt 0.000000 0.000000
vt 0.361564 0.731106
vt 0.361605 0.730996
vt 0.175832 0.527366
vt 0.000000 0.000000
vt 0.361645 0.730887
vt 0.175370 0.527256
vt 0.000000 0.000000
vt 0.361684 0.730776
vt 0.174905 0.527157
vt 0.000000 0.000000
vt 0.361721 0.730666
vt 0.174438 0.527071
vt 0.000000 0.000000
vt 0.361757 0.730555
vt 0.173970 0.526995
vt 0.000000 0.000000
vt 0.361792 0.730443
vt 0.173499 0.526931
vt 0.000000 0.000000
vt 0.173027 0.526878
vt 0.000000 0.000000
vt 0.361826 0.730332
vt 0.172554 0.526838
vt 0.000000 0.000000
vt 0.361857 0.730218
vt 0.361888 0.730106
vt 0.172080 0.526808
vt 0.000000 0.000000
vt 0.361917 0.729993
vt 0.171606 0.526792
vt 0.000000 0.000000
vt 0.361945 0.729879
vt 0.000000 0.000000
vt 0.361971 0.729766
vt 0.000000 0.000000
vt 0.361996 0.729652
vt 0.000000 0.000000
vt 0.362020 0.729537
vt 0.000000 0.000000
vt 0.362042 0.729422
vt 0.000000 0.000000
vt 0.362062 0.729307
vt 0.000000 0.000000
vt 0.362081 0.729192
vt 0.000000 0.000000
vt 0.362099 0.729076
vt 0.000000 0.000000
vt 0.362116 0.728961
vt 0.000000 0.000000
vt 0.362130 0.728844
vt 0.000000 0.000000
vt 0.000000 0.000000
vt 0.362144 0.728728
vt 0.000000 0.000000
vt 0.362156 0.728612
vt 0.000000 0.000000
vt 0.362167 0.728496
vt 0.362176 0.728379
vt 0.000000 0.000000
vt 0.000000 0.000000
vt 0.362184 0.728263
vt 0.362191 0.728145
vt 0.000000 0.000000
vt 0.362196 0.728029
vt 0.000000 0.000000
vt 0.362199 0.727912
vt 0.000000 0.000000
vt 0.362201 0.727796
vt 0.000000 0.000000
vt 0.362202 0.727639
vt 0.000000 0.000000
vt 0.000000 0.000000
vt 0.000000 0.000000
vt 0.000000 0.000000
vt 0.000000 0.000000
vt 0.000000 0.000000
vt 0.000000 0.000000
vt 0.000000 0.000000
vt 0.000000 0.000000
vt 0.000000 0.000000
vt 0.000000 0.000000
vt 0.000000 0.000000
vt 0.000000 0.000000
vt 0.000000 0.000000
vt 0.000000 0.000000
vt 0.000000 0.000000
vt 0.000000 0.000000
vt 0.000000 0.000000
vt 0.000000 0.000000
vt 0.000000 0.000000
vt 0.000000 0.000000
vt 0.000000 0.000000
vt 0.000000 0.000000
vt 0.000000 0.000000
vt 0.000000 0.000000
vt 0.000000 0.000000
vt 0.000000 0.000000
vt 0.000000 0.000000
vt 0.000000 0.000000
vt 0.000000 0.000000
vt 0.000000 0.000000
vt 0.000000 0.000000
vt 0.000000 0.000000
vt 0.000000 0.000000
vt 0.000000 0.000000
vt 0.000000 0.000000
vt 0.000000 0.000000
vt 0.000000 0.000000
vt 0.000000 0.000000
vt 0.000000 0.000000
vt 0.000000 0.000000
vt 0.000000 0.000000
vt 0.000000 0.000000
vt 0.000000 0.000000
vt 0.000000 0.000000
vt 0.000000 0.000000
vt 0.000000 0.000000
vt 0.000000 0.000000
vt 0.000000 0.000000
vt 0.000000 0.000000
vt 0.000000 0.000000
vt 0.000000 0.000000
vt 0.000000 0.000000
vt 0.000000 0.000000
vt 0.000000 0.000000
vt 0.000000 0.000000
vt 0.000000 0.000000
vt 0.000000 0.000000
vt 0.000000 0.000000
vt 0.000000 0.000000
vt 0.000000 0.000000
vt 0.000000 0.000000
vt 0.000000 0.000000
vt 0.000000 0.000000
vt 0.000000 0.000000
vt 0.000000 0.000000
vt 0.000000 0.000000
vt 0.000000 0.000000
vt 0.000000 0.000000
vt 0.000000 0.000000
vt 0.000000 0.000000
vt 0.000000 0.000000
vt 0.000000 0.000000
vt 0.000000 0.000000
vt 0.000000 0.000000
vt 0.000000 0.000000
vt 0.000000 0.000000
vt 0.000000 0.000000
vt 0.000000 0.000000
vt 0.000000 0.000000
vt 0.000000 0.000000
vt 0.000000 0.000000
vt 0.000000 0.000000
vt 0.000000 0.000000
vt 0.000000 0.000000
vt 0.000000 0.000000
vt 0.000000 0.000000
vt 0.000000 0.000000
vt 0.000000 0.000000
vt 0.000000 0.000000
vt 0.000000 0.000000
vt 0.000000 0.000000
vt 0.000000 0.000000
vt 0.000000 0.000000
vt 0.000000 0.000000
vt 0.000000 0.000000
vt 0.000000 0.000000
vt 0.000000 0.000000
vt 0.000000 0.000000
vt 0.000000 0.000000
vt 0.000000 0.000000
vt 0.000000 0.000000
vt 0.000000 0.000000
vt 0.000000 0.000000
vt 0.000000 0.000000
vt 0.000000 0.000000
vt 0.000000 0.000000
vt 0.000000 0.000000
vt 0.000000 0.000000
vt 0.000000 0.000000
vt 0.000000 0.000000
vt 0.000000 0.000000
vt 0.000000 0.000000
vt 0.000000 0.000000
vt 0.000000 0.000000
vt 0.000000 0.000000
vt 0.000000 0.000000
vt 0.000000 0.000000
vt 0.000000 0.000000
vt 0.000000 0.000000
vt 0.000000 0.000000
vt 0.000000 0.000000
vt 0.000000 0.000000
vt 0.000000 0.000000
vt 0.000000 0.000000
vt 0.000000 0.000000
vt 0.000000 0.000000
vt 0.000000 0.000000
vt 0.000000 0.000000
vt 0.000000 0.000000
vt 0.000000 0.000000
vt 0.000000 0.000000
vt 0.000000 0.000000
vt 0.000000 0.000000
vt 0.000000 0.000000
vt 0.000000 0.000000
vt 0.000000 0.000000
vt 0.000000 0.000000
vt 0.000000 0.000000
vt 0.000000 0.000000
vt 0.000000 0.000000
vt 0.000000 0.000000
vt 0.000000 0.000000
vt 0.000000 0.000000
vt 0.000000 0.000000
vt 0.000000 0.000000
vt 0.000000 0.000000
vt 0.000000 0.000000
vt 0.000000 0.000000
vt 0.000000 0.000000
vt 0.000000 0.000000
vt 0.000000 0.000000
vt 0.000000 0.000000
vt 0.000000 0.000000
vt 0.000000 0.000000
vt 0.000000 0.000000
vt 0.000000 0.000000
vt 0.000000 0.000000
vt 0.000000 0.000000
vt 0.000000 0.000000
vt 0.000000 0.000000
vt 0.000000 0.000000
vt 0.000000 0.000000
vt 0.000000 0.000000
vt 0.000000 0.000000
vt 0.000000 0.000000
vt 0.000000 0.000000
vt 0.000000 0.000000
vt 0.000000 0.000000
vt 0.000000 0.000000
vt 0.000000 0.000000
vt 0.000000 0.000000
vt 0.000000 0.000000
vt 0.000000 0.000000
vt 0.000000 0.000000
vt 0.000000 0.000000
vt 0.000000 0.000000
vt 0.000000 0.000000
vt 0.000000 0.000000
vt 0.000000 0.000000
vt 0.000000 0.000000
vt 0.000000 0.000000
vt 0.000000 0.000000
vt 0.000000 0.000000
vt 0.000000 0.000000
vt 0.000000 0.000000
vt 0.000000 0.000000
vt 0.000000 0.000000
vt 0.000000 0.000000
vt 0.000000 0.000000
vt 0.000000 0.000000
vt 0.000000 0.000000
vt 0.000000 0.000000
vt 0.000000 0.000000
vt 0.000000 0.000000
vt 0.000000 0.000000
vt 0.000000 0.000000
vt 0.000000 0.000000
vt 0.000000 0.000000
vt 0.000000 0.000000
vt 0.000000 0.000000
vt 0.000000 0.000000
vt 0.000000 0.000000
vt 0.000000 0.000000
vt 0.000000 0.000000
vt 0.000000 0.000000
vt 0.000000 0.000000
vt 0.000000 0.000000
vt 0.000000 0.000000
vt 0.000000 0.000000
vt 0.000000 0.000000
vt 0.000000 0.000000
vt 0.000000 0.000000
vt 0.000000 0.000000
vt 0.000000 0.000000
vt 0.000000 0.000000
vt 0.000000 0.000000
vt 0.000000 0.000000
vt 0.000000 0.000000
vt 0.000000 0.000000
vt 0.000000 0.000000
vt 0.000000 0.000000
vt 0.000000 0.000000
vt 0.000000 0.000000
vt 0.000000 0.000000
vt 0.000000 0.000000
vt 0.000000 0.000000
vt 0.000000 0.000000
vt 0.000000 0.000000
vt 0.000000 0.000000
vt 0.000000 0.000000
vt 0.000000 0.000000
vt 0.000000 0.000000
vt 0.000000 0.000000
vt 0.000000 0.000000
vt 0.000000 0.000000
vt 0.000000 0.000000
vt 0.000000 0.000000
vt 0.188173 0.709533
vt 0.000000 0.000000
vt 0.188193 0.695683
vt 0.000000 0.000000
vt 0.188211 0.677909
vt 0.000000 0.000000
vt 0.188220 0.664045
vt 0.000000 0.000000
vt 0.188227 0.646258
vt 0.000000 0.000000
vt 0.188229 0.632388
vt 0.000000 0.000000
vt 0.188229 0.614597
vt 0.000000 0.000000
vt 0.188226 0.600728
vt 0.000000 0.000000
vt 0.188219 0.582941
vt 0.000000 0.000000
vt 0.188209 0.569078
vt 0.000000 0.000000
vt 0.188189 0.551306
vt 0.000000 0.000000
vt 0.191183 0.712540
vt 0.000000 0.000000
vt 0.191222 0.680919
vt 0.000000 0.000000
vt 0.191239 0.649272
vt 0.000000 0.000000
vt 0.191242 0.617613
vt 0.000000 0.000000
vt 0.188229 0.632388
vt 0.000000 0.000000
vt 0.188226 0.600728
vt 0.000000 0.000000
vt 0.191233 0.585957
vt 0.000000 0.000000
vt 0.191207 0.554320
vt 0.000000 0.000000
vt 0.250001 0.664026
vt 0.000000 0.000000
vt 0.250000 0.649260
vt 0.307926 0.695679
vt 0.000000 0.000000
vt 0.000000 0.000000
vt 0.250000 0.695656
vt 0.308818 0.712540
vt 0.000000 0.000000
vt 0.311828 0.709533
vt 0.000000 0.000000
vt 0.000000 0.000000
vt 0.250000 0.712520
vt 0.000000 0.000000
vt 0.250001 0.680897
vt 0.000000 0.000000
vt 0.188167 0.537457
vt 0.000000 0.000000
vt 0.188167 0.537457
vt 0.000000 0.000000
vt 0.250000 0.600740
vt 0.000000 0.000000
vt 0.250000 0.585975
vt 0.000000 0.000000
vt 0.250001 0.554344
vt 0.307928 0.680918
vt 0.000000 0.000000
vt 0.000000 0.000000
vt 0.250000 0.569104
vt 0.000000 0.000000
vt 0.250000 0.537480
vt 0.308794 0.554320
vt 0.000000 0.000000
vt 0.308778 0.680919
vt 0.000000 0.000000
vt 0.308761 0.649271
vt 0.000000 0.000000
vt 0.311780 0.664044
vt 0.000000 0.000000
vt 0.308759 0.617613
vt 0.000000 0.000000
vt 0.311771 0.632388
vt 0.000000 0.000000
vt 0.308767 0.585957
vt 0.000000 0.000000
vt 0.311792 0.569078
vt 0.000000 0.000000
vt 0.311807 0.695683
vt 0.000000 0.000000
vt 0.311811 0.551306
vt 0.000000 0.000000
vt 0.311792 0.569078
vt 0.000000 0.000000
vt 0.311833 0.537457
vt 0.000000 0.000000
vt 0.311774 0.646258
vt 0.000000 0.000000
vt 0.311780 0.664044
vt 0.000000 0.000000
vt 0.311771 0.632388
vt 0.000000 0.000000
vt 0.311772 0.614597
vt 0.000000 0.000000
vt 0.311775 0.600727
vt 0.000000 0.000000
vt 0.311782 0.582941
vt 0.000000 0.000000
vt 0.311790 0.677909
vt 0.000000 0.000000
vt 0.000000 0.000000
vt 0.250001 0.617613
vt 0.000000 0.000000
vt 0.250000 0.632388
vt 0.250000 0.500000
vt 0.250000 0.750000
s 0
f 1386/1642/1 3784/4350/1 1387/1643/1
f 4080/4784/2 968/1224/2 2264/2712/2
f 3821/4396/2 5361/6322/2 5364/6326/2
f 383/574/2 1916/2237/2 1918/2240/2
f 5363/6325/3 3522/4034/3 5362/6324/3
f 5362/6324/4 3520/4032/4 5359/6319/4
f 5359/6319/5 3518/4030/5 5357/6316/5
f 5357/6316/6 3515/4027/6 5356/6315/6
f 5356/6315/7 3514/4026/7 5354/6312/7
f 5354/6312/8 3512/4024/8 5352/6309/8
f 5352/6309/9 3509/4021/9 5350/6306/9
f 5350/6306/10 3508/4020/10 5348/6303/10
f 5348/6303/11 3506/4018/11 5346/6300/11
f 5346/6300/12 3504/4016/12 5344/6297/12
f 5344/6297/13 3502/4014/13 5342/6294/13
f 5342/6294/14 3500/4012/14 5340/6291/14
f 5340/6291/15 3498/4010/15 5337/6286/15
f 5337/6286/16 3495/4007/16 5336/6285/16
f 5336/6285/17 3494/4006/17 5334/6282/17
f 5334/6282/18 3491/4003/18 5332/6279/18
f 5332/6279/19 3489/4001/19 5329/6274/19
f 5329/6274/20 3488/4000/20 5327/6271/20
f 5327/6271/21 3486/3998/21 5325/6268/21
f 5325/6268/22 3484/3996/22 5323/6265/22
f 5323/6265/23 3482/3994/23 5321/6262/23
f 5321/6262/24 3479/3991/24 5320/6261/24
f 5320/6261/25 3478/3990/25 5317/6256/25
f 5317/6256/26 3476/3988/26 5315/6253/26
f 5315/6253/27 3473/3985/27 5313/6250/27
f 5313/6250/28 3472/3984/28 5311/6247/28
f 5311/6247/29 3469/3981/29 5309/6244/29
f 5309/6244/30 3467/3979/30 5308/6243/30
f 5308/6243/31 3465/3977/31 5306/6240/31
f 5306/6240/32 3464/3976/32 5304/6237/32
f 5304/6237/33 3461/3973/33 5302/6234/33
f 5302/6234/34 3460/3972/34 5300/6231/34
f 5300/6231/35 3457/3969/35 5298/6228/35
f 5298/6228/36 3455/3967/36 5296/6225/36
f 5296/6225/37 3454/3966/37 5293/6220/37
f 5293/6220/38 3451/3963/38 5292/6219/38
f 5292/6219/39 3450/3962/39 5290/6216/39
f 5290/6216/40 3447/3959/40 5288/6213/40
f 5288/6213/41 3446/3958/41 5286/6210/41
f 5286/6210/42 3444/3956/42 5283/6205/42
f 5283/6205/43 3442/3954/43 5282/6204/43
f 5282/6204/44 3440/3952/44 5279/6199/44
f 5279/6199/45 3437/3949/45 5277/6196/45
f 5277/6196/46 3436/3948/46 5275/6193/46
f 5275/6193/47 3434/3946/47 5273/6190/47
f 5273/6190/48 3432/3944/48 5271/6187/48
f 5271/6187/49 3430/3942/49 5269/6184/49
f 5267/6181/50 3425/3937/50 5265/6178/50
f 5265/6178/51 3424/3936/51 5264/6177/51
f 5264/6177/52 3421/3933/52 5262/6174/52
f 5262/6174/53 3420/3932/53 5260/6171/53
f 5260/6171/54 3418/3930/54 5258/6168/54
f 5258/6168/55 3416/3928/55 5256/6165/55
f 5256/6165/56 3413/3925/56 5254/6162/56
f 5254/6162/57 3412/3924/57 5252/6159/57
f 5252/6159/58 3411/3923/58 5250/6156/58
f 5250/6156/59 3410/3922/59 5248/6153/59
f 5248/6153/60 3409/3921/60 5246/6150/60
f 5246/6150/61 3408/3920/61 5244/6147/61
f 5244/6147/62 3407/3919/62 5242/6144/62
f 5242/6144/63 3406/3918/63 5240/6141/63
f 5240/6141/64 3405/3917/64 5238/6138/64
f 5238/6138/65 3404/3916/65 5236/6135/65
f 5236/6135/66 3403/3915/66 5233/6130/66
f 5233/6130/67 3402/3914/67 5232/6129/67
f 5232/6129/68 3401/3913/68 5229/6124/68
f 5229/6124/69 3400/3912/69 5228/6123/69
f 5228/6123/70 3399/3911/70 5226/6120/70
f 5226/6120/71 3398/3910/71 5224/6117/71
f 5224/6117/72 3397/3909/72 5222/6114/72
f 5222/6114/73 3396/3908/73 5220/6111/73
f 5220/6111/74 3395/3907/74 5218/6108/74
f 5218/6108/75 3394/3906/75 5216/6105/75
f 5216/6105/76 3393/3905/76 5214/6102/76
f 5214/6102/77 3392/3904/77 5212/6099/77
f 5212/6099/78 3391/3903/78 5210/6096/78
f 5210/6096/79 3390/3902/79 5208/6093/79
f 5208/6093/80 3389/3901/80 5206/6090/80
f 5206/6090/81 3388/3900/81 5204/6087/81
f 5204/6087/82 3387/3899/82 5202/6084/82
f 5202/6084/83 3386/3898/83 5200/6081/83
f 5200/6081/84 3385/3897/84 5198/6078/84
f 5198/6078/85 3384/3896/85 5196/6075/85
f 5196/6075/86 3383/3895/86 5194/6072/86
f 5194/6072/87 3382/3894/87 5192/6069/87
f 5192/6069/88 3381/3893/88 5190/6066/88
f 5190/6066/89 3380/3892/89 5188/6063/89
f 5188/6063/90 3379/3891/90 5186/6060/90
f 5186/6060/91 3378/3890/91 5184/6057/91
f 5184/6057/92 3377/3889/92 5182/6054/92
f 5182/6054/93 3376/3888/93 5180/6051/93
f 5180/6051/94 3375/3887/94 5178/6048/94
f 5178/6048/95 3374/3886/95 5176/6045/95
f 5176/6045/96 3373/3885/96 5174/6042/96
f 5174/6042/97 3372/3884/97 5172/6039/97
f 5172/6039/98 3371/3883/98 5170/6036/98
f 5170/6036/99 3370/3882/99 5167/6031/99
f 5167/6031/100 3369/3881/100 5165/6028/100
f 5165/6028/101 3368/3880/101 5163/6025/101
f 5163/6025/102 3367/3879/102 5161/6022/102
f 5161/6022/103 3366/3878/103 5159/6019/103
f 5159/6019/104 3365/3877/104 5157/6016/104
f 5157/6016/105 3364/3876/105 5155/6013/105
f 5155/6013/106 3363/3875/106 5153/6010/106
f 5153/6010/107 3362/3874/107 5151/6007/107
f 5151/6007/108 3361/3873/108 5149/6004/108
f 5149/6004/109 3360/3872/109 5147/6001/109
f 5147/6001/110 3359/3871/110 5145/5998/110
f 5145/5998/111 3358/3870/111 5143/5995/111
f 5143/5995/112 3357/3869/112 5141/5992/112
f 5141/5992/113 3356/3868/113 5139/5989/113
f 5139/5989/114 3355/3867/114 5137/5986/114
f 5137/5986/115 3354/3866/115 5135/5983/115
f 5135/5983/116 3353/3865/116 5133/5980/116
f 5133/5980/117 3352/3864/117 5131/5977/117
f 5131/5977/118 3351/3863/118 5129/5974/118
f 5129/5974/119 3350/3862/119 5127/5971/119
f 5127/5971/120 3349/3861/120 5125/5968/120
f 5125/5968/121 3348/3860/121 5123/5965/121
f 5123/5965/122 3347/3859/122 5121/5962/122
f 5121/5962/123 3346/3858/123 5120/5961/123
f 5120/5961/124 3344/3856/124 5118/5958/124
f 5118/5958/125 3341/3853/125 5116/5955/125
f 5116/5955/126 3340/3852/126 5113/5950/126
f 5113/5950/127 3337/3849/127 5112/5949/127
f 5112/5949/128 3335/3847/128 5110/5946/128
f 5110/5946/129 3333/3845/129 5108/5943/129
f 5108/5943/130 3331/3843/130 5106/5940/130
f 5106/5940/131 3329/3841/131 5104/5937/131
f 5104/5937/132 3327/3839/132 5101/5932/132
f 5101/5932/133 3326/3838/133 5100/5931/133
f 5100/5931/134 3324/3836/134 5098/5928/134
f 5098/5928/135 3322/3834/135 5095/5923/135
f 5095/5923/136 3319/3831/136 5093/5920/136
f 5093/5920/137 3318/3830/137 5091/5917/137
f 5091/5917/138 3315/3827/138 5090/5916/138
f 5090/5916/139 3314/3826/139 5087/5911/139
f 5087/5911/140 3311/3823/140 5085/5908/140
f 5085/5908/141 3310/3822/141 5083/5905/141
f 5083/5905/142 3307/3819/142 5082/5904/142
f 5082/5904/143 3306/3818/143 5079/5899/143
f 5079/5899/144 3304/3816/144 5077/5896/144
f 5077/5896/145 3301/3813/145 5076/5895/145
f 5076/5895/146 3299/3811/146 5074/5892/146
f 5074/5892/147 3297/3809/147 5071/5887/147
f 5071/5887/148 3296/3808/148 5069/5884/148
f 5069/5884/149 3294/3806/149 5068/5883/149
f 5068/5883/150 3291/3803/150 5065/5878/150
f 5065/5878/151 3289/3801/151 5064/5877/151
f 5064/5877/152 3288/3800/152 5062/5874/152
f 5062/5874/153 3286/3798/153 5060/5871/153
f 5060/5871/154 3284/3796/154 5058/5868/154
f 5058/5868/155 3282/3794/155 5055/5863/155
f 5055/5863/156 3281/3793/156 5053/5860/156
f 5053/5860/157 3280/3792/157 5051/5857/157
f 5051/5857/158 3279/3791/158 5049/5854/158
f 5049/5854/159 3278/3790/159 5047/5851/159
f 5047/5851/160 3277/3789/160 5045/5848/160
f 5045/5848/161 3276/3788/161 5043/5845/161
f 5043/5845/162 3275/3787/162 5041/5842/162
f 5041/5842/163 3274/3786/163 5039/5839/163
f 5039/5839/164 3273/3785/164 5037/5836/164
f 5037/5836/165 3272/3784/165 5035/5833/165
f 5035/5833/166 3271/3783/166 5033/5830/166
f 5033/5830/167 3270/3782/167 5031/5827/167
f 5031/5827/168 3269/3781/168 5029/5824/168
f 5029/5824/169 3268/3780/169 5027/5821/169
f 5027/5821/170 3267/3779/170 5025/5818/170
f 5025/5818/171 3266/3778/171 5024/5817/171
f 5024/5817/172 3265/3777/172 5021/5812/172
f 5021/5812/173 3264/3776/173 5020/5811/173
f 5020/5811/174 3263/3775/174 5017/5806/174
f 5017/5806/175 3262/3774/175 5015/5803/175
f 5015/5803/176 3261/3773/176 5013/5800/176
f 5013/5800/177 3260/3772/177 5011/5797/177
f 5009/5794/178 3258/3770/178 5007/5791/178
f 5007/5791/179 3257/3769/179 5005/5788/179
f 5005/5788/180 3256/3768/180 5004/5787/180
f 5004/5787/181 3255/3767/181 5001/5782/181
f 5001/5782/182 3254/3766/182 5000/5781/182
f 5000/5781/183 3253/3765/183 4998/5778/183
f 4998/5778/184 3252/3764/184 4996/5775/184
f 4996/5775/185 3251/3763/185 4994/5772/185
f 4994/5772/186 3250/3762/186 4992/5769/186
f 4992/5769/187 3246/3758/187 4990/5766/187
f 4990/5766/188 3245/3757/188 4988/5763/188
f 4988/5763/189 3240/3752/189 4986/5760/189
f 4986/5760/190 3236/3748/190 4984/5757/190
f 4984/5757/191 3232/3744/191 4982/5754/191
f 4982/5754/192 3229/3741/192 4980/5751/192
f 4980/5751/193 3225/3737/193 4978/5748/193
f 4978/5748/194 3221/3733/194 4976/5745/194
f 4976/5745/195 3217/3729/195 4974/5742/195
f 4974/5742/196 3210/3722/196 4973/5741/196
f 4973/5741/197 3207/3719/197 4972/5740/197
f 4972/5740/198 3204/3716/198 4971/5739/198
f 4971/5739/199 3200/3712/199 4970/5738/199
f 4970/5738/200 3196/3708/200 4969/5737/200
f 4969/5737/201 3192/3704/201 4968/5736/201
f 4968/5736/202 3189/3701/202 4967/5735/202
f 4967/5735/203 3184/3696/203 4966/5734/203
f 4966/5734/204 3180/3692/204 4965/5733/204
f 4965/5733/205 3175/3687/205 4964/5732/205
f 4964/5732/206 3171/3683/206 4963/5731/206
f 4963/5731/207 3167/3679/207 4962/5730/207
f 4962/5730/208 3164/3676/208 4961/5729/208
f 4961/5729/209 3158/3670/209 4960/5728/209
f 4960/5728/210 3156/3668/210 4959/5727/210
f 4959/5727/211 3153/3665/211 4958/5726/211
f 4958/5726/212 3148/3660/212 4957/5725/212
f 4957/5725/213 3144/3656/213 4956/5724/213
f 4956/5724/214 3139/3651/214 4955/5723/214
f 4955/5723/215 3137/3649/215 4954/5722/215
f 4954/5722/216 3132/3644/216 4953/5721/216
f 4953/5721/217 3129/3641/217 4952/5720/217
f 4952/5720/218 3125/3637/218 4951/5719/218
f 4951/5719/219 3123/3635/219 4950/5718/219
f 4950/5718/220 3121/3633/220 4949/5717/220
f 4949/5717/221 3118/3630/221 4948/5716/221
f 4948/5716/222 3116/3628/222 4947/5715/222
f 4947/5715/223 3114/3626/223 4946/5714/223
f 4946/5714/224 3112/3624/224 4945/5713/224
f 4945/5713/225 3111/3623/225 4944/5712/225
f 4944/5712/226 3109/3621/226 4943/5711/226
f 4943/5711/227 3107/3619/227 4942/5710/227
f 4942/5710/228 3105/3617/228 4941/5709/228
f 4941/5709/229 3103/3615/229 4940/5708/229
f 4940/5708/230 3100/3612/230 4939/5707/230
f 4939/5707/231 3099/3611/231 4938/5706/231
f 4938/5706/232 3096/3608/232 4937/5705/232
f 4937/5705/233 3095/3607/233 4936/5704/233
f 4936/5704/234 3093/3605/234 4935/5703/234
f 4935/5703/235 3090/3602/235 4934/5702/235
f 4934/5702/236 3089/3601/236 4933/5701/236
f 4933/5701/237 3087/3599/237 4932/5700/237
f 4932/5700/238 3085/3597/238 4931/5699/238
f 4931/5699/239 3083/3595/239 4930/5698/239
f 4930/5698/240 3080/3592/240 4929/5697/240
f 4929/5697/241 3079/3591/241 4928/5696/241
f 4928/5696/242 3076/3588/242 4927/5695/242
f 4927/5695/243 3074/3586/243 4926/5694/243
f 4926/5694/244 3073/3585/244 4925/5693/244
f 4925/5693/245 3070/3582/245 4924/5692/245
f 4924/5692/246 3068/3580/246 4923/5691/246
f 4923/5691/247 3067/3579/247 4922/5690/247
f 4922/5690/248 3065/3577/248 4921/5689/248
f 4921/5689/249 3062/3574/249 4920/5688/249
f 4920/5688/250 3058/3570/250 4919/5687/250
f 4824/5592/251 2778/3290/251 4825/5593/251
f 4919/5687/252 3054/3566/252 4918/5686/252
f 4823/5591/253 2776/3288/253 4824/5592/253
f 4918/5686/254 3050/3562/254 4917/5685/254
f 4822/5590/255 2774/3286/255 4823/5591/255
f 4917/5685/256 3046/3558/256 4916/5684/256
f 4821/5589/257 2769/3281/257 4822/5590/257
f 4916/5684/258 3045/3557/258 4915/5683/258
f 4820/5588/259 2765/3277/259 4821/5589/259
f 4915/5683/260 3041/3553/260 4914/5682/260
f 4819/5587/261 2761/3273/261 4820/5588/261
f 4914/5682/262 3035/3547/262 4913/5681/262
f 4818/5586/263 2758/3270/263 4819/5587/263
f 4913/5681/264 3032/3544/264 4912/5680/264
f 4817/5585/265 2754/3266/265 4818/5586/265
f 4912/5680/266 3028/3540/266 4911/5679/266
f 4816/5584/267 2748/3260/267 4817/5585/267
f 4911/5679/268 3022/3534/268 4910/5678/268
f 4815/5583/269 2744/3256/269 4816/5584/269
f 4910/5678/270 3020/3532/270 4909/5677/270
f 4814/5582/271 2740/3252/271 4815/5583/271
f 4909/5677/272 3014/3526/272 4908/5676/272
f 4813/5581/273 2739/3251/273 4814/5582/273
f 4908/5676/274 3010/3522/274 4907/5675/274
f 4812/5580/275 2732/3244/275 4813/5581/275
f 4907/5675/276 3007/3519/276 4906/5674/276
f 4811/5579/277 2729/3241/277 4812/5580/277
f 4906/5674/278 3002/3514/278 4905/5673/278
f 4810/5578/279 2724/3236/279 4811/5579/279
f 4905/5673/280 3000/3512/280 4904/5672/280
f 4809/5577/281 2720/3232/281 4810/5578/281
f 4904/5672/282 2997/3509/282 4903/5671/282
f 4808/5576/283 2717/3229/283 4809/5577/283
f 4903/5671/284 2995/3507/284 4902/5670/284
f 4807/5575/285 2714/3226/285 4808/5576/285
f 4902/5670/286 2994/3506/286 4901/5669/286
f 4806/5574/287 2709/3221/287 4807/5575/287
f 4901/5669/288 2991/3503/288 4900/5668/288
f 4805/5573/289 2708/3220/289 4806/5574/289
f 4900/5668/290 2989/3501/290 4899/5667/290
f 4804/5572/291 2705/3217/291 4805/5573/291
f 4899/5667/292 2988/3500/292 4898/5666/292
f 4803/5571/293 2703/3215/293 4804/5572/293
f 4898/5666/294 2985/3497/294 4897/5665/294
f 4802/5570/295 2702/3214/295 4803/5571/295
f 4897/5665/296 2984/3496/296 4896/5664/296
f 4801/5569/297 2700/3212/297 4802/5570/297
f 4896/5664/298 2981/3493/298 4895/5663/298
f 4800/5568/299 2698/3210/299 4801/5569/299
f 4895/5663/300 2980/3492/300 4894/5662/300
f 4799/5567/301 2696/3208/301 4800/5568/301
f 4894/5662/302 2977/3489/302 4893/5661/302
f 4798/5566/303 2693/3205/303 4799/5567/303
f 4893/5661/304 2976/3488/304 4892/5660/304
f 4797/5565/305 2692/3204/305 4798/5566/305
f 4892/5660/306 2974/3486/306 4891/5659/306
f 4796/5564/307 2689/3201/307 4797/5565/307
f 4891/5659/308 2972/3484/308 4890/5658/308
f 4795/5563/309 2687/3199/309 4796/5564/309
f 4890/5658/310 2970/3482/310 4889/5657/310
f 4794/5562/311 2685/3197/311 4795/5563/311
f 4889/5657/312 2968/3480/312 4888/5656/312
f 4793/5561/313 2683/3195/313 4794/5562/313
f 4888/5656/314 2964/3476/314 4887/5655/314
f 4792/5560/315 2681/3193/315 4793/5561/315
f 4887/5655/316 2960/3472/316 4886/5654/316
f 4791/5559/317 2679/3191/317 4792/5560/317
f 4886/5654/318 2954/3466/318 4885/5653/318
f 4790/5558/319 2677/3189/319 4791/5559/319
f 4885/5653/320 2952/3464/320 4884/5652/320
f 4789/5557/321 2675/3187/321 4790/5558/321
f 4884/5652/322 2949/3461/322 4883/5651/322
f 4788/5556/323 2669/3181/323 4789/5557/323
f 4883/5651/324 2945/3457/324 4882/5650/324
f 4787/5555/325 2667/3179/325 4788/5556/325
f 4882/5650/326 2941/3453/326 4881/5649/326
f 4786/5554/327 2663/3175/327 4787/5555/327
f 4881/5649/328 2936/3448/328 4880/5648/328
f 4785/5553/329 2657/3169/329 4786/5554/329
f 4880/5648/330 2932/3444/330 4879/5647/330
f 4784/5552/331 2654/3166/331 4785/5553/331
f 4879/5647/332 2928/3440/332 4878/5646/332
f 4783/5551/333 2650/3162/333 4784/5552/333
f 4878/5646/334 2924/3436/334 4877/5645/334
f 4782/5550/335 2646/3158/335 4783/5551/335
f 4877/5645/336 2920/3432/336 4876/5644/336
f 4781/5549/337 2644/3156/337 4782/5550/337
f 4876/5644/338 2915/3427/338 4875/5643/338
f 4780/5548/339 2640/3152/339 4781/5549/339
f 4875/5643/340 2913/3425/340 4874/5642/340
f 4779/5547/341 2633/3145/341 4780/5548/341
f 4874/5642/342 2906/3418/342 4873/5641/342
f 4778/5546/343 2632/3144/343 4779/5547/343
f 4873/5641/344 2904/3416/344 4872/5640/344
f 4777/5545/345 2625/3137/345 4778/5546/345
f 4872/5640/346 2898/3410/346 4871/5639/346
f 4776/5544/1 2624/3136/1 4777/5545/1
f 4871/5639/347 2894/3406/347 4870/5638/347
f 4775/5543/348 2617/3129/348 4776/5544/348
f 4870/5638/349 2890/3402/349 4869/5637/349
f 4774/5542/350 2613/3125/350 4775/5543/350
f 4869/5637/351 2888/3400/351 4868/5636/351
f 4773/5541/352 2612/3124/352 4774/5542/352
f 4868/5636/353 2883/3395/353 4867/5635/353
f 4772/5540/354 2607/3119/354 4773/5541/354
f 4867/5635/355 2878/3390/355 4866/5634/355
f 4771/5539/356 2601/3113/356 4772/5540/356
f 4866/5634/357 2877/3389/357 4865/5633/357
f 4770/5538/358 2599/3111/358 4771/5539/358
f 4865/5633/359 2871/3383/359 4864/5632/359
f 4769/5537/360 2595/3107/360 4770/5538/360
f 4862/5630/361 2866/3378/361 4863/5631/361
f 4768/5536/362 2591/3103/362 4769/5537/362
f 4861/5629/363 2862/3374/363 4862/5630/363
f 4767/5535/364 2587/3099/364 4768/5536/364
f 4860/5628/365 2861/3373/365 4861/5629/365
f 4766/5534/366 2583/3095/366 4767/5535/366
f 4859/5627/367 2854/3366/367 4860/5628/367
f 4765/5533/368 2580/3092/368 4766/5534/368
f 4858/5626/369 2853/3365/369 4859/5627/369
f 4764/5532/370 2574/3086/370 4765/5533/370
f 4857/5625/371 2846/3358/371 4858/5626/371
f 4763/5531/372 2572/3084/372 4764/5532/372
f 4856/5624/373 2843/3355/373 4857/5625/373
f 4762/5530/374 2567/3079/374 4763/5531/374
f 4855/5623/375 2840/3352/375 4856/5624/375
f 4761/5529/376 2563/3075/376 4762/5530/376
f 4854/5622/377 2837/3349/377 4855/5623/377
f 4760/5528/378 2560/3072/378 4761/5529/378
f 4853/5621/379 2836/3348/379 4854/5622/379
f 4759/5527/380 2556/3068/380 4760/5528/380
f 4852/5620/381 2834/3346/381 4853/5621/381
f 4758/5526/382 2552/3064/382 4759/5527/382
f 4851/5619/383 2831/3343/383 4852/5620/383
f 4757/5525/384 2550/3062/384 4758/5526/384
f 4850/5618/385 2829/3341/385 4851/5619/385
f 4756/5524/386 2547/3059/386 4757/5525/386
f 4849/5617/387 2828/3340/387 4850/5618/387
f 4755/5523/388 2545/3057/388 4756/5524/388
f 4848/5616/389 2825/3337/389 4849/5617/389
f 4754/5522/390 2543/3055/390 4755/5523/390
f 4847/5615/391 2824/3336/391 4848/5616/391
f 4753/5521/392 2542/3054/392 4754/5522/392
f 4846/5614/393 2822/3334/393 4847/5615/393
f 4752/5520/394 2539/3051/394 4753/5521/394
f 4845/5613/395 2819/3331/395 4846/5614/395
f 4751/5519/396 2537/3049/396 4752/5520/396
f 4844/5612/397 2817/3329/397 4845/5613/397
f 4750/5518/398 2535/3047/398 4751/5519/398
f 4843/5611/399 2815/3327/399 4844/5612/399
f 4749/5517/400 2533/3045/400 4750/5518/400
f 4842/5610/401 2814/3326/401 4843/5611/401
f 4748/5516/402 2532/3044/402 4749/5517/402
f 4841/5609/403 2812/3324/403 4842/5610/403
f 4747/5515/404 2530/3042/404 4748/5516/404
f 4840/5608/405 2809/3321/405 4841/5609/405
f 5269/6184/406 2505/3017/406 4736/5504/406
f 4746/5514/407 2527/3039/407 4747/5515/407
f 4839/5607/408 2807/3319/408 4840/5608/408
f 5011/5797/409 3655/4178/409 5525/6549/409
f 4745/5513/410 2525/3037/410 4746/5514/410
f 4838/5606/411 2805/3317/411 4839/5607/411
f 4864/5632/412 3427/3939/412 5267/6181/412
f 4744/5512/413 2523/3035/413 4745/5513/413
f 4837/5605/414 2803/3315/414 4838/5606/414
f 4863/5631/415 3259/3771/415 5009/5794/415
f 4743/5511/416 2522/3034/416 4744/5512/416
f 4836/5604/417 2802/3314/417 4837/5605/417
f 5525/6549/418 3653/4175/418 5523/6547/418
f 4742/5510/419 2520/3032/419 4743/5511/419
f 4835/5603/420 2800/3312/420 4836/5604/420
f 5523/6547/421 3651/4172/421 5521/6545/421
f 4741/5509/422 2518/3030/422 4742/5510/422
f 4834/5602/423 2798/3310/423 4835/5603/423
f 5521/6545/424 3649/4169/424 5519/6543/424
f 4740/5508/425 2516/3028/425 4741/5509/425
f 4833/5601/426 2795/3307/426 4834/5602/426
f 5519/6543/427 3647/4166/427 5517/6541/427
f 4739/5507/428 2514/3026/428 4740/5508/428
f 4832/5600/429 2793/3305/429 4833/5601/429
f 5517/6541/430 3645/4163/430 5516/6540/430
f 4738/5506/431 2512/3024/431 4739/5507/431
f 4831/5599/432 2791/3303/432 4832/5600/432
f 5516/6540/433 3644/4162/433 5513/6537/433
f 4737/5505/434 2509/3021/434 4738/5506/434
f 4830/5598/435 2790/3302/435 4831/5599/435
f 5513/6537/436 3642/4159/436 5512/6536/436
f 4735/5503/437 2508/3020/437 4737/5505/437
f 4829/5597/438 2788/3300/438 4830/5598/438
f 5512/6536/439 3639/4154/439 5510/6534/439
f 4736/5504/440 2504/3016/440 4735/5503/440
f 4828/5596/441 2785/3297/441 4829/5597/441
f 5510/6534/442 3638/4153/442 5508/6532/442
f 4827/5595/443 2783/3295/443 4828/5596/443
f 5508/6532/444 3636/4150/444 5505/6529/444
f 4826/5594/445 2782/3294/445 4827/5595/445
f 5505/6529/446 3634/4147/446 5503/6527/446
f 4825/5593/447 2779/3291/447 4826/5594/447
f 5503/6527/448 3630/4142/448 5501/6525/448
f 5501/6525/449 3628/4140/449 5499/6523/449
f 5499/6523/450 3626/4138/450 5497/6521/450
f 5497/6521/451 3624/4136/451 5495/6519/451
f 5495/6519/452 3622/4134/452 5493/6517/452
f 5493/6517/453 3619/4131/453 5491/6515/453
f 5491/6515/454 3618/4130/454 5489/6513/454
f 5489/6513/455 3615/4127/455 5487/6511/455
f 5487/6511/456 3613/4125/456 5485/6508/456
f 5485/6508/457 3611/4123/457 5483/6505/457
f 5483/6505/458 3609/4121/458 5482/6504/458
f 5482/6504/459 3607/4119/459 5480/6501/459
f 5480/6501/460 3605/4117/460 5477/6496/460
f 5477/6496/461 3603/4115/461 5475/6493/461
f 5475/6493/462 3601/4113/462 5473/6490/462
f 5473/6490/463 3600/4112/463 5471/6487/463
f 5471/6487/464 3598/4110/464 5469/6484/464
f 5469/6484/465 3595/4107/465 5467/6481/465
f 5467/6481/466 3593/4105/466 5466/6480/466
f 5466/6480/467 3591/4103/467 5463/6475/467
f 5463/6475/468 3589/4101/468 5462/6474/468
f 5462/6474/469 3588/4100/469 5459/6469/469
f 5459/6469/470 3586/4098/470 5458/6468/470
f 5458/6468/471 3584/4096/471 5456/6465/471
f 5456/6465/472 3581/4093/472 5454/6462/472
f 5454/6462/473 3580/4092/473 5452/6459/473
f 5452/6459/474 3578/4090/474 5450/6456/474
f 5450/6456/475 3575/4087/475 5448/6453/475
f 5448/6453/476 3573/4085/476 5446/6450/476
f 5446/6450/477 3572/4084/477 5444/6447/477
f 5444/6447/478 3571/4083/478 5441/6442/478
f 5441/6442/479 3570/4082/479 5439/6439/479
f 5439/6439/480 3569/4081/480 5437/6436/480
f 5437/6436/481 3568/4080/481 5436/6435/481
f 5436/6435/482 3567/4079/482 5434/6432/482
f 5434/6432/483 3566/4078/483 5432/6429/483
f 5432/6429/484 3565/4077/484 5430/6426/484
f 5430/6426/485 3564/4076/485 5427/6421/485
f 5427/6421/486 3563/4075/486 5425/6418/486
f 5425/6418/487 3562/4074/487 5424/6417/487
f 5424/6417/488 3561/4073/488 5421/6412/488
f 5421/6412/489 3560/4072/489 5420/6411/489
f 5420/6411/490 3559/4071/490 5418/6408/490
f 5418/6408/491 3558/4070/491 5416/6405/491
f 5416/6405/492 3557/4069/492 5414/6402/492
f 5414/6402/493 3556/4068/493 5411/6397/493
f 5411/6397/494 3555/4067/494 5409/6394/494
f 5409/6394/495 3554/4066/495 5407/6391/495
f 5407/6391/496 3553/4065/496 5405/6388/496
f 5405/6388/497 3552/4064/497 5403/6385/497
f 5403/6385/498 3551/4063/498 5402/6384/498
f 5402/6384/499 3550/4062/499 5400/6381/499
f 5400/6381/500 3549/4061/500 5398/6378/500
f 5398/6378/501 3548/4060/501 5396/6375/501
f 5396/6375/502 3547/4059/502 5394/6372/502
f 5394/6372/503 3546/4058/503 5392/6369/503
f 5392/6369/504 3545/4057/504 5390/6366/504
f 5390/6366/505 3544/4056/505 5388/6363/505
f 5388/6363/506 3543/4055/506 5386/6360/506
f 5386/6360/507 3542/4054/507 5384/6357/507
f 5384/6357/508 3541/4053/508 5382/6354/508
f 5382/6354/509 3540/4052/509 5380/6351/509
f 5380/6351/510 3538/4050/510 5378/6348/510
f 5378/6348/511 3536/4048/511 5376/6345/511
f 5376/6345/512 3533/4045/512 5374/6342/512
f 5374/6342/513 3531/4043/513 5372/6339/513
f 5372/6339/514 3530/4042/514 5370/6336/514
f 5370/6336/515 3527/4039/515 5368/6333/515
f 5368/6333/516 3526/4038/516 5365/6328/516
f 5365/6328/517 3523/4035/517 5363/6325/517
f 2504/3016/518 1346/1602/518 1345/1601/518
f 2508/3020/519 1345/1601/519 1347/1603/519
f 2508/3020/520 1348/1604/520 2509/3021/520
f 2512/3024/521 1348/1604/521 1349/1605/521
f 2512/3024/522 1350/1606/522 2514/3026/522
f 2514/3026/523 1351/1607/523 2516/3028/523
f 2516/3028/524 1352/1608/524 2518/3030/524
f 2520/3032/525 1352/1608/525 1353/1609/525
f 2522/3034/526 1353/1609/526 1354/1610/526
f 2522/3034/527 1355/1611/527 2523/3035/527
f 2523/3035/528 1356/1612/528 2525/3037/528
f 2525/3037/529 1357/1613/529 2527/3039/529
f 2530/3042/530 1357/1613/530 1358/1614/530
f 2530/3042/531 1359/1615/531 2532/3044/531
f 2532/3044/532 1360/1616/532 2533/3045/532
f 2533/3045/533 1361/1617/533 2535/3047/533
f 2537/3049/534 1361/1617/534 1362/1618/534
f 2537/3049/535 1363/1619/535 2539/3051/535
f 2542/3054/536 1363/1619/536 1364/1620/536
f 2542/3054/537 1365/1621/537 2543/3055/537
f 2545/3057/538 1365/1621/538 1366/1622/538
f 2547/3059/539 1366/1622/539 1367/1623/539
f 2547/3059/540 1368/1624/540 2550/3062/540
f 2552/3064/541 1368/1624/541 1369/1625/541
f 2552/3064/542 1370/1626/542 2556/3068/542
f 2556/3068/543 1371/1627/543 2560/3072/543
f 2563/3075/544 1371/1627/544 1372/1628/544
f 2563/3075/545 1373/1629/545 2567/3079/545
f 2572/3084/546 1373/1629/546 1374/1630/546
f 2572/3084/547 1375/1631/547 2574/3086/547
f 2580/3092/548 1375/1631/548 1376/1632/548
f 2580/3092/549 1377/1633/549 2583/3095/549
f 2583/3095/550 1378/1634/550 2587/3099/550
f 2591/3103/551 1378/1634/551 1379/1635/551
f 2595/3107/552 1379/1635/552 1380/1636/552
f 2595/3107/553 1381/1637/553 2599/3111/553
f 2601/3113/554 1381/1637/554 1382/1638/554
f 2601/3113/555 1383/1639/555 2607/3119/555
f 2607/3119/556 1384/1640/556 2612/3124/556
f 2612/3124/557 1385/1641/557 2613/3125/557
f 2613/3125/558 1386/1642/558 2617/3129/558
f 2624/3136/559 1386/1642/559 1387/1643/559
f 2624/3136/560 1388/1644/560 2625/3137/560
f 2632/3144/561 1388/1644/561 1389/1645/561
f 2633/3145/562 1389/1645/562 1390/1646/562
f 2633/3145/563 1391/1647/563 2640/3152/563
f 2644/3156/564 1391/1647/564 1392/1648/564
f 2646/3158/565 1392/1648/565 1393/1649/565
f 2650/3162/566 1393/1649/566 1394/1650/566
f 2650/3162/567 1395/1651/567 2654/3166/567
f 2657/3169/568 1395/1651/568 1396/1652/568
f 2657/3169/569 1397/1653/569 2663/3175/569
f 2667/3179/570 1397/1653/570 1398/1654/570
f 2667/3179/571 1399/1655/571 2669/3181/571
f 2675/3187/572 1399/1655/572 1400/1656/572
f 2675/3187/573 1401/1657/573 2677/3189/573
f 2677/3189/574 1402/1658/574 2679/3191/574
f 2681/3193/575 1402/1658/575 1403/1659/575
f 2681/3193/576 1404/1660/576 2683/3195/576
f 2683/3195/577 1405/1661/577 2685/3197/577
f 2685/3197/578 1406/1662/578 2687/3199/578
f 2687/3199/579 1407/1663/579 2689/3201/579
f 2692/3204/580 1407/1663/580 1410/1666/580
f 2692/3204/581 1411/1667/581 2693/3205/581
f 2696/3208/582 1411/1667/582 1414/1670/582
f 2696/3208/583 1416/1672/583 2698/3210/583
f 2700/3212/584 1416/1672/584 1418/1674/584
f 2702/3214/585 1418/1674/585 1420/1676/585
f 2702/3214/586 1422/1678/586 2703/3215/586
f 2705/3217/587 1422/1678/587 1424/1680/587
f 2705/3217/588 1426/1682/588 2708/3220/588
f 2709/3221/589 1426/1682/589 1428/1684/589
f 2714/3226/590 1428/1684/590 1430/1686/590
f 2714/3226/591 1432/1688/591 2717/3229/591
f 2720/3232/592 1432/1688/592 1434/1690/592
f 2720/3232/593 1436/1692/593 2724/3236/593
f 2724/3236/594 1437/1693/594 2729/3241/594
f 2732/3244/595 1437/1693/595 1439/1695/595
f 2732/3244/596 1442/1698/596 2739/3251/596
f 2739/3251/597 1444/1700/597 2740/3252/597
f 2740/3252/598 1445/1701/598 2744/3256/598
f 2744/3256/599 1447/1703/599 2748/3260/599
f 2754/3266/600 1447/1703/600 1449/1705/600
f 2754/3266/601 1451/1707/601 2758/3270/601
f 2758/3270/602 1453/1709/602 2761/3273/602
f 2765/3277/603 1453/1709/603 1455/1711/603
f 2765/3277/604 1457/1713/604 2769/3281/604
f 2774/3286/605 1457/1713/605 1459/1715/605
f 2774/3286/606 1461/1717/606 2776/3288/606
f 2776/3288/607 1463/1719/607 2778/3290/607
f 2779/3291/608 1463/1719/608 1465/1721/608
f 2779/3291/609 1468/1724/609 2782/3294/609
f 2783/3295/610 1468/1724/610 1469/1725/610
f 2783/3295/611 1471/1727/611 2785/3297/611
f 2785/3297/612 1473/1729/612 2788/3300/612
f 2790/3302/613 1473/1729/613 1476/1732/613
f 2790/3302/614 1477/1733/614 2791/3303/614
f 2791/3303/615 1479/1735/615 2793/3305/615
f 2795/3307/616 1479/1735/616 1481/1737/616
f 2795/3307/617 1483/1739/617 2798/3310/617
f 2800/3312/618 1483/1739/618 1485/1741/618
f 2800/3312/619 1487/1743/619 2802/3314/619
f 2803/3315/620 1487/1743/620 1489/1745/620
f 2805/3317/621 1489/1745/621 1491/1747/621
f 2805/3317/622 1493/1749/622 2807/3319/622
f 2809/3321/623 1493/1749/623 1495/1751/623
f 2809/3321/624 1497/1753/624 2812/3324/624
f 2812/3324/625 1499/1755/625 2814/3326/625
f 2815/3327/626 1499/1755/626 1501/1757/626
f 2815/3327/627 1503/1759/627 2817/3329/627
f 2817/3329/628 1506/1762/628 2819/3331/628
f 2819/3331/629 1508/1764/629 2822/3334/629
f 2824/3336/630 1508/1764/630 1510/1766/630
f 2825/3337/631 1510/1766/631 1512/1768/631
f 2825/3337/632 1514/1770/632 2828/3340/632
f 2828/3340/633 1516/1772/633 2829/3341/633
f 2829/3341/634 1518/1774/634 2831/3343/634
f 2831/3343/635 1520/1776/635 2834/3346/635
f 2834/3346/636 1521/1777/636 2836/3348/636
f 2836/3348/637 1523/1779/637 2837/3349/637
f 2837/3349/638 1525/1781/638 2840/3352/638
f 2843/3355/639 1525/1781/639 1527/1783/639
f 2843/3355/640 1530/1786/640 2846/3358/640
f 2853/3365/641 1530/1786/641 1531/1787/641
f 2853/3365/642 1532/1788/642 2854/3366/642
f 2861/3373/643 1532/1788/643 1533/1789/643
f 2861/3373/644 1534/1790/644 2862/3374/644
f 2862/3374/645 1535/1791/645 2866/3378/645
f 2877/3389/646 1536/1792/646 2871/3383/646
f 2878/3390/647 1537/1793/647 2877/3389/647
f 2878/3390/648 1539/1795/648 1538/1794/648
f 2888/3400/649 1539/1795/649 2883/3395/649
f 2888/3400/650 1541/1797/650 1540/1796/650
f 2894/3406/651 1541/1797/651 2890/3402/651
f 2894/3406/652 1543/1799/652 1542/1798/652
f 2904/3416/653 1543/1799/653 2898/3410/653
f 2906/3418/654 1544/1800/654 2904/3416/654
f 2913/3425/655 1545/1801/655 2906/3418/655
f 2915/3427/656 1546/1802/656 2913/3425/656
f 2920/3432/657 1547/1803/657 2915/3427/657
f 2924/3436/658 1548/1804/658 2920/3432/658
f 2928/3440/659 1549/1805/659 2924/3436/659
f 2928/3440/660 1551/1807/660 1550/1806/660
f 2932/3444/661 1552/1808/661 1551/1807/661
f 2941/3453/662 1552/1808/662 2936/3448/662
f 2945/3457/663 1553/1809/663 2941/3453/663
f 2949/3461/664 1554/1810/664 2945/3457/664
f 2949/3461/665 1556/1812/665 1555/1811/665
f 2954/3466/666 1556/1812/666 2952/3464/666
f 2960/3472/667 1557/1813/667 2954/3466/667
f 2960/3472/668 1559/1815/668 1558/1814/668
f 2968/3480/669 1559/1815/669 2964/3476/669
f 2968/3480/670 1561/1817/670 1560/1816/670
f 2970/3482/671 1562/1818/671 1561/1817/671
f 2974/3486/672 1562/1818/672 2972/3484/672
f 2974/3486/673 1565/1821/673 1563/1819/673
f 2977/3489/674 1565/1821/674 2976/3488/674
f 2977/3489/675 1568/1824/675 1567/1823/675
f 2981/3493/676 1568/1824/676 2980/3492/676
f 2984/3496/677 1571/1827/677 2981/3493/677
f 2984/3496/678 1574/1830/678 1573/1829/678
f 2988/3500/679 1574/1830/679 2985/3497/679
f 2989/3501/680 1576/1832/680 2988/3500/680
f 2989/3501/681 1581/1837/681 1579/1835/681
f 2994/3506/682 1581/1837/682 2991/3503/682
f 2994/3506/683 1585/1841/683 1583/1839/683
f 2997/3509/684 1585/1841/684 2995/3507/684
f 3000/3512/685 1587/1843/685 2997/3509/685
f 3000/3512/686 1590/1846/686 1589/1845/686
f 3007/3519/687 1590/1846/687 3002/3514/687
f 3007/3519/688 1595/1851/688 1593/1849/688
f 3014/3526/689 1595/1851/689 3010/3522/689
f 3020/3532/690 1596/1852/690 3014/3526/690
f 3020/3532/691 1600/1856/691 1598/1854/691
f 3028/3540/692 1600/1856/692 3022/3534/692
f 3032/3544/693 1602/1858/693 3028/3540/693
f 3035/3547/694 1605/1861/694 3032/3544/694
f 3035/3547/695 1609/1865/695 1606/1862/695
f 3045/3557/696 1609/1865/696 3041/3553/696
f 3046/3558/697 1611/1867/697 3045/3557/697
f 3050/3562/698 1613/1869/698 3046/3558/698
f 3054/3566/699 1614/1870/699 3050/3562/699
f 3058/3570/700 1617/1873/700 3054/3566/700
f 3058/3570/701 1621/1877/701 1619/1875/701
f 3062/3574/702 1623/1879/702 1621/1877/702
f 3067/3579/703 1623/1879/703 3065/3577/703
f 3067/3579/704 1627/1883/704 1625/1881/704
f 3070/3582/705 1627/1883/705 3068/3580/705
f 3070/3582/706 1629/1885/706 1628/1884/706
f 3073/3585/707 1630/1886/707 1629/1885/707
f 3076/3588/708 1630/1886/708 3074/3586/708
f 3076/3588/709 1632/1888/709 1631/1887/709
f 3080/3592/710 1632/1888/710 3079/3591/710
f 3080/3592/711 1634/1890/711 1633/1889/711
f 3085/3597/712 1634/1890/712 3083/3595/712
f 3087/3599/713 1635/1891/713 3085/3597/713
f 3089/3601/714 1636/1892/714 3087/3599/714
f 3090/3602/715 1637/1893/715 3089/3601/715
f 3090/3602/716 1639/1895/716 1638/1894/716
f 3095/3607/717 1639/1895/717 3093/3605/717
f 3096/3608/718 1640/1896/718 3095/3607/718
f 3096/3608/719 1642/1898/719 1641/1897/719
f 3100/3612/720 1642/1898/720 3099/3611/720
f 3100/3612/721 1644/1900/721 1643/1899/721
f 3105/3617/722 1644/1900/722 3103/3615/722
f 3107/3619/723 1645/1901/723 3105/3617/723
f 3107/3619/724 1647/1903/724 1646/1902/724
f 3109/3621/725 1648/1904/725 1647/1903/725
f 3111/3623/726 1649/1905/726 1648/1904/726
f 3112/3624/727 1650/1906/727 1649/1905/727
f 3116/3628/728 1650/1906/728 3114/3626/728
f 3116/3628/729 1652/1908/729 1651/1907/729
f 3118/3630/730 1653/1909/730 1652/1908/730
f 3123/3635/731 1653/1909/731 3121/3633/731
f 3123/3635/732 1655/1911/732 1654/1910/732
f 3129/3641/733 1655/1911/733 3125/3637/733
f 3132/3644/734 1656/1912/734 3129/3641/734
f 3137/3649/735 1657/1913/735 3132/3644/735
f 3139/3651/736 1658/1914/736 3137/3649/736
f 3139/3651/737 1660/1916/737 1659/1915/737
f 3148/3660/738 1660/1916/738 3144/3656/738
f 3148/3660/739 1662/1918/739 1661/1917/739
f 3153/3665/740 1663/1919/740 1662/1918/740
f 3158/3670/741 1663/1919/741 3156/3668/741
f 3158/3670/742 1665/1921/742 1664/1920/742
f 3164/3676/743 1666/1922/743 1665/1921/743
f 3171/3683/744 1666/1922/744 3167/3679/744
f 3171/3683/745 1668/1924/745 1667/1923/745
f 3180/3692/746 1668/1924/746 3175/3687/746
f 3180/3692/747 1670/1926/747 1669/1925/747
f 3189/3701/748 1670/1926/748 3184/3696/748
f 3192/3704/749 1671/1927/749 3189/3701/749
f 3192/3704/750 1673/1929/750 1672/1928/750
f 3200/3712/751 1673/1929/751 3196/3708/751
f 3200/3712/752 1675/1931/752 1674/1930/752
f 3204/3716/753 1676/1932/753 1675/1931/753
f 3210/3722/754 1676/1932/754 3207/3719/754
f 3210/3722/755 1678/1934/755 1677/1933/755
f 3221/3733/756 1678/1934/756 3217/3729/756
f 3221/3733/757 1680/1936/757 1679/1935/757
f 3229/3741/758 1680/1936/758 3225/3737/758
f 3232/3744/759 1681/1937/759 3229/3741/759
f 3236/3748/760 1682/1938/760 3232/3744/760
f 3236/3748/761 1684/1940/761 1683/1939/761
f 3245/3757/762 1684/1940/762 3240/3752/762
f 3246/3758/763 1685/1941/763 3245/3757/763
f 3250/3762/764 1686/1942/764 3246/3758/764
f 3250/3762/765 1688/1944/765 1687/1943/765
f 3251/3763/766 1689/1945/766 1688/1944/766
f 3253/3765/767 1689/1945/767 3252/3764/767
f 3254/3766/768 1690/1946/768 3253/3765/768
f 3255/3767/769 1691/1947/769 3254/3766/769
f 3255/3767/770 1698/1957/770 1694/1952/770
f 3257/3769/771 1698/1957/771 3256/3768/771
f 3257/3769/772 1706/1967/772 1702/1962/772
f 3258/3770/773 1710/1972/773 1706/1967/773
f 3261/3773/774 1715/1978/774 3260/3772/774
f 3262/3774/775 1719/1983/775 3261/3773/775
f 3262/3774/776 1727/1993/776 1721/1985/776
f 3264/3776/777 1727/1993/777 3263/3775/777
f 3264/3776/778 1735/2003/778 1731/1998/778
f 3266/3778/779 1735/2003/779 3265/3777/779
f 3266/3778/780 1742/2012/780 1739/2008/780
f 3268/3780/781 1742/2012/781 3267/3779/781
f 3269/3781/782 1746/2017/782 3268/3780/782
f 3270/3782/783 1750/2022/783 3269/3781/783
f 3271/3783/784 1754/2027/784 3270/3782/784
f 3272/3784/785 1758/2032/785 3271/3783/785
f 3273/3785/786 1762/2037/786 3272/3784/786
f 3274/3786/787 1764/2039/787 3273/3785/787
f 3274/3786/788 1774/2052/788 1769/2045/788
f 3275/3787/789 1776/2054/789 1774/2052/789
f 3277/3789/790 1776/2054/790 3276/3788/790
f 3278/3790/791 1780/2059/791 3277/3789/791
f 3279/3791/792 1784/2064/792 3278/3790/792
f 3279/3791/793 1793/2075/793 1789/2070/793
f 3281/3793/794 1793/2075/794 3280/3792/794
f 3282/3794/795 1796/2079/795 3281/3793/795
f 3282/3794/796 1804/2089/796 1801/2085/796
f 3286/3798/797 1804/2089/797 3284/3796/797
f 3286/3798/798 1813/2100/798 1808/2094/798
f 3288/3800/799 1817/2105/799 1813/2100/799
f 3291/3803/800 1817/2105/800 3289/3801/800
f 3291/3803/801 1823/2113/801 1821/2110/801
f 3296/3808/802 1823/2113/802 3294/3806/802
f 3296/3808/803 1827/2119/803 1825/2116/803
f 3299/3811/804 1827/2119/804 3297/3809/804
f 3301/3813/805 1829/2122/805 3299/3811/805
f 3301/3813/806 1833/2128/806 1831/2125/806
f 3306/3818/807 1833/2128/807 3304/3816/807
f 3307/3819/808 1835/2131/808 3306/3818/808
f 3307/3819/809 1839/2137/809 1837/2134/809
f 3311/3823/810 1839/2137/810 3310/3822/810
f 3311/3823/811 1843/2143/811 1841/2140/811
f 3315/3827/812 1843/2143/812 3314/3826/812
f 3318/3830/813 1846/2148/813 3315/3827/813
f 3318/3830/814 1850/2154/814 1848/2151/814
f 3322/3834/815 1850/2154/815 3319/3831/815
f 3322/3834/816 1853/2158/816 1851/2155/816
f 3326/3838/817 1853/2158/817 3324/3836/817
f 3327/3839/818 1857/2163/818 3326/3838/818
f 3327/3839/819 1864/2172/819 1861/2168/819
f 3331/3843/820 1864/2172/820 3329/3841/820
f 3333/3845/821 1869/2178/821 3331/3843/821
f 3335/3847/822 1873/2183/822 3333/3845/822
f 3335/3847/823 1880/2192/823 1876/2187/823
f 3340/3852/824 1880/2192/824 3337/3849/824
f 3341/3853/825 1885/2198/825 3340/3852/825
f 3344/3856/826 1888/2202/826 3341/3853/826
f 3346/3858/827 1892/2207/827 3344/3856/827
f 3347/3859/828 1896/2212/828 3346/3858/828
f 3347/3859/829 1905/2223/829 1900/2217/829
f 3348/3860/830 1908/2227/830 1905/2223/830
f 3350/3862/831 1908/2227/831 3349/3861/831
f 3350/3862/832 1917/2239/832 1913/2233/832
f 3352/3864/833 1917/2239/833 3351/3863/833
f 3352/3864/834 1920/2243/834 1919/2242/834
f 3353/3865/835 1923/2248/835 1920/2243/835
f 3355/3867/836 1923/2248/836 3354/3866/836
f 3355/3867/837 1927/2254/837 1925/2251/837
f 3357/3869/838 1927/2254/838 3356/3868/838
f 3357/3869/839 1931/2260/839 1929/2257/839
f 3359/3871/840 1931/2260/840 3358/3870/840
f 3360/3872/841 1932/2261/841 3359/3871/841
f 3361/3873/842 1935/2266/842 3360/3872/842
f 3362/3874/843 1937/2269/843 3361/3873/843
f 3362/3874/844 1941/2275/844 1939/2272/844
f 3364/3876/845 1941/2275/845 3363/3875/845
f 3365/3877/846 1942/2276/846 3364/3876/846
f 3365/3877/847 1946/2282/847 1944/2279/847
f 3367/3879/848 1946/2282/848 3366/3878/848
f 3367/3879/849 1950/2288/849 1948/2285/849
f 3369/3881/850 1950/2288/850 3368/3880/850
f 3370/3882/851 1952/2291/851 3369/3881/851
f 3370/3882/852 1956/2297/852 1955/2296/852
f 3371/3883/853 1958/2300/853 1956/2297/853
f 3372/3884/854 1960/2303/854 1958/2300/854
f 3373/3885/855 1962/2306/855 1960/2303/855
f 3375/3887/856 1962/2306/856 3374/3886/856
f 3375/3887/857 1966/2312/857 1965/2311/857
f 3376/3888/858 1969/2317/858 1966/2312/858
f 3378/3890/859 1969/2317/859 3377/3889/859
f 3378/3890/860 1972/2321/860 1971/2320/860
f 3380/3892/861 1972/2321/861 3379/3891/861
f 3381/3893/862 1975/2326/862 3380/3892/862
f 3382/3894/863 1976/2327/863 3381/3893/863
f 3383/3895/864 1978/2330/864 3382/3894/864
f 3383/3895/865 1985/2339/865 1980/2333/865
f 3385/3897/866 1985/2339/866 3384/3896/866
f 3385/3897/867 1993/2349/867 1989/2344/867
f 3386/3898/868 1996/2353/868 1993/2349/868
f 3388/3900/869 1996/2353/869 3387/3899/869
f 3388/3900/870 2004/2363/870 2000/2358/870
f 3389/3901/871 2009/2369/871 2004/2363/871
f 3391/3903/872 2009/2369/872 3390/3902/872
f 3391/3903/873 2017/2379/873 2013/2374/873
f 3393/3905/874 2017/2379/874 3392/3904/874
f 3393/3905/875 2026/2391/875 2023/2387/875
f 3395/3907/876 2026/2391/876 3394/3906/876
f 3396/3908/877 2028/2393/877 3395/3907/877
f 3396/3908/878 2039/2407/878 2033/2399/878
f 3398/3910/879 2039/2407/879 3397/3909/879
f 3398/3910/880 2046/2416/880 2042/2411/880
f 3399/3911/881 2050/2421/881 2046/2416/881
f 3401/3913/882 2050/2421/882 3400/3912/882
f 3401/3913/883 2058/2431/883 2055/2427/883
f 3403/3915/884 2058/2431/884 3402/3914/884
f 3403/3915/885 2067/2442/885 2060/2433/885
f 3405/3917/886 2067/2442/886 3404/3916/886
f 3406/3918/887 2071/2447/887 3405/3917/887
f 3407/3919/888 2074/2451/888 3406/3918/888
f 3407/3919/889 2080/2458/889 2078/2456/889
f 3409/3921/890 2080/2458/890 3408/3920/890
f 3410/3922/891 2084/2463/891 3409/3921/891
f 3411/3923/892 2088/2468/892 3410/3922/892
f 3411/3923/893 2096/2478/893 2094/2476/893
f 3412/3924/894 2100/2483/894 2096/2478/894
f 3416/3928/895 2100/2483/895 3413/3925/895
f 3418/3930/896 2104/2488/896 3416/3928/896
f 3420/3932/897 2107/2493/897 3418/3930/897
f 3420/3932/898 2110/2497/898 2109/2496/898
f 3424/3936/899 2110/2497/899 3421/3933/899
f 3424/3936/900 2115/2505/900 2112/2500/900
f 3425/3937/901 2116/2506/901 2115/2505/901
f 3432/3944/902 2118/2509/902 3430/3942/902
f 3434/3946/903 2121/2514/903 3432/3944/903
f 3434/3946/904 2125/2520/904 2122/2515/904
f 3437/3949/905 2125/2520/905 3436/3948/905
f 3437/3949/906 2128/2524/906 2126/2521/906
f 3442/3954/907 2128/2524/907 3440/3952/907
f 3442/3954/908 2133/2532/908 2130/2527/908
f 3446/3958/909 2133/2532/909 3444/3956/909
f 3447/3959/910 2135/2535/910 3446/3958/910
f 3450/3962/911 2137/2538/911 3447/3959/911
f 3451/3963/912 2141/2543/912 3450/3962/912
f 3454/3966/913 2145/2548/913 3451/3963/913
f 3455/3967/914 2148/2551/914 3454/3966/914
f 3457/3969/915 2154/2559/915 3455/3967/915
f 3457/3969/916 2159/2565/916 2156/2561/916
f 3460/3972/917 2163/2570/917 2159/2565/917
f 3464/3976/918 2163/2570/918 3461/3973/918
f 3465/3977/919 2168/2576/919 3464/3976/919
f 3467/3979/920 2174/2584/920 3465/3977/920
f 3467/3979/921 2182/2594/921 2178/2589/921
f 3472/3984/922 2182/2594/922 3469/3981/922
f 3473/3985/923 2184/2596/923 3472/3984/923
f 3473/3985/924 2194/2609/924 2189/2603/924
f 3478/3990/925 2194/2609/925 3476/3988/925
f 3478/3990/926 2201/2618/926 2197/2613/926
f 3479/3991/927 2203/2621/927 2201/2618/927
f 3484/3996/928 2203/2621/928 3482/3994/928
f 3484/3996/929 2206/2625/929 2205/2624/929
f 3488/4000/930 2206/2625/930 3486/3998/930
f 3488/4000/931 2211/2633/931 2209/2630/931
f 3491/4003/932 2211/2633/932 3489/4001/932
f 3494/4006/933 2213/2636/933 3491/4003/933
f 3494/4006/934 2217/2642/934 2215/2639/934
f 3498/4010/935 2217/2642/935 3495/4007/935
f 3500/4012/936 2219/2645/936 3498/4010/936
f 3500/4012/937 2223/2651/937 2221/2648/937
f 3504/4016/938 2223/2651/938 3502/4014/938
f 3504/4016/939 2227/2657/939 2225/2654/939
f 3508/4020/940 2227/2657/940 3506/4018/940
f 3509/4021/941 2229/2660/941 3508/4020/941
f 3509/4021/942 2232/2664/942 2231/2663/942
f 3514/4026/943 2232/2664/943 3512/4024/943
f 3514/4026/944 2236/2670/944 2234/2667/944
f 3518/4030/945 2236/2670/945 3515/4027/945
f 3520/4032/946 2238/2673/946 3518/4030/946
f 3520/4032/947 2242/2679/947 2240/2676/947
f 3523/4035/948 2242/2679/948 3522/4034/948
f 3526/4038/949 2244/2682/949 3523/4035/949
f 3527/4039/950 2247/2687/950 3526/4038/950
f 3527/4039/951 2251/2693/951 2249/2690/951
f 3531/4043/952 2251/2693/952 3530/4042/952
f 3533/4045/953 2253/2696/953 3531/4043/953
f 3536/4048/954 2255/2699/954 3533/4045/954
f 3538/4050/955 2257/2702/955 3536/4048/955
f 3540/4052/956 2259/2705/956 3538/4050/956
f 3540/4052/957 2263/2711/957 2261/2708/957
f 3541/4053/958 2265/2714/958 2263/2711/958
f 3543/4055/959 2265/2714/959 3542/4054/959
f 3543/4055/960 2272/2723/960 2266/2715/960
f 3545/4057/961 2272/2723/961 3544/4056/961
f 3545/4057/962 2279/2732/962 2276/2728/962
f 3546/4058/963 2283/2737/963 2279/2732/963
f 3548/4060/964 2283/2737/964 3547/4059/964
f 3548/4060/965 2291/2747/965 2287/2742/965
f 3550/4062/966 2291/2747/966 3549/4061/966
f 3550/4062/967 2300/2758/967 2296/2753/967
f 3552/4064/968 2300/2758/968 3551/4063/968
f 3553/4065/969 2304/2763/969 3552/4064/969
f 3554/4066/970 2308/2768/970 3553/4065/970
f 3555/4067/971 2312/2773/971 3554/4066/971
f 3555/4067/972 2320/2783/972 2316/2778/972
f 3557/4069/973 2320/2783/973 3556/4068/973
f 3558/4070/974 2321/2784/974 3557/4069/974
f 3558/4070/975 2331/2797/975 2328/2793/975
f 3560/4072/976 2331/2797/976 3559/4071/976
f 3560/4072/977 2340/2808/977 2335/2802/977
f 3562/4074/978 2340/2808/978 3561/4073/978
f 3563/4075/979 2343/2812/979 3562/4074/979
f 3563/4075/980 2351/2822/980 2347/2817/980
f 3564/4076/981 2355/2827/981 2351/2822/981
f 3565/4077/982 2360/2833/982 2355/2827/982
f 3566/4078/983 2363/2837/983 2360/2833/983
f 3568/4080/984 2363/2837/984 3567/4079/984
f 3568/4080/985 2369/2844/985 2366/2840/985
f 3569/4081/986 2373/2849/986 2369/2844/986
f 3571/4083/987 2373/2849/987 3570/4082/987
f 3571/4083/988 2381/2859/988 2380/2858/988
f 3573/4085/989 2381/2859/989 3572/4084/989
f 3575/4087/990 2387/2867/990 3573/4085/990
f 3578/4090/991 2391/2872/991 3575/4087/991
f 3580/4092/992 2393/2874/992 3578/4090/992
f 3580/4092/993 2398/2881/993 2396/2878/993
f 3584/4096/994 2398/2881/994 3581/4093/994
f 3584/4096/995 2402/2887/995 2400/2884/995
f 3586/4098/996 2404/2890/996 2402/2887/996
f 3589/4101/997 2404/2890/997 3588/4100/997
f 3589/4101/998 2408/2896/998 2406/2893/998
f 3591/4103/999 2410/2899/999 2408/2896/999
f 3595/4107/1000 2410/2899/1000 3593/4105/1000
f 3595/4107/1001 2415/2907/1001 2413/2904/1001
f 3600/4112/1002 2415/2907/1002 3598/4110/1002
f 3600/4112/1003 2419/2913/1003 2417/2910/1003
f 3603/4115/1004 2419/2913/1004 3601/4113/1004
f 3605/4117/1005 2421/2916/1005 3603/4115/1005
f 3605/4117/1006 2425/2922/1006 2423/2919/1006
f 3609/4121/1007 2425/2922/1007 3607/4119/1007
f 3609/4121/1008 2429/2927/1008 2426/2923/1008
f 3611/4123/1009 2434/2933/1009 2429/2927/1009
f 3615/4127/1010 2434/2933/1010 3613/4125/1010
f 3615/4127/1011 2443/2945/1011 2439/2940/1011
f 3619/4131/1012 2443/2945/1012 3618/4130/1012
f 3619/4131/1013 2452/2956/1013 2446/2948/1013
f 3624/4136/1014 2452/2956/1014 3622/4134/1014
f 3626/4138/1015 2456/2961/1015 3624/4136/1015
f 3628/4140/1016 2460/2966/1016 3626/4138/1016
f 3628/4140/1017 2468/2976/1017 2463/2970/1017
f 3634/4147/1018 2468/2976/1018 3630/4142/1018
f 3636/4150/1019 2470/2978/1019 3634/4147/1019
f 3638/4153/1020 2474/2983/1020 3636/4150/1020
f 3638/4153/1021 2482/2993/1021 2478/2988/1021
f 3639/4154/1022 2488/3000/1022 2482/2993/1022
f 3644/4162/1023 2488/3000/1023 3642/4159/1023
f 3645/4163/1024 2490/3002/1024 3644/4162/1024
f 3647/4166/1025 2492/3004/1025 3645/4163/1025
f 3647/4166/1026 2496/3008/1026 2494/3006/1026
f 3651/4172/1027 2496/3008/1027 3649/4169/1027
f 3651/4172/1028 2499/3011/1028 2498/3010/1028
f 3653/4175/1029 2502/3014/1029 2499/3011/1029
f 2866/3378/1030 1710/1972/1030 3259/3771/1030
f 2871/3383/1031 2116/2506/1031 3427/3939/1031
f 3260/3772/1032 2502/3014/1032 3655/4178/1032
f 3430/3942/1033 1346/1602/1033 2505/3017/1033
f 2320/2783/1034 4633/5401/1034 2316/2778/1034
f 1689/1945/1035 4217/4985/1035 1688/1944/1035
f 1387/1643/1036 3788/4355/1036 1388/1644/1036
f 2321/2784/1037 4635/5403/1037 2320/2783/1037
f 1690/1946/1038 4219/4987/1038 1689/1945/1038
f 1388/1644/343 3792/4360/343 1389/1645/343
f 2328/2793/1039 4637/5405/1039 2321/2784/1039
f 1691/1947/1040 4221/4989/1040 1690/1946/1040
f 1389/1645/1041 3798/4368/1041 1390/1646/1041
f 2331/2797/1042 4639/5407/1042 2328/2793/1042
f 1694/1952/182 4224/4992/182 1691/1947/182
f 1390/1646/1043 3800/4370/1043 1391/1647/1043
f 2335/2802/490 4641/5409/490 2331/2797/490
f 1698/1957/1044 4226/4994/1044 1694/1952/1044
f 1391/1647/1045 3804/4375/1045 1392/1648/1045
f 2340/2808/489 4643/5411/489 2335/2802/489
f 1702/1962/180 4228/4996/180 1698/1957/180
f 1392/1648/335 3808/4380/335 1393/1649/335
f 2343/2812/1046 4645/5413/1046 2340/2808/1046
f 1706/1967/1047 4230/4998/1047 1702/1962/1047
f 1393/1649/333 3811/4384/333 1394/1650/333
f 2347/2817/1048 4647/5415/1048 2343/2812/1048
f 1710/1972/178 4232/5000/178 1706/1967/178
f 1394/1650/1049 3815/4389/1049 1395/1651/1049
f 2351/2822/486 4649/5417/486 2347/2817/486
f 1719/1983/1050 4235/5003/1050 1715/1978/1050
f 1395/1651/1051 3819/4394/1051 1396/1652/1051
f 2355/2827/1052 4651/5419/1052 2351/2822/1052
f 1721/1985/1053 4237/5005/1053 1719/1983/1053
f 1396/1652/1054 3824/4401/1054 1397/1653/1054
f 2360/2833/1055 4653/5421/1055 2355/2827/1055
f 1727/1993/175 4239/5007/175 1721/1985/175
f 1397/1653/325 3826/4404/325 1398/1654/325
f 2363/2837/1056 4656/5424/1056 2360/2833/1056
f 1731/1998/1057 4241/5009/1057 1727/1993/1057
f 1398/1654/323 3827/4405/323 1399/1655/323
f 2366/2840/1058 4658/5426/1058 2363/2837/1058
f 1735/2003/173 4244/5012/173 1731/1998/173
f 1399/1655/321 3829/4408/321 1400/1656/321
f 2369/2844/1059 4660/5428/1059 2366/2840/1059
f 1739/2008/1060 4246/5014/1060 1735/2003/1060
f 1400/1656/1061 3832/4413/1061 1401/1657/1061
f 2373/2849/1062 4661/5429/1062 2369/2844/1062
f 1742/2012/1063 4248/5016/1063 1739/2008/1063
f 1401/1657/317 3834/4416/317 1402/1658/317
f 2380/2858/1064 4664/5432/1064 2373/2849/1064
f 1746/2017/170 4249/5017/170 1742/2012/170
f 1402/1658/1065 3836/4419/1065 1403/1659/1065
f 2381/2859/478 4665/5433/478 2380/2858/478
f 1750/2022/169 4252/5020/169 1746/2017/169
f 1403/1659/1066 3838/4422/1066 1404/1660/1066
f 2387/2867/477 4668/5436/477 2381/2859/477
f 1754/2027/168 4253/5021/168 1750/2022/168
f 1404/1660/1067 3840/4425/1067 1405/1661/1067
f 2391/2872/476 4670/5438/476 2387/2867/476
f 1758/2032/167 4256/5024/167 1754/2027/167
f 1405/1661/1068 3842/4428/1068 1406/1662/1068
f 2393/2874/475 4671/5439/475 2391/2872/475
f 1762/2037/1069 4258/5026/1069 1758/2032/1069
f 1406/1662/1070 3844/4431/1070 1407/1663/1070
f 2396/2878/474 4673/5441/474 2393/2874/474
f 1764/2039/165 4260/5028/165 1762/2037/165
f 1407/1663/305 3846/4434/305 1410/1666/305
f 2398/2881/1071 4675/5443/1071 2396/2878/1071
f 1769/2045/1072 4262/5030/1072 1764/2039/1072
f 1410/1666/303 3848/4437/303 1411/1667/303
f 2400/2884/472 4677/5445/472 2398/2881/472
f 1774/2052/163 4264/5032/163 1769/2045/163
f 1411/1667/1073 3849/4438/1073 1414/1670/1073
f 2402/2887/1074 4679/5447/1074 2400/2884/1074
f 1776/2054/1075 4266/5034/1075 1774/2052/1075
f 1414/1670/1076 3851/4441/1076 1416/1672/1076
f 2404/2890/1077 4681/5449/1077 2402/2887/1077
f 1780/2059/161 4268/5036/161 1776/2054/161
f 1416/1672/1078 3854/4446/1078 1418/1674/1078
f 2406/2893/1079 4683/5451/1079 2404/2890/1079
f 1784/2064/160 4270/5038/160 1780/2059/160
f 1418/1674/1080 3855/4447/1080 1420/1676/1080
f 2408/2896/468 4685/5453/468 2406/2893/468
f 1789/2070/1081 4272/5040/1081 1784/2064/1081
f 1420/1676/1082 3858/4452/1082 1422/1678/1082
f 2410/2899/1083 4688/5456/1083 2408/2896/1083
f 1793/2075/1084 4274/5042/1084 1789/2070/1084
f 1422/1678/291 3860/4455/291 1424/1680/291
f 2413/2904/1085 4690/5458/1085 2410/2899/1085
f 1796/2079/1086 4276/5044/1086 1793/2075/1086
f 1424/1680/1087 3862/4458/1087 1426/1682/1087
f 2415/2907/465 4691/5459/465 2413/2904/465
f 1801/2085/1088 4278/5046/1088 1796/2079/1088
f 1426/1682/1089 3864/4461/1089 1428/1684/1089
f 2417/2910/1090 4694/5462/1090 2415/2907/1090
f 1804/2089/1091 4279/5047/1091 1801/2085/1091
f 1428/1684/1092 3866/4464/1092 1430/1686/1092
f 2419/2913/1093 4696/5464/1093 2417/2910/1093
f 1808/2094/1094 4282/5050/1094 1804/2089/1094
f 1430/1686/283 3867/4465/283 1432/1688/283
f 2421/2916/1095 4698/5466/1095 2419/2913/1095
f 1813/2100/1096 4283/5051/1096 1808/2094/1096
f 1432/1688/1097 3869/4468/1097 1434/1690/1097
f 2423/2919/1098 4699/5467/1098 2421/2916/1098
f 1817/2105/152 4285/5053/152 1813/2100/152
f 1434/1690/1099 3872/4473/1099 1436/1692/1099
f 2425/2922/1100 4702/5470/1100 2423/2919/1100
f 1821/2110/1101 4287/5055/1101 1817/2105/1101
f 1436/1692/1102 3873/4474/1102 1437/1693/1102
f 2426/2923/1103 4703/5471/1103 2425/2922/1103
f 1823/2113/1104 4290/5058/1104 1821/2110/1104
f 1437/1693/1105 3875/4477/1105 1439/1695/1105
f 2429/2927/1106 4706/5474/1106 2426/2923/1106
f 1825/2116/1107 4291/5059/1107 1823/2113/1107
f 1439/1695/1108 3878/4482/1108 1442/1698/1108
f 2434/2933/1109 4708/5476/1109 2429/2927/1109
f 1827/2119/1110 4293/5061/1110 1825/2116/1110
f 1442/1698/1111 3879/4483/1111 1444/1700/1111
f 2439/2940/1112 4710/5478/1112 2434/2933/1112
f 1829/2122/1113 4295/5063/1113 1827/2119/1113
f 1444/1700/1114 3882/4488/1114 1445/1701/1114
f 2443/2945/1115 4712/5480/1115 2439/2940/1115
f 1831/2125/1116 4297/5065/1116 1829/2122/1116
f 1445/1701/1117 3884/4491/1117 1447/1703/1117
f 2446/2948/1118 4714/5482/1118 2443/2945/1118
f 1833/2128/1119 4299/5067/1119 1831/2125/1119
f 1447/1703/1120 3886/4494/1120 1449/1705/1120
f 2452/2956/1121 4715/5483/1121 2446/2948/1121
f 1835/2131/144 4301/5069/144 1833/2128/144
f 1449/1705/1122 3888/4497/1122 1451/1707/1122
f 2456/2961/1123 4718/5486/1123 2452/2956/1123
f 1837/2134/143 4303/5071/143 1835/2131/143
f 1451/1707/261 3890/4500/261 1453/1709/261
f 2460/2966/451 4719/5487/451 2456/2961/451
f 1839/2137/1124 4305/5073/1124 1837/2134/1124
f 1453/1709/1125 3892/4503/1125 1455/1711/1125
f 2463/2970/450 4720/5488/450 2460/2966/450
f 1841/2140/1126 4307/5075/1126 1839/2137/1126
f 1455/1711/1127 3893/4504/1127 1457/1713/1127
f 2468/2976/449 4721/5489/449 2463/2970/449
f 1843/2143/140 4309/5077/140 1841/2140/140
f 1457/1713/255 3896/4509/255 1459/1715/255
f 2470/2978/1128 4722/5490/1128 2468/2976/1128
f 1846/2148/139 4312/5080/139 1843/2143/139
f 1459/1715/1129 3898/4512/1129 1461/1717/1129
f 2474/2983/446 4723/5491/446 2470/2978/446
f 1848/2151/1130 4314/5082/1130 1846/2148/1130
f 1461/1717/251 3899/4513/251 1463/1719/251
f 2478/2988/1131 4724/5492/1131 2474/2983/1131
f 1850/2154/137 4316/5084/137 1848/2151/137
f 1463/1719/447 3901/4516/447 1465/1721/447
f 2482/2993/1132 4725/5493/1132 2478/2988/1132
f 1851/2155/1133 4318/5086/1133 1850/2154/1133
f 1465/1721/1134 3904/4521/1134 1468/1724/1134
f 2488/3000/1135 4726/5494/1135 2482/2993/1135
f 1853/2158/1136 4320/5088/1136 1851/2155/1136
f 1468/1724/1137 3906/4524/1137 1469/1725/1137
f 2490/3002/1138 4727/5495/1138 2488/3000/1138
f 1857/2163/134 4321/5089/134 1853/2158/134
f 1469/1725/441 3908/4527/441 1471/1727/441
f 2492/3004/1139 4728/5496/1139 2490/3002/1139
f 1861/2168/1140 4324/5092/1140 1857/2163/1140
f 1471/1727/438 3910/4530/438 1473/1729/438
f 2494/3006/430 4729/5497/430 2492/3004/430
f 1864/2172/1141 4326/5094/1141 1861/2168/1141
f 1473/1729/1142 3912/4533/1142 1476/1732/1142
f 2496/3008/1143 4730/5498/1143 2494/3006/1143
f 1869/2178/1144 4327/5095/1144 1864/2172/1144
f 1476/1732/432 3914/4536/432 1477/1733/432
f 2498/3010/424 4731/5499/424 2496/3008/424
f 1873/2183/1145 4329/5097/1145 1869/2178/1145
f 1477/1733/1146 3915/4537/1146 1479/1735/1146
f 2499/3011/1147 4732/5500/1147 2498/3010/1147
f 1876/2187/1148 4331/5099/1148 1873/2183/1148
f 1479/1735/1149 3917/4540/1149 1481/1737/1149
f 2502/3014/418 4733/5501/418 2499/3011/418
f 1880/2192/128 4333/5101/128 1876/2187/128
f 1481/1737/1150 3919/4543/1150 1483/1739/1150
f 1535/1791/415 4234/5002/415 1710/1972/415
f 1885/2198/1151 4335/5103/1151 1880/2192/1151
f 1483/1739/1152 3922/4548/1152 1485/1741/1152
f 1536/1792/412 5819/6899/412 4491/5259/412
f 1888/2202/1153 4337/5105/1153 1885/2198/1153
f 1485/1741/1154 3924/4551/1154 1487/1743/1154
f 1715/1978/409 4734/5502/409 2502/3014/409
f 1892/2207/1155 4339/5107/1155 1888/2202/1155
f 1487/1743/414 3925/4552/414 1489/1745/414
f 2118/2509/406 5820/6900/406 3660/4186/406
f 1896/2212/1156 4341/5109/1156 1892/2207/1156
f 1489/1745/1157 3928/4557/1157 1491/1747/1157
f 1900/2217/123 4343/5111/123 1896/2212/123
f 1491/1747/1158 3930/4560/1158 1493/1749/1158
f 1905/2223/1159 4345/5113/1159 1900/2217/1159
f 1493/1749/1160 3932/4563/1160 1495/1751/1160
f 1908/2227/1161 4348/5116/1161 1905/2223/1161
f 1495/1751/1162 3934/4566/1162 1497/1753/1162
f 1913/2233/1163 4349/5117/1163 1908/2227/1163
f 1497/1753/1164 3936/4569/1164 1499/1755/1164
f 1917/2239/119 4351/5119/119 1913/2233/119
f 1499/1755/1165 3938/4572/1165 1501/1757/1165
f 1919/2242/1166 4353/5121/1166 1917/2239/1166
f 1501/1757/1167 3940/4575/1167 1503/1759/1167
f 1920/2243/1168 4355/5123/1168 1919/2242/1168
f 1503/1759/395 3942/4578/395 1506/1762/395
f 1923/2248/1169 4358/5126/1169 1920/2243/1169
f 1506/1762/1170 3943/4579/1170 1508/1764/1170
f 1925/2251/1171 4360/5128/1171 1923/2248/1171
f 1508/1764/1172 3946/4584/1172 1510/1766/1172
f 1927/2254/1173 4362/5130/1173 1925/2251/1173
f 1510/1766/389 3948/4587/389 1512/1768/389
f 1929/2257/113 4364/5132/113 1927/2254/113
f 1512/1768/1174 3950/4590/1174 1514/1770/1174
f 1931/2260/112 4366/5134/112 1929/2257/112
f 1514/1770/385 3952/4593/385 1516/1772/385
f 1932/2261/1175 4368/5136/1175 1931/2260/1175
f 1516/1772/1176 3954/4596/1176 1518/1774/1176
f 1935/2266/1177 4370/5138/1177 1932/2261/1177
f 1518/1774/381 3956/4599/381 1520/1776/381
f 1937/2269/1178 4372/5140/1178 1935/2266/1178
f 1520/1776/379 3958/4602/379 1521/1777/379
f 1939/2272/1179 4373/5141/1179 1937/2269/1179
f 1521/1777/377 3960/4605/377 1523/1779/377
f 1941/2275/1180 4375/5143/1180 1939/2272/1180
f 1523/1779/375 3962/4608/375 1525/1781/375
f 1942/2276/106 4377/5145/106 1941/2275/106
f 1525/1781/1181 3964/4611/1181 1527/1783/1181
f 1944/2279/1182 4379/5147/1182 1942/2276/1182
f 1527/1783/1183 3966/4614/1183 1530/1786/1183
f 1946/2282/104 4381/5149/104 1944/2279/104
f 1530/1786/369 3968/4617/369 1531/1787/369
f 1948/2285/1184 4383/5151/1184 1946/2282/1184
f 1531/1787/1185 3970/4620/1185 1532/1788/1185
f 1950/2288/102 4385/5153/102 1948/2285/102
f 1532/1788/365 3972/4623/365 1533/1789/365
f 1952/2291/1186 4387/5155/1186 1950/2288/1186
f 1533/1789/1187 3974/4626/1187 1534/1790/1187
f 1955/2296/100 4389/5157/100 1952/2291/100
f 1534/1790/1188 3976/4629/1188 1535/1791/1188
f 1956/2297/1189 4391/5159/1189 1955/2296/1189
f 1537/1793/1190 3977/4630/1190 1536/1792/1190
f 1958/2300/98 4394/5162/98 1956/2297/98
f 1538/1794/357 3980/4635/357 1537/1793/357
f 1960/2303/97 4396/5164/97 1958/2300/97
f 1539/1795/355 3982/4638/355 1538/1794/355
f 1962/2306/1191 4398/5166/1191 1960/2303/1191
f 1540/1796/353 3984/4641/353 1539/1795/353
f 1965/2311/1192 4400/5168/1192 1962/2306/1192
f 1541/1797/351 3985/4642/351 1540/1796/351
f 1966/2312/1193 4402/5170/1193 1965/2311/1193
f 1542/1798/1194 3987/4645/1194 1541/1797/1194
f 1969/2317/93 4404/5172/93 1966/2312/93
f 1543/1799/347 3989/4648/347 1542/1798/347
f 1971/2320/1195 4405/5173/1195 1969/2317/1195
f 1544/1800/346 3991/4651/346 1543/1799/346
f 1972/2321/91 4407/5175/91 1971/2320/91
f 1545/1801/344 3993/4654/344 1544/1800/344
f 1975/2326/90 4410/5178/90 1972/2321/90
f 1546/1802/342 3995/4657/342 1545/1801/342
f 1976/2327/1196 4412/5180/1196 1975/2326/1196
f 1547/1803/340 3997/4660/340 1546/1802/340
f 1978/2330/1197 4414/5182/1197 1976/2327/1197
f 1548/1804/338 3999/4663/338 1547/1803/338
f 1980/2333/1198 4416/5184/1198 1978/2330/1198
f 1549/1805/336 4001/4666/336 1548/1804/336
f 1985/2339/1199 4418/5186/1199 1980/2333/1199
f 1550/1806/334 4003/4669/334 1549/1805/334
f 1989/2344/85 4420/5188/85 1985/2339/85
f 1551/1807/332 4005/4672/332 1550/1806/332
f 1993/2349/1200 4421/5189/1200 1989/2344/1200
f 1552/1808/330 4007/4675/330 1551/1807/330
f 1996/2353/1201 4424/5192/1201 1993/2349/1201
f 1553/1809/328 4009/4678/328 1552/1808/328
f 2000/2358/1202 4426/5194/1202 1996/2353/1202
f 1554/1810/326 4012/4683/326 1553/1809/326
f 2004/2363/81 4427/5195/81 2000/2358/81
f 1555/1811/1203 4014/4686/1203 1554/1810/1203
f 2009/2369/80 4429/5197/80 2004/2363/80
f 1556/1812/322 4016/4689/322 1555/1811/322
f 2013/2374/1204 4431/5199/1204 2009/2369/1204
f 1557/1813/320 4018/4692/320 1556/1812/320
f 2017/2379/1205 4433/5201/1205 2013/2374/1205
f 1558/1814/318 4020/4695/318 1557/1813/318
f 2023/2387/1206 4435/5203/1206 2017/2379/1206
f 1559/1815/316 4022/4698/316 1558/1814/316
f 2026/2391/1207 4437/5205/1207 2023/2387/1207
f 1560/1816/314 4023/4699/314 1559/1815/314
f 2028/2393/1208 4439/5207/1208 2026/2391/1208
f 1561/1817/1209 4026/4704/1209 1560/1816/1209
f 2033/2399/74 4442/5210/74 2028/2393/74
f 1562/1818/310 4028/4707/310 1561/1817/310
f 2039/2407/73 4443/5211/73 2033/2399/73
f 1563/1819/308 4030/4710/308 1562/1818/308
f 2042/2411/72 4445/5213/72 2039/2407/72
f 1565/1821/306 4032/4713/306 1563/1819/306
f 2046/2416/71 4448/5216/71 2042/2411/71
f 1567/1823/304 4034/4716/304 1565/1821/304
f 2050/2421/70 4450/5218/70 2046/2416/70
f 1568/1824/1210 4036/4719/1210 1567/1823/1210
f 2055/2427/1211 4452/5220/1211 2050/2421/1211
f 1571/1827/300 4038/4722/300 1568/1824/300
f 2058/2431/1212 4454/5222/1212 2055/2427/1212
f 1573/1829/298 4040/4725/298 1571/1827/298
f 2060/2433/1213 4455/5223/1213 2058/2431/1213
f 1574/1830/1214 4042/4728/1214 1573/1829/1214
f 2067/2442/66 4458/5226/66 2060/2433/66
f 1576/1832/294 4043/4729/294 1574/1830/294
f 2071/2447/1215 4460/5228/1215 2067/2442/1215
f 1579/1835/292 4045/4732/292 1576/1832/292
f 2074/2451/64 4462/5230/64 2071/2447/64
f 1581/1837/1216 4047/4735/1216 1579/1835/1216
f 2078/2456/63 4463/5231/63 2074/2451/63
f 1583/1839/288 4050/4740/288 1581/1837/288
f 2080/2458/62 4465/5233/62 2078/2456/62
f 1585/1841/1217 4051/4741/1217 1583/1839/1217
f 2084/2463/1218 4467/5235/1218 2080/2458/1218
f 1587/1843/284 4053/4744/284 1585/1841/284
f 2088/2468/60 4469/5237/60 2084/2463/60
f 1589/1845/282 4055/4747/282 1587/1843/282
f 2094/2476/1219 4471/5239/1219 2088/2468/1219
f 1590/1846/1220 4057/4750/1220 1589/1845/1220
f 2096/2478/58 4473/5241/58 2094/2476/58
f 1593/1849/1221 4060/4755/1221 1590/1846/1221
f 2100/2483/1222 4475/5243/1222 2096/2478/1222
f 1595/1851/1223 4062/4758/1223 1593/1849/1223
f 2104/2488/56 4477/5245/56 2100/2483/56
f 1596/1852/274 4064/4761/274 1595/1851/274
f 2107/2493/1224 4480/5248/1224 2104/2488/1224
f 1598/1854/1225 4066/4764/1225 1596/1852/1225
f 2109/2496/54 4482/5250/54 2107/2493/54
f 1600/1856/270 4068/4767/270 1598/1854/270
f 2110/2497/53 4484/5252/53 2109/2496/53
f 1602/1858/1226 4070/4770/1226 1600/1856/1226
f 2112/2500/52 4486/5254/52 2110/2497/52
f 1605/1861/1227 4072/4773/1227 1602/1858/1227
f 2115/2505/51 4488/5256/51 2112/2500/51
f 1606/1862/264 4074/4776/264 1605/1861/264
f 2116/2506/1228 4490/5258/1228 2115/2505/1228
f 1609/1865/1229 4076/4779/1229 1606/1862/1229
f 2121/2514/1230 4493/5261/1230 2118/2509/1230
f 1611/1867/1231 4078/4782/1231 1609/1865/1231
f 2122/2515/48 4495/5263/48 2121/2514/48
f 1613/1869/258 4079/4783/258 1611/1867/258
f 2125/2520/47 4497/5265/47 2122/2515/47
f 1614/1870/1232 4082/4788/1232 1613/1869/1232
f 2126/2521/46 4499/5267/46 2125/2520/46
f 1617/1873/1233 4084/4791/1233 1614/1870/1233
f 2128/2524/45 4501/5269/45 2126/2521/45
f 1619/1875/252 4086/4794/252 1617/1873/252
f 2130/2527/1234 4504/5272/1234 2128/2524/1234
f 1621/1877/1235 4088/4797/1235 1619/1875/1235
f 2133/2532/43 4506/5274/43 2130/2527/43
f 1623/1879/249 4090/4800/249 1621/1877/249
f 2135/2535/42 4508/5276/42 2133/2532/42
f 1625/1881/248 4092/4803/248 1623/1879/248
f 2137/2538/41 4510/5278/41 2135/2535/41
f 1627/1883/247 4094/4806/247 1625/1881/247
f 2141/2543/40 4511/5279/40 2137/2538/40
f 1628/1884/1236 4095/4807/1236 1627/1883/1236
f 2145/2548/39 4513/5281/39 2141/2543/39
f 1629/1885/245 4097/4810/245 1628/1884/245
f 2148/2551/38 4515/5283/38 2145/2548/38
f 1630/1886/1237 4099/4813/1237 1629/1885/1237
f 2154/2559/37 4517/5285/37 2148/2551/37
f 1631/1887/1238 4101/4816/1238 1630/1886/1238
f 2156/2561/36 4520/5288/36 2154/2559/36
f 1632/1888/242 4104/4821/242 1631/1887/242
f 2159/2565/35 4522/5290/35 2156/2561/35
f 1633/1889/1239 4105/4822/1239 1632/1888/1239
f 2163/2570/34 4523/5291/34 2159/2565/34
f 1634/1890/240 4108/4827/240 1633/1889/240
f 2168/2576/33 4526/5294/33 2163/2570/33
f 1635/1891/1240 4109/4828/1240 1634/1890/1240
f 2174/2584/32 4528/5296/32 2168/2576/32
f 1636/1892/238 4112/4833/238 1635/1891/238
f 2178/2589/1241 4530/5298/1241 2174/2584/1241
f 1637/1893/1242 4114/4836/1242 1636/1892/1242
f 2182/2594/30 4532/5300/30 2178/2589/30
f 1638/1894/1243 4115/4837/1243 1637/1893/1243
f 2184/2596/29 4534/5302/29 2182/2594/29
f 1639/1895/1244 4118/4842/1244 1638/1894/1244
f 2189/2603/28 4536/5304/28 2184/2596/28
f 1640/1896/1245 4119/4843/1245 1639/1895/1245
f 2194/2609/27 4538/5306/27 2189/2603/27
f 1641/1897/1246 4121/4846/1246 1640/1896/1246
f 2197/2613/26 4539/5307/26 2194/2609/26
f 1642/1898/1247 4123/4849/1247 1641/1897/1247
f 2201/2618/1248 4542/5310/1248 2197/2613/1248
f 1643/1899/231 4126/4854/231 1642/1898/231
f 2203/2621/24 4544/5312/24 2201/2618/24
f 1644/1900/230 4127/4855/230 1643/1899/230
f 2205/2624/23 4546/5314/23 2203/2621/23
f 1645/1901/1249 4129/4858/1249 1644/1900/1249
f 2206/2625/22 4548/5316/22 2205/2624/22
f 1646/1902/1250 4131/4861/1250 1645/1901/1250
f 2209/2630/21 4550/5318/21 2206/2625/21
f 1647/1903/227 4133/4864/227 1646/1902/227
f 1346/1602/1251 3657/4181/1251 1345/1601/1251
f 2211/2633/1252 4552/5320/1252 2209/2630/1252
f 1648/1904/1253 4136/4869/1253 1647/1903/1253
f 1345/1601/437 3661/4187/437 1347/1603/437
f 2213/2636/19 4553/5321/19 2211/2633/19
f 1649/1905/1254 4138/4872/1254 1648/1904/1254
f 1347/1603/434 3663/4190/434 1348/1604/434
f 2215/2639/18 4556/5324/18 2213/2636/18
f 1650/1906/1255 4140/4875/1255 1649/1905/1255
f 1348/1604/431 3665/4193/431 1349/1605/431
f 2217/2642/1256 4558/5326/1256 2215/2639/1256
f 1651/1907/1257 4142/4878/1257 1650/1906/1257
f 1349/1605/428 3668/4198/428 1350/1606/428
f 2219/2645/16 4559/5327/16 2217/2642/16
f 1652/1908/1258 4144/4881/1258 1651/1907/1258
f 1350/1606/1259 3669/4199/1259 1351/1607/1259
f 2221/2648/15 4562/5330/15 2219/2645/15
f 1653/1909/1260 4146/4884/1260 1652/1908/1260
f 1351/1607/422 3671/4202/422 1352/1608/422
f 2223/2651/1261 4564/5332/1261 2221/2648/1261
f 1654/1910/1262 4148/4887/1262 1653/1909/1262
f 1352/1608/1263 3673/4205/1263 1353/1609/1263
f 2225/2654/13 4566/5334/13 2223/2651/13
f 1655/1911/219 4150/4890/219 1654/1910/219
f 1353/1609/416 3675/4208/416 1354/1610/416
f 2227/2657/1264 4568/5336/1264 2225/2654/1264
f 1656/1912/218 4152/4893/218 1655/1911/218
f 1354/1610/1265 3677/4211/1265 1355/1611/1265
f 2229/2660/11 4570/5338/11 2227/2657/11
f 1657/1913/217 4153/4894/217 1656/1912/217
f 1355/1611/410 3680/4216/410 1356/1612/410
f 2231/2663/10 4572/5340/10 2229/2660/10
f 1658/1914/216 4156/4899/216 1657/1913/216
f 1356/1612/1266 3682/4219/1266 1357/1613/1266
f 2232/2664/1267 4574/5342/1267 2231/2663/1267
f 1659/1915/215 4158/4902/215 1658/1914/215
f 1357/1613/404 3684/4222/404 1358/1614/404
f 2234/2667/1268 4576/5344/1268 2232/2664/1268
f 1660/1916/1269 4160/4905/1269 1659/1915/1269
f 1358/1614/402 3685/4223/402 1359/1615/402
f 2236/2670/1270 4577/5345/1270 2234/2667/1270
f 1661/1917/213 4162/4908/213 1660/1916/213
f 1359/1615/400 3688/4228/400 1360/1616/400
f 2238/2673/6 4579/5347/6 2236/2670/6
f 1662/1918/1271 4164/4911/1271 1661/1917/1271
f 1360/1616/398 3690/4231/398 1361/1617/398
f 2240/2676/1272 4581/5349/1272 2238/2673/1272
f 1663/1919/1273 4166/4914/1273 1662/1918/1273
f 1361/1617/396 3692/4234/396 1362/1618/396
f 2242/2679/4 4584/5352/4 2240/2676/4
f 1664/1920/1274 4168/4917/1274 1663/1919/1274
f 1362/1618/1275 3694/4237/1275 1363/1619/1275
f 2244/2682/1276 4585/5353/1276 2242/2679/1276
f 1665/1921/209 4170/4920/209 1664/1920/209
f 1363/1619/1277 3696/4240/1277 1364/1620/1277
f 2247/2687/1278 4587/5355/1278 2244/2682/1278
f 1666/1922/1279 4172/4923/1279 1665/1921/1279
f 1364/1620/1280 3698/4243/1280 1365/1621/1280
f 2249/2690/516 4589/5357/516 2247/2687/516
f 1667/1923/1281 4174/4926/1281 1666/1922/1281
f 1365/1621/388 3699/4244/388 1366/1622/388
f 2251/2693/1282 4591/5359/1282 2249/2690/1282
f 1668/1924/206 4176/4929/206 1667/1923/206
f 1366/1622/386 3703/4249/386 1367/1623/386
f 2253/2696/1283 4593/5361/1283 2251/2693/1283
f 1669/1925/1284 4178/4932/1284 1668/1924/1284
f 1367/1623/384 3708/4255/384 1368/1624/384
f 2255/2699/513 4595/5363/513 2253/2696/513
f 1670/1926/1285 4180/4935/1285 1669/1925/1285
f 1368/1624/382 3712/4260/382 1369/1625/382
f 2257/2702/1286 4597/5365/1286 2255/2699/1286
f 1671/1927/1287 4182/4938/1287 1670/1926/1287
f 1369/1625/380 3715/4264/380 1370/1626/380
f 2259/2705/1288 4599/5367/1288 2257/2702/1288
f 1672/1928/1289 4184/4941/1289 1671/1927/1289
f 1370/1626/1290 3721/4272/1290 1371/1627/1290
f 2261/2708/510 4601/5369/510 2259/2705/510
f 1673/1929/1291 4186/4944/1291 1672/1928/1291
f 1371/1627/376 3725/4277/376 1372/1628/376
f 2263/2711/1292 4603/5371/1292 2261/2708/1292
f 1674/1930/1293 4188/4947/1293 1673/1929/1293
f 1372/1628/1294 3729/4282/1294 1373/1629/1294
f 2265/2714/508 4605/5373/508 2263/2711/508
f 1675/1931/1295 4190/4950/1295 1674/1930/1295
f 1373/1629/1296 3733/4287/1296 1374/1630/1296
f 2266/2715/507 4607/5375/507 2265/2714/507
f 1676/1932/1297 4192/4953/1297 1675/1931/1297
f 1374/1630/1298 3737/4292/1298 1375/1631/1298
f 2272/2723/506 4610/5378/506 2266/2715/506
f 1677/1933/1299 4194/4956/1299 1676/1932/1299
f 1375/1631/1300 3739/4294/1300 1376/1632/1300
f 2276/2728/1301 4612/5380/1301 2272/2723/1301
f 1678/1934/1302 4196/4959/1302 1677/1933/1302
f 1376/1632/1303 3744/4300/1303 1377/1633/1303
f 2279/2732/504 4614/5382/504 2276/2728/504
f 1679/1935/1304 4198/4962/1304 1678/1934/1304
f 1377/1633/1305 3749/4307/1305 1378/1634/1305
f 2283/2737/1306 4616/5384/1306 2279/2732/1306
f 1680/1936/1307 4199/4963/1307 1679/1935/1307
f 1378/1634/1308 3751/4309/1308 1379/1635/1308
f 2287/2742/1309 4618/5386/1309 2283/2737/1309
f 1681/1937/1310 4202/4968/1310 1680/1936/1310
f 1379/1635/1311 3755/4314/1311 1380/1636/1311
f 2291/2747/501 4620/5388/501 2287/2742/501
f 1682/1938/192 4204/4971/192 1681/1937/192
f 1380/1636/358 3761/4322/358 1381/1637/358
f 2296/2753/1312 4622/5390/1312 2291/2747/1312
f 1683/1939/191 4205/4972/191 1682/1938/191
f 1381/1637/1313 3764/4325/1313 1382/1638/1313
f 2300/2758/499 4624/5392/499 2296/2753/499
f 1684/1940/190 4208/4976/190 1683/1939/190
f 1382/1638/1314 3769/4332/1314 1383/1639/1314
f 2304/2763/1315 4626/5394/1315 2300/2758/1315
f 1685/1941/1316 4210/4978/1316 1684/1940/1316
f 1383/1639/1317 3772/4335/1317 1384/1640/1317
f 2308/2768/497 4627/5395/497 2304/2763/497
f 1686/1942/188 4212/4980/188 1685/1941/188
f 1384/1640/1318 3776/4340/1318 1385/1641/1318
f 2312/2773/1319 4629/5397/1319 2308/2768/1319
f 1687/1943/1320 4214/4982/1320 1686/1942/1320
f 1385/1641/348 3780/4345/348 1386/1642/348
f 2316/2778/1321 4631/5399/1321 2312/2773/1321
f 1688/1944/1322 4216/4984/1322 1687/1943/1322
f 5/7/1323 4736/5504/1323 4735/5503/1323
f 8/12/519 4735/5503/519 4737/5505/519
f 8/12/1324 4738/5506/1324 10/15/1324
f 12/18/1325 4738/5506/1325 4739/5507/1325
f 12/18/1326 4740/5508/1326 14/21/1326
f 16/24/523 4740/5508/523 4741/5509/523
f 16/24/524 4742/5510/524 18/27/524
f 20/30/1327 4742/5510/1327 4743/5511/1327
f 20/30/1328 4744/5512/1328 22/33/1328
f 22/33/1329 4745/5513/1329 24/36/1329
f 26/39/528 4745/5513/528 4746/5514/528
f 26/39/1330 4747/5515/1330 28/42/1330
f 30/45/530 4747/5515/530 4748/5516/530
f 30/45/1331 4749/5517/1331 32/48/1331
f 34/51/1332 4749/5517/1332 4750/5518/1332
f 34/51/1333 4751/5519/1333 36/54/1333
f 38/57/1334 4751/5519/1334 4752/5520/1334
f 38/57/1335 4753/5521/1335 39/58/1335
f 41/61/536 4753/5521/536 4754/5522/536
f 41/61/1336 4755/5523/1336 44/66/1336
f 46/69/538 4755/5523/538 4756/5524/538
f 46/69/1337 4757/5525/1337 48/72/1337
f 48/72/540 4758/5526/540 50/75/540
f 52/78/1338 4758/5526/1338 4759/5527/1338
f 52/78/1339 4760/5528/1339 54/81/1339
f 54/81/543 4761/5529/543 56/84/543
f 58/87/1340 4761/5529/1340 4762/5530/1340
f 58/87/1341 4763/5531/1341 60/90/1341
f 62/93/546 4763/5531/546 4764/5532/546
f 62/93/547 4765/5533/547 64/96/547
f 66/99/1342 4765/5533/1342 4766/5534/1342
f 66/99/1343 4767/5535/1343 68/102/1343
f 70/105/550 4767/5535/550 4768/5536/550
f 70/105/1344 4769/5537/1344 72/108/1344
f 74/111/552 4769/5537/552 4770/5538/552
f 74/111/1345 4771/5539/1345 76/114/1345
f 78/117/554 4771/5539/554 4772/5540/554
f 78/117/1346 4773/5541/1346 80/120/1346
f 82/123/556 4773/5541/556 4774/5542/556
f 84/126/557 4774/5542/557 4775/5543/557
f 84/126/558 4776/5544/558 86/129/558
f 88/132/1347 4776/5544/1347 4777/5545/1347
f 88/132/1348 4778/5546/1348 90/135/1348
f 92/138/561 4778/5546/561 4779/5547/561
f 92/138/1349 4780/5548/1349 94/141/1349
f 96/144/1350 4780/5548/1350 4781/5549/1350
f 96/144/564 4782/5550/564 98/147/564
f 98/147/1351 4783/5551/1351 100/150/1351
f 100/150/1352 4784/5552/1352 102/153/1352
f 104/156/1353 4784/5552/1353 4785/5553/1353
f 106/159/568 4785/5553/568 4786/5554/568
f 108/162/1354 4786/5554/1354 4787/5555/1354
f 110/165/1355 4787/5555/1355 4788/5556/1355
f 110/165/1356 4789/5557/1356 112/168/1356
f 112/168/1357 4790/5558/1357 113/169/1357
f 113/169/573 4791/5559/573 115/172/573
f 118/177/1358 4791/5559/1358 4792/5560/1358
f 118/177/575 4793/5561/575 120/180/575
f 122/183/1359 4793/5561/1359 4794/5562/1359
f 122/183/1360 4795/5563/1360 124/186/1360
f 124/186/1361 4796/5564/1361 125/187/1361
f 127/190/1362 4796/5564/1362 4797/5565/1362
f 130/195/1363 4797/5565/1363 4798/5566/1363
f 130/195/1364 4799/5567/1364 132/198/1364
f 133/199/1365 4799/5567/1365 4800/5568/1365
f 133/199/1366 4801/5569/1366 135/202/1366
f 135/202/1367 4802/5570/1367 137/205/1367
f 139/208/1368 4802/5570/1368 4803/5571/1368
f 139/208/1369 4804/5572/1369 142/213/1369
f 142/213/1370 4805/5573/1370 144/216/1370
f 146/219/1371 4805/5573/1371 4806/5574/1371
f 147/220/1372 4806/5574/1372 4807/5575/1372
f 149/223/1373 4807/5575/1373 4808/5576/1373
f 149/223/1374 4809/5577/1374 151/226/1374
f 151/226/1375 4810/5578/1375 153/229/1375
f 153/229/1376 4811/5579/1376 155/232/1376
f 155/232/1377 4812/5580/1377 157/235/1377
f 157/235/1378 4813/5581/1378 159/238/1378
f 159/238/1379 4814/5582/1379 161/241/1379
f 164/246/1380 4814/5582/1380 4815/5583/1380
f 165/247/598 4815/5583/598 4816/5584/598
f 165/247/1381 4817/5585/1381 167/250/1381
f 167/250/1382 4818/5586/1382 169/253/1382
f 172/258/1383 4818/5586/1383 4819/5587/1383
f 172/258/602 4820/5588/602 173/259/602
f 175/262/603 4820/5588/603 4821/5589/603
f 175/262/1384 4822/5590/1384 177/265/1384
f 179/268/1385 4822/5590/1385 4823/5591/1385
f 179/268/1386 4824/5592/1386 181/271/1386
f 181/271/1387 4825/5593/1387 184/276/1387
f 185/277/1388 4825/5593/1388 4826/5594/1388
f 185/277/1389 4827/5595/1389 188/282/1389
f 189/283/610 4827/5595/610 4828/5596/610
f 189/283/1390 4829/5597/1390 192/288/1390
f 194/291/1391 4829/5597/1391 4830/5598/1391
f 194/291/1392 4831/5599/1392 196/294/1392
f 197/295/1393 4831/5599/1393 4832/5600/1393
f 200/300/1394 4832/5600/1394 4833/5601/1394
f 200/300/1395 4834/5602/1395 201/301/1395
f 203/304/617 4834/5602/617 4835/5603/617
f 206/309/1396 4835/5603/1396 4836/5604/1396
f 206/309/1397 4837/5605/1397 207/310/1397
f 207/310/1398 4838/5606/1398 209/313/1398
f 212/318/1399 4838/5606/1399 4839/5607/1399
f 213/319/1400 4839/5607/1400 4840/5608/1400
f 213/319/1401 4841/5609/1401 215/322/1401
f 217/325/1402 4841/5609/1402 4842/5610/1402
f 217/325/1403 4843/5611/1403 220/330/1403
f 222/333/1404 4843/5611/1404 4844/5612/1404
f 222/333/1405 4845/5613/1405 224/336/1405
f 224/336/1406 4846/5614/1406 225/337/1406
f 225/337/1407 4847/5615/1407 228/342/1407
f 230/345/1408 4847/5615/1408 4848/5616/1408
f 230/345/1409 4849/5617/1409 232/348/1409
f 234/351/1410 4849/5617/1410 4850/5618/1410
f 234/351/1411 4851/5619/1411 236/354/1411
f 238/357/1412 4851/5619/1412 4852/5620/1412
f 238/357/1413 4853/5621/1413 240/360/1413
f 242/363/1414 4853/5621/1414 4854/5622/1414
f 242/363/1415 4855/5623/1415 243/364/1415
f 243/364/1416 4856/5624/1416 245/367/1416
f 247/370/1417 4856/5624/1417 4857/5625/1417
f 247/370/1418 4858/5626/1418 249/373/1418
f 251/376/1419 4858/5626/1419 4859/5627/1419
f 251/376/1420 4860/5628/1420 254/381/1420
f 256/384/643 4860/5628/643 4861/5629/643
f 256/384/1421 4862/5630/1421 258/387/1421
f 258/387/1422 4863/5631/1422 3/4/1422
f 547/803/646 4864/5632/646 262/393/646
f 545/801/1423 4865/5633/1423 547/803/1423
f 545/801/1424 4867/5635/1424 4866/5634/1424
f 541/795/1425 4867/5635/1425 544/800/1425
f 541/795/1426 4869/5637/1426 4868/5636/1426
f 537/789/1427 4869/5637/1427 540/794/1427
f 537/789/652 4871/5639/652 4870/5638/652
f 533/783/1428 4871/5639/1428 535/786/1428
f 532/782/654 4872/5640/654 533/783/654
f 532/782/655 4874/5642/655 4873/5641/655
f 528/776/1429 4874/5642/1429 530/779/1429
f 528/776/1430 4876/5644/1430 4875/5643/1430
f 524/770/658 4876/5644/658 526/773/658
f 524/770/659 4878/5646/659 4877/5645/659
f 520/764/1431 4878/5646/1431 522/767/1431
f 520/764/1432 4880/5648/1432 4879/5647/1432
f 516/758/1433 4880/5648/1433 518/761/1433
f 516/758/663 4882/5650/663 4881/5649/663
f 512/752/1434 4882/5650/1434 514/755/1434
f 512/752/1435 4884/5652/1435 4883/5651/1435
f 508/746/666 4884/5652/666 510/749/666
f 508/746/667 4886/5654/667 4885/5653/667
f 504/740/1436 4886/5654/1436 506/743/1436
f 504/740/669 4888/5656/669 4887/5655/669
f 502/737/1437 4889/5657/1437 4888/5656/1437
f 498/731/671 4889/5657/671 500/734/671
f 496/728/1438 4890/5658/1438 498/731/1438
f 496/728/1439 4892/5660/1439 4891/5659/1439
f 491/720/674 4892/5660/674 494/725/674
f 491/720/1440 4894/5662/1440 4893/5661/1440
f 488/716/1441 4894/5662/1441 490/719/1441
f 488/716/1442 4896/5664/1442 4895/5663/1442
f 484/710/678 4896/5664/678 486/713/678
f 484/710/679 4898/5666/679 4897/5665/679
f 476/699/1443 4898/5666/1443 480/704/1443
f 476/699/1444 4900/5668/1444 4899/5667/1444
f 469/690/1445 4900/5668/1445 472/694/1445
f 469/690/683 4902/5670/683 4901/5669/683
f 461/680/1446 4902/5670/1446 466/687/1446
f 457/675/1447 4903/5671/1447 461/680/1447
f 457/675/1448 4905/5673/1448 4904/5672/1448
f 451/668/1449 4905/5673/1449 455/673/1449
f 451/668/688 4907/5675/688 4906/5674/688
f 443/658/1450 4907/5675/1450 447/663/1450
f 443/658/1451 4909/5677/1451 4908/5676/1451
f 434/647/1452 4909/5677/1452 438/652/1452
f 431/643/1453 4910/5678/1453 434/647/1453
f 431/643/1454 4912/5680/1454 4911/5679/1454
f 427/638/694 4913/5681/694 4912/5680/694
f 419/628/1455 4913/5681/1455 423/633/1455
f 416/624/1456 4914/5682/1456 419/628/1456
f 414/621/1457 4915/5683/1457 416/624/1457
f 412/618/1458 4916/5684/1458 414/621/1458
f 412/618/1459 4918/5686/1459 4917/5685/1459
f 408/612/1460 4918/5686/1460 410/615/1460
f 408/612/1461 4920/5688/1461 4919/5687/1461
f 406/609/1462 4921/5689/1462 4920/5688/1462
f 404/606/1463 4922/5690/1463 4921/5689/1463
f 399/598/1464 4922/5690/1464 402/603/1464
f 397/595/1465 4923/5691/1465 399/598/1465
f 397/595/1466 4925/5693/1466 4924/5692/1466
f 393/589/1467 4925/5693/1467 395/592/1467
f 392/588/1468 4926/5694/1468 393/589/1468
f 392/588/1469 4928/5696/1469 4927/5695/1469
f 388/582/1470 4928/5696/1470 389/583/1470
f 388/582/711 4930/5698/711 4929/5697/711
f 386/579/712 4931/5699/712 4930/5698/712
f 382/573/1471 4931/5699/1471 384/576/1471
f 380/570/1472 4932/5700/1472 382/573/1472
f 380/570/1473 4934/5702/1473 4933/5701/1473
f 376/564/1474 4934/5702/1474 378/567/1474
f 376/564/717 4936/5704/717 4935/5703/717
f 371/556/1475 4936/5704/1475 374/561/1475
f 371/556/1476 4938/5706/1476 4937/5705/1476
f 369/553/1477 4939/5707/1477 4938/5706/1477
f 367/550/1478 4940/5708/1478 4939/5707/1478
f 363/544/1479 4940/5708/1479 365/547/1479
f 363/544/1480 4942/5710/1480 4941/5709/1480
f 361/541/1481 4943/5711/1481 4942/5710/1481
f 358/537/1482 4943/5711/1482 359/538/1482
f 356/534/1483 4944/5712/1483 358/537/1483
f 354/531/727 4945/5713/727 356/534/727
f 354/531/1484 4947/5715/1484 4946/5714/1484
f 350/525/1485 4947/5715/1485 352/528/1485
f 350/525/1486 4949/5717/1486 4948/5716/1486
f 346/519/1487 4949/5717/1487 348/522/1487
f 346/519/1488 4951/5719/1488 4950/5718/1488
f 342/513/1489 4951/5719/1489 344/516/1489
f 342/513/734 4953/5721/734 4952/5720/734
f 340/510/1490 4954/5722/1490 4953/5721/1490
f 336/504/1491 4954/5722/1491 338/507/1491
f 336/504/1492 4956/5724/1492 4955/5723/1492
f 331/496/1493 4956/5724/1493 334/501/1493
f 331/496/1494 4958/5726/1494 4957/5725/1494
f 328/492/740 4958/5726/740 329/493/740
f 328/492/741 4960/5728/741 4959/5727/741
f 324/486/1495 4960/5728/1495 326/489/1495
f 322/483/1496 4961/5729/1496 324/486/1496
f 322/483/744 4963/5731/744 4962/5730/744
f 317/475/1497 4963/5731/1497 320/480/1497
f 315/472/1498 4964/5732/1498 317/475/1498
f 315/472/747 4966/5734/747 4965/5733/747
f 311/466/1499 4966/5734/1499 314/471/1499
f 310/465/1500 4967/5735/1500 311/466/1500
f 310/465/1501 4969/5737/1501 4968/5736/1501
f 305/457/1502 4969/5737/1502 307/460/1502
f 303/454/1503 4970/5738/1503 305/457/1503
f 303/454/1504 4972/5740/1504 4971/5739/1504
f 299/448/1505 4972/5740/1505 301/451/1505
f 299/448/1506 4974/5742/1506 4973/5741/1506
f 298/447/1507 4976/5745/1507 4974/5742/1507
f 296/444/1508 4978/5748/1508 4976/5745/1508
f 292/438/1509 4978/5748/1509 294/441/1509
f 292/438/1510 4982/5754/1510 4980/5751/1510
f 288/432/1511 4982/5754/1511 290/435/1511
f 288/432/761 4986/5760/761 4984/5757/761
f 284/426/1512 4986/5760/1512 286/429/1512
f 284/426/1513 4990/5766/1513 4988/5763/1513
f 279/418/1514 4990/5766/1514 281/421/1514
f 278/417/1515 4992/5769/1515 279/418/1515
f 278/417/1516 4996/5775/1516 4994/5772/1516
f 274/411/1517 4996/5775/1517 276/414/1517
f 274/411/1518 5000/5781/1518 4998/5778/1518
f 270/405/1519 5000/5781/1519 272/408/1519
f 270/405/1520 5004/5787/1520 5001/5782/1520
f 266/399/1521 5004/5787/1521 268/402/1521
f 266/399/772 5007/5791/772 5005/5788/772
f 264/396/1522 5009/5794/1522 5007/5791/1522
f 1344/1600/1523 5011/5797/1523 966/1222/1523
f 1343/1599/1524 5013/5800/1524 1344/1600/1524
f 1343/1599/776 5017/5806/776 5015/5803/776
f 1339/1595/1525 5017/5806/1525 1342/1598/1525
f 1339/1595/1526 5021/5812/1526 5020/5811/1526
f 1331/1587/1527 5021/5812/1527 1335/1591/1527
f 1331/1587/1528 5025/5818/1528 5024/5817/1528
f 1326/1582/1529 5025/5818/1529 1329/1585/1529
f 1319/1575/1530 5027/5821/1530 1326/1582/1530
f 1319/1575/1531 5031/5827/1531 5029/5824/1531
f 1312/1568/1532 5031/5827/1532 1315/1571/1532
f 1312/1568/1533 5035/5833/1533 5033/5830/1533
f 1306/1562/1534 5035/5833/1534 1309/1565/1534
f 1306/1562/1535 5039/5839/1535 5037/5836/1535
f 1298/1554/1536 5039/5839/1536 1300/1556/1536
f 1298/1554/1537 5043/5845/1537 5041/5842/1537
f 1287/1543/1538 5043/5845/1538 1292/1548/1538
f 1287/1543/1539 5047/5851/1539 5045/5848/1539
f 1280/1536/1540 5047/5851/1540 1283/1539/1540
f 1280/1536/1541 5051/5857/1541 5049/5854/1541
f 1276/1532/1542 5051/5857/1542 1278/1534/1542
f 1276/1532/1543 5055/5863/1543 5053/5860/1543
f 1272/1528/1544 5055/5863/1544 1275/1531/1544
f 1272/1528/1545 5060/5871/1545 5058/5868/1545
f 1270/1526/1546 5062/5874/1546 5060/5871/1546
f 1266/1522/1547 5062/5874/1547 1268/1524/1547
f 1264/1520/1548 5064/5877/1548 1266/1522/1548
f 1264/1520/1549 5068/5883/1549 5065/5878/1549
f 1260/1516/1550 5068/5883/1550 1262/1518/1550
f 1260/1516/1551 5071/5887/1551 5069/5884/1551
f 1256/1512/1552 5071/5887/1552 1258/1514/1552
f 1256/1512/1553 5076/5895/1553 5074/5892/1553
f 1253/1509/1554 5076/5895/1554 1255/1511/1554
f 1253/1509/1555 5079/5899/1555 5077/5896/1555
f 1249/1505/1556 5079/5899/1556 1251/1507/1556
f 1249/1505/809 5083/5905/809 5082/5904/809
f 1241/1497/1557 5083/5905/1557 1245/1501/1557
f 1241/1497/1558 5087/5911/1558 5085/5908/1558
f 1233/1489/1559 5087/5911/1559 1237/1493/1559
f 1230/1486/1560 5090/5916/1560 1233/1489/1560
f 1230/1486/1561 5093/5920/1561 5091/5917/1561
f 1222/1478/1562 5093/5920/1562 1226/1482/1562
f 1222/1478/816 5098/5928/816 5095/5923/816
f 1213/1469/817 5098/5928/817 1218/1474/817
f 1213/1469/1563 5101/5932/1563 5100/5931/1563
f 1206/1462/1564 5101/5932/1564 1210/1466/1564
f 1201/1457/1565 5104/5937/1565 1206/1462/1565
f 1201/1457/821 5108/5943/821 5106/5940/821
f 1198/1454/1566 5110/5946/1566 5108/5943/1566
f 1187/1443/1567 5110/5946/1567 1193/1449/1567
f 1183/1439/1568 5112/5949/1568 1187/1443/1568
f 1180/1436/1569 5113/5950/1569 1183/1439/1569
f 1175/1431/1570 5116/5955/1570 1180/1436/1570
f 1175/1431/1571 5120/5961/1571 5118/5958/1571
f 1167/1423/1572 5120/5961/1572 1171/1427/1572
f 1167/1423/1573 5123/5965/1573 5121/5962/1573
f 1164/1420/1574 5125/5968/1574 5123/5965/1574
f 1162/1418/1575 5127/5971/1575 5125/5968/1575
f 1154/1410/1576 5127/5971/1576 1158/1414/1576
f 1149/1405/1577 5129/5974/1577 1154/1410/1577
f 1149/1405/1578 5133/5980/1578 5131/5977/1578
f 1142/1398/1579 5133/5980/1579 1145/1401/1579
f 1137/1393/1580 5135/5983/1580 1142/1398/1580
f 1137/1393/1581 5139/5989/1581 5137/5986/1581
f 1129/1385/1582 5139/5989/1582 1134/1390/1582
f 1129/1385/1583 5143/5995/1583 5141/5992/1583
f 1125/1381/1584 5145/5998/1584 5143/5995/1584
f 1119/1375/1585 5145/5998/1585 1121/1377/1585
f 1117/1373/1586 5147/6001/1586 1119/1375/1586
f 1117/1373/1587 5151/6007/1587 5149/6004/1587
f 1113/1369/844 5151/6007/844 1115/1371/844
f 1113/1369/1588 5155/6013/1588 5153/6010/1588
f 1109/1365/1589 5155/6013/1589 1111/1367/1589
f 1109/1365/1590 5159/6019/1590 5157/6016/1590
f 1107/1363/1591 5161/6022/1591 5159/6019/1591
f 1104/1360/849 5163/6025/849 5161/6022/849
f 1100/1356/1592 5163/6025/1592 1102/1358/1592
f 1100/1356/851 5167/6031/851 5165/6028/851
f 1098/1354/1593 5170/6036/1593 5167/6031/1593
f 1095/1351/853 5170/6036/853 1096/1352/853
f 1092/1348/1594 5172/6039/1594 1095/1351/1594
f 1090/1346/855 5174/6042/855 1092/1348/855
f 1090/1346/1595 5178/6048/1595 5176/6045/1595
f 1086/1342/1596 5178/6048/1596 1088/1344/1596
f 1086/1342/858 5182/6054/858 5180/6051/858
f 1082/1338/1597 5182/6054/1597 1084/1340/1597
f 1082/1338/1598 5186/6060/1598 5184/6057/1598
f 1078/1334/861 5186/6060/861 1081/1337/861
f 1078/1334/862 5190/6066/862 5188/6063/862
f 1076/1332/863 5192/6069/863 5190/6066/863
f 1072/1328/1599 5192/6069/1599 1074/1330/1599
f 1072/1328/865 5196/6075/865 5194/6072/865
f 1068/1324/1600 5196/6075/1600 1070/1326/1600
f 1068/1324/867 5200/6081/867 5198/6078/867
f 1065/1321/1601 5200/6081/1601 1067/1323/1601
f 1065/1321/869 5204/6087/869 5202/6084/869
f 1061/1317/1602 5204/6087/1602 1063/1319/1602
f 1059/1315/1603 5206/6090/1603 1061/1317/1603
f 1059/1315/872 5210/6096/872 5208/6093/872
f 1053/1309/1604 5210/6096/1604 1056/1312/1604
f 1050/1306/1605 5212/6099/1605 1053/1309/1605
f 1050/1306/875 5216/6105/875 5214/6102/875
f 1041/1297/1606 5216/6105/1606 1045/1301/1606
f 1039/1295/1607 5218/6108/1607 1041/1297/1607
f 1039/1295/1608 5222/6114/1608 5220/6111/1608
f 1029/1285/879 5222/6114/879 1033/1289/879
f 1025/1281/1609 5224/6117/1609 1029/1285/1609
f 1025/1281/881 5228/6123/881 5226/6120/881
f 1019/1275/1610 5228/6123/1610 1023/1279/1610
f 1019/1275/883 5232/6129/883 5229/6124/883
f 1015/1271/1611 5233/6130/1611 5232/6129/1611
f 1011/1267/885 5236/6135/885 5233/6130/885
f 1001/1257/1612 5236/6135/1612 1005/1261/1612
f 1001/1257/1613 5240/6141/1613 5238/6138/1613
f 994/1250/1614 5240/6141/1614 997/1253/1614
f 994/1250/889 5244/6147/889 5242/6144/889
f 988/1244/1615 5244/6147/1615 992/1248/1615
f 988/1244/891 5248/6153/891 5246/6150/891
f 985/1241/1616 5248/6153/1616 987/1243/1616
f 983/1239/1617 5250/6156/1617 985/1241/1617
f 983/1239/1618 5254/6162/1618 5252/6159/1618
f 979/1235/895 5254/6162/895 981/1237/895
f 979/1235/896 5258/6168/896 5256/6165/896
f 975/1231/1619 5258/6168/1619 977/1233/1619
f 975/1231/1620 5262/6174/1620 5260/6171/1620
f 971/1227/1621 5262/6174/1621 973/1229/1621
f 971/1227/900 5265/6178/900 5264/6177/900
f 968/1224/1622 5267/6181/1622 5265/6178/1622
f 962/1218/902 5269/6184/902 554/810/902
f 961/1217/1623 5271/6187/1623 962/1218/1623
f 961/1217/1624 5275/6193/1624 5273/6190/1624
f 954/1210/1625 5275/6193/1625 958/1214/1625
f 954/1210/1626 5279/6199/1626 5277/6196/1626
f 947/1203/1627 5279/6199/1627 950/1206/1627
f 947/1203/908 5283/6205/908 5282/6204/908
f 940/1196/1628 5283/6205/1628 943/1199/1628
f 937/1193/910 5286/6210/910 940/1196/910
f 937/1193/911 5290/6216/911 5288/6213/911
f 927/1183/1629 5290/6216/1629 933/1189/1629
f 927/1183/1630 5293/6220/1630 5292/6219/1630
f 920/1176/914 5293/6220/914 923/1179/914
f 920/1176/915 5298/6228/915 5296/6225/915
f 911/1167/1631 5298/6228/1631 917/1173/1631
f 911/1167/1632 5302/6234/1632 5300/6231/1632
f 903/1159/1633 5302/6234/1633 907/1163/1633
f 903/1159/919 5306/6240/919 5304/6237/919
f 895/1151/1634 5306/6240/1634 899/1155/1634
f 895/1151/1635 5309/6244/1635 5308/6243/1635
f 886/1142/922 5309/6244/922 890/1146/922
f 886/1142/923 5313/6250/923 5311/6247/923
f 881/1137/1636 5313/6250/1636 883/1139/1636
f 881/1137/925 5317/6256/925 5315/6253/925
f 877/1133/1637 5320/6261/1637 5317/6256/1637
f 869/1125/927 5320/6261/927 870/1126/927
f 865/1121/1638 5321/6262/1638 869/1125/1638
f 865/1121/1639 5325/6268/1639 5323/6265/1639
f 856/1112/930 5325/6268/930 860/1116/930
f 856/1112/1640 5329/6274/1640 5327/6271/1640
f 849/1105/1641 5329/6274/1641 853/1109/1641
f 849/1105/1642 5334/6282/1642 5332/6279/1642
f 841/1097/934 5334/6282/934 845/1101/934
f 841/1097/935 5337/6286/935 5336/6285/935
f 833/1089/1643 5337/6286/1643 837/1093/1643
f 833/1089/1644 5342/6294/1644 5340/6291/1644
f 828/1084/1645 5342/6294/1645 830/1086/1645
f 828/1084/939 5346/6300/939 5344/6297/939
f 824/1080/1646 5346/6300/1646 826/1082/1646
f 822/1078/1647 5348/6303/1647 824/1080/1647
f 822/1078/1648 5352/6309/1648 5350/6306/1648
f 819/1075/1649 5352/6309/1649 820/1076/1649
f 819/1075/944 5356/6315/944 5354/6312/944
f 815/1071/1650 5356/6315/1650 817/1073/1650
f 815/1071/1651 5359/6319/1651 5357/6316/1651
f 811/1067/1652 5359/6319/1652 813/1069/1652
f 808/1064/1653 5362/6324/1653 811/1067/1653
f 808/1064/1654 5365/6328/1654 5363/6325/1654
f 807/1063/950 5368/6333/950 5365/6328/950
f 803/1059/1655 5368/6333/1655 805/1061/1655
f 800/1056/1656 5370/6336/1656 803/1059/1656
f 799/1055/1657 5372/6339/1657 800/1056/1657
f 797/1053/1658 5374/6342/1658 799/1055/1658
f 797/1053/1659 5378/6348/1659 5376/6345/1659
f 793/1049/1660 5378/6348/1660 795/1051/1660
f 793/1049/1661 5382/6354/1661 5380/6351/1661
f 791/1047/1662 5384/6357/1662 5382/6354/1662
f 789/1045/1663 5386/6360/1663 5384/6357/1663
f 784/1040/1664 5386/6360/1664 787/1043/1664
f 783/1039/1665 5388/6363/1665 784/1040/1665
f 783/1039/1666 5392/6369/1666 5390/6366/1666
f 779/1035/1667 5392/6369/1667 781/1037/1667
f 776/1032/1668 5394/6372/1668 779/1035/1668
f 776/1032/1669 5398/6378/1669 5396/6375/1669
f 773/1029/1670 5398/6378/1670 774/1030/1670
f 773/1029/967 5402/6384/967 5400/6381/967
f 770/1026/968 5403/6385/968 5402/6384/968
f 763/1019/1671 5403/6385/1671 766/1022/1671
f 759/1015/1672 5405/6388/1672 763/1019/1672
f 759/1015/1673 5409/6394/1673 5407/6391/1673
f 751/1007/1674 5409/6394/1674 755/1011/1674
f 751/1007/973 5414/6402/973 5411/6397/973
f 744/1000/1675 5414/6402/1675 746/1002/1675
f 744/1000/1676 5418/6408/1676 5416/6405/1676
f 740/996/1677 5420/6411/1677 5418/6408/1677
f 734/990/1678 5421/6412/1678 5420/6411/1678
f 729/985/1679 5421/6412/1679 733/989/1679
f 729/985/1680 5425/6418/1680 5424/6417/1680
f 723/979/1681 5427/6421/1681 5425/6418/1681
f 715/971/1682 5427/6421/1682 718/974/1682
f 713/969/1683 5430/6426/1683 715/971/1683
f 707/963/983 5432/6429/983 713/969/983
f 707/963/1684 5436/6435/1684 5434/6432/1684
f 703/959/1685 5436/6435/1685 705/961/1685
f 703/959/1686 5439/6439/1686 5437/6436/1686
f 699/955/1687 5439/6439/1687 701/957/1687
f 699/955/1688 5444/6447/1688 5441/6442/1688
f 695/951/1689 5444/6447/1689 697/953/1689
f 695/951/990 5448/6453/990 5446/6450/990
f 693/949/1690 5450/6456/1690 5448/6453/1690
f 689/945/1691 5450/6456/1691 691/947/1691
f 689/945/1692 5454/6462/1692 5452/6459/1692
f 685/941/1693 5454/6462/1693 687/943/1693
f 685/941/1694 5458/6468/1694 5456/6465/1694
f 681/937/996 5458/6468/996 684/940/996
f 681/937/997 5462/6474/997 5459/6469/997
f 678/934/1695 5462/6474/1695 679/935/1695
f 676/932/1696 5463/6475/1696 678/934/1696
f 676/932/1000 5467/6481/1000 5466/6480/1000
f 669/925/1697 5467/6481/1697 672/928/1697
f 665/921/1698 5469/6484/1698 669/925/1698
f 665/921/1003 5473/6490/1003 5471/6487/1003
f 657/913/1699 5473/6490/1699 661/917/1699
f 653/909/1700 5475/6493/1700 657/913/1700
f 653/909/1701 5480/6501/1701 5477/6496/1701
f 642/898/1702 5480/6501/1702 646/902/1702
f 638/894/1703 5482/6504/1703 642/898/1703
f 638/894/1704 5485/6508/1704 5483/6505/1704
f 630/886/1705 5485/6508/1705 637/893/1705
f 630/886/1706 5489/6513/1706 5487/6511/1706
f 626/882/1707 5491/6515/1707 5489/6513/1707
f 622/878/1708 5493/6517/1708 5491/6515/1708
f 615/871/1709 5493/6517/1709 621/877/1709
f 615/871/1710 5497/6521/1710 5495/6519/1710
f 607/863/1711 5497/6521/1711 610/866/1711
f 607/863/1017 5501/6525/1017 5499/6523/1017
f 601/857/1712 5501/6525/1712 604/860/1712
f 601/857/1713 5505/6529/1713 5503/6527/1713
f 593/849/1714 5505/6529/1714 596/852/1714
f 589/845/1715 5508/6532/1715 593/849/1715
f 589/845/1716 5512/6536/1716 5510/6534/1716
f 581/837/1717 5512/6536/1717 585/841/1717
f 581/837/1718 5516/6540/1718 5513/6537/1718
f 572/828/1719 5516/6540/1719 577/833/1719
f 572/828/1720 5519/6543/1720 5517/6541/1720
f 564/820/1721 5519/6543/1721 568/824/1721
f 564/820/1028 5523/6547/1028 5521/6545/1028
f 561/817/1722 5525/6549/1722 5523/6547/1722
f 3/4/1030 5009/5794/1030 260/390/1030
f 262/393/1031 5267/6181/1031 965/1221/1031
f 966/1222/1032 5525/6549/1032 552/808/1032
f 554/810/1033 4736/5504/1033 2/3/1033
f 1093/1349/2 908/1164/2 716/972/2
f 525/772/1723 1295/1551/1723 1301/1557/1723
f 984/1240/1724 285/428/1724 283/425/1724
f 77/116/1725 683/939/1725 686/942/1725
f 527/775/1726 1301/1557/1726 1303/1559/1726
f 986/1242/1727 287/431/1727 285/428/1727
f 79/119/1728 686/942/1728 688/944/1728
f 529/778/1729 1303/1559/1729 1307/1563/1729
f 989/1245/1730 289/434/1730 287/431/1730
f 81/122/1731 688/944/1731 690/946/1731
f 531/781/1732 1307/1563/1732 1314/1570/1732
f 990/1246/1733 291/437/1733 289/434/1733
f 83/125/1734 690/946/1734 692/948/1734
f 534/785/1735 1314/1570/1735 1318/1574/1735
f 995/1251/1736 293/440/1736 291/437/1736
f 85/128/1737 692/948/1737 694/950/1737
f 536/788/1738 1318/1574/1738 1322/1578/1738
f 999/1255/1739 295/443/1739 293/440/1739
f 87/131/1740 694/950/1740 696/952/1740
f 538/791/1741 1322/1578/1741 1324/1580/1741
f 1004/1260/1742 297/446/1742 295/443/1742
f 89/134/1743 696/952/1743 698/954/1743
f 539/793/1744 1324/1580/1744 1327/1583/1744
f 1007/1263/1745 300/450/1745 297/446/1745
f 91/137/1746 698/954/1746 700/956/1746
f 542/797/1747 1327/1583/1747 1333/1589/1747
f 1009/1265/1748 302/453/1748 300/450/1748
f 93/140/1749 700/956/1749 702/958/1749
f 543/799/1750 1333/1589/1750 1337/1593/1750
f 1014/1270/1751 304/456/1751 302/453/1751
f 95/143/1752 702/958/1752 704/960/1752
f 1/2/1753 1337/1593/1753 546/802/1753
f 1018/1274/1754 306/459/1754 304/456/1754
f 97/146/1755 704/960/1755 706/962/1755
f 1021/1277/1756 308/462/1756 306/459/1756
f 99/149/1757 706/962/1757 708/964/1757
f 1027/1283/1758 309/464/1758 308/462/1758
f 101/152/1759 708/964/1759 710/966/1759
f 1031/1287/1760 312/468/1760 309/464/1760
f 103/155/1761 710/966/1761 716/972/1761
f 1035/1291/1762 313/470/1762 312/468/1762
f 105/158/1763 716/972/1763 721/977/1763
f 1038/1294/1764 316/474/1764 313/470/1764
f 107/161/1765 721/977/1765 725/981/1765
f 1044/1300/1766 318/477/1766 316/474/1766
f 109/164/1767 725/981/1767 727/983/1767
f 1047/1303/1768 319/479/1768 318/477/1768
f 111/167/1769 727/983/1769 731/987/1769
f 1052/1308/1770 321/482/1770 319/479/1770
f 114/171/1771 731/987/1771 736/992/1771
f 1055/1311/1772 323/485/1772 321/482/1772
f 116/174/1773 736/992/1773 738/994/1773
f 1057/1313/1774 325/488/1774 323/485/1774
f 117/176/1775 738/994/1775 742/998/1775
f 1058/1314/1776 327/491/1776 325/488/1776
f 119/179/1777 742/998/1777 749/1005/1777
f 1060/1316/1778 330/495/1778 327/491/1778
f 121/182/1779 749/1005/1779 752/1008/1779
f 1062/1318/1780 332/498/1780 330/495/1780
f 123/185/1781 752/1008/1781 757/1013/1781
f 1064/1320/1782 333/500/1782 332/498/1782
f 126/189/1783 757/1013/1783 761/1017/1783
f 1066/1322/1784 335/503/1784 333/500/1784
f 128/192/1785 761/1017/1785 765/1021/1785
f 1069/1325/1786 337/506/1786 335/503/1786
f 129/194/1787 765/1021/1787 769/1025/1787
f 1071/1327/1788 339/509/1788 337/506/1788
f 131/197/1789 769/1025/1789 771/1027/1789
f 1073/1329/1790 341/512/1790 339/509/1790
f 134/201/1791 771/1027/1791 772/1028/1791
f 1075/1331/1792 343/515/1792 341/512/1792
f 136/204/1793 772/1028/1793 775/1031/1793
f 1077/1333/1794 345/518/1794 343/515/1794
f 138/207/1795 775/1031/1795 777/1033/1795
f 1079/1335/1796 347/521/1796 345/518/1796
f 140/210/1797 777/1033/1797 778/1034/1797
f 1080/1336/1798 349/524/1798 347/521/1798
f 141/212/1799 778/1034/1799 780/1036/1799
f 1083/1339/1800 351/527/1800 349/524/1800
f 143/215/1801 780/1036/1801 782/1038/1801
f 1085/1341/1802 353/530/1802 351/527/1802
f 145/218/1803 782/1038/1803 785/1041/1803
f 1087/1343/1804 355/533/1804 353/530/1804
f 148/222/1805 785/1041/1805 786/1042/1805
f 1089/1345/1806 357/536/1806 355/533/1806
f 150/225/1807 786/1042/1807 788/1044/1807
f 1091/1347/1808 360/540/1808 357/536/1808
f 152/228/1809 788/1044/1809 790/1046/1809
f 1093/1349/1810 362/543/1810 360/540/1810
f 154/231/1811 790/1046/1811 792/1048/1811
f 1094/1350/1812 364/546/1812 362/543/1812
f 156/234/1813 792/1048/1813 794/1050/1813
f 1097/1353/1814 366/549/1814 364/546/1814
f 158/237/1815 794/1050/1815 796/1052/1815
f 1099/1355/1816 368/552/1816 366/549/1816
f 160/240/1817 796/1052/1817 798/1054/1817
f 1101/1357/1818 370/555/1818 368/552/1818
f 162/243/1819 798/1054/1819 801/1057/1819
f 1103/1359/1820 372/558/1820 370/555/1820
f 163/245/1821 801/1057/1821 802/1058/1821
f 1105/1361/1822 373/560/1822 372/558/1822
f 166/249/1823 802/1058/1823 804/1060/1823
f 1106/1362/1824 375/563/1824 373/560/1824
f 168/252/1825 804/1060/1825 806/1062/1825
f 1108/1364/1826 377/566/1826 375/563/1826
f 170/255/1827 806/1062/1827 809/1065/1827
f 1110/1366/1828 379/569/1828 377/566/1828
f 171/257/1829 809/1065/1829 810/1066/1829
f 1112/1368/1830 381/572/1830 379/569/1830
f 174/261/1831 810/1066/1831 812/1068/1831
f 1114/1370/1832 383/575/1832 381/572/1832
f 176/264/1833 812/1068/1833 814/1070/1833
f 1116/1372/1834 385/578/1834 383/575/1834
f 178/267/1835 814/1070/1835 816/1072/1835
f 1118/1374/1836 387/581/1836 385/578/1836
f 180/270/1837 816/1072/1837 818/1074/1837
f 1120/1376/1838 390/585/1838 387/581/1838
f 182/273/1839 818/1074/1839 821/1077/1839
f 1123/1379/1840 391/587/1840 390/585/1840
f 183/275/1841 821/1077/1841 823/1079/1841
f 1127/1383/1842 394/591/1842 391/587/1842
f 186/279/1843 823/1079/1843 825/1081/1843
f 1132/1388/1844 396/594/1844 394/591/1844
f 187/281/1845 825/1081/1845 827/1083/1845
f 1135/1391/1846 398/597/1846 396/594/1846
f 190/285/1847 827/1083/1847 829/1085/1847
f 1139/1395/1848 400/600/1848 398/597/1848
f 191/287/1849 829/1085/1849 831/1087/1849
f 1143/1399/1850 401/602/1850 400/600/1850
f 193/290/1851 831/1087/1851 832/1088/1851
f 1147/1403/1852 403/605/1852 401/602/1852
f 832/1088/1853 195/293/1853 193/290/1853
f 1151/1407/1854 405/608/1854 403/605/1854
f 834/1090/1855 198/297/1855 195/293/1855
f 1155/1411/1856 407/611/1856 405/608/1856
f 839/1095/1857 199/299/1857 198/297/1857
f 1159/1415/1858 409/614/1858 407/611/1858
f 843/1099/1859 202/303/1859 199/299/1859
f 1165/1421/1860 411/617/1860 409/614/1860
f 847/1103/1861 204/306/1861 202/303/1861
f 1169/1425/1862 413/620/1862 411/617/1862
f 851/1107/1863 205/308/1863 204/306/1863
f 1173/1429/1864 415/623/1864 413/620/1864
f 854/1110/1865 208/312/1865 205/308/1865
f 1177/1433/1866 417/626/1866 415/623/1866
f 859/1115/1867 210/315/1867 208/312/1867
f 1181/1437/1868 421/631/1868 417/626/1868
f 863/1119/1869 211/317/1869 210/315/1869
f 4/6/1870 546/802/1870 548/804/1870
f 1186/1442/1871 425/636/1871 421/631/1871
f 867/1123/1872 214/321/1872 211/317/1872
f 6/9/1873 548/804/1873 550/806/1873
f 1190/1446/1874 429/641/1874 425/636/1874
f 873/1129/1875 216/324/1875 214/321/1875
f 7/11/1876 550/806/1876 556/812/1876
f 1191/1447/1877 432/645/1877 429/641/1877
f 875/1131/1878 218/327/1878 216/324/1878
f 9/14/1879 556/812/1879 559/815/1879
f 1195/1451/1880 436/650/1880 432/645/1880
f 879/1135/1881 219/329/1881 218/327/1881
f 11/17/1882 559/815/1882 563/819/1882
f 1199/1455/1883 440/655/1883 436/650/1883
f 885/1141/1884 221/332/1884 219/329/1884
f 13/20/1885 563/819/1885 566/822/1885
f 1204/1460/1886 444/660/1886 440/655/1886
f 888/1144/1887 223/335/1887 221/332/1887
f 15/23/1888 566/822/1888 571/827/1888
f 1207/1463/1889 448/665/1889 444/660/1889
f 892/1148/1890 226/339/1890 223/335/1890
f 17/26/1891 571/827/1891 574/830/1891
f 1211/1467/1892 452/670/1892 448/665/1892
f 896/1152/1893 227/341/1893 226/339/1893
f 19/29/1894 574/830/1894 579/835/1894
f 1215/1471/1895 458/677/1895 452/670/1895
f 900/1156/1896 229/344/1896 227/341/1896
f 21/32/1897 579/835/1897 582/838/1897
f 1220/1476/1898 463/683/1898 458/677/1898
f 904/1160/1899 231/347/1899 229/344/1899
f 23/35/1900 582/838/1900 587/843/1900
f 1223/1479/1901 464/685/1901 463/683/1901
f 908/1164/1902 233/350/1902 231/347/1902
f 25/38/1903 587/843/1903 590/846/1903
f 1227/1483/1904 470/692/1904 464/685/1904
f 912/1168/1905 235/353/1905 233/350/1905
f 27/41/1906 590/846/1906 595/851/1906
f 1231/1487/1907 474/697/1907 470/692/1907
f 915/1171/1908 237/356/1908 235/353/1908
f 29/44/1909 595/851/1909 598/854/1909
f 1235/1491/1910 478/702/1910 474/697/1910
f 919/1175/1911 239/359/1911 237/356/1911
f 31/47/1912 598/854/1912 603/859/1912
f 1239/1495/1913 482/707/1913 478/702/1913
f 924/1180/1914 241/362/1914 239/359/1914
f 33/50/1915 603/859/1915 609/865/1915
f 483/709/1916 1243/1499/1916 1247/1503/1916
f 928/1184/1917 244/366/1917 241/362/1917
f 35/53/1918 609/865/1918 612/868/1918
f 485/712/1919 1247/1503/1919 1250/1506/1919
f 931/1187/1920 246/369/1920 244/366/1920
f 37/56/1921 612/868/1921 617/873/1921
f 487/715/1922 1250/1506/1922 1252/1508/1922
f 935/1191/1923 248/372/1923 246/369/1923
f 40/60/1924 617/873/1924 619/875/1924
f 489/718/1925 1252/1508/1925 1254/1510/1925
f 939/1195/1926 250/375/1926 248/372/1926
f 42/63/1927 619/875/1927 624/880/1927
f 492/722/1928 1254/1510/1928 1257/1513/1928
f 944/1200/1929 252/378/1929 250/375/1929
f 43/65/1930 624/880/1930 629/885/1930
f 493/724/1931 1257/1513/1931 1259/1515/1931
f 948/1204/1932 253/380/1932 252/378/1932
f 45/68/1933 629/885/1933 632/888/1933
f 495/727/1934 1259/1515/1934 1261/1517/1934
f 953/1209/1935 255/383/1935 253/380/1935
f 47/71/1936 632/888/1936 634/890/1936
f 497/730/1937 1261/1517/1937 1263/1519/1937
f 957/1213/1938 257/386/1938 255/383/1938
f 49/74/1939 634/890/1939 641/897/1939
f 499/733/1940 1263/1519/1940 1265/1521/1940
f 959/1215/1941 259/389/1941 257/386/1941
f 51/77/1942 641/897/1942 644/900/1942
f 501/736/1943 1265/1521/1943 1267/1523/1943
f 960/1216/1944 261/392/1944 259/389/1944
f 53/80/1945 644/900/1945 649/905/1945
f 503/739/1946 1267/1523/1946 1269/1525/1946
f 963/1219/1947 263/395/1947 261/392/1947
f 55/83/1948 649/905/1948 650/906/1948
f 505/742/1949 1269/1525/1949 1271/1527/1949
f 964/1220/1950 265/398/1950 263/395/1950
f 57/86/1951 650/906/1951 655/911/1951
f 507/745/1952 1271/1527/1952 1273/1529/1952
f 967/1223/1953 267/401/1953 265/398/1953
f 59/89/1954 655/911/1954 659/915/1954
f 509/748/1955 1273/1529/1955 1274/1530/1955
f 969/1225/1956 269/404/1956 267/401/1956
f 61/92/1957 659/915/1957 663/919/1957
f 511/751/1958 1274/1530/1958 1277/1533/1958
f 970/1226/1959 271/407/1959 269/404/1959
f 63/95/1960 663/919/1960 667/923/1960
f 513/754/1961 1277/1533/1961 1279/1535/1961
f 972/1228/1962 273/410/1962 271/407/1962
f 65/98/1963 667/923/1963 671/927/1963
f 515/757/1964 1279/1535/1964 1282/1538/1964
f 974/1230/1965 275/413/1965 273/410/1965
f 67/101/1966 671/927/1966 675/931/1966
f 517/760/1967 1282/1538/1967 1286/1542/1967
f 976/1232/1968 277/416/1968 275/413/1968
f 69/104/1969 675/931/1969 677/933/1969
f 519/763/1970 1286/1542/1970 1289/1545/1970
f 978/1234/1971 280/420/1971 277/416/1971
f 71/107/1972 677/933/1972 680/936/1972
f 521/766/1973 1289/1545/1973 1293/1549/1973
f 980/1236/1974 282/423/1974 280/420/1974
f 73/110/1975 680/936/1975 682/938/1975
f 523/769/1976 1293/1549/1976 1295/1551/1976
f 982/1238/1977 283/425/1977 282/423/1977
f 75/113/1978 682/938/1978 683/939/1978
f 3222/3734/2 3030/3542/2 2823/3335/2
f 2447/2950/1979 3209/3721/1979 3212/3724/1979
f 2887/3399/1724 2132/2531/1724 2131/2529/1724
f 1832/2127/1725 2569/3081/1725 2576/3088/1725
f 2449/2953/1726 3212/3724/1726 3214/3726/1726
f 2893/3405/1727 2134/2534/1727 2132/2531/1727
f 1834/2130/1980 2576/3088/1980 2578/3090/1980
f 2453/2958/1729 3214/3726/1729 3219/3731/1729
f 2897/3409/1730 2136/2537/1730 2134/2534/1730
f 1836/2133/1731 2578/3090/1731 2582/3094/1731
f 2457/2963/1732 3219/3731/1732 3222/3734/1732
f 2901/3413/1733 2139/2541/1733 2136/2537/1733
f 1838/2136/1981 2582/3094/1981 2586/3098/1981
f 2461/2968/1735 3222/3734/1735 3226/3738/1735
f 2902/3414/1736 2143/2546/1736 2139/2541/1736
f 1840/2139/1982 2586/3098/1982 2590/3102/1982
f 2466/2974/1738 3226/3738/1738 3231/3743/1738
f 2909/3421/1739 2149/2553/1739 2143/2546/1739
f 1842/2142/1740 2590/3102/1740 2594/3106/1740
f 2472/2981/1741 3231/3743/1741 3234/3746/1741
f 2910/3422/1742 2151/2556/1742 2149/2553/1742
f 1844/2145/1743 2594/3106/1743 2597/3109/1743
f 2476/2986/1744 3234/3746/1744 3239/3751/1744
f 2917/3429/1745 2158/2564/1745 2151/2556/1745
f 1845/2147/1983 2597/3109/1983 2603/3115/1983
f 2480/2991/1747 3239/3751/1747 3242/3754/1747
f 2918/3430/1748 2162/2569/1748 2158/2564/1748
f 1847/2150/1984 2603/3115/1984 2605/3117/1984
f 2484/2996/1750 3242/3754/1750 3248/3760/1750
f 2923/3435/1751 2166/2574/1751 2162/2569/1751
f 1849/2153/1752 2605/3117/1752 2609/3121/1752
f 1692/1949/1753 3248/3760/1753 2486/2998/1753
f 2927/3439/1754 2170/2579/1754 2166/2574/1754
f 1852/2157/1755 2609/3121/1755 2615/3127/1755
f 2931/3443/1756 2172/2582/1756 2170/2579/1756
f 1855/2161/1757 2615/3127/1757 2619/3131/1757
f 2934/3446/1758 2175/2586/1758 2172/2582/1758
f 1859/2166/1759 2619/3131/1759 2621/3133/1759
f 2939/3451/1760 2179/2591/1760 2175/2586/1760
f 1863/2171/1761 2621/3133/1761 2628/3140/1761
f 2943/3455/1762 2186/2599/1762 2179/2591/1762
f 1866/2175/1763 2628/3140/1763 2629/3141/1763
f 2947/3459/1764 2188/2602/1764 2186/2599/1764
f 1871/2181/1765 2629/3141/1765 2635/3147/1765
f 2951/3463/1766 2192/2607/1766 2188/2602/1766
f 1875/2186/1985 2635/3147/1985 2638/3150/1985
f 2957/3469/1768 2196/2612/1768 2192/2607/1768
f 1879/2191/1769 2638/3150/1769 2642/3154/1769
f 2959/3471/1770 2199/2616/1770 2196/2612/1770
f 1882/2195/1771 2642/3154/1771 2648/3160/1771
f 2963/3475/1772 2202/2620/1772 2199/2616/1772
f 1886/2200/1773 2648/3160/1773 2652/3164/1773
f 2967/3479/1774 2204/2623/1774 2202/2620/1774
f 1890/2205/1775 2652/3164/1775 2656/3168/1775
f 2969/3481/1776 2207/2627/1776 2204/2623/1776
f 1895/2211/1777 2656/3168/1777 2660/3172/1777
f 2971/3483/1778 2208/2629/1778 2207/2627/1778
f 1899/2216/1779 2660/3172/1779 2661/3173/1779
f 2973/3485/1780 2210/2632/1780 2208/2629/1780
f 1902/2220/1781 2661/3173/1781 2665/3177/1781
f 2975/3487/1782 2212/2635/1782 2210/2632/1782
f 1906/2225/1986 2665/3177/1986 2671/3183/1986
f 2978/3490/1784 2214/2638/1784 2212/2635/1784
f 1910/2230/1785 2671/3183/1785 2673/3185/1785
f 2979/3491/1786 2216/2641/1786 2214/2638/1786
f 1915/2236/1787 2673/3185/1787 2678/3190/1787
f 2982/3494/1788 2218/2644/1788 2216/2641/1788
f 1916/2238/1789 2678/3190/1789 2680/3192/1789
f 2983/3495/1790 2220/2647/1790 2218/2644/1790
f 1918/2241/1791 2680/3192/1791 2682/3194/1791
f 2986/3498/1792 2222/2650/1792 2220/2647/1792
f 1921/2245/1987 2682/3194/1987 2684/3196/1987
f 2987/3499/1988 2224/2653/1988 2222/2650/1988
f 1922/2247/1795 2684/3196/1795 2686/3198/1795
f 2990/3502/1796 2226/2656/1796 2224/2653/1796
f 1924/2250/1797 2686/3198/1797 2688/3200/1797
f 2992/3504/1798 2228/2659/1798 2226/2656/1798
f 1926/2253/1799 2688/3200/1799 2690/3202/1799
f 2993/3505/1800 2230/2662/1800 2228/2659/1800
f 1928/2256/1801 2690/3202/1801 2691/3203/1801
f 2996/3508/1802 2233/2666/1802 2230/2662/1802
f 1930/2259/1989 2691/3203/1989 2694/3206/1989
f 2998/3510/1804 2235/2669/1804 2233/2666/1804
f 1933/2263/1805 2694/3206/1805 2695/3207/1805
f 2999/3511/1806 2237/2672/1806 2235/2669/1806
f 1934/2265/1807 2695/3207/1807 2697/3209/1807
f 3005/3517/1808 2239/2675/1808 2237/2672/1808
f 1936/2268/1809 2697/3209/1809 2699/3211/1809
f 3009/3521/1810 2241/2678/1810 2239/2675/1810
f 1938/2271/1811 2699/3211/1811 2701/3213/1811
f 3012/3524/1812 2243/2681/1812 2241/2678/1812
f 1940/2274/1813 2701/3213/1813 2704/3216/1813
f 3016/3528/1814 2245/2684/1814 2243/2681/1814
f 1943/2278/1815 2704/3216/1815 2706/3218/1815
f 3018/3530/1816 2246/2686/1816 2245/2684/1816
f 1945/2281/1817 2706/3218/1817 2707/3219/1817
f 3024/3536/1818 2248/2689/1818 2246/2686/1818
f 1947/2284/1819 2707/3219/1819 2711/3223/1819
f 3027/3539/1990 2250/2692/1990 2248/2689/1990
f 1949/2287/1821 2711/3223/1821 2713/3225/1821
f 3030/3542/1991 2252/2695/1991 2250/2692/1991
f 1951/2290/1823 2713/3225/1823 2719/3231/1823
f 3037/3549/1824 2254/2698/1824 2252/2695/1824
f 1953/2293/1825 2719/3231/1825 2722/3234/1825
f 3038/3550/1826 2256/2701/1826 2254/2698/1826
f 1954/2295/1827 2722/3234/1827 2727/3239/1827
f 3043/3555/1828 2258/2704/1828 2256/2701/1828
f 1957/2299/1829 2727/3239/1829 2731/3243/1829
f 3048/3560/1830 2260/2707/1830 2258/2704/1830
f 1959/2302/1992 2731/3243/1992 2734/3246/1992
f 3052/3564/1832 2262/2710/1832 2260/2707/1832
f 1961/2305/1993 2734/3246/1993 2737/3249/1993
f 3057/3569/1834 2264/2713/1834 2262/2710/1834
f 1963/2308/1835 2737/3249/1835 2742/3254/1835
f 3061/3573/1836 2268/2718/1836 2264/2713/1836
f 1964/2310/1837 2742/3254/1837 2746/3258/1837
f 3063/3575/1838 2270/2721/1838 2268/2718/1838
f 1967/2314/1839 2746/3258/1839 2750/3262/1839
f 3064/3576/1840 2274/2726/1840 2270/2721/1840
f 1968/2316/1841 2750/3262/1841 2753/3265/1841
f 3066/3578/1842 2278/2731/1842 2274/2726/1842
f 1970/2319/1843 2753/3265/1843 2756/3268/1843
f 3069/3581/1844 2282/2736/1844 2278/2731/1844
f 1973/2323/1845 2756/3268/1845 2762/3274/1845
f 3071/3583/1846 2285/2740/1846 2282/2736/1846
f 1974/2325/1847 2762/3274/1847 2767/3279/1847
f 3072/3584/1848 2290/2746/1848 2285/2740/1848
f 1977/2329/1849 2767/3279/1849 2770/3282/1849
f 3075/3587/1850 2294/2751/1850 2290/2746/1850
f 1979/2332/1851 2770/3282/1851 2772/3284/1851
f 3077/3589/1852 2297/2755/1852 2294/2751/1852
f 2772/3284/1853 1982/2336/1853 1979/2332/1853
f 3078/3590/1994 2301/2760/1994 2297/2755/1994
f 2775/3287/1855 1986/2341/1855 1982/2336/1855
f 3081/3593/1856 2305/2765/1856 2301/2760/1856
f 2777/3289/1857 1991/2347/1857 1986/2341/1857
f 3082/3594/1858 2309/2770/1858 2305/2765/1858
f 2780/3292/1859 1995/2352/1859 1991/2347/1859
f 3084/3596/1860 2313/2775/1860 2309/2770/1860
f 2781/3293/1861 1998/2356/1861 1995/2352/1861
f 3086/3598/1862 2317/2780/1862 2313/2775/1862
f 2784/3296/1863 2003/2362/1863 1998/2356/1863
f 3088/3600/1864 2324/2788/1864 2317/2780/1864
f 2786/3298/1865 2007/2367/1865 2003/2362/1865
f 3091/3603/1866 2325/2790/1866 2324/2788/1866
f 2787/3299/1867 2011/2372/1867 2007/2367/1867
f 3092/3604/1995 2330/2796/1995 2325/2790/1995
f 2789/3301/1869 2015/2377/1869 2011/2372/1869
f 1693/1951/1870 2486/2998/1870 2489/3001/1870
f 3094/3606/1996 2333/2800/1996 2330/2796/1996
f 2792/3304/1872 2018/2381/1872 2015/2377/1872
f 1696/1955/1873 2489/3001/1873 2491/3003/1873
f 3097/3609/1874 2338/2806/1874 2333/2800/1874
f 2794/3306/1875 2021/2385/1875 2018/2381/1875
f 1700/1960/1876 2491/3003/1876 2493/3005/1876
f 3098/3610/1997 2342/2811/1997 2338/2806/1997
f 2796/3308/1878 2025/2390/1878 2021/2385/1878
f 1704/1965/1879 2493/3005/1879 2495/3007/1879
f 3101/3613/1880 2346/2816/1880 2342/2811/1880
f 2797/3309/1881 2031/2397/1881 2025/2390/1881
f 1708/1970/1882 2495/3007/1882 2497/3009/1882
f 3102/3614/1883 2350/2821/1883 2346/2816/1883
f 2799/3311/1884 2034/2401/1884 2031/2397/1884
f 1712/1975/1885 2497/3009/1885 2500/3012/1885
f 3104/3616/1998 2354/2826/1998 2350/2821/1998
f 2801/3313/1887 2037/2405/1887 2034/2401/1887
f 1717/1981/1888 2500/3012/1888 2501/3013/1888
f 3106/3618/1889 2358/2831/1889 2354/2826/1889
f 2804/3316/1890 2040/2409/1890 2037/2405/1890
f 1723/1988/1891 2501/3013/1891 2503/3015/1891
f 3108/3620/1892 2362/2836/1892 2358/2831/1892
f 2806/3318/1893 2045/2415/1893 2040/2409/1893
f 1725/1991/1894 2503/3015/1894 2506/3018/1894
f 3110/3622/1999 2367/2842/1999 2362/2836/1999
f 2808/3320/1896 2049/2420/1896 2045/2415/1896
f 1728/1995/1897 2506/3018/1897 2507/3019/1897
f 3113/3625/1898 2371/2847/1898 2367/2842/1898
f 2810/3322/1899 2052/2424/1899 2049/2420/1899
f 1732/2000/2000 2507/3019/2000 2510/3022/2000
f 3115/3627/1901 2376/2853/1901 2371/2847/1901
f 2811/3323/1902 2056/2429/1902 2052/2424/1902
f 1736/2005/1903 2510/3022/1903 2511/3023/1903
f 3117/3629/1904 2377/2855/1904 2376/2853/1904
f 2813/3325/1905 2063/2437/1905 2056/2429/1905
f 1741/2011/1906 2511/3023/1906 2513/3025/1906
f 3119/3631/1907 2384/2863/1907 2377/2855/1907
f 2816/3328/2001 2065/2440/2001 2063/2437/2001
f 1745/2016/1909 2513/3025/1909 2515/3027/1909
f 3120/3632/1910 2385/2865/1910 2384/2863/1910
f 2818/3330/1911 2068/2444/1911 2065/2440/1911
f 1749/2021/1912 2515/3027/1912 2517/3029/1912
f 3122/3634/1913 2390/2871/1913 2385/2865/1913
f 2820/3332/1914 2073/2450/1914 2068/2444/1914
f 1753/2026/1915 2517/3029/1915 2519/3031/1915
f 2395/2877/1916 3124/3636/1916 3126/3638/1916
f 2821/3333/1917 2076/2454/1917 2073/2450/1917
f 1756/2030/1918 2519/3031/1918 2521/3033/1918
f 2397/2880/1919 3126/3638/1919 3130/3642/1919
f 2823/3335/1920 2082/2461/1920 2076/2454/1920
f 1760/2035/1921 2521/3033/1921 2524/3036/1921
f 2399/2883/1922 3130/3642/1922 3134/3646/1922
f 2826/3338/1923 2086/2466/1923 2082/2461/1923
f 1766/2042/1924 2524/3036/1924 2526/3038/1924
f 2401/2886/1925 3134/3646/1925 3141/3653/1925
f 2827/3339/1926 2090/2471/1926 2086/2466/1926
f 1771/2048/1927 2526/3038/1927 2528/3040/1927
f 2403/2889/1928 3141/3653/1928 3143/3655/1928
f 2830/3342/1929 2092/2474/1929 2090/2471/1929
f 1773/2051/1930 2528/3040/1930 2529/3041/1930
f 2405/2892/1931 3143/3655/1931 3146/3658/1931
f 2832/3344/1932 2099/2482/1932 2092/2474/1932
f 1778/2057/1933 2529/3041/1933 2531/3043/1933
f 2407/2895/1934 3146/3658/1934 3150/3662/1934
f 2833/3345/1935 2102/2486/1935 2099/2482/1935
f 1782/2062/1936 2531/3043/1936 2534/3046/1936
f 2409/2898/1937 3150/3662/1937 3155/3667/1937
f 2835/3347/1938 2105/2490/1938 2102/2486/1938
f 1787/2068/1939 2534/3046/1939 2536/3048/1939
f 2411/2901/1940 3155/3667/1940 3160/3672/1940
f 2838/3350/1941 2106/2492/1941 2105/2490/1941
f 1791/2073/1942 2536/3048/1942 2538/3050/1942
f 2412/2903/1943 3160/3672/1943 3162/3674/1943
f 2839/3351/1944 2108/2495/1944 2106/2492/1944
f 1794/2077/1945 2538/3050/1945 2540/3052/1945
f 2414/2906/1946 3162/3674/1946 3168/3680/1946
f 2845/3357/1947 2111/2499/1947 2108/2495/1947
f 1798/2082/1948 2540/3052/1948 2541/3053/1948
f 2416/2909/1949 3168/3680/1949 3173/3685/1949
f 2849/3361/1950 2113/2502/1950 2111/2499/1950
f 1803/2088/1951 2541/3053/1951 2544/3056/1951
f 2418/2912/1952 3173/3685/1952 3176/3688/1952
f 2851/3363/1953 2114/2504/1953 2113/2502/1953
f 1806/2092/1954 2544/3056/1954 2546/3058/1954
f 2420/2915/1955 3176/3688/1955 3179/3691/1955
f 2857/3369/1956 2117/2508/1956 2114/2504/1956
f 1811/2098/1957 2546/3058/1957 2548/3060/1957
f 2422/2918/1958 3179/3691/1958 3183/3695/1958
f 2858/3370/1959 2119/2511/1959 2117/2508/1959
f 1814/2102/1960 2548/3060/1960 2549/3061/1960
f 2424/2921/1961 3183/3695/1961 3186/3698/1961
f 2865/3377/1962 2120/2513/1962 2119/2511/1962
f 1818/2107/1963 2549/3061/1963 2551/3063/1963
f 2427/2925/1964 3186/3698/1964 3191/3703/1964
f 2868/3380/1965 2123/2517/1965 2120/2513/1965
f 1822/2112/1966 2551/3063/1966 2554/3066/1966
f 2432/2931/1967 3191/3703/1967 3194/3706/1967
f 2872/3384/1968 2124/2519/1968 2123/2517/1968
f 1824/2115/1969 2554/3066/1969 2557/3069/1969
f 2435/2935/1970 3194/3706/1970 3198/3710/1970
f 2874/3386/2002 2127/2523/2002 2124/2519/2002
f 1826/2118/1972 2557/3069/1972 2561/3073/1972
f 2437/2938/1973 3198/3710/1973 3203/3715/1973
f 2880/3392/1974 2129/2526/1974 2127/2523/1974
f 1828/2121/1975 2561/3073/1975 2565/3077/1975
f 2441/2943/1976 3203/3715/1976 3209/3721/1976
f 2884/3396/1977 2131/2529/1977 2129/2526/1977
f 2565/3077/1978 1830/2124/1978 1828/2121/1978
f 4705/5473/2 4578/5346/2 4449/5217/2
f 4187/4946/1979 4697/5465/1979 4700/5468/1979
f 4489/5257/1724 3979/4634/1724 3978/4632/1724
f 3719/4270/1725 4281/5049/1725 4284/5052/1725
f 4189/4949/1726 4700/5468/1726 4701/5469/1726
f 4492/5260/1727 3981/4637/1727 3979/4634/1727
f 3723/4275/1980 4284/5052/1980 4286/5054/1980
f 4191/4952/1729 4701/5469/1729 4704/5472/1729
f 4494/5262/1730 3983/4640/1730 3981/4637/1730
f 3728/4281/1731 4286/5054/1731 4288/5056/1731
f 4193/4955/1732 4704/5472/1732 4705/5473/1732
f 4496/5264/1733 3986/4644/1733 3983/4640/1733
f 3732/4286/1981 4288/5056/1981 4289/5057/1981
f 4195/4958/1735 4705/5473/1735 4707/5475/1735
f 4498/5266/1736 3988/4647/1736 3986/4644/1736
f 3735/4290/1982 4289/5057/1982 4292/5060/1982
f 4197/4961/1738 4707/5475/1738 4709/5477/1738
f 4500/5268/1739 3990/4650/1739 3988/4647/1739
f 3741/4297/1740 4292/5060/1740 4294/5062/1740
f 4200/4965/1741 4709/5477/1741 4711/5479/1741
f 4502/5270/1742 3992/4653/1742 3990/4650/1742
f 3746/4303/1743 4294/5062/1743 4296/5064/1743
f 4201/4967/1744 4711/5479/1744 4713/5481/1744
f 4503/5271/1745 3994/4656/1745 3992/4653/1745
f 3747/4305/1983 4296/5064/1983 4298/5066/1983
f 4203/4970/1747 4713/5481/1747 4716/5484/1747
f 4505/5273/1748 3996/4659/1748 3994/4656/1748
f 3754/4313/1984 4298/5066/1984 4300/5068/1984
f 4206/4974/1750 4716/5484/1750 4717/5485/1750
f 4507/5275/2003 3998/4662/2003 3996/4659/2003
f 3757/4317/1752 4300/5068/1752 4302/5070/1752
f 3632/4145/1753 4717/5485/1753 4207/4975/1753
f 4509/5277/1754 4000/4665/1754 3998/4662/1754
f 3759/4320/1755 4302/5070/1755 4304/5072/1755
f 4512/5280/1756 4002/4668/1756 4000/4665/1756
f 3765/4327/1757 4304/5072/1757 4306/5074/1757
f 4514/5282/1758 4004/4671/1758 4002/4668/1758
f 3768/4331/1759 4306/5074/1759 4308/5076/1759
f 4516/5284/1760 4006/4674/1760 4004/4671/1760
f 3773/4337/1761 4308/5076/1761 4310/5078/1761
f 4518/5286/1762 4008/4677/1762 4006/4674/1762
f 3777/4342/1763 4310/5078/1763 4311/5079/1763
f 4519/5287/1764 4010/4680/1764 4008/4677/1764
f 3781/4347/1765 4311/5079/1765 4313/5081/1765
f 4521/5289/1766 4011/4682/1766 4010/4680/1766
f 3785/4352/1985 4313/5081/1985 4315/5083/1985
f 4524/5292/1768 4013/4685/1768 4011/4682/1768
f 3790/4358/1769 4315/5083/1769 4317/5085/1769
f 4525/5293/1770 4015/4688/1770 4013/4685/1770
f 3793/4362/1771 4317/5085/1771 4319/5087/1771
f 4527/5295/1772 4017/4691/1772 4015/4688/1772
f 3796/4366/2004 4319/5087/2004 4322/5090/2004
f 4529/5297/1774 4019/4694/1774 4017/4691/1774
f 3801/4372/1775 4322/5090/1775 4323/5091/1775
f 4531/5299/1776 4021/4697/1776 4019/4694/1776
f 3806/4378/1777 4323/5091/1777 4325/5093/1777
f 4533/5301/1778 4024/4701/1778 4021/4697/1778
f 3809/4382/1779 4325/5093/1779 4328/5096/1779
f 4535/5303/1780 4025/4703/1780 4024/4701/1780
f 3813/4387/1781 4328/5096/1781 4330/5098/1781
f 4537/5305/1782 4027/4706/1782 4025/4703/1782
f 3817/4392/1986 4330/5098/1986 4332/5100/1986
f 4540/5308/1784 4029/4709/1784 4027/4706/1784
f 3821/4397/1785 4332/5100/1785 4334/5102/1785
f 4541/5309/1786 4031/4712/1786 4029/4709/1786
f 3823/4400/1787 4334/5102/1787 4336/5104/1787
f 4543/5311/1788 4033/4715/1788 4031/4712/1788
f 3825/4403/1789 4336/5104/1789 4338/5106/1789
f 4545/5313/1790 4035/4718/1790 4033/4715/1790
f 3828/4407/1791 4338/5106/1791 4340/5108/1791
f 4547/5315/1792 4037/4721/1792 4035/4718/1792
f 3830/4410/1987 4340/5108/1987 4342/5110/1987
f 4549/5317/1988 4039/4724/1988 4037/4721/1988
f 3831/4412/1795 4342/5110/1795 4344/5112/1795
f 4551/5319/1796 4041/4727/1796 4039/4724/1796
f 3833/4415/1797 4344/5112/1797 4346/5114/1797
f 4554/5322/1798 4044/4731/1798 4041/4727/1798
f 3835/4418/1799 4346/5114/1799 4347/5115/1799
f 4555/5323/1800 4046/4734/1800 4044/4731/1800
f 3837/4421/1801 4347/5115/1801 4350/5118/1801
f 4557/5325/1802 4048/4737/1802 4046/4734/1802
f 3839/4424/1989 4350/5118/1989 4352/5120/1989
f 4560/5328/1804 4049/4739/1804 4048/4737/1804
f 3841/4427/1805 4352/5120/1805 4354/5122/1805
f 4561/5329/1806 4052/4743/1806 4049/4739/1806
f 3843/4430/1807 4354/5122/1807 4356/5124/1807
f 4563/5331/1808 4054/4746/1808 4052/4743/1808
f 3845/4433/1809 4356/5124/1809 4357/5125/1809
f 4565/5333/1810 4056/4749/1810 4054/4746/1810
f 3847/4436/1811 4357/5125/1811 4359/5127/1811
f 4567/5335/1812 4058/4752/1812 4056/4749/1812
f 3850/4440/1813 4359/5127/1813 4361/5129/1813
f 4569/5337/1814 4059/4754/1814 4058/4752/1814
f 3852/4443/1815 4361/5129/1815 4363/5131/1815
f 4571/5339/1816 4061/4757/1816 4059/4754/1816
f 3853/4445/1817 4363/5131/1817 4365/5133/1817
f 4573/5341/2005 4063/4760/2005 4061/4757/2005
f 3856/4449/1819 4365/5133/1819 4367/5135/1819
f 4575/5343/1990 4065/4763/1990 4063/4760/1990
f 3857/4451/1821 4367/5135/1821 4369/5137/1821
f 4578/5346/1991 4067/4766/1991 4065/4763/1991
f 3859/4454/1823 4369/5137/1823 4371/5139/1823
f 4580/5348/1824 4069/4769/1824 4067/4766/1824
f 3861/4457/1825 4371/5139/1825 4374/5142/1825
f 4582/5350/1826 4071/4772/1826 4069/4769/1826
f 3863/4460/1827 4374/5142/1827 4376/5144/1827
f 4583/5351/1828 4073/4775/1828 4071/4772/1828
f 3865/4463/1829 4376/5144/1829 4378/5146/1829
f 4586/5354/1830 4075/4778/1830 4073/4775/1830
f 3868/4467/1992 4378/5146/1992 4380/5148/1992
f 4588/5356/1832 4077/4781/1832 4075/4778/1832
f 3870/4470/1993 4380/5148/1993 4382/5150/1993
f 4590/5358/1834 4080/4785/1834 4077/4781/1834
f 3871/4472/1835 4382/5150/1835 4384/5152/1835
f 4592/5360/1836 4081/4787/1836 4080/4785/1836
f 3874/4476/1837 4384/5152/1837 4386/5154/1837
f 4594/5362/1838 4083/4790/1838 4081/4787/1838
f 3876/4479/1839 4386/5154/1839 4388/5156/1839
f 4596/5364/1840 4085/4793/1840 4083/4790/1840
f 3877/4481/1841 4388/5156/1841 4390/5158/1841
f 4598/5366/1842 4087/4796/1842 4085/4793/1842
f 3880/4485/1843 4390/5158/1843 4392/5160/1843
f 4600/5368/1844 4089/4799/1844 4087/4796/1844
f 3881/4487/1845 4392/5160/1845 4393/5161/1845
f 4602/5370/1846 4091/4802/1846 4089/4799/1846
f 3883/4490/1847 4393/5161/1847 4395/5163/1847
f 4604/5372/1848 4093/4805/1848 4091/4802/1848
f 3885/4493/1849 4395/5163/1849 4397/5165/1849
f 4606/5374/1850 4096/4809/1850 4093/4805/1850
f 3887/4496/1851 4397/5165/1851 4399/5167/1851
f 4608/5376/2006 4098/4812/2006 4096/4809/2006
f 4399/5167/1853 3889/4499/1853 3887/4496/1853
f 4609/5377/1994 4100/4815/1994 4098/4812/1994
f 4401/5169/1855 3891/4502/1855 3889/4499/1855
f 4611/5379/1856 4102/4818/1856 4100/4815/1856
f 4403/5171/1857 3894/4506/1857 3891/4502/1857
f 4613/5381/1858 4103/4820/1858 4102/4818/1858
f 4406/5174/1859 3895/4508/1859 3894/4506/1859
f 4615/5383/1860 4106/4824/1860 4103/4820/1860
f 4408/5176/1861 3897/4511/1861 3895/4508/1861
f 4617/5385/1862 4107/4826/1862 4106/4824/1862
f 4409/5177/1863 3900/4515/1863 3897/4511/1863
f 4619/5387/1864 4110/4830/1864 4107/4826/1864
f 4411/5179/1865 3902/4518/1865 3900/4515/1865
f 4621/5389/1866 4111/4832/1866 4110/4830/1866
f 4413/5181/1867 3903/4520/1867 3902/4518/1867
f 4623/5391/1995 4113/4835/1995 4111/4832/1995
f 4415/5183/1869 3905/4523/1869 3903/4520/1869
f 3635/4149/1870 4207/4975/1870 4209/4977/1870
f 4625/5393/1996 4116/4839/1996 4113/4835/1996
f 4417/5185/2007 3907/4526/2007 3905/4523/2007
f 3637/4152/1873 4209/4977/1873 4211/4979/1873
f 4628/5396/1874 4117/4841/1874 4116/4839/1874
f 4419/5187/1875 3909/4529/1875 3907/4526/1875
f 3640/4156/1876 4211/4979/1876 4213/4981/1876
f 4630/5398/1997 4120/4845/1997 4117/4841/1997
f 4422/5190/1878 3911/4532/1878 3909/4529/1878
f 3641/4158/1879 4213/4981/1879 4215/4983/1879
f 4632/5400/1880 4122/4848/1880 4120/4845/1880
f 4423/5191/1881 3913/4535/1881 3911/4532/1881
f 3643/4161/1882 4215/4983/1882 4218/4986/1882
f 4634/5402/1883 4124/4851/1883 4122/4848/1883
f 4425/5193/1884 3916/4539/1884 3913/4535/1884
f 3646/4165/1885 4218/4986/1885 4220/4988/1885
f 4636/5404/1998 4125/4853/1998 4124/4851/1998
f 4428/5196/1887 3918/4542/1887 3916/4539/1887
f 3648/4168/1888 4220/4988/1888 4222/4990/1888
f 4638/5406/1889 4128/4857/1889 4125/4853/1889
f 4430/5198/1890 3920/4545/1890 3918/4542/1890
f 3650/4171/1891 4222/4990/1891 4223/4991/1891
f 4640/5408/1892 4130/4860/1892 4128/4857/1892
f 4432/5200/1893 3921/4547/1893 3920/4545/1893
f 3652/4174/1894 4223/4991/1894 4225/4993/1894
f 4642/5410/1895 4132/4863/1895 4130/4860/1895
f 4434/5202/1896 3923/4550/1896 3921/4547/1896
f 3654/4177/1897 4225/4993/1897 4227/4995/1897
f 4644/5412/1898 4134/4866/1898 4132/4863/1898
f 4436/5204/1899 3926/4554/1899 3923/4550/1899
f 3656/4180/2000 4227/4995/2000 4229/4997/2000
f 4646/5414/1901 4135/4868/1901 4134/4866/1901
f 4438/5206/1902 3927/4556/1902 3926/4554/1902
f 3658/4183/1903 4229/4997/1903 4231/4999/1903
f 4648/5416/1904 4137/4871/1904 4135/4868/1904
f 4440/5208/1905 3929/4559/1905 3927/4556/1905
f 3659/4185/1906 4231/4999/1906 4233/5001/1906
f 4650/5418/1907 4139/4874/1907 4137/4871/1907
f 4441/5209/2001 3931/4562/2001 3929/4559/2001
f 3662/4189/1909 4233/5001/1909 4236/5004/1909
f 4652/5420/2008 4141/4877/2008 4139/4874/2008
f 4444/5212/1911 3933/4565/1911 3931/4562/1911
f 3664/4192/1912 4236/5004/1912 4238/5006/1912
f 4654/5422/1913 4143/4880/1913 4141/4877/1913
f 4446/5214/1914 3935/4568/1914 3933/4565/1914
f 3666/4195/1915 4238/5006/1915 4240/5008/1915
f 4145/4883/1916 4655/5423/1916 4657/5425/1916
f 4447/5215/1917 3937/4571/1917 3935/4568/1917
f 3667/4197/1918 4240/5008/1918 4242/5010/1918
f 4147/4886/1919 4657/5425/1919 4659/5427/1919
f 4449/5217/1920 3939/4574/1920 3937/4571/1920
f 3670/4201/1921 4242/5010/1921 4243/5011/1921
f 4149/4889/1922 4659/5427/1922 4662/5430/1922
f 4451/5219/1923 3941/4577/1923 3939/4574/1923
f 3672/4204/1924 4243/5011/1924 4245/5013/1924
f 4151/4892/1925 4662/5430/1925 4663/5431/1925
f 4453/5221/1926 3944/4581/1926 3941/4577/1926
f 3674/4207/1927 4245/5013/1927 4247/5015/1927
f 4154/4896/1928 4663/5431/1928 4666/5434/1928
f 4456/5224/1929 3945/4583/1929 3944/4581/1929
f 3676/4210/1930 4247/5015/1930 4250/5018/1930
f 4155/4898/1931 4666/5434/1931 4667/5435/1931
f 4457/5225/1932 3947/4586/1932 3945/4583/1932
f 3678/4213/1933 4250/5018/1933 4251/5019/1933
f 4157/4901/1934 4667/5435/1934 4669/5437/1934
f 4459/5227/1935 3949/4589/1935 3947/4586/1935
f 3679/4215/1936 4251/5019/1936 4254/5022/1936
f 4159/4904/1937 4669/5437/1937 4672/5440/1937
f 4461/5229/1938 3951/4592/1938 3949/4589/1938
f 3681/4218/1939 4254/5022/1939 4255/5023/1939
f 4161/4907/1940 4672/5440/1940 4674/5442/1940
f 4464/5232/1941 3953/4595/1941 3951/4592/1941
f 3683/4221/1942 4255/5023/1942 4257/5025/1942
f 4163/4910/1943 4674/5442/1943 4676/5444/1943
f 4466/5234/1944 3955/4598/1944 3953/4595/1944
f 3686/4225/1945 4257/5025/1945 4259/5027/1945
f 4165/4913/1946 4676/5444/1946 4678/5446/1946
f 4468/5236/1947 3957/4601/1947 3955/4598/1947
f 3687/4227/1948 4259/5027/1948 4261/5029/1948
f 4167/4916/1949 4678/5446/1949 4680/5448/1949
f 4470/5238/1950 3959/4604/1950 3957/4601/1950
f 3689/4230/1951 4261/5029/1951 4263/5031/1951
f 4169/4919/1952 4680/5448/1952 4682/5450/1952
f 4472/5240/1953 3961/4607/1953 3959/4604/1953
f 3691/4233/1954 4263/5031/1954 4265/5033/1954
f 4171/4922/1955 4682/5450/1955 4684/5452/1955
f 4474/5242/1956 3963/4610/1956 3961/4607/1956
f 3693/4236/1957 4265/5033/1957 4267/5035/1957
f 4173/4925/1958 4684/5452/1958 4686/5454/1958
f 4476/5244/1959 3965/4613/1959 3963/4610/1959
f 3695/4239/1960 4267/5035/1960 4269/5037/1960
f 4175/4928/1961 4686/5454/1961 4687/5455/1961
f 4478/5246/1962 3967/4616/1962 3965/4613/1962
f 3697/4242/1963 4269/5037/1963 4271/5039/1963
f 4177/4931/1964 4687/5455/1964 4689/5457/1964
f 4479/5247/1965 3969/4619/1965 3967/4616/1965
f 3701/4247/1966 4271/5039/1966 4273/5041/1966
f 4179/4934/1967 4689/5457/1967 4692/5460/1967
f 4481/5249/1968 3971/4622/1968 3969/4619/1968
f 3705/4252/1969 4273/5041/1969 4275/5043/1969
f 4181/4937/1970 4692/5460/1970 4693/5461/1970
f 4483/5251/2002 3973/4625/2002 3971/4622/2002
f 3709/4257/1972 4275/5043/1972 4277/5045/1972
f 4183/4940/1973 4693/5461/1973 4695/5463/1973
f 4485/5253/1974 3975/4628/1974 3973/4625/1974
f 3713/4262/1975 4277/5045/1975 4280/5048/1975
f 4185/4943/1976 4695/5463/1976 4697/5465/1976
f 4487/5255/1977 3978/4632/1977 3975/4628/1977
f 3717/4267/1978 4280/5048/1978 4281/5049/1978
f 5710/6734/2 5646/6670/2 5582/6606/2
f 5468/6483/1723 5752/6776/1723 5753/6777/1723
f 5648/6672/1724 5259/6170/1724 5257/6167/1724
f 5052/5859/1725 5544/6568/1725 5545/6569/1725
f 5470/6486/1726 5753/6777/1726 5754/6778/1726
f 5649/6673/1727 5261/6173/1727 5259/6170/1727
f 5054/5862/1980 5545/6569/1980 5546/6570/1980
f 5472/6489/1729 5754/6778/1729 5755/6779/1729
f 5650/6674/1730 5263/6176/1730 5261/6173/1730
f 5056/5865/1731 5546/6570/1731 5547/6571/1731
f 5474/6492/1732 5755/6779/1732 5756/6780/1732
f 5651/6675/1733 5266/6180/1733 5263/6176/1733
f 5057/5867/1981 5547/6571/1981 5548/6572/1981
f 5476/6495/1735 5756/6780/1735 5757/6781/1735
f 5652/6676/1736 5268/6183/1736 5266/6180/1736
f 5059/5870/1982 5548/6572/1982 5549/6573/1982
f 5478/6498/1738 5757/6781/1738 5758/6782/1738
f 5653/6677/1739 5270/6186/1739 5268/6183/1739
f 5061/5873/2009 5549/6573/2009 5550/6574/2009
f 5479/6500/1741 5758/6782/1741 5759/6783/1741
f 5654/6678/1742 5272/6189/1742 5270/6186/1742
f 5063/5876/1743 5550/6574/1743 5551/6575/1743
f 5481/6503/1744 5759/6783/1744 5760/6784/1744
f 5655/6679/1745 5274/6192/1745 5272/6189/1745
f 5066/5880/1746 5551/6575/1746 5552/6576/1746
f 5484/6507/1747 5760/6784/1747 5761/6785/1747
f 5656/6680/1748 5276/6195/1748 5274/6192/1748
f 5067/5882/1984 5552/6576/1984 5553/6577/1984
f 5486/6510/1750 5761/6785/1750 5762/6786/1750
f 5657/6681/2003 5278/6198/2003 5276/6195/2003
f 5070/5886/1752 5553/6577/1752 5554/6578/1752
f 4975/5744/1753 5762/6786/1753 5488/6512/1753
f 5658/6682/1754 5280/6201/1754 5278/6198/1754
f 5072/5889/1755 5554/6578/1755 5555/6579/1755
f 5659/6683/1756 5281/6203/1756 5280/6201/1756
f 5073/5891/1757 5555/6579/1757 5556/6580/1757
f 5660/6684/1758 5284/6207/1758 5281/6203/1758
f 5075/5894/1759 5556/6580/1759 5557/6581/1759
f 5661/6685/1760 5285/6209/1760 5284/6207/1760
f 5078/5898/1761 5557/6581/1761 5558/6582/1761
f 5662/6686/1762 5287/6212/1762 5285/6209/1762
f 5080/5901/1763 5558/6582/1763 5559/6583/1763
f 5663/6687/1764 5289/6215/1764 5287/6212/1764
f 5081/5903/1765 5559/6583/1765 5560/6584/1765
f 5664/6688/1766 5291/6218/1766 5289/6215/1766
f 5084/5907/1767 5560/6584/1767 5561/6585/1767
f 5665/6689/1768 5294/6222/1768 5291/6218/1768
f 5086/5910/1769 5561/6585/1769 5562/6586/1769
f 5666/6690/1770 5295/6224/1770 5294/6222/1770
f 5088/5913/1771 5562/6586/1771 5563/6587/1771
f 5667/6691/1772 5297/6227/1772 5295/6224/1772
f 5089/5915/2004 5563/6587/2004 5564/6588/2004
f 5668/6692/1774 5299/6230/1774 5297/6227/1774
f 5092/5919/1775 5564/6588/1775 5565/6589/1775
f 5669/6693/1776 5301/6233/1776 5299/6230/1776
f 5094/5922/1777 5565/6589/1777 5566/6590/1777
f 5670/6694/1778 5303/6236/1778 5301/6233/1778
f 5096/5925/1779 5566/6590/1779 5567/6591/1779
f 5671/6695/1780 5305/6239/1780 5303/6236/1780
f 5097/5927/1781 5567/6591/1781 5568/6592/1781
f 5672/6696/1782 5307/6242/1782 5305/6239/1782
f 5099/5930/1783 5568/6592/1783 5569/6593/1783
f 5673/6697/1784 5310/6246/1784 5307/6242/1784
f 5102/5934/1785 5569/6593/1785 5570/6594/1785
f 5674/6698/1786 5312/6249/1786 5310/6246/1786
f 5103/5936/1787 5570/6594/1787 5571/6595/1787
f 5675/6699/1788 5314/6252/1788 5312/6249/1788
f 5105/5939/1789 5571/6595/1789 5572/6596/1789
f 5676/6700/1790 5316/6255/1790 5314/6252/1790
f 5107/5942/1791 5572/6596/1791 5573/6597/1791
f 5677/6701/1792 5318/6258/1792 5316/6255/1792
f 5109/5945/1793 5573/6597/1793 5574/6598/1793
f 5678/6702/1794 5319/6260/1794 5318/6258/1794
f 5111/5948/1795 5574/6598/1795 5575/6599/1795
f 5679/6703/1796 5322/6264/1796 5319/6260/1796
f 5114/5952/1797 5575/6599/1797 5576/6600/1797
f 5680/6704/1798 5324/6267/1798 5322/6264/1798
f 5115/5954/2010 5576/6600/2010 5577/6601/2010
f 5681/6705/1800 5326/6270/1800 5324/6267/1800
f 5117/5957/1801 5577/6601/1801 5578/6602/1801
f 5682/6706/1802 5328/6273/1802 5326/6270/1802
f 5119/5960/1989 5578/6602/1989 5579/6603/1989
f 5683/6707/1804 5330/6276/1804 5328/6273/1804
f 5122/5964/1805 5579/6603/1805 5580/6604/1805
f 5684/6708/1806 5331/6278/1806 5330/6276/1806
f 5124/5967/1807 5580/6604/1807 5581/6605/1807
f 5685/6709/1808 5333/6281/1808 5331/6278/1808
f 5126/5970/1809 5581/6605/1809 5582/6606/1809
f 5686/6710/1810 5335/6284/1810 5333/6281/1810
f 5128/5973/1811 5582/6606/1811 5583/6607/1811
f 5687/6711/1812 5338/6288/1812 5335/6284/1812
f 5130/5976/1813 5583/6607/1813 5584/6608/1813
f 5688/6712/1814 5339/6290/1814 5338/6288/1814
f 5132/5979/1815 5584/6608/1815 5585/6609/1815
f 5689/6713/1816 5341/6293/1816 5339/6290/1816
f 5134/5982/1817 5585/6609/1817 5586/6610/1817
f 5690/6714/1818 5343/6296/1818 5341/6293/1818
f 5136/5985/1819 5586/6610/1819 5587/6611/1819
f 5691/6715/1990 5345/6299/1990 5343/6296/1990
f 5138/5988/1821 5587/6611/1821 5588/6612/1821
f 5692/6716/1822 5347/6302/1822 5345/6299/1822
f 5140/5991/1823 5588/6612/1823 5589/6613/1823
f 5693/6717/1824 5349/6305/1824 5347/6302/1824
f 5142/5994/1825 5589/6613/1825 5590/6614/1825
f 5694/6718/1826 5351/6308/1826 5349/6305/1826
f 5144/5997/1827 5590/6614/1827 5591/6615/1827
f 5695/6719/1828 5353/6311/1828 5351/6308/1828
f 5146/6000/1829 5591/6615/1829 5592/6616/1829
f 5696/6720/1830 5355/6314/1830 5353/6311/1830
f 5148/6003/1992 5592/6616/1992 5593/6617/1992
f 5697/6721/1832 5358/6318/1832 5355/6314/1832
f 5150/6006/1833 5593/6617/1833 5594/6618/1833
f 5698/6722/1834 5360/6321/1834 5358/6318/1834
f 5152/6009/1835 5594/6618/1835 5595/6619/1835
f 5699/6723/1836 5361/6323/1836 5360/6321/1836
f 5154/6012/1837 5595/6619/1837 5596/6620/1837
f 5700/6724/1838 5364/6327/1838 5361/6323/1838
f 5156/6015/1839 5596/6620/1839 5597/6621/1839
f 5701/6725/1840 5366/6330/1840 5364/6327/1840
f 5158/6018/1841 5597/6621/1841 5598/6622/1841
f 5702/6726/1842 5367/6332/1842 5366/6330/1842
f 5160/6021/1843 5598/6622/1843 5599/6623/1843
f 5703/6727/1844 5369/6335/1844 5367/6332/1844
f 5162/6024/1845 5599/6623/1845 5600/6624/1845
f 5704/6728/1846 5371/6338/1846 5369/6335/1846
f 5164/6027/1847 5600/6624/1847 5601/6625/1847
f 5705/6729/1848 5373/6341/1848 5371/6338/1848
f 5166/6030/1849 5601/6625/1849 5602/6626/1849
f 5706/6730/1850 5375/6344/1850 5373/6341/1850
f 5168/6033/1851 5602/6626/1851 5603/6627/1851
f 5707/6731/1852 5377/6347/1852 5375/6344/1852
f 5603/6627/1853 5169/6035/1853 5168/6033/1853
f 5708/6732/1854 5379/6350/1854 5377/6347/1854
f 5604/6628/1855 5171/6038/1855 5169/6035/1855
f 5709/6733/2011 5381/6353/2011 5379/6350/2011
f 5605/6629/1857 5173/6041/1857 5171/6038/1857
f 5710/6734/1858 5383/6356/1858 5381/6353/1858
f 5606/6630/1859 5175/6044/1859 5173/6041/1859
f 5711/6735/1860 5385/6359/1860 5383/6356/1860
f 5607/6631/1861 5177/6047/1861 5175/6044/1861
f 5712/6736/1862 5387/6362/1862 5385/6359/1862
f 5608/6632/1863 5179/6050/1863 5177/6047/1863
f 5713/6737/1864 5389/6365/1864 5387/6362/1864
f 5609/6633/1865 5181/6053/1865 5179/6050/1865
f 5714/6738/1866 5391/6368/1866 5389/6365/1866
f 5610/6634/1867 5183/6056/1867 5181/6053/1867
f 5715/6739/1868 5393/6371/1868 5391/6368/1868
f 5611/6635/1869 5185/6059/1869 5183/6056/1869
f 4977/5747/1870 5488/6512/1870 5490/6514/1870
f 5716/6740/1871 5395/6374/1871 5393/6371/1871
f 5612/6636/2007 5187/6062/2007 5185/6059/2007
f 4979/5750/1873 5490/6514/1873 5492/6516/1873
f 5717/6741/1874 5397/6377/1874 5395/6374/1874
f 5613/6637/1875 5189/6065/1875 5187/6062/1875
f 4981/5753/1876 5492/6516/1876 5494/6518/1876
f 5718/6742/1877 5399/6380/1877 5397/6377/1877
f 5614/6638/1878 5191/6068/1878 5189/6065/1878
f 4983/5756/1879 5494/6518/1879 5496/6520/1879
f 5719/6743/1880 5401/6383/1880 5399/6380/1880
f 5615/6639/1881 5193/6071/1881 5191/6068/1881
f 4985/5759/1882 5496/6520/1882 5498/6522/1882
f 5720/6744/1883 5404/6387/1883 5401/6383/1883
f 5616/6640/1884 5195/6074/1884 5193/6071/1884
f 4987/5762/1885 5498/6522/1885 5500/6524/1885
f 5721/6745/1886 5406/6390/1886 5404/6387/1886
f 5617/6641/1887 5197/6077/1887 5195/6074/1887
f 4989/5765/1888 5500/6524/1888 5502/6526/1888
f 5722/6746/2012 5408/6393/2012 5406/6390/2012
f 5618/6642/1890 5199/6080/1890 5197/6077/1890
f 4991/5768/1891 5502/6526/1891 5504/6528/1891
f 5723/6747/1892 5410/6396/1892 5408/6393/1892
f 5619/6643/1893 5201/6083/1893 5199/6080/1893
f 4993/5771/1894 5504/6528/1894 5506/6530/1894
f 5724/6748/1895 5412/6399/1895 5410/6396/1895
f 5620/6644/1896 5203/6086/1896 5201/6083/1896
f 4995/5774/1897 5506/6530/1897 5507/6531/1897
f 5725/6749/1898 5413/6401/1898 5412/6399/1898
f 5621/6645/1899 5205/6089/1899 5203/6086/1899
f 4997/5777/1900 5507/6531/1900 5509/6533/1900
f 5726/6750/1901 5415/6404/1901 5413/6401/1901
f 5622/6646/1902 5207/6092/1902 5205/6089/1902
f 4999/5780/1903 5509/6533/1903 5511/6535/1903
f 5727/6751/1904 5417/6407/1904 5415/6404/1904
f 5623/6647/1905 5209/6095/1905 5207/6092/1905
f 5002/5784/1906 5511/6535/1906 5514/6538/1906
f 5728/6752/1907 5419/6410/1907 5417/6407/1907
f 5624/6648/1908 5211/6098/1908 5209/6095/1908
f 5003/5786/1909 5514/6538/1909 5515/6539/1909
f 5729/6753/1910 5422/6414/1910 5419/6410/1910
f 5625/6649/1911 5213/6101/1911 5211/6098/1911
f 5006/5790/1912 5515/6539/1912 5518/6542/1912
f 5730/6754/1913 5423/6416/1913 5422/6414/1913
f 5626/6650/1914 5215/6104/1914 5213/6101/1914
f 5008/5793/1915 5518/6542/1915 5520/6544/1915
f 5426/6420/1916 5731/6755/1916 5732/6756/1916
f 5627/6651/1917 5217/6107/1917 5215/6104/1917
f 5010/5796/1918 5520/6544/1918 5522/6546/1918
f 5428/6423/1919 5732/6756/1919 5733/6757/1919
f 5628/6652/1920 5219/6110/1920 5217/6107/1920
f 5012/5799/1921 5522/6546/1921 5524/6548/1921
f 5429/6425/1922 5733/6757/1922 5734/6758/1922
f 5629/6653/1923 5221/6113/1923 5219/6110/1923
f 5014/5802/1924 5524/6548/1924 5526/6550/1924
f 5431/6428/1925 5734/6758/1925 5735/6759/1925
f 5630/6654/1926 5223/6116/1926 5221/6113/1926
f 5016/5805/1927 5526/6550/1927 5527/6551/1927
f 5433/6431/1928 5735/6759/1928 5736/6760/1928
f 5631/6655/1929 5225/6119/1929 5223/6116/1929
f 5018/5808/1930 5527/6551/1930 5528/6552/1930
f 5435/6434/1931 5736/6760/1931 5737/6761/1931
f 5632/6656/1932 5227/6122/1932 5225/6119/1932
f 5019/5810/1933 5528/6552/1933 5529/6553/1933
f 5438/6438/1934 5737/6761/1934 5738/6762/1934
f 5633/6657/1935 5230/6126/1935 5227/6122/1935
f 5022/5814/1936 5529/6553/1936 5530/6554/1936
f 5440/6441/1937 5738/6762/1937 5739/6763/1937
f 5634/6658/1938 5231/6128/1938 5230/6126/1938
f 5023/5816/1939 5530/6554/1939 5531/6555/1939
f 5442/6444/1940 5739/6763/1940 5740/6764/1940
f 5635/6659/1941 5234/6132/1941 5231/6128/1941
f 5026/5820/1942 5531/6555/1942 5532/6556/1942
f 5443/6446/1943 5740/6764/1943 5741/6765/1943
f 5636/6660/1944 5235/6134/1944 5234/6132/1944
f 5532/6556/1945 5028/5823/1945 5026/5820/1945
f 5445/6449/1946 5741/6765/1946 5742/6766/1946
f 5637/6661/1947 5237/6137/1947 5235/6134/1947
f 5030/5826/1948 5533/6557/1948 5534/6558/1948
f 5447/6452/1949 5742/6766/1949 5743/6767/1949
f 5638/6662/1950 5239/6140/1950 5237/6137/1950
f 5032/5829/1951 5534/6558/1951 5535/6559/1951
f 5449/6455/1952 5743/6767/1952 5744/6768/1952
f 5639/6663/1953 5241/6143/1953 5239/6140/1953
f 5034/5832/1954 5535/6559/1954 5536/6560/1954
f 5451/6458/1955 5744/6768/1955 5745/6769/1955
f 5640/6664/1956 5243/6146/1956 5241/6143/1956
f 5036/5835/1957 5536/6560/1957 5537/6561/1957
f 5453/6461/1958 5745/6769/1958 5746/6770/1958
f 5641/6665/1959 5245/6149/1959 5243/6146/1959
f 5038/5838/1960 5537/6561/1960 5538/6562/1960
f 5455/6464/1961 5746/6770/1961 5747/6771/1961
f 5642/6666/1962 5247/6152/1962 5245/6149/1962
f 5040/5841/1963 5538/6562/1963 5539/6563/1963
f 5457/6467/1964 5747/6771/1964 5748/6772/1964
f 5643/6667/1965 5249/6155/1965 5247/6152/1965
f 5042/5844/1966 5539/6563/1966 5540/6564/1966
f 5460/6471/1967 5748/6772/1967 5749/6773/1967
f 5644/6668/1968 5251/6158/1968 5249/6155/1968
f 5044/5847/2013 5540/6564/2013 5541/6565/2013
f 5461/6473/1970 5749/6773/1970 5750/6774/1970
f 5645/6669/1971 5253/6161/1971 5251/6158/1971
f 5046/5850/1972 5541/6565/1972 5542/6566/1972
f 5464/6477/1973 5750/6774/1973 5751/6775/1973
f 5646/6670/1974 5255/6164/1974 5253/6161/1974
f 5048/5853/1975 5542/6566/1975 5543/6567/1975
f 5465/6479/1976 5751/6775/1976 5752/6776/1976
f 5647/6671/1977 5257/6167/1977 5255/6164/1977
f 5050/5856/1978 5543/6567/1978 5544/6568/1978
f 4526/5294/2014 4266/5034/2014 4394/5162/2014
f 422/632/2015 560/816/2015 558/814/2015
f 583/839/2016 433/646/2016 435/648/2016
f 586/842/2017 435/648/2017 437/651/2017
f 591/847/2018 437/651/2018 439/653/2018
f 594/850/2019 439/653/2019 441/656/2019
f 599/855/2020 441/656/2020 442/657/2020
f 602/858/2021 442/657/2021 445/661/2021
f 606/862/2022 445/661/2022 446/662/2022
f 611/867/2023 446/662/2023 449/666/2023
f 614/870/2024 449/666/2024 450/667/2024
f 618/874/2025 450/667/2025 453/671/2025
f 623/879/2026 453/671/2026 454/672/2026
f 627/883/2027 454/672/2027 456/674/2027
f 631/887/2028 456/674/2028 459/678/2028
f 635/891/2029 459/678/2029 460/679/2029
f 639/895/2030 460/679/2030 462/681/2030
f 643/899/2031 462/681/2031 465/686/2031
f 647/903/2032 465/686/2032 467/688/2032
f 651/907/2033 467/688/2033 468/689/2033
f 654/910/2034 468/689/2034 471/693/2034
f 658/914/2035 471/693/2035 473/695/2035
f 662/918/2036 473/695/2036 475/698/2036
f 666/922/2037 475/698/2037 477/700/2037
f 670/926/2038 477/700/2038 479/703/2038
f 674/930/2039 479/703/2039 481/705/2039
f 424/634/2040 567/823/2040 560/816/2040
f 551/807/2041 5806/6874/2041 418/627/2041
f 418/627/2042 555/811/2042 551/807/2042
f 420/629/2043 558/814/2043 555/811/2043
f 426/637/2044 570/826/2044 567/823/2044
f 428/639/2045 575/831/2045 570/826/2045
f 578/834/2046 430/642/2046 433/646/2046
f 551/807/2047 5786/6834/2047 5787/6836/2047
f 551/807/2048 553/809/2048 549/805/2048
f 553/809/2049 558/814/2049 557/813/2049
f 560/816/2050 565/821/2050 562/818/2050
f 558/814/2051 562/818/2051 557/813/2051
f 567/823/2052 569/825/2052 565/821/2052
f 569/825/2053 575/831/2053 573/829/2053
f 576/832/2054 583/839/2054 580/836/2054
f 575/831/2055 576/832/2055 573/829/2055
f 583/839/2056 584/840/2056 580/836/2056
f 586/842/2057 588/844/2057 584/840/2057
f 594/850/2058 597/853/2058 592/848/2058
f 588/844/2059 594/850/2059 592/848/2059
f 597/853/2060 602/858/2060 600/856/2060
f 602/858/2061 605/861/2061 600/856/2061
f 608/864/2062 614/870/2062 613/869/2062
f 606/862/2063 608/864/2063 605/861/2063
f 614/870/2064 616/872/2064 613/869/2064
f 618/874/2065 620/876/2065 616/872/2065
f 625/881/2066 631/887/2066 628/884/2066
f 620/876/2067 627/883/2067 625/881/2067
f 628/884/2068 635/891/2068 633/889/2068
f 635/891/2069 636/892/2069 633/889/2069
f 643/899/2070 645/901/2070 640/896/2070
f 639/895/2071 640/896/2071 636/892/2071
f 645/901/2072 651/907/2072 648/904/2072
f 651/907/2073 652/908/2073 648/904/2073
f 656/912/2074 662/918/2074 660/916/2074
f 654/910/2075 656/912/2075 652/908/2075
f 660/916/2076 666/922/2076 664/920/2076
f 664/920/2077 670/926/2077 668/924/2077
f 670/926/2078 673/929/2078 668/924/2078
f 846/1102/2079 712/968/2079 844/1100/2079
f 722/978/2080 868/1124/2080 724/980/2080
f 724/980/2081 872/1128/2081 726/982/2081
f 726/982/2082 876/1132/2082 728/984/2082
f 728/984/2083 880/1136/2083 730/986/2083
f 730/986/2084 884/1140/2084 732/988/2084
f 732/988/2085 889/1145/2085 735/991/2085
f 735/991/2086 893/1149/2086 737/993/2086
f 737/993/2087 897/1153/2087 739/995/2087
f 739/995/2088 901/1157/2088 741/997/2088
f 741/997/2089 905/1161/2089 743/999/2089
f 743/999/2090 909/1165/2090 745/1001/2090
f 745/1001/2091 913/1169/2091 747/1003/2091
f 747/1003/2092 916/1172/2092 748/1004/2092
f 748/1004/2093 921/1177/2093 750/1006/2093
f 750/1006/2094 925/1181/2094 753/1009/2094
f 753/1009/2095 929/1185/2095 754/1010/2095
f 754/1010/2096 932/1188/2096 756/1012/2096
f 756/1012/2097 936/1192/2097 758/1014/2097
f 758/1014/2098 941/1197/2098 760/1016/2098
f 760/1016/2099 945/1201/2099 762/1018/2099
f 762/1018/2100 949/1205/2100 764/1020/2100
f 764/1020/2101 952/1208/2101 767/1023/2101
f 767/1023/2102 956/1212/2102 768/1024/2102
f 768/1024/2103 674/930/2103 481/705/2103
f 852/1108/2104 714/970/2104 846/1102/2104
f 836/1092/2105 5764/6789/2105 5763/6787/2105
f 840/1096/2106 709/965/2106 836/1092/2106
f 844/1100/2107 711/967/2107 840/1096/2107
f 857/1113/2108 717/973/2108 852/1108/2108
f 861/1117/2109 719/975/2109 857/1113/2109
f 720/976/2110 864/1120/2110 722/978/2110
f 836/1092/2111 5774/6809/2111 835/1091/2111
f 838/1094/2112 836/1092/2112 835/1091/2112
f 838/1094/2113 844/1100/2113 840/1096/2113
f 850/1106/2114 846/1102/2114 848/1104/2114
f 842/1098/2115 846/1102/2115 844/1100/2115
f 855/1111/2116 852/1108/2116 850/1106/2116
f 855/1111/2117 861/1117/2117 857/1113/2117
f 866/1122/2118 864/1120/2118 862/1118/2118
f 862/1118/2119 861/1117/2119 858/1114/2119
f 871/1127/2120 868/1124/2120 866/1122/2120
f 871/1127/2121 876/1132/2121 872/1128/2121
f 882/1138/2122 880/1136/2122 878/1134/2122
f 874/1130/2123 880/1136/2123 876/1132/2123
f 882/1138/2124 889/1145/2124 884/1140/2124
f 891/1147/2125 889/1145/2125 887/1143/2125
f 894/1150/2126 901/1157/2126 897/1153/2126
f 894/1150/2127 893/1149/2127 891/1147/2127
f 902/1158/2128 901/1157/2128 898/1154/2128
f 906/1162/2129 905/1161/2129 902/1158/2129
f 910/1166/2130 916/1172/2130 913/1169/2130
f 906/1162/2131 913/1169/2131 909/1165/2131
f 914/1170/2132 921/1177/2132 916/1172/2132
f 918/1174/2133 925/1181/2133 921/1177/2133
f 930/1186/2134 929/1185/2134 926/1182/2134
f 926/1182/2135 925/1181/2135 922/1178/2135
f 930/1186/2136 936/1192/2136 932/1188/2136
f 938/1194/2137 936/1192/2137 934/1190/2137
f 942/1198/2138 949/1205/2138 945/1201/2138
f 942/1198/2139 941/1197/2139 938/1194/2139
f 946/1202/2140 952/1208/2140 949/1205/2140
f 955/1211/2141 952/1208/2141 951/1207/2141
f 673/929/2142 956/1212/2142 955/1211/2142
f 726/982/406 758/1014/406 428/639/406
f 557/813/412 946/1202/412 882/1138/412
f 996/1252/2015 1133/1389/2015 1131/1387/2015
f 1156/1412/2016 1006/1262/2016 1008/1264/2016
f 1160/1416/2017 1008/1264/2017 1010/1266/2017
f 1163/1419/2018 1010/1266/2018 1012/1268/2018
f 1168/1424/2019 1012/1268/2019 1013/1269/2019
f 1172/1428/2020 1013/1269/2020 1016/1272/2020
f 1176/1432/2021 1016/1272/2021 1017/1273/2021
f 1179/1435/2022 1017/1273/2022 1020/1276/2022
f 1184/1440/2023 1020/1276/2023 1022/1278/2023
f 1188/1444/2024 1022/1278/2024 1024/1280/2024
f 1192/1448/2025 1024/1280/2025 1026/1282/2025
f 1196/1452/2026 1026/1282/2026 1028/1284/2026
f 1200/1456/2027 1028/1284/2027 1030/1286/2027
f 1203/1459/2028 1030/1286/2028 1032/1288/2028
f 1208/1464/2029 1032/1288/2029 1034/1290/2029
f 1212/1468/2030 1034/1290/2030 1036/1292/2030
f 1216/1472/2031 1036/1292/2031 1037/1293/2031
f 1219/1475/2032 1037/1293/2032 1040/1296/2032
f 1224/1480/2033 1040/1296/2033 1042/1298/2033
f 1228/1484/2034 1042/1298/2034 1043/1299/2034
f 1232/1488/2035 1043/1299/2035 1046/1302/2035
f 1236/1492/2036 1046/1302/2036 1048/1304/2036
f 1240/1496/2037 1048/1304/2037 1049/1305/2037
f 1244/1500/2038 1049/1305/2038 1051/1307/2038
f 1248/1504/2039 1051/1307/2039 1054/1310/2039
f 998/1254/2040 1140/1396/2040 1133/1389/2040
f 1124/1380/2041 5811/6884/2041 991/1247/2041
f 991/1247/2042 1128/1384/2042 1124/1380/2042
f 993/1249/2043 1131/1387/2043 1128/1384/2043
f 1000/1256/2044 1144/1400/2044 1140/1396/2044
f 1002/1258/2045 1148/1404/2045 1144/1400/2045
f 1152/1408/2046 1003/1259/2046 1006/1262/2046
f 1124/1380/2047 5799/6860/2047 5816/6894/2047
f 1124/1380/2048 1126/1382/2048 1122/1378/2048
f 1126/1382/2049 1131/1387/2049 1130/1386/2049
f 1133/1389/2050 1138/1394/2050 1136/1392/2050
f 1131/1387/2051 1136/1392/2051 1130/1386/2051
f 1140/1396/2052 1141/1397/2052 1138/1394/2052
f 1141/1397/2053 1148/1404/2053 1146/1402/2053
f 1150/1406/2054 1156/1412/2054 1153/1409/2054
f 1146/1402/2055 1152/1408/2055 1150/1406/2055
f 1156/1412/2056 1157/1413/2056 1153/1409/2056
f 1160/1416/2057 1161/1417/2057 1157/1413/2057
f 1168/1424/2058 1170/1426/2058 1166/1422/2058
f 1163/1419/2059 1166/1422/2059 1161/1417/2059
f 1170/1426/2060 1176/1432/2060 1174/1430/2060
f 1176/1432/2061 1178/1434/2061 1174/1430/2061
f 1182/1438/2062 1188/1444/2062 1185/1441/2062
f 1179/1435/2063 1182/1438/2063 1178/1434/2063
f 1188/1444/2064 1189/1445/2064 1185/1441/2064
f 1189/1445/2065 1196/1452/2065 1194/1450/2065
f 1197/1453/2066 1203/1459/2066 1202/1458/2066
f 1194/1450/2067 1200/1456/2067 1197/1453/2067
f 1202/1458/2068 1208/1464/2068 1205/1461/2068
f 1208/1464/2069 1209/1465/2069 1205/1461/2069
f 1216/1472/2070 1217/1473/2070 1214/1470/2070
f 1212/1468/2071 1214/1470/2071 1209/1465/2071
f 1217/1473/2072 1224/1480/2072 1221/1477/2072
f 1224/1480/2073 1225/1481/2073 1221/1477/2073
f 1229/1485/2074 1236/1492/2074 1234/1490/2074
f 1228/1484/2075 1229/1485/2075 1225/1481/2075
f 1234/1490/2076 1240/1496/2076 1238/1494/2076
f 1240/1496/2077 1242/1498/2077 1238/1494/2077
f 1244/1500/2078 1246/1502/2078 1242/1498/2078
f 1419/1675/2079 1285/1541/2079 1417/1673/2079
f 1296/1552/2080 1441/1697/2080 1297/1553/2080
f 1297/1553/2081 1446/1702/2081 1299/1555/2081
f 1299/1555/2082 1450/1706/2082 1302/1558/2082
f 1302/1558/2083 1454/1710/2083 1304/1560/2083
f 1304/1560/2084 1458/1714/2084 1305/1561/2084
f 1305/1561/2085 1462/1718/2085 1308/1564/2085
f 1308/1564/2086 1466/1722/2086 1310/1566/2086
f 1310/1566/2087 1470/1726/2087 1311/1567/2087
f 1311/1567/2088 1474/1730/2088 1313/1569/2088
f 1313/1569/2089 1478/1734/2089 1316/1572/2089
f 1316/1572/2090 1482/1738/2090 1317/1573/2090
f 1317/1573/2091 1486/1742/2091 1320/1576/2091
f 1320/1576/2092 1490/1746/2092 1321/1577/2092
f 1321/1577/2093 1494/1750/2093 1323/1579/2093
f 1323/1579/2094 1498/1754/2094 1325/1581/2094
f 1325/1581/2095 1502/1758/2095 1328/1584/2095
f 1328/1584/2096 1505/1761/2096 1330/1586/2096
f 1330/1586/2097 1509/1765/2097 1332/1588/2097
f 1332/1588/2098 1513/1769/2098 1334/1590/2098
f 1334/1590/2099 1517/1773/2099 1336/1592/2099
f 1336/1592/2100 1522/1778/2100 1338/1594/2100
f 1338/1594/2101 1526/1782/2101 1340/1596/2101
f 1340/1596/2102 1529/1785/2102 1341/1597/2102
f 1341/1597/2103 1248/1504/2103 1054/1310/2103
f 1425/1681/2104 1288/1544/2104 1419/1675/2104
f 1409/1665/2105 5766/6793/2105 5765/6791/2105
f 1413/1669/2106 1281/1537/2106 1409/1665/2106
f 1417/1673/2107 1284/1540/2107 1413/1669/2107
f 1429/1685/2108 1290/1546/2108 1425/1681/2108
f 1433/1689/2109 1291/1547/2109 1429/1685/2109
f 1294/1550/2110 1438/1694/2110 1296/1552/2110
f 1409/1665/2111 5775/6811/2111 1408/1664/2111
f 1412/1668/2112 1409/1665/2112 1408/1664/2112
f 1412/1668/2113 1417/1673/2113 1413/1669/2113
f 1423/1679/2114 1419/1675/2114 1421/1677/2114
f 1421/1677/2115 1417/1673/2115 1415/1671/2115
f 1427/1683/2116 1425/1681/2116 1423/1679/2116
f 1427/1683/2117 1433/1689/2117 1429/1685/2117
f 1440/1696/2143 1438/1694/2143 1435/1691/2143
f 1435/1691/2119 1433/1689/2119 1431/1687/2119
f 1443/1699/2120 1441/1697/2120 1440/1696/2120
f 1443/1699/2121 1450/1706/2121 1446/1702/2121
f 1456/1712/2122 1454/1710/2122 1452/1708/2122
f 1448/1704/2123 1454/1710/2123 1450/1706/2123
f 1456/1712/2124 1462/1718/2124 1458/1714/2124
f 1464/1720/2125 1462/1718/2125 1460/1716/2125
f 1467/1723/2126 1474/1730/2126 1470/1726/2126
f 1467/1723/2127 1466/1722/2127 1464/1720/2127
f 1475/1731/2128 1474/1730/2128 1472/1728/2128
f 1480/1736/2129 1478/1734/2129 1475/1731/2129
f 1484/1740/2130 1490/1746/2130 1486/1742/2130
f 1480/1736/2131 1486/1742/2131 1482/1738/2131
f 1488/1744/2132 1494/1750/2132 1490/1746/2132
f 1492/1748/2133 1498/1754/2133 1494/1750/2133
f 1504/1760/2134 1502/1758/2134 1500/1756/2134
f 1500/1756/2135 1498/1754/2135 1496/1752/2135
f 1504/1760/2136 1509/1765/2136 1505/1761/2136
f 1511/1767/2137 1509/1765/2137 1507/1763/2137
f 1515/1771/2138 1522/1778/2138 1517/1773/2138
f 1515/1771/2139 1513/1769/2139 1511/1767/2139
f 1519/1775/2140 1526/1782/2140 1522/1778/2140
f 1524/1780/2141 1529/1785/2141 1526/1782/2141
f 1246/1502/2142 1529/1785/2142 1528/1784/2142
f 1299/1555/406 1332/1588/406 1002/1258/406
f 1138/1394/412 1511/1767/412 1448/1704/412
f 1569/1825/2015 1707/1968/2015 1705/1966/2015
f 1729/1996/2016 1578/1834/2016 1580/1836/2016
f 1733/2001/2017 1580/1836/2017 1582/1838/2017
f 1737/2006/2018 1582/1838/2018 1584/1840/2018
f 1740/2009/2019 1584/1840/2019 1586/1842/2019
f 1744/2014/2020 1586/1842/2020 1588/1844/2020
f 1748/2019/2021 1588/1844/2021 1591/1847/2021
f 1752/2024/2022 1591/1847/2022 1592/1848/2022
f 1757/2031/2023 1592/1848/2023 1594/1850/2023
f 1761/2036/2024 1594/1850/2024 1597/1853/2024
f 1765/2040/2025 1597/1853/2025 1599/1855/2025
f 1768/2044/2026 1599/1855/2026 1601/1857/2026
f 1772/2049/2027 1601/1857/2027 1603/1859/2027
f 1777/2055/2028 1603/1859/2028 1604/1860/2028
f 1781/2060/2029 1604/1860/2029 1607/1863/2029
f 1785/2065/2030 1607/1863/2030 1608/1864/2030
f 1788/2069/2031 1608/1864/2031 1610/1866/2031
f 1792/2074/2032 1610/1866/2032 1612/1868/2032
f 1797/2080/2033 1612/1868/2033 1615/1871/2033
f 1800/2084/2034 1615/1871/2034 1616/1872/2034
f 1805/2090/2035 1616/1872/2035 1618/1874/2035
f 1809/2095/2036 1618/1874/2036 1620/1876/2036
f 1812/2099/2037 1620/1876/2037 1622/1878/2037
f 1816/2104/2038 1622/1878/2038 1624/1880/2038
f 1820/2109/2039 1624/1880/2039 1626/1882/2039
f 1570/1826/2040 1713/1976/2040 1707/1968/2040
f 1697/1956/2041 5812/6886/2041 1564/1820/2041
f 1564/1820/2042 1701/1961/2042 1697/1956/2042
f 1566/1822/2043 1705/1966/2043 1701/1961/2043
f 1572/1828/2044 1716/1979/2044 1713/1976/2044
f 1575/1831/2045 1720/1984/2045 1716/1979/2045
f 1724/1989/2046 1577/1833/2046 1578/1834/2046
f 1697/1956/2047 5800/6862/2047 5810/6882/2047
f 1697/1956/2048 1699/1958/2048 1695/1953/2048
f 1699/1958/2049 1705/1966/2049 1703/1963/2049
f 1707/1968/2050 1711/1973/2050 1709/1971/2050
f 1705/1966/2051 1709/1971/2051 1703/1963/2051
f 1713/1976/2052 1714/1977/2052 1711/1973/2052
f 1714/1977/2053 1720/1984/2053 1718/1982/2053
f 1724/1989/2144 1726/1992/2144 1722/1986/2144
f 1720/1984/2055 1722/1986/2055 1718/1982/2055
f 1729/1996/2056 1730/1997/2056 1726/1992/2056
f 1733/2001/2057 1734/2002/2057 1730/1997/2057
f 1740/2009/2058 1743/2013/2058 1738/2007/2058
f 1734/2002/2059 1740/2009/2059 1738/2007/2059
f 1743/2013/2060 1748/2019/2060 1747/2018/2060
f 1748/2019/2061 1751/2023/2061 1747/2018/2061
f 1755/2028/2062 1761/2036/2062 1759/2033/2062
f 1752/2024/2063 1755/2028/2063 1751/2023/2063
f 1761/2036/2064 1763/2038/2064 1759/2033/2064
f 1763/2038/2065 1768/2044/2065 1767/2043/2065
f 1770/2046/2066 1777/2055/2066 1775/2053/2066
f 1767/2043/2067 1772/2049/2067 1770/2046/2067
f 1775/2053/2068 1781/2060/2068 1779/2058/2068
f 1779/2058/2069 1785/2065/2069 1783/2063/2069
f 1788/2069/2070 1790/2071/2070 1786/2066/2070
f 1785/2065/2145 1786/2066/2145 1783/2063/2145
f 1790/2071/2072 1797/2080/2072 1795/2078/2072
f 1797/2080/2073 1799/2083/2073 1795/2078/2073
f 1802/2086/2074 1809/2095/2074 1807/2093/2074
f 1800/2084/2075 1802/2086/2075 1799/2083/2075
f 1807/2093/2076 1812/2099/2076 1810/2096/2076
f 1810/2096/2077 1816/2104/2077 1815/2103/2077
f 1816/2104/2078 1819/2108/2078 1815/2103/2078
f 1992/2348/2079 1858/2164/2079 1990/2345/2079
f 1868/2177/2080 2014/2375/2080 1870/2179/2080
f 1870/2179/2081 2019/2382/2081 1872/2182/2081
f 1872/2182/2082 2022/2386/2082 1874/2184/2082
f 1874/2184/2083 2027/2392/2083 1877/2188/2083
f 1877/2188/2084 2030/2395/2084 1878/2189/2084
f 1878/2189/2085 2035/2402/2085 1881/2193/2085
f 1881/2193/2086 2038/2406/2086 1883/2196/2086
f 1883/2196/2087 2043/2412/2087 1884/2197/2087
f 1884/2197/2088 2047/2417/2088 1887/2201/2088
f 1887/2201/2089 2051/2422/2089 1889/2203/2089
f 1889/2203/2090 2054/2426/2090 1891/2206/2090
f 1891/2206/2091 2059/2432/2091 1893/2208/2091
f 1893/2208/2092 2062/2435/2092 1894/2209/2092
f 1894/2209/2093 2066/2441/2093 1897/2213/2093
f 1897/2213/2094 2070/2446/2094 1898/2214/2094
f 1898/2214/2095 2075/2452/2095 1901/2218/2095
f 1901/2218/2096 2079/2457/2096 1903/2221/2096
f 1903/2221/2097 2083/2462/2097 1904/2222/2097
f 1904/2222/2098 2087/2467/2098 1907/2226/2098
f 1907/2226/2099 2091/2472/2099 1909/2228/2099
f 1909/2228/2100 2095/2477/2100 1911/2231/2100
f 1911/2231/2101 2098/2480/2101 1912/2232/2101
f 1912/2232/2102 2103/2487/2102 1914/2234/2102
f 1914/2234/2103 1820/2109/2103 1626/1882/2103
f 1999/2357/2104 1860/2167/2104 1992/2348/2104
f 1983/2337/2105 5768/6797/2105 5767/6795/2105
f 1987/2342/2106 1854/2159/2106 1983/2337/2106
f 1990/2345/2107 1856/2162/2107 1987/2342/2107
f 2002/2360/2108 1862/2169/2108 1999/2357/2108
f 2006/2365/2109 1865/2173/2109 2002/2360/2109
f 1867/2176/2110 2010/2370/2110 1868/2177/2110
f 1983/2337/2111 5776/6813/2111 1981/2334/2111
f 1984/2338/2112 1983/2337/2112 1981/2334/2112
f 1984/2338/2113 1990/2345/2113 1987/2342/2113
f 1997/2354/2114 1992/2348/2114 1994/2350/2114
f 1994/2350/2115 1990/2345/2115 1988/2343/2115
f 2001/2359/2116 1999/2357/2116 1997/2354/2116
f 2001/2359/2117 2006/2365/2117 2002/2360/2117
f 2012/2373/2118 2010/2370/2118 2008/2368/2118
f 2008/2368/2119 2006/2365/2119 2005/2364/2119
f 2016/2378/2120 2014/2375/2120 2012/2373/2120
f 2016/2378/2121 2022/2386/2121 2019/2382/2121
f 2029/2394/2122 2027/2392/2122 2024/2388/2122
f 2020/2383/2123 2027/2392/2123 2022/2386/2123
f 2029/2394/2124 2035/2402/2124 2030/2395/2124
f 2036/2403/2125 2035/2402/2125 2032/2398/2125
f 2041/2410/2126 2047/2417/2126 2043/2412/2126
f 2041/2410/2127 2038/2406/2127 2036/2403/2127
f 2048/2418/2128 2047/2417/2128 2044/2413/2128
f 2053/2425/2129 2051/2422/2129 2048/2418/2129
f 2057/2430/2130 2062/2435/2130 2059/2432/2130
f 2053/2425/2131 2059/2432/2131 2054/2426/2131
f 2061/2434/2132 2066/2441/2132 2062/2435/2132
f 2064/2438/2133 2070/2446/2133 2066/2441/2133
f 2077/2455/2134 2075/2452/2134 2072/2448/2134
f 2072/2448/2146 2070/2446/2146 2069/2445/2146
f 2077/2455/2136 2083/2462/2136 2079/2457/2136
f 2085/2464/2137 2083/2462/2137 2081/2459/2137
f 2089/2469/2138 2095/2477/2138 2091/2472/2138
f 2089/2469/2139 2087/2467/2139 2085/2464/2139
f 2093/2475/2140 2098/2480/2140 2095/2477/2140
f 2097/2479/2141 2103/2487/2141 2098/2480/2141
f 1819/2108/2142 2103/2487/2142 2101/2484/2142
f 1865/2173/406 1897/2213/406 1582/1838/406
f 1703/1963/412 2093/2475/412 2029/2394/412
f 2142/2544/2015 2280/2733/2015 2277/2729/2015
f 2302/2761/2016 2152/2557/2016 2153/2558/2016
f 2306/2766/2017 2153/2558/2017 2155/2560/2017
f 2310/2771/2018 2155/2560/2018 2157/2562/2018
f 2314/2776/2019 2157/2562/2019 2160/2566/2019
f 2318/2781/2020 2160/2566/2020 2161/2567/2020
f 2322/2785/2021 2161/2567/2021 2164/2571/2021
f 2326/2791/2022 2164/2571/2022 2165/2572/2022
f 2329/2794/2023 2165/2572/2023 2167/2575/2023
f 2334/2801/2024 2167/2575/2024 2169/2577/2024
f 2337/2804/2025 2169/2577/2025 2171/2580/2025
f 2341/2809/2026 2171/2580/2026 2173/2583/2026
f 2345/2814/2027 2173/2583/2027 2176/2587/2027
f 2349/2819/2028 2176/2587/2028 2177/2588/2028
f 2353/2824/2029 2177/2588/2029 2180/2592/2029
f 2357/2829/2030 2180/2592/2030 2181/2593/2030
f 2361/2834/2031 2181/2593/2031 2183/2595/2031
f 2365/2839/2032 2183/2595/2032 2185/2597/2032
f 2370/2845/2033 2185/2597/2033 2187/2600/2033
f 2374/2850/2034 2187/2600/2034 2190/2604/2034
f 2378/2856/2035 2190/2604/2035 2191/2605/2035
f 2382/2860/2036 2191/2605/2036 2193/2608/2036
f 2386/2866/2037 2193/2608/2037 2195/2610/2037
f 2389/2869/2038 2195/2610/2038 2198/2614/2038
f 2394/2875/2039 2198/2614/2039 2200/2617/2039
f 2144/2547/2040 2286/2741/2040 2280/2733/2040
f 2269/2719/2041 5814/6890/2041 2138/2539/2041
f 2138/2539/2042 2273/2724/2042 2269/2719/2042
f 2140/2542/2043 2277/2729/2043 2273/2724/2043
f 2146/2549/2044 2289/2744/2044 2286/2741/2044
f 2147/2550/2045 2293/2749/2045 2289/2744/2045
f 2298/2756/2046 2150/2554/2046 2152/2557/2046
f 2269/2719/2047 5802/6866/2047 5813/6888/2047
f 2269/2719/2048 2271/2722/2048 2267/2716/2048
f 2271/2722/2049 2277/2729/2049 2275/2727/2049
f 2280/2733/2050 2284/2738/2050 2281/2734/2050
f 2277/2729/2051 2281/2734/2051 2275/2727/2051
f 2286/2741/2052 2288/2743/2052 2284/2738/2052
f 2288/2743/2053 2293/2749/2053 2292/2748/2053
f 2295/2752/2144 2302/2761/2144 2299/2757/2144
f 2293/2749/2055 2295/2752/2055 2292/2748/2055
f 2302/2761/2056 2303/2762/2056 2299/2757/2056
f 2306/2766/2057 2307/2767/2057 2303/2762/2057
f 2314/2776/2058 2315/2777/2058 2311/2772/2058
f 2310/2771/2059 2311/2772/2059 2307/2767/2059
f 2315/2777/2060 2322/2785/2060 2319/2782/2060
f 2322/2785/2061 2323/2786/2061 2319/2782/2061
f 2327/2792/2062 2334/2801/2062 2332/2798/2062
f 2326/2791/2063 2327/2792/2063 2323/2786/2063
f 2334/2801/2064 2336/2803/2064 2332/2798/2064
f 2337/2804/2065 2339/2807/2065 2336/2803/2065
f 2344/2813/2066 2349/2819/2066 2348/2818/2066
f 2339/2807/2067 2345/2814/2067 2344/2813/2067
f 2348/2818/2068 2353/2824/2068 2352/2823/2068
f 2353/2824/2069 2356/2828/2069 2352/2823/2069
f 2361/2834/2070 2364/2838/2070 2359/2832/2070
f 2357/2829/2145 2359/2832/2145 2356/2828/2145
f 2364/2838/2072 2370/2845/2072 2368/2843/2072
f 2370/2845/2073 2372/2848/2073 2368/2843/2073
f 2375/2851/2074 2382/2860/2074 2379/2857/2074
f 2374/2850/2075 2375/2851/2075 2372/2848/2075
f 2379/2857/2076 2386/2866/2076 2383/2861/2076
f 2386/2866/2077 2388/2868/2077 2383/2861/2077
f 2389/2869/2078 2392/2873/2078 2388/2868/2078
f 2566/3078/2079 2431/2929/2079 2564/3076/2079
f 2442/2944/2080 2588/3100/2080 2444/2946/2080
f 2444/2946/2081 2592/3104/2081 2445/2947/2081
f 2445/2947/2082 2596/3108/2082 2448/2951/2082
f 2448/2951/2083 2600/3112/2083 2450/2954/2083
f 2450/2954/2084 2604/3116/2084 2451/2955/2084
f 2451/2955/2085 2608/3120/2085 2454/2959/2085
f 2454/2959/2086 2611/3123/2086 2455/2960/2086
f 2455/2960/2087 2616/3128/2087 2458/2964/2087
f 2458/2964/2088 2620/3132/2088 2459/2965/2088
f 2459/2965/2089 2623/3135/2089 2462/2969/2089
f 2462/2969/2090 2627/3139/2090 2464/2971/2090
f 2464/2971/2091 2631/3143/2091 2465/2972/2091
f 2465/2972/2092 2636/3148/2092 2467/2975/2092
f 2467/2975/2093 2639/3151/2093 2469/2977/2093
f 2469/2977/2094 2643/3155/2094 2471/2979/2094
f 2471/2979/2095 2647/3159/2095 2473/2982/2095
f 2473/2982/2096 2651/3163/2096 2475/2984/2096
f 2475/2984/2097 2655/3167/2097 2477/2987/2097
f 2477/2987/2098 2659/3171/2098 2479/2989/2098
f 2479/2989/2099 2664/3176/2099 2481/2992/2099
f 2481/2992/2100 2668/3180/2100 2483/2994/2100
f 2483/2994/2101 2672/3184/2101 2485/2997/2101
f 2485/2997/2102 2676/3188/2102 2487/2999/2102
f 2487/2999/2103 2394/2875/2103 2200/2617/2103
f 2571/3083/2104 2433/2932/2104 2566/3078/2104
f 2555/3067/2105 5770/6801/2105 5769/6799/2105
f 2559/3071/2106 2428/2926/2106 2555/3067/2106
f 2564/3076/2107 2430/2928/2107 2559/3071/2107
f 2575/3087/2108 2436/2936/2108 2571/3083/2108
f 2579/3091/2109 2438/2939/2109 2575/3087/2109
f 2440/2941/2110 2584/3096/2110 2442/2944/2110
f 2555/3067/2111 5777/6815/2111 2553/3065/2111
f 2558/3070/2112 2555/3067/2112 2553/3065/2112
f 2558/3070/2113 2564/3076/2113 2559/3071/2113
f 2570/3082/2114 2566/3078/2114 2568/3080/2114
f 2562/3074/2115 2566/3078/2115 2564/3076/2115
f 2573/3085/2116 2571/3083/2116 2570/3082/2116
f 2573/3085/2117 2579/3091/2117 2575/3087/2117
f 2581/3093/2118 2588/3100/2118 2584/3096/2118
f 2581/3093/2119 2579/3091/2119 2577/3089/2119
f 2589/3101/2120 2588/3100/2120 2585/3097/2120
f 2589/3101/2121 2596/3108/2121 2592/3104/2121
f 2602/3114/2122 2600/3112/2122 2598/3110/2122
f 2593/3105/2123 2600/3112/2123 2596/3108/2123
f 2602/3114/2124 2608/3120/2124 2604/3116/2124
f 2610/3122/2125 2608/3120/2125 2606/3118/2125
f 2614/3126/2126 2620/3132/2126 2616/3128/2126
f 2610/3122/2127 2616/3128/2127 2611/3123/2127
f 2622/3134/2128 2620/3132/2128 2618/3130/2128
f 2626/3138/2129 2623/3135/2129 2622/3134/2129
f 2630/3142/2130 2636/3148/2130 2631/3143/2130
f 2626/3138/2131 2631/3143/2131 2627/3139/2131
f 2634/3146/2132 2639/3151/2132 2636/3148/2132
f 2637/3149/2133 2643/3155/2133 2639/3151/2133
f 2649/3161/2134 2647/3159/2134 2645/3157/2134
f 2645/3157/2135 2643/3155/2135 2641/3153/2135
f 2649/3161/2136 2655/3167/2136 2651/3163/2136
f 2658/3170/2137 2655/3167/2137 2653/3165/2137
f 2662/3174/2138 2668/3180/2138 2664/3176/2138
f 2662/3174/2139 2659/3171/2139 2658/3170/2139
f 2666/3178/2140 2672/3184/2140 2668/3180/2140
f 2674/3186/2141 2672/3184/2141 2670/3182/2141
f 2392/2873/2142 2676/3188/2142 2674/3186/2142
f 2445/2947/406 2477/2987/406 2147/2550/406
f 2275/2727/412 2666/3178/412 2602/3114/412
f 2715/3227/2015 2852/3364/2015 2850/3362/2015
f 2875/3387/2016 2725/3237/2016 2726/3238/2016
f 2879/3391/2017 2726/3238/2017 2728/3240/2017
f 2882/3394/2018 2728/3240/2018 2730/3242/2018
f 2886/3398/2019 2730/3242/2019 2733/3245/2019
f 2891/3403/2020 2733/3245/2020 2735/3247/2020
f 2895/3407/2021 2735/3247/2021 2736/3248/2021
f 2899/3411/2022 2736/3248/2022 2738/3250/2022
f 2903/3415/2023 2738/3250/2023 2741/3253/2023
f 2907/3419/2024 2741/3253/2024 2743/3255/2024
f 2911/3423/2025 2743/3255/2025 2745/3257/2025
f 2914/3426/2026 2745/3257/2026 2747/3259/2026
f 2919/3431/2027 2747/3259/2027 2749/3261/2027
f 2922/3434/2028 2749/3261/2028 2751/3263/2028
f 2926/3438/2029 2751/3263/2029 2752/3264/2029
f 2930/3442/2030 2752/3264/2030 2755/3267/2030
f 2935/3447/2031 2755/3267/2031 2757/3269/2031
f 2938/3450/2032 2757/3269/2032 2759/3271/2032
f 2942/3454/2033 2759/3271/2033 2760/3272/2033
f 2946/3458/2034 2760/3272/2034 2763/3275/2034
f 2950/3462/2035 2763/3275/2035 2764/3276/2035
f 2955/3467/2036 2764/3276/2036 2766/3278/2036
f 2958/3470/2037 2766/3278/2037 2768/3280/2037
f 2962/3474/2038 2768/3280/2038 2771/3283/2038
f 2966/3478/2039 2771/3283/2039 2773/3285/2039
f 2716/3228/2040 2859/3371/2040 2852/3364/2040
f 2842/3354/2041 5808/6878/2041 2710/3222/2041
f 2710/3222/2042 2847/3359/2042 2842/3354/2042
f 2712/3224/2043 2850/3362/2043 2847/3359/2043
f 2718/3230/2044 2863/3375/2044 2859/3371/2044
f 2721/3233/2045 2867/3379/2045 2863/3375/2045
f 2870/3382/2046 2723/3235/2046 2725/3237/2046
f 2842/3354/2047 5804/6870/2047 5815/6892/2047
f 2842/3354/2048 2844/3356/2048 2841/3353/2048
f 2844/3356/2049 2850/3362/2049 2848/3360/2049
f 2852/3364/2050 2856/3368/2050 2855/3367/2050
f 2848/3360/2051 2852/3364/2051 2855/3367/2051
f 2859/3371/2052 2860/3372/2052 2856/3368/2052
f 2860/3372/2053 2867/3379/2053 2864/3376/2053
f 2870/3382/2054 2873/3385/2054 2869/3381/2054
f 2867/3379/2055 2869/3381/2055 2864/3376/2055
f 2875/3387/2056 2876/3388/2056 2873/3385/2056
f 2876/3388/2057 2882/3394/2057 2881/3393/2057
f 2886/3398/2058 2889/3401/2058 2885/3397/2058
f 2881/3393/2059 2886/3398/2059 2885/3397/2059
f 2889/3401/2060 2895/3407/2060 2892/3404/2060
f 2895/3407/2061 2896/3408/2061 2892/3404/2061
f 2900/3412/2062 2907/3419/2062 2905/3417/2062
f 2899/3411/2063 2900/3412/2063 2896/3408/2063
f 2907/3419/2064 2908/3420/2064 2905/3417/2064
f 2911/3423/2065 2912/3424/2065 2908/3420/2065
f 2916/3428/2066 2922/3434/2066 2921/3433/2066
f 2912/3424/2067 2919/3431/2067 2916/3428/2067
f 2921/3433/2068 2926/3438/2068 2925/3437/2068
f 2926/3438/2069 2929/3441/2069 2925/3437/2069
f 2935/3447/2070 2937/3449/2070 2933/3445/2070
f 2930/3442/2145 2933/3445/2145 2929/3441/2145
f 2937/3449/2072 2942/3454/2072 2940/3452/2072
f 2942/3454/2073 2944/3456/2073 2940/3452/2073
f 2948/3460/2074 2955/3467/2074 2953/3465/2074
f 2946/3458/2075 2948/3460/2075 2944/3456/2075
f 2953/3465/2076 2958/3470/2076 2956/3468/2076
f 2958/3470/2077 2961/3473/2077 2956/3468/2077
f 2962/3474/2078 2965/3477/2078 2961/3473/2078
f 3138/3650/2079 3004/3516/2079 3136/3648/2079
f 3015/3527/2080 3161/3673/2080 3017/3529/2080
f 3017/3529/2081 3165/3677/2081 3019/3531/2081
f 3019/3531/2082 3169/3681/2082 3021/3533/2082
f 3021/3533/2083 3172/3684/2083 3023/3535/2083
f 3023/3535/2084 3177/3689/2084 3025/3537/2084
f 3025/3537/2085 3181/3693/2085 3026/3538/2085
f 3026/3538/2086 3185/3697/2086 3029/3541/2086
f 3029/3541/2087 3188/3700/2087 3031/3543/2087
f 3031/3543/2088 3193/3705/2088 3033/3545/2088
f 3033/3545/2089 3197/3709/2089 3034/3546/2089
f 3034/3546/2090 3201/3713/2090 3036/3548/2090
f 3036/3548/2091 3205/3717/2091 3039/3551/2091
f 3039/3551/2092 3208/3720/2092 3040/3552/2092
f 3040/3552/2093 3213/3725/2093 3042/3554/2093
f 3042/3554/2094 3216/3728/2094 3044/3556/2094
f 3044/3556/2095 3220/3732/2095 3047/3559/2095
f 3047/3559/2096 3224/3736/2096 3049/3561/2096
f 3049/3561/2097 3228/3740/2097 3051/3563/2097
f 3051/3563/2098 3233/3745/2098 3053/3565/2098
f 3053/3565/2099 3237/3749/2099 3055/3567/2099
f 3055/3567/2100 3241/3753/2100 3056/3568/2100
f 3056/3568/2101 3244/3756/2101 3059/3571/2101
f 3059/3571/2102 3249/3761/2102 3060/3572/2102
f 3060/3572/2103 2966/3478/2103 2773/3285/2103
f 3145/3657/2104 3006/3518/2104 3138/3650/2104
f 3128/3640/2105 5772/6805/2105 5771/6803/2105
f 3133/3645/2106 3001/3513/2106 3128/3640/2106
f 3136/3648/2107 3003/3515/2107 3133/3645/2107
f 3149/3661/2108 3008/3520/2108 3145/3657/2108
f 3152/3664/2109 3011/3523/2109 3149/3661/2109
f 3013/3525/2110 3157/3669/2110 3015/3527/2110
f 3128/3640/2111 5780/6821/2111 3127/3639/2111
f 3131/3643/2112 3128/3640/2112 3127/3639/2112
f 3131/3643/2113 3136/3648/2113 3133/3645/2113
f 3142/3654/2114 3138/3650/2114 3140/3652/2114
f 3135/3647/2115 3138/3650/2115 3136/3648/2115
f 3147/3659/2116 3145/3657/2116 3142/3654/2116
f 3147/3659/2117 3152/3664/2117 3149/3661/2117
f 3159/3671/2143 3157/3669/2143 3154/3666/2143
f 3154/3666/2119 3152/3664/2119 3151/3663/2119
f 3163/3675/2120 3161/3673/2120 3159/3671/2120
f 3163/3675/2121 3169/3681/2121 3165/3677/2121
f 3174/3686/2122 3172/3684/2122 3170/3682/2122
f 3170/3682/2123 3169/3681/2123 3166/3678/2123
f 3174/3686/2124 3181/3693/2124 3177/3689/2124
f 3182/3694/2125 3181/3693/2125 3178/3690/2125
f 3187/3699/2126 3193/3705/2126 3188/3700/2126
f 3187/3699/2127 3185/3697/2127 3182/3694/2127
f 3195/3707/2128 3193/3705/2128 3190/3702/2128
f 3199/3711/2129 3197/3709/2129 3195/3707/2129
f 3202/3714/2130 3208/3720/2130 3205/3717/2130
f 3199/3711/2131 3205/3717/2131 3201/3713/2131
f 3206/3718/2132 3213/3725/2132 3208/3720/2132
f 3211/3723/2133 3216/3728/2133 3213/3725/2133
f 3223/3735/2134 3220/3732/2134 3218/3730/2134
f 3218/3730/2146 3216/3728/2146 3215/3727/2146
f 3223/3735/2136 3228/3740/2136 3224/3736/2136
f 3230/3742/2137 3228/3740/2137 3227/3739/2137
f 3235/3747/2138 3241/3753/2138 3237/3749/2138
f 3235/3747/2139 3233/3745/2139 3230/3742/2139
f 3238/3750/2140 3244/3756/2140 3241/3753/2140
f 3243/3755/2141 3249/3761/2141 3244/3756/2141
f 2965/3477/2142 3249/3761/2142 3247/3759/2142
f 3019/3531/406 3051/3563/406 2721/3233/406
f 2848/3360/412 3238/3750/412 3174/3686/412
f 3287/3799/2015 3426/3938/2015 3423/3935/2015
f 3448/3960/2016 3298/3810/2016 3300/3812/2016
f 3452/3964/2017 3300/3812/2017 3302/3814/2017
f 3456/3968/2018 3302/3814/2018 3303/3815/2018
f 3459/3971/2019 3303/3815/2019 3305/3817/2019
f 3463/3975/2020 3305/3817/2020 3308/3820/2020
f 3468/3980/2021 3308/3820/2021 3309/3821/2021
f 3471/3983/2022 3309/3821/2022 3312/3824/2022
f 3475/3987/2023 3312/3824/2023 3313/3825/2023
f 3480/3992/2024 3313/3825/2024 3316/3828/2024
f 3483/3995/2025 3316/3828/2025 3317/3829/2025
f 3487/3999/2026 3317/3829/2026 3320/3832/2026
f 3492/4004/2027 3320/3832/2027 3321/3833/2027
f 3496/4008/2028 3321/3833/2028 3323/3835/2028
f 3499/4011/2029 3323/3835/2029 3325/3837/2029
f 3503/4015/2030 3325/3837/2030 3328/3840/2030
f 3507/4019/2031 3328/3840/2031 3330/3842/2031
f 3511/4023/2032 3330/3842/2032 3332/3844/2032
f 3516/4028/2033 3332/3844/2033 3334/3846/2033
f 3519/4031/2034 3334/3846/2034 3336/3848/2034
f 3524/4036/2035 3336/3848/2035 3338/3850/2035
f 3528/4040/2036 3338/3850/2036 3339/3851/2036
f 3532/4044/2037 3339/3851/2037 3342/3854/2037
f 3535/4047/2038 3342/3854/2038 3343/3855/2038
f 3539/4051/2039 3343/3855/2039 3345/3857/2039
f 3290/3802/2040 3431/3943/2040 3426/3938/2040
f 3415/3927/2041 5809/6880/2041 3283/3795/2041
f 3283/3795/2042 3419/3931/2042 3415/3927/2042
f 3285/3797/2043 3423/3935/2043 3419/3931/2043
f 3292/3804/2044 3435/3947/2044 3431/3943/2044
f 3293/3805/2045 3439/3951/2045 3435/3947/2045
f 3443/3955/2046 3295/3807/2046 3298/3810/2046
f 3415/3927/2047 5798/6858/2047 5807/6876/2047
f 3415/3927/2048 3417/3929/2048 3414/3926/2048
f 3417/3929/2049 3423/3935/2049 3422/3934/2049
f 3426/3938/2050 3429/3941/2050 3428/3940/2050
f 3422/3934/2051 3426/3938/2051 3428/3940/2051
f 3431/3943/2052 3433/3945/2052 3429/3941/2052
f 3433/3945/2053 3439/3951/2053 3438/3950/2053
f 3441/3953/2054 3448/3960/2054 3445/3957/2054
f 3439/3951/2055 3441/3953/2055 3438/3950/2055
f 3448/3960/2056 3449/3961/2056 3445/3957/2056
f 3452/3964/2057 3453/3965/2057 3449/3961/2057
f 3459/3971/2058 3462/3974/2058 3458/3970/2058
f 3453/3965/2059 3459/3971/2059 3458/3970/2059
f 3462/3974/2060 3468/3980/2060 3466/3978/2060
f 3468/3980/2061 3470/3982/2061 3466/3978/2061
f 3474/3986/2062 3480/3992/2062 3477/3989/2062
f 3471/3983/2063 3474/3986/2063 3470/3982/2063
f 3480/3992/2064 3481/3993/2064 3477/3989/2064
f 3481/3993/2065 3487/3999/2065 3485/3997/2065
f 3490/4002/2066 3496/4008/2066 3493/4005/2066
f 3485/3997/2067 3492/4004/2067 3490/4002/2067
f 3493/4005/2068 3499/4011/2068 3497/4009/2068
f 3497/4009/2069 3503/4015/2069 3501/4013/2069
f 3507/4019/2070 3510/4022/2070 3505/4017/2070
f 3503/4015/2071 3505/4017/2071 3501/4013/2071
f 3510/4022/2072 3516/4028/2072 3513/4025/2072
f 3516/4028/2073 3517/4029/2073 3513/4025/2073
f 3521/4033/2074 3528/4040/2074 3525/4037/2074
f 3519/4031/2075 3521/4033/2075 3517/4029/2075
f 3525/4037/2076 3532/4044/2076 3529/4041/2076
f 3529/4041/2077 3535/4047/2077 3534/4046/2077
f 3535/4047/2078 3537/4049/2078 3534/4046/2078
f 3711/4259/2079 3577/4089/2079 3710/4258/2079
f 3587/4099/2080 3734/4288/2080 3590/4102/2080
f 3590/4102/2081 3738/4293/2081 3592/4104/2081
f 3592/4104/2082 3742/4298/2082 3594/4106/2082
f 3594/4106/2083 3745/4301/2083 3596/4108/2083
f 3596/4108/2084 3750/4308/2084 3597/4109/2084
f 3597/4109/2085 3753/4311/2085 3599/4111/2085
f 3599/4111/2086 3758/4318/2086 3602/4114/2086
f 3602/4114/2087 3762/4323/2087 3604/4116/2087
f 3604/4116/2088 3766/4328/2088 3606/4118/2088
f 3606/4118/2089 3770/4333/2089 3608/4120/2089
f 3608/4120/2090 3774/4338/2090 3610/4122/2090
f 3610/4122/2091 3778/4343/2091 3612/4124/2091
f 3612/4124/2092 3782/4348/2092 3614/4126/2092
f 3614/4126/2093 3786/4353/2093 3616/4128/2093
f 3616/4128/2094 3789/4356/2094 3617/4129/2094
f 3617/4129/2095 3794/4363/2095 3620/4132/2095
f 3620/4132/2096 3797/4367/2096 3621/4133/2096
f 3621/4133/2097 3802/4373/2097 3623/4135/2097
f 3623/4135/2098 3805/4376/2098 3625/4137/2098
f 3625/4137/2099 3810/4383/2099 3627/4139/2099
f 3627/4139/2100 3814/4388/2100 3629/4141/2100
f 3629/4141/2101 3818/4393/2101 3631/4143/2101
f 3631/4143/2102 3822/4398/2102 3633/4146/2102
f 3633/4146/2103 3539/4051/2103 3345/3857/2103
f 3718/4268/2104 3579/4091/2104 3711/4259/2104
f 3702/4248/2105 5790/6841/2105 5773/6807/2105
f 3706/4253/2106 3574/4086/2106 3702/4248/2106
f 3710/4258/2107 3576/4088/2107 3706/4253/2107
f 3722/4273/2108 3582/4094/2108 3718/4268/2108
f 3726/4278/2109 3583/4095/2109 3722/4273/2109
f 3585/4097/2110 3730/4283/2110 3587/4099/2110
f 3702/4248/2111 5781/6823/2111 3700/4245/2111
f 3704/4250/2112 3702/4248/2112 3700/4245/2112
f 3704/4250/2113 3710/4258/2113 3706/4253/2113
f 3716/4265/2114 3711/4259/2114 3714/4263/2114
f 3714/4263/2115 3710/4258/2115 3707/4254/2115
f 3720/4271/2116 3718/4268/2116 3716/4265/2116
f 3720/4271/2117 3726/4278/2117 3722/4273/2117
f 3727/4279/2118 3734/4288/2118 3730/4283/2118
f 3727/4279/2119 3726/4278/2119 3724/4276/2119
f 3736/4291/2120 3734/4288/2120 3731/4284/2120
f 3736/4291/2121 3742/4298/2121 3738/4293/2121
f 3748/4306/2122 3745/4301/2122 3743/4299/2122
f 3743/4299/2123 3742/4298/2123 3740/4295/2123
f 3748/4306/2124 3753/4311/2124 3750/4308/2124
f 3756/4315/2125 3753/4311/2125 3752/4310/2125
f 3760/4321/2126 3766/4328/2126 3762/4323/2126
f 3760/4321/2127 3758/4318/2127 3756/4315/2127
f 3767/4329/2128 3766/4328/2128 3763/4324/2128
f 3771/4334/2129 3770/4333/2129 3767/4329/2129
f 3775/4339/2130 3782/4348/2130 3778/4343/2130
f 3771/4334/2131 3778/4343/2131 3774/4338/2131
f 3779/4344/2132 3786/4353/2132 3782/4348/2132
f 3783/4349/2133 3789/4356/2133 3786/4353/2133
f 3795/4364/2134 3794/4363/2134 3791/4359/2134
f 3791/4359/2135 3789/4356/2135 3787/4354/2135
f 3795/4364/2136 3802/4373/2136 3797/4367/2136
f 3803/4374/2137 3802/4373/2137 3799/4369/2137
f 3807/4379/2138 3814/4388/2138 3810/4383/2138
f 3807/4379/2139 3805/4376/2139 3803/4374/2139
f 3812/4385/2140 3818/4393/2140 3814/4388/2140
f 3820/4395/2141 3818/4393/2141 3816/4390/2141
f 3537/4049/2142 3822/4398/2142 3820/4395/2142
f 3592/4104/406 3623/4135/406 3293/3805/406
f 3422/3934/412 3812/4385/412 3748/4306/412
f 5768/6798/2014 5817/6896/2014 5777/6816/2014
f 1386/1642/2147 3780/4345/2147 3784/4350/2147
f 258/387/2 3/4/2 260/390/2
f 260/390/2 264/396/2 266/399/2
f 266/399/2 268/402/2 270/405/2
f 270/405/2 272/408/2 274/411/2
f 274/411/2 276/414/2 278/417/2
f 278/417/2 279/418/2 281/421/2
f 281/421/2 284/426/2 286/429/2
f 286/429/2 288/432/2 290/435/2
f 290/435/2 292/438/2 294/441/2
f 294/441/2 296/444/2 298/447/2
f 298/447/2 299/448/2 301/451/2
f 301/451/2 303/454/2 305/457/2
f 305/457/2 307/460/2 310/465/2
f 310/465/2 311/466/2 314/471/2
f 314/471/2 315/472/2 317/475/2
f 317/475/2 320/480/2 322/483/2
f 322/483/2 324/486/2 326/489/2
f 326/489/2 328/492/2 329/493/2
f 329/493/2 331/496/2 334/501/2
f 334/501/2 336/504/2 338/507/2
f 338/507/2 340/510/2 342/513/2
f 342/513/2 344/516/2 346/519/2
f 346/519/2 348/522/2 350/525/2
f 350/525/2 352/528/2 354/531/2
f 354/531/2 356/534/2 358/537/2
f 358/537/2 359/538/2 361/541/2
f 361/541/2 363/544/2 365/547/2
f 365/547/2 367/550/2 369/553/2
f 369/553/2 371/556/2 374/561/2
f 374/561/2 376/564/2 378/567/2
f 378/567/2 380/570/2 382/573/2
f 382/573/2 384/576/2 386/579/2
f 386/579/2 388/582/2 389/583/2
f 389/583/2 392/588/2 393/589/2
f 393/589/2 395/592/2 397/595/2
f 397/595/2 399/598/2 402/603/2
f 402/603/2 404/606/2 406/609/2
f 406/609/2 408/612/2 410/615/2
f 410/615/2 412/618/2 414/621/2
f 414/621/2 416/624/2 419/628/2
f 419/628/2 423/633/2 427/638/2
f 427/638/2 431/643/2 434/647/2
f 434/647/2 438/652/2 443/658/2
f 443/658/2 447/663/2 451/668/2
f 451/668/2 455/673/2 457/675/2
f 457/675/2 461/680/2 466/687/2
f 466/687/2 469/690/2 472/694/2
f 472/694/2 476/699/2 480/704/2
f 480/704/2 484/710/2 486/713/2
f 486/713/2 488/716/2 490/719/2
f 490/719/2 491/720/2 494/725/2
f 494/725/2 496/728/2 498/731/2
f 498/731/2 500/734/2 502/737/2
f 502/737/2 504/740/2 506/743/2
f 506/743/2 508/746/2 510/749/2
f 510/749/2 512/752/2 514/755/2
f 514/755/2 516/758/2 518/761/2
f 518/761/2 520/764/2 522/767/2
f 522/767/2 524/770/2 526/773/2
f 526/773/2 528/776/2 530/779/2
f 530/779/2 532/782/2 533/783/2
f 533/783/2 535/786/2 537/789/2
f 537/789/2 540/794/2 541/795/2
f 541/795/2 544/800/2 545/801/2
f 545/801/2 547/803/2 262/393/2
f 262/393/2 5032/5828/2 5034/5831/2
f 262/393/2 5034/5831/2 5036/5834/2
f 541/795/2 545/801/2 262/393/2
f 533/783/2 537/789/2 541/795/2
f 526/773/2 530/779/2 533/783/2
f 518/761/2 522/767/2 526/773/2
f 510/749/2 514/755/2 518/761/2
f 502/737/2 506/743/2 510/749/2
f 494/725/2 498/731/2 502/737/2
f 486/713/2 490/719/2 494/725/2
f 472/694/2 480/704/2 486/713/2
f 457/675/2 466/687/2 472/694/2
f 443/658/2 451/668/2 457/675/2
f 427/638/2 434/647/2 443/658/2
f 414/621/2 419/628/2 427/638/2
f 406/609/2 410/615/2 414/621/2
f 397/595/2 402/603/2 406/609/2
f 389/583/2 393/589/2 397/595/2
f 382/573/2 386/579/2 389/583/2
f 374/561/2 378/567/2 382/573/2
f 365/547/2 369/553/2 374/561/2
f 358/537/2 361/541/2 365/547/2
f 350/525/2 354/531/2 358/537/2
f 342/513/2 346/519/2 350/525/2
f 334/501/2 338/507/2 342/513/2
f 326/489/2 329/493/2 334/501/2
f 317/475/2 322/483/2 326/489/2
f 310/465/2 314/471/2 317/475/2
f 301/451/2 305/457/2 310/465/2
f 294/441/2 298/447/2 301/451/2
f 286/429/2 290/435/2 294/441/2
f 278/417/2 281/421/2 286/429/2
f 270/405/2 274/411/2 278/417/2
f 260/390/2 266/399/2 270/405/2
f 256/384/2 258/387/2 260/390/2
f 251/376/2 254/381/2 256/384/2
f 247/370/2 249/373/2 251/376/2
f 243/364/2 245/367/2 247/370/2
f 240/360/2 242/363/2 243/364/2
f 236/354/2 238/357/2 240/360/2
f 232/348/2 234/351/2 236/354/2
f 228/342/2 230/345/2 232/348/2
f 224/336/2 225/337/2 228/342/2
f 220/330/2 222/333/2 224/336/2
f 215/322/2 217/325/2 220/330/2
f 212/318/2 213/319/2 215/322/2
f 207/310/2 209/313/2 212/318/2
f 203/304/2 206/309/2 207/310/2
f 200/300/2 201/301/2 203/304/2
f 196/294/2 197/295/2 200/300/2
f 192/288/2 194/291/2 196/294/2
f 188/282/2 189/283/2 192/288/2
f 184/276/2 185/277/2 188/282/2
f 179/268/2 181/271/2 184/276/2
f 175/262/2 177/265/2 179/268/2
f 172/258/2 173/259/2 175/262/2
f 167/250/2 169/253/2 172/258/2
f 164/246/2 165/247/2 167/250/2
f 159/238/2 161/241/2 164/246/2
f 155/232/2 157/235/2 159/238/2
f 151/226/2 153/229/2 155/232/2
f 147/220/2 149/223/2 151/226/2
f 144/216/2 146/219/2 147/220/2
f 139/208/2 142/213/2 144/216/2
f 135/202/2 137/205/2 139/208/2
f 132/198/2 133/199/2 135/202/2
f 127/190/2 130/195/2 132/198/2
f 124/186/2 125/187/2 127/190/2
f 120/180/2 122/183/2 124/186/2
f 115/172/2 118/177/2 120/180/2
f 112/168/2 113/169/2 115/172/2
f 108/162/2 110/165/2 112/168/2
f 104/156/2 106/159/2 108/162/2
f 100/150/2 102/153/2 104/156/2
f 96/144/2 98/147/2 100/150/2
f 92/138/2 94/141/2 96/144/2
f 88/132/2 90/135/2 92/138/2
f 84/126/2 86/129/2 88/132/2
f 80/120/2 82/123/2 84/126/2
f 76/114/2 78/117/2 80/120/2
f 72/108/2 74/111/2 76/114/2
f 68/102/2 70/105/2 72/108/2
f 64/96/2 66/99/2 68/102/2
f 60/90/2 62/93/2 64/96/2
f 56/84/2 58/87/2 60/90/2
f 52/78/2 54/81/2 56/84/2
f 48/72/2 50/75/2 52/78/2
f 44/66/2 46/69/2 48/72/2
f 39/58/2 41/61/2 44/66/2
f 36/54/2 38/57/2 39/58/2
f 32/48/2 34/51/2 36/54/2
f 28/42/2 30/45/2 32/48/2
f 24/36/2 26/39/2 28/42/2
f 20/30/2 22/33/2 24/36/2
f 16/24/2 18/27/2 20/30/2
f 12/18/2 14/21/2 16/24/2
f 8/12/2 10/15/2 12/18/2
f 2/3/2 5/7/2 8/12/2
f 199/298/2 202/302/2 2/3/2
f 198/296/2 199/298/2 2/3/2
f 2/3/2 8/12/2 12/18/2
f 12/18/2 16/24/2 20/30/2
f 20/30/2 24/36/2 28/42/2
f 28/42/2 32/48/2 36/54/2
f 36/54/2 39/58/2 44/66/2
f 44/66/2 48/72/2 52/78/2
f 52/78/2 56/84/2 60/90/2
f 60/90/2 64/96/2 68/102/2
f 68/102/2 72/108/2 76/114/2
f 76/114/2 80/120/2 84/126/2
f 84/126/2 88/132/2 92/138/2
f 92/138/2 96/144/2 100/150/2
f 100/150/2 104/156/2 108/162/2
f 108/162/2 112/168/2 115/172/2
f 115/172/2 120/180/2 124/186/2
f 124/186/2 127/190/2 132/198/2
f 132/198/2 135/202/2 139/208/2
f 139/208/2 144/216/2 147/220/2
f 147/220/2 151/226/2 155/232/2
f 155/232/2 159/238/2 164/246/2
f 164/246/2 167/250/2 172/258/2
f 172/258/2 175/262/2 179/268/2
f 179/268/2 184/276/2 188/282/2
f 188/282/2 192/288/2 196/294/2
f 196/294/2 200/300/2 203/304/2
f 203/304/2 207/310/2 212/318/2
f 212/318/2 215/322/2 220/330/2
f 220/330/2 224/336/2 228/342/2
f 228/342/2 232/348/2 236/354/2
f 236/354/2 240/360/2 243/364/2
f 243/364/2 247/370/2 251/376/2
f 251/376/2 256/384/2 260/390/2
f 260/390/2 270/405/2 278/417/2
f 278/417/2 286/429/2 294/441/2
f 294/441/2 301/451/2 310/465/2
f 310/465/2 317/475/2 326/489/2
f 326/489/2 334/501/2 342/513/2
f 342/513/2 350/525/2 358/537/2
f 358/537/2 365/547/2 374/561/2
f 374/561/2 382/573/2 389/583/2
f 389/583/2 397/595/2 406/609/2
f 406/609/2 414/621/2 427/638/2
f 427/638/2 443/658/2 457/675/2
f 457/675/2 472/694/2 486/713/2
f 486/713/2 494/725/2 502/737/2
f 502/737/2 510/749/2 518/761/2
f 518/761/2 526/773/2 533/783/2
f 533/783/2 541/795/2 262/393/2
f 262/393/2 5036/5834/2 5038/5837/2
f 262/393/2 5038/5837/2 5040/5840/2
f 518/761/2 533/783/2 262/393/2
f 486/713/2 502/737/2 518/761/2
f 427/638/2 457/675/2 486/713/2
f 389/583/2 406/609/2 427/638/2
f 358/537/2 374/561/2 389/583/2
f 326/489/2 342/513/2 358/537/2
f 294/441/2 310/465/2 326/489/2
f 260/390/2 278/417/2 294/441/2
f 243/364/2 251/376/2 260/390/2
f 228/342/2 236/354/2 243/364/2
f 212/318/2 220/330/2 228/342/2
f 196/294/2 203/304/2 212/318/2
f 179/268/2 188/282/2 196/294/2
f 164/246/2 172/258/2 179/268/2
f 147/220/2 155/232/2 164/246/2
f 132/198/2 139/208/2 147/220/2
f 115/172/2 124/186/2 132/198/2
f 100/150/2 108/162/2 115/172/2
f 84/126/2 92/138/2 100/150/2
f 68/102/2 76/114/2 84/126/2
f 52/78/2 60/90/2 68/102/2
f 36/54/2 44/66/2 52/78/2
f 20/30/2 28/42/2 36/54/2
f 2/3/2 12/18/2 20/30/2
f 195/292/2 198/296/2 2/3/2
f 193/289/2 195/292/2 2/3/2
f 2/3/2 20/30/2 36/54/2
f 36/54/2 52/78/2 68/102/2
f 68/102/2 84/126/2 100/150/2
f 100/150/2 115/172/2 132/198/2
f 132/198/2 147/220/2 164/246/2
f 164/246/2 179/268/2 196/294/2
f 196/294/2 212/318/2 228/342/2
f 228/342/2 243/364/2 260/390/2
f 260/390/2 294/441/2 326/489/2
f 326/489/2 358/537/2 389/583/2
f 389/583/2 427/638/2 486/713/2
f 486/713/2 518/761/2 262/393/2
f 262/393/2 5040/5840/2 5042/5843/2
f 262/393/2 5042/5843/2 5044/5846/2
f 389/583/2 486/713/2 262/393/2
f 260/390/2 326/489/2 389/583/2
f 196/294/2 228/342/2 260/390/2
f 132/198/2 164/246/2 196/294/2
f 68/102/2 100/150/2 132/198/2
f 2/3/2 36/54/2 68/102/2
f 191/286/2 193/289/2 2/3/2
f 190/284/2 191/286/2 2/3/2
f 2/3/2 68/102/2 132/198/2
f 132/198/2 196/294/2 260/390/2
f 260/390/2 389/583/2 262/393/2
f 262/393/2 5044/5846/2 5046/5849/2
f 262/393/2 5046/5849/2 5048/5852/2
f 132/198/2 260/390/2 262/393/2
f 190/284/2 2/3/2 132/198/2
f 187/280/2 190/284/2 132/198/2
f 262/393/2 5048/5852/2 5050/5855/2
f 262/393/2 5050/5855/2 5052/5858/2
f 186/278/2 187/280/2 132/198/2
f 183/274/2 186/278/2 132/198/2
f 262/393/2 5052/5858/2 5054/5861/2
f 262/393/2 5054/5861/2 5056/5864/2
f 182/272/2 183/274/2 132/198/2
f 180/269/2 182/272/2 132/198/2
f 262/393/2 5056/5864/2 5057/5866/2
f 262/393/2 5057/5866/2 5059/5869/2
f 178/266/2 180/269/2 132/198/2
f 176/263/2 178/266/2 132/198/2
f 262/393/2 5059/5869/2 5061/5872/2
f 262/393/2 5061/5872/2 5063/5875/2
f 174/260/2 176/263/2 132/198/2
f 171/256/2 174/260/2 132/198/2
f 262/393/2 5063/5875/2 5066/5879/2
f 262/393/2 5066/5879/2 5067/5881/2
f 170/254/2 171/256/2 132/198/2
f 168/251/2 170/254/2 132/198/2
f 262/393/2 5067/5881/2 5070/5885/2
f 262/393/2 5070/5885/2 5072/5888/2
f 166/248/2 168/251/2 132/198/2
f 163/244/2 166/248/2 132/198/2
f 262/393/2 5072/5888/2 5073/5890/2
f 262/393/2 5073/5890/2 5075/5893/2
f 162/242/2 163/244/2 132/198/2
f 160/239/2 162/242/2 132/198/2
f 262/393/2 5075/5893/2 5078/5897/2
f 262/393/2 5078/5897/2 5080/5900/2
f 158/236/2 160/239/2 132/198/2
f 156/233/2 158/236/2 132/198/2
f 262/393/2 5080/5900/2 5081/5902/2
f 262/393/2 5081/5902/2 5084/5906/2
f 154/230/2 156/233/2 132/198/2
f 152/227/2 154/230/2 132/198/2
f 262/393/2 5084/5906/2 5086/5909/2
f 262/393/2 5086/5909/2 5088/5912/2
f 150/224/2 152/227/2 132/198/2
f 148/221/2 150/224/2 132/198/2
f 262/393/2 5088/5912/2 5089/5914/2
f 262/393/2 5089/5914/2 5092/5918/2
f 145/217/2 148/221/2 132/198/2
f 143/214/2 145/217/2 132/198/2
f 262/393/2 5092/5918/2 5094/5921/2
f 262/393/2 5094/5921/2 5096/5924/2
f 141/211/2 143/214/2 132/198/2
f 140/209/2 141/211/2 132/198/2
f 262/393/2 5096/5924/2 5097/5926/2
f 262/393/2 5097/5926/2 5099/5929/2
f 138/206/2 140/209/2 132/198/2
f 136/203/2 138/206/2 132/198/2
f 132/198/2 262/393/2 5099/5929/2
f 132/198/2 5099/5929/2 5102/5933/2
f 134/200/2 136/203/2 132/198/2
f 131/196/2 134/200/2 132/198/2
f 132/198/2 5102/5933/2 5103/5935/2
f 132/198/2 5103/5935/2 5105/5938/2
f 129/193/2 131/196/2 132/198/2
f 128/191/2 129/193/2 132/198/2
f 132/198/2 5105/5938/2 5107/5941/2
f 132/198/2 5107/5941/2 5109/5944/2
f 126/188/2 128/191/2 132/198/2
f 123/184/2 126/188/2 132/198/2
f 132/198/2 5109/5944/2 5111/5947/2
f 132/198/2 5111/5947/2 5114/5951/2
f 121/181/2 123/184/2 132/198/2
f 119/178/2 121/181/2 132/198/2
f 132/198/2 5114/5951/2 5115/5953/2
f 132/198/2 5115/5953/2 5117/5956/2
f 117/175/2 119/178/2 132/198/2
f 116/173/2 117/175/2 132/198/2
f 132/198/2 5117/5956/2 5119/5959/2
f 132/198/2 5119/5959/2 5122/5963/2
f 114/170/2 116/173/2 132/198/2
f 111/166/2 114/170/2 132/198/2
f 132/198/2 5122/5963/2 5124/5966/2
f 132/198/2 5124/5966/2 5126/5969/2
f 109/163/2 111/166/2 132/198/2
f 107/160/2 109/163/2 132/198/2
f 132/198/2 5126/5969/2 5128/5972/2
f 132/198/2 5128/5972/2 5130/5975/2
f 107/160/2 132/198/2 5130/5975/2
f 107/160/2 5130/5975/2 5132/5978/2
f 105/157/2 107/160/2 5132/5978/2
f 105/157/2 5132/5978/2 5134/5981/2
f 103/154/2 105/157/2 5134/5981/2
f 103/154/2 5134/5981/2 5136/5984/2
f 101/151/2 103/154/2 5136/5984/2
f 101/151/2 5136/5984/2 5138/5987/2
f 99/148/2 101/151/2 5138/5987/2
f 99/148/2 5138/5987/2 5140/5990/2
f 97/145/2 99/148/2 5140/5990/2
f 97/145/2 5140/5990/2 5142/5993/2
f 95/142/2 97/145/2 5142/5993/2
f 95/142/2 5142/5993/2 5144/5996/2
f 93/139/2 95/142/2 5144/5996/2
f 93/139/2 5144/5996/2 5146/5999/2
f 91/136/2 93/139/2 5146/5999/2
f 91/136/2 5146/5999/2 5148/6002/2
f 89/133/2 91/136/2 5148/6002/2
f 89/133/2 5148/6002/2 5150/6005/2
f 87/130/2 89/133/2 5150/6005/2
f 87/130/2 5150/6005/2 5152/6008/2
f 85/127/2 87/130/2 5152/6008/2
f 85/127/2 5152/6008/2 5154/6011/2
f 83/124/2 85/127/2 5154/6011/2
f 83/124/2 5154/6011/2 5156/6014/2
f 81/121/2 83/124/2 5156/6014/2
f 81/121/2 5156/6014/2 5158/6017/2
f 79/118/2 81/121/2 5158/6017/2
f 79/118/2 5158/6017/2 5160/6020/2
f 77/115/2 79/118/2 5160/6020/2
f 77/115/2 5160/6020/2 5162/6023/2
f 75/112/2 77/115/2 5162/6023/2
f 75/112/2 5162/6023/2 5164/6026/2
f 73/109/2 75/112/2 5164/6026/2
f 73/109/2 5164/6026/2 5166/6029/2
f 71/106/2 73/109/2 5166/6029/2
f 71/106/2 5166/6029/2 5168/6032/2
f 69/103/2 71/106/2 5168/6032/2
f 69/103/2 5168/6032/2 5169/6034/2
f 67/100/2 69/103/2 5169/6034/2
f 67/100/2 5169/6034/2 5171/6037/2
f 65/97/2 67/100/2 5171/6037/2
f 65/97/2 5171/6037/2 5173/6040/2
f 63/94/2 65/97/2 5173/6040/2
f 63/94/2 5173/6040/2 5175/6043/2
f 61/91/2 63/94/2 5175/6043/2
f 61/91/2 5175/6043/2 5177/6046/2
f 59/88/2 61/91/2 5177/6046/2
f 59/88/2 5177/6046/2 5179/6049/2
f 57/85/2 59/88/2 5179/6049/2
f 57/85/2 5179/6049/2 5181/6052/2
f 55/82/2 57/85/2 5181/6052/2
f 55/82/2 5181/6052/2 5183/6055/2
f 53/79/2 55/82/2 5183/6055/2
f 53/79/2 5183/6055/2 5185/6058/2
f 51/76/2 53/79/2 5185/6058/2
f 51/76/2 5185/6058/2 5187/6061/2
f 49/73/2 51/76/2 5187/6061/2
f 49/73/2 5187/6061/2 5189/6064/2
f 47/70/2 49/73/2 5189/6064/2
f 47/70/2 5189/6064/2 5191/6067/2
f 45/67/2 47/70/2 5191/6067/2
f 45/67/2 5191/6067/2 5193/6070/2
f 43/64/2 45/67/2 5193/6070/2
f 43/64/2 5193/6070/2 5195/6073/2
f 42/62/2 43/64/2 5195/6073/2
f 42/62/2 5195/6073/2 5197/6076/2
f 40/59/2 42/62/2 5197/6076/2
f 40/59/2 5197/6076/2 5199/6079/2
f 37/55/2 40/59/2 5199/6079/2
f 37/55/2 5199/6079/2 5201/6082/2
f 35/52/2 37/55/2 5201/6082/2
f 35/52/2 5201/6082/2 5203/6085/2
f 33/49/2 35/52/2 5203/6085/2
f 33/49/2 5203/6085/2 5205/6088/2
f 31/46/2 33/49/2 5205/6088/2
f 31/46/2 5205/6088/2 5207/6091/2
f 29/43/2 31/46/2 5207/6091/2
f 29/43/2 5207/6091/2 5209/6094/2
f 27/40/2 29/43/2 5209/6094/2
f 27/40/2 5209/6094/2 5211/6097/2
f 25/37/2 27/40/2 5211/6097/2
f 25/37/2 5211/6097/2 5213/6100/2
f 23/34/2 25/37/2 5213/6100/2
f 23/34/2 5213/6100/2 5215/6103/2
f 21/31/2 23/34/2 5215/6103/2
f 21/31/2 5215/6103/2 5217/6106/2
f 19/28/2 21/31/2 5217/6106/2
f 19/28/2 5217/6106/2 5219/6109/2
f 17/25/2 19/28/2 5219/6109/2
f 17/25/2 5219/6109/2 5221/6112/2
f 15/22/2 17/25/2 5221/6112/2
f 15/22/2 5221/6112/2 5223/6115/2
f 13/19/2 15/22/2 5223/6115/2
f 13/19/2 5223/6115/2 5225/6118/2
f 11/16/2 13/19/2 5225/6118/2
f 11/16/2 5225/6118/2 5227/6121/2
f 9/13/2 11/16/2 5227/6121/2
f 9/13/2 5227/6121/2 5230/6125/2
f 7/10/2 9/13/2 5230/6125/2
f 7/10/2 5230/6125/2 5231/6127/2
f 6/8/2 7/10/2 5231/6127/2
f 6/8/2 5231/6127/2 5234/6131/2
f 4/5/2 6/8/2 5234/6131/2
f 4/5/2 5234/6131/2 5235/6133/2
f 1/1/2 4/5/2 5235/6133/2
f 1/1/2 5235/6133/2 5237/6136/2
f 543/798/2 1/1/2 5237/6136/2
f 543/798/2 5237/6136/2 5239/6139/2
f 542/796/2 543/798/2 5239/6139/2
f 542/796/2 5239/6139/2 5241/6142/2
f 539/792/2 542/796/2 5241/6142/2
f 539/792/2 5241/6142/2 5243/6145/2
f 538/790/2 539/792/2 5243/6145/2
f 538/790/2 5243/6145/2 5245/6148/2
f 536/787/2 538/790/2 5245/6148/2
f 536/787/2 5245/6148/2 5247/6151/2
f 534/784/2 536/787/2 5247/6151/2
f 534/784/2 5247/6151/2 5249/6154/2
f 531/780/2 534/784/2 5249/6154/2
f 531/780/2 5249/6154/2 5251/6157/2
f 529/777/2 531/780/2 5251/6157/2
f 529/777/2 5251/6157/2 5253/6160/2
f 527/774/2 529/777/2 5253/6160/2
f 527/774/2 5253/6160/2 5255/6163/2
f 525/771/2 527/774/2 5255/6163/2
f 525/771/2 5255/6163/2 5257/6166/2
f 523/768/2 525/771/2 5257/6166/2
f 523/768/2 5257/6166/2 5259/6169/2
f 521/765/2 523/768/2 5259/6169/2
f 521/765/2 5259/6169/2 5261/6172/2
f 519/762/2 521/765/2 5261/6172/2
f 519/762/2 5261/6172/2 5263/6175/2
f 517/759/2 519/762/2 5263/6175/2
f 517/759/2 5263/6175/2 5266/6179/2
f 515/756/2 517/759/2 5266/6179/2
f 515/756/2 5266/6179/2 5268/6182/2
f 513/753/2 515/756/2 5268/6182/2
f 513/753/2 5268/6182/2 5270/6185/2
f 511/750/2 513/753/2 5270/6185/2
f 511/750/2 5270/6185/2 5272/6188/2
f 509/747/2 511/750/2 5272/6188/2
f 509/747/2 5272/6188/2 5274/6191/2
f 507/744/2 509/747/2 5274/6191/2
f 507/744/2 5274/6191/2 5276/6194/2
f 505/741/2 507/744/2 5276/6194/2
f 505/741/2 5276/6194/2 5278/6197/2
f 503/738/2 505/741/2 5278/6197/2
f 503/738/2 5278/6197/2 5280/6200/2
f 501/735/2 503/738/2 5280/6200/2
f 501/735/2 5280/6200/2 5281/6202/2
f 499/732/2 501/735/2 5281/6202/2
f 499/732/2 5281/6202/2 5284/6206/2
f 497/729/2 499/732/2 5284/6206/2
f 497/729/2 5284/6206/2 5285/6208/2
f 495/726/2 497/729/2 5285/6208/2
f 495/726/2 5285/6208/2 5287/6211/2
f 493/723/2 495/726/2 5287/6211/2
f 493/723/2 5287/6211/2 5289/6214/2
f 492/721/2 493/723/2 5289/6214/2
f 492/721/2 5289/6214/2 5291/6217/2
f 489/717/2 492/721/2 5291/6217/2
f 489/717/2 5291/6217/2 5294/6221/2
f 487/714/2 489/717/2 5294/6221/2
f 487/714/2 5294/6221/2 5295/6223/2
f 485/711/2 487/714/2 5295/6223/2
f 485/711/2 5295/6223/2 5297/6226/2
f 483/708/2 485/711/2 5297/6226/2
f 483/708/2 5297/6226/2 5299/6229/2
f 482/706/2 483/708/2 5299/6229/2
f 482/706/2 5299/6229/2 5301/6232/2
f 478/701/2 482/706/2 5301/6232/2
f 478/701/2 5301/6232/2 5303/6235/2
f 474/696/2 478/701/2 5303/6235/2
f 474/696/2 5303/6235/2 5305/6238/2
f 470/691/2 474/696/2 5305/6238/2
f 470/691/2 5305/6238/2 5307/6241/2
f 464/684/2 470/691/2 5307/6241/2
f 464/684/2 5307/6241/2 5310/6245/2
f 463/682/2 464/684/2 5310/6245/2
f 463/682/2 5310/6245/2 5312/6248/2
f 458/676/2 463/682/2 5312/6248/2
f 458/676/2 5312/6248/2 5314/6251/2
f 452/669/2 458/676/2 5314/6251/2
f 452/669/2 5314/6251/2 5316/6254/2
f 448/664/2 452/669/2 5316/6254/2
f 448/664/2 5316/6254/2 5318/6257/2
f 444/659/2 448/664/2 5318/6257/2
f 444/659/2 5318/6257/2 5319/6259/2
f 440/654/2 444/659/2 5319/6259/2
f 440/654/2 5319/6259/2 5322/6263/2
f 436/649/2 440/654/2 5322/6263/2
f 436/649/2 5322/6263/2 5324/6266/2
f 432/644/2 436/649/2 5324/6266/2
f 432/644/2 5324/6266/2 5326/6269/2
f 429/640/2 432/644/2 5326/6269/2
f 429/640/2 5326/6269/2 5328/6272/2
f 425/635/2 429/640/2 5328/6272/2
f 425/635/2 5328/6272/2 5330/6275/2
f 421/630/2 425/635/2 5330/6275/2
f 421/630/2 5330/6275/2 5331/6277/2
f 417/625/2 421/630/2 5331/6277/2
f 417/625/2 5331/6277/2 5333/6280/2
f 415/622/2 417/625/2 5333/6280/2
f 415/622/2 5333/6280/2 5335/6283/2
f 413/619/2 415/622/2 5335/6283/2
f 413/619/2 5335/6283/2 5338/6287/2
f 411/616/2 413/619/2 5338/6287/2
f 411/616/2 5338/6287/2 5339/6289/2
f 409/613/2 411/616/2 5339/6289/2
f 409/613/2 5339/6289/2 5341/6292/2
f 407/610/2 409/613/2 5341/6292/2
f 407/610/2 5341/6292/2 5343/6295/2
f 405/607/2 407/610/2 5343/6295/2
f 405/607/2 5343/6295/2 5345/6298/2
f 403/604/2 405/607/2 5345/6298/2
f 403/604/2 5345/6298/2 5347/6301/2
f 401/601/2 403/604/2 5347/6301/2
f 401/601/2 5347/6301/2 5349/6304/2
f 400/599/2 401/601/2 5349/6304/2
f 400/599/2 5349/6304/2 5351/6307/2
f 398/596/2 400/599/2 5351/6307/2
f 398/596/2 5351/6307/2 5353/6310/2
f 396/593/2 398/596/2 5353/6310/2
f 396/593/2 5353/6310/2 5355/6313/2
f 394/590/2 396/593/2 5355/6313/2
f 5358/6317/2 5360/6320/2 3823/4399/2
f 394/590/2 5355/6313/2 5358/6317/2
f 391/586/2 394/590/2 5358/6317/2
f 5358/6317/2 3823/4399/2 3825/4402/2
f 5358/6317/2 3825/4402/2 3828/4406/2
f 390/584/2 391/586/2 5358/6317/2
f 1915/2235/2 385/577/2 387/580/2
f 387/580/2 390/584/2 5358/6317/2
f 5358/6317/2 3828/4406/2 3830/4409/2
f 5358/6317/2 3830/4409/2 3831/4411/2
f 1915/2235/2 387/580/2 5358/6317/2
f 1910/2229/2 1915/2235/2 5358/6317/2
f 5358/6317/2 3831/4411/2 3833/4414/2
f 5358/6317/2 3833/4414/2 3835/4417/2
f 1906/2224/2 1910/2229/2 5358/6317/2
f 1902/2219/2 1906/2224/2 5358/6317/2
f 5358/6317/2 3835/4417/2 3837/4420/2
f 5358/6317/2 3837/4420/2 3839/4423/2
f 1899/2215/2 1902/2219/2 5358/6317/2
f 1895/2210/2 1899/2215/2 5358/6317/2
f 5358/6317/2 3839/4423/2 3841/4426/2
f 5358/6317/2 3841/4426/2 3843/4429/2
f 1890/2204/2 1895/2210/2 5358/6317/2
f 1886/2199/2 1890/2204/2 5358/6317/2
f 5358/6317/2 3843/4429/2 3845/4432/2
f 5358/6317/2 3845/4432/2 3847/4435/2
f 1882/2194/2 1886/2199/2 5358/6317/2
f 1879/2190/2 1882/2194/2 5358/6317/2
f 5358/6317/2 3847/4435/2 3850/4439/2
f 5358/6317/2 3850/4439/2 3852/4442/2
f 1875/2185/2 1879/2190/2 5358/6317/2
f 1871/2180/2 1875/2185/2 5358/6317/2
f 5358/6317/2 3852/4442/2 3853/4444/2
f 5358/6317/2 3853/4444/2 3856/4448/2
f 1866/2174/2 1871/2180/2 5358/6317/2
f 1863/2170/2 1866/2174/2 5358/6317/2
f 5358/6317/2 3856/4448/2 3857/4450/2
f 5358/6317/2 3857/4450/2 3859/4453/2
f 1859/2165/2 1863/2170/2 5358/6317/2
f 1855/2160/2 1859/2165/2 5358/6317/2
f 5358/6317/2 3859/4453/2 3861/4456/2
f 5358/6317/2 3861/4456/2 3863/4459/2
f 1852/2156/2 1855/2160/2 5358/6317/2
f 1849/2152/2 1852/2156/2 5358/6317/2
f 5358/6317/2 3863/4459/2 3865/4462/2
f 5358/6317/2 3865/4462/2 3868/4466/2
f 1847/2149/2 1849/2152/2 5358/6317/2
f 1845/2146/2 1847/2149/2 5358/6317/2
f 5358/6317/2 3868/4466/2 3870/4469/2
f 5358/6317/2 3870/4469/2 3871/4471/2
f 1844/2144/2 1845/2146/2 5358/6317/2
f 1842/2141/2 1844/2144/2 5358/6317/2
f 5358/6317/2 3871/4471/2 3874/4475/2
f 5358/6317/2 3874/4475/2 3876/4478/2
f 1840/2138/2 1842/2141/2 5358/6317/2
f 1838/2135/2 1840/2138/2 5358/6317/2
f 5358/6317/2 3876/4478/2 3877/4480/2
f 5358/6317/2 3877/4480/2 3880/4484/2
f 1836/2132/2 1838/2135/2 5358/6317/2
f 1834/2129/2 1836/2132/2 5358/6317/2
f 5358/6317/2 3880/4484/2 3881/4486/2
f 5358/6317/2 3881/4486/2 3883/4489/2
f 1832/2126/2 1834/2129/2 5358/6317/2
f 1830/2123/2 1832/2126/2 5358/6317/2
f 5358/6317/2 3883/4489/2 3885/4492/2
f 5358/6317/2 3885/4492/2 3887/4495/2
f 1828/2120/2 1830/2123/2 5358/6317/2
f 1826/2117/2 1828/2120/2 5358/6317/2
f 5358/6317/2 3887/4495/2 3889/4498/2
f 5358/6317/2 3889/4498/2 3891/4501/2
f 1824/2114/2 1826/2117/2 5358/6317/2
f 1822/2111/2 1824/2114/2 5358/6317/2
f 5358/6317/2 3891/4501/2 3894/4505/2
f 5358/6317/2 3894/4505/2 3895/4507/2
f 1818/2106/2 1822/2111/2 5358/6317/2
f 1814/2101/2 1818/2106/2 5358/6317/2
f 5358/6317/2 3895/4507/2 3897/4510/2
f 5358/6317/2 3897/4510/2 3900/4514/2
f 1811/2097/2 1814/2101/2 5358/6317/2
f 1806/2091/2 1811/2097/2 5358/6317/2
f 5358/6317/2 3900/4514/2 3902/4517/2
f 5358/6317/2 3902/4517/2 3903/4519/2
f 1803/2087/2 1806/2091/2 5358/6317/2
f 1798/2081/2 1803/2087/2 5358/6317/2
f 5358/6317/2 3903/4519/2 3905/4522/2
f 5358/6317/2 3905/4522/2 3907/4525/2
f 1794/2076/2 1798/2081/2 5358/6317/2
f 1791/2072/2 1794/2076/2 5358/6317/2
f 5358/6317/2 3907/4525/2 3909/4528/2
f 5358/6317/2 3909/4528/2 3911/4531/2
f 1787/2067/2 1791/2072/2 5358/6317/2
f 1782/2061/2 1787/2067/2 5358/6317/2
f 5358/6317/2 3911/4531/2 3913/4534/2
f 5358/6317/2 3913/4534/2 3916/4538/2
f 1778/2056/2 1782/2061/2 5358/6317/2
f 1773/2050/2 1778/2056/2 5358/6317/2
f 5358/6317/2 3916/4538/2 3918/4541/2
f 5358/6317/2 3918/4541/2 3920/4544/2
f 1771/2047/2 1773/2050/2 5358/6317/2
f 1766/2041/2 1771/2047/2 5358/6317/2
f 5358/6317/2 3920/4544/2 3921/4546/2
f 5358/6317/2 3921/4546/2 3923/4549/2
f 1760/2034/2 1766/2041/2 5358/6317/2
f 1756/2029/2 1760/2034/2 5358/6317/2
f 5358/6317/2 3923/4549/2 3926/4553/2
f 5358/6317/2 3926/4553/2 3927/4555/2
f 1753/2025/2 1756/2029/2 5358/6317/2
f 1749/2020/2 1753/2025/2 5358/6317/2
f 5358/6317/2 3927/4555/2 3929/4558/2
f 5358/6317/2 3929/4558/2 3931/4561/2
f 1745/2015/2 1749/2020/2 5358/6317/2
f 1741/2010/2 1745/2015/2 5358/6317/2
f 5358/6317/2 3931/4561/2 3933/4564/2
f 5358/6317/2 3933/4564/2 3935/4567/2
f 1736/2004/2 1741/2010/2 5358/6317/2
f 1732/1999/2 1736/2004/2 5358/6317/2
f 5358/6317/2 3935/4567/2 3937/4570/2
f 5358/6317/2 3937/4570/2 3939/4573/2
f 1728/1994/2 1732/1999/2 5358/6317/2
f 1725/1990/2 1728/1994/2 5358/6317/2
f 1725/1990/2 5358/6317/2 3939/4573/2
f 1723/1987/2 1725/1990/2 3939/4573/2
f 1723/1987/2 3939/4573/2 3941/4576/2
f 1717/1980/2 1723/1987/2 3941/4576/2
f 1717/1980/2 3941/4576/2 3944/4580/2
f 1712/1974/2 1717/1980/2 3944/4580/2
f 1712/1974/2 3944/4580/2 3945/4582/2
f 1708/1969/2 1712/1974/2 3945/4582/2
f 1708/1969/2 3945/4582/2 3947/4585/2
f 1704/1964/2 1708/1969/2 3947/4585/2
f 1704/1964/2 3947/4585/2 3949/4588/2
f 1700/1959/2 1704/1964/2 3949/4588/2
f 1700/1959/2 3949/4588/2 3951/4591/2
f 1696/1954/2 1700/1959/2 3951/4591/2
f 1696/1954/2 3951/4591/2 3953/4594/2
f 1693/1950/2 1696/1954/2 3953/4594/2
f 1693/1950/2 3953/4594/2 3955/4597/2
f 1692/1948/2 1693/1950/2 3955/4597/2
f 1692/1948/2 3955/4597/2 3957/4600/2
f 2484/2995/2 1692/1948/2 3957/4600/2
f 2484/2995/2 3957/4600/2 3959/4603/2
f 2480/2990/2 2484/2995/2 3959/4603/2
f 2480/2990/2 3959/4603/2 3961/4606/2
f 2476/2985/2 2480/2990/2 3961/4606/2
f 2476/2985/2 3961/4606/2 3963/4609/2
f 2472/2980/2 2476/2985/2 3963/4609/2
f 2472/2980/2 3963/4609/2 3965/4612/2
f 2466/2973/2 2472/2980/2 3965/4612/2
f 2466/2973/2 3965/4612/2 3967/4615/2
f 2461/2967/2 2466/2973/2 3967/4615/2
f 2461/2967/2 3967/4615/2 3969/4618/2
f 2457/2962/2 2461/2967/2 3969/4618/2
f 2457/2962/2 3969/4618/2 3971/4621/2
f 2453/2957/2 2457/2962/2 3971/4621/2
f 2453/2957/2 3971/4621/2 3973/4624/2
f 2449/2952/2 2453/2957/2 3973/4624/2
f 2449/2952/2 3973/4624/2 3975/4627/2
f 2447/2949/2 2449/2952/2 3975/4627/2
f 2447/2949/2 3975/4627/2 3978/4631/2
f 2441/2942/2 2447/2949/2 3978/4631/2
f 2441/2942/2 3978/4631/2 3979/4633/2
f 2437/2937/2 2441/2942/2 3979/4633/2
f 2437/2937/2 3979/4633/2 3981/4636/2
f 2435/2934/2 2437/2937/2 3981/4636/2
f 2435/2934/2 3981/4636/2 3983/4639/2
f 2432/2930/2 2435/2934/2 3983/4639/2
f 2432/2930/2 3983/4639/2 3986/4643/2
f 2427/2924/2 2432/2930/2 3986/4643/2
f 2427/2924/2 3986/4643/2 3988/4646/2
f 2424/2920/2 2427/2924/2 3988/4646/2
f 2424/2920/2 3988/4646/2 3990/4649/2
f 2422/2917/2 2424/2920/2 3990/4649/2
f 2422/2917/2 3990/4649/2 3992/4652/2
f 2420/2914/2 2422/2917/2 3992/4652/2
f 2420/2914/2 3992/4652/2 3994/4655/2
f 2418/2911/2 2420/2914/2 3994/4655/2
f 2418/2911/2 3994/4655/2 3996/4658/2
f 2416/2908/2 2418/2911/2 3996/4658/2
f 2416/2908/2 3996/4658/2 3998/4661/2
f 2414/2905/2 2416/2908/2 3998/4661/2
f 2414/2905/2 3998/4661/2 4000/4664/2
f 2412/2902/2 2414/2905/2 4000/4664/2
f 2412/2902/2 4000/4664/2 4002/4667/2
f 2411/2900/2 2412/2902/2 4002/4667/2
f 2411/2900/2 4002/4667/2 4004/4670/2
f 2409/2897/2 2411/2900/2 4004/4670/2
f 2409/2897/2 4004/4670/2 4006/4673/2
f 2407/2894/2 2409/2897/2 4006/4673/2
f 2407/2894/2 4006/4673/2 4008/4676/2
f 2405/2891/2 2407/2894/2 4008/4676/2
f 2405/2891/2 4008/4676/2 4010/4679/2
f 2403/2888/2 2405/2891/2 4010/4679/2
f 2403/2888/2 4010/4679/2 4011/4681/2
f 2401/2885/2 2403/2888/2 4011/4681/2
f 2401/2885/2 4011/4681/2 4013/4684/2
f 2399/2882/2 2401/2885/2 4013/4684/2
f 2399/2882/2 4013/4684/2 4015/4687/2
f 2397/2879/2 2399/2882/2 4015/4687/2
f 2397/2879/2 4015/4687/2 4017/4690/2
f 2395/2876/2 2397/2879/2 4017/4690/2
f 2395/2876/2 4017/4690/2 4019/4693/2
f 2390/2870/2 2395/2876/2 4019/4693/2
f 2390/2870/2 4019/4693/2 4021/4696/2
f 2385/2864/2 2390/2870/2 4021/4696/2
f 2385/2864/2 4021/4696/2 4024/4700/2
f 2384/2862/2 2385/2864/2 4024/4700/2
f 2384/2862/2 4024/4700/2 4025/4702/2
f 2377/2854/2 2384/2862/2 4025/4702/2
f 2377/2854/2 4025/4702/2 4027/4705/2
f 2376/2852/2 2377/2854/2 4027/4705/2
f 2376/2852/2 4027/4705/2 4029/4708/2
f 2371/2846/2 2376/2852/2 4029/4708/2
f 2371/2846/2 4029/4708/2 4031/4711/2
f 2367/2841/2 2371/2846/2 4031/4711/2
f 2367/2841/2 4031/4711/2 4033/4714/2
f 2362/2835/2 2367/2841/2 4033/4714/2
f 2362/2835/2 4033/4714/2 4035/4717/2
f 2358/2830/2 2362/2835/2 4035/4717/2
f 2358/2830/2 4035/4717/2 4037/4720/2
f 2354/2825/2 2358/2830/2 4037/4720/2
f 2354/2825/2 4037/4720/2 4039/4723/2
f 2350/2820/2 2354/2825/2 4039/4723/2
f 2350/2820/2 4039/4723/2 4041/4726/2
f 2346/2815/2 2350/2820/2 4041/4726/2
f 2346/2815/2 4041/4726/2 4044/4730/2
f 2342/2810/2 2346/2815/2 4044/4730/2
f 2342/2810/2 4044/4730/2 4046/4733/2
f 2338/2805/2 2342/2810/2 4046/4733/2
f 2338/2805/2 4046/4733/2 4048/4736/2
f 2333/2799/2 2338/2805/2 4048/4736/2
f 2333/2799/2 4048/4736/2 4049/4738/2
f 2330/2795/2 2333/2799/2 4049/4738/2
f 2330/2795/2 4049/4738/2 4052/4742/2
f 2325/2789/2 2330/2795/2 4052/4742/2
f 2325/2789/2 4052/4742/2 4054/4745/2
f 2324/2787/2 2325/2789/2 4054/4745/2
f 2324/2787/2 4054/4745/2 4056/4748/2
f 2317/2779/2 2324/2787/2 4056/4748/2
f 2317/2779/2 4056/4748/2 4058/4751/2
f 2313/2774/2 2317/2779/2 4058/4751/2
f 2313/2774/2 4058/4751/2 4059/4753/2
f 2309/2769/2 2313/2774/2 4059/4753/2
f 2309/2769/2 4059/4753/2 4061/4756/2
f 2305/2764/2 2309/2769/2 4061/4756/2
f 2305/2764/2 4061/4756/2 4063/4759/2
f 2301/2759/2 2305/2764/2 4063/4759/2
f 2301/2759/2 4063/4759/2 4065/4762/2
f 2297/2754/2 2301/2759/2 4065/4762/2
f 2297/2754/2 4065/4762/2 4067/4765/2
f 2294/2750/2 2297/2754/2 4067/4765/2
f 2294/2750/2 4067/4765/2 4069/4768/2
f 2290/2745/2 2294/2750/2 4069/4768/2
f 2290/2745/2 4069/4768/2 4071/4771/2
f 2285/2739/2 2290/2745/2 4071/4771/2
f 2285/2739/2 4071/4771/2 4073/4774/2
f 2282/2735/2 2285/2739/2 4073/4774/2
f 2282/2735/2 4073/4774/2 4075/4777/2
f 2278/2730/2 2282/2735/2 4075/4777/2
f 2278/2730/2 4075/4777/2 4077/4780/2
f 2274/2725/2 2278/2730/2 4077/4780/2
f 2274/2725/2 4077/4780/2 4080/4784/2
f 2270/2720/2 2274/2725/2 4080/4784/2
f 2268/2717/2 2270/2720/2 4080/4784/2
f 2264/2712/2 2268/2717/2 4080/4784/2
f 554/810/2 2186/2598/2 2188/2601/2
f 961/1217/2 962/1218/2 554/810/2
f 954/1210/2 958/1214/2 961/1217/2
f 947/1203/2 950/1206/2 954/1210/2
f 940/1196/2 943/1199/2 947/1203/2
f 933/1189/2 937/1193/2 940/1196/2
f 923/1179/2 927/1183/2 933/1189/2
f 917/1173/2 920/1176/2 923/1179/2
f 907/1163/2 911/1167/2 917/1173/2
f 899/1155/2 903/1159/2 907/1163/2
f 890/1146/2 895/1151/2 899/1155/2
f 883/1139/2 886/1142/2 890/1146/2
f 877/1133/2 881/1137/2 883/1139/2
f 869/1125/2 870/1126/2 877/1133/2
f 860/1116/2 865/1121/2 869/1125/2
f 853/1109/2 856/1112/2 860/1116/2
f 845/1101/2 849/1105/2 853/1109/2
f 837/1093/2 841/1097/2 845/1101/2
f 830/1086/2 833/1089/2 837/1093/2
f 826/1082/2 828/1084/2 830/1086/2
f 822/1078/2 824/1080/2 826/1082/2
f 819/1075/2 820/1076/2 822/1078/2
f 815/1071/2 817/1073/2 819/1075/2
f 811/1067/2 813/1069/2 815/1071/2
f 807/1063/2 808/1064/2 811/1067/2
f 803/1059/2 805/1061/2 807/1063/2
f 799/1055/2 800/1056/2 803/1059/2
f 795/1051/2 797/1053/2 799/1055/2
f 791/1047/2 793/1049/2 795/1051/2
f 787/1043/2 789/1045/2 791/1047/2
f 783/1039/2 784/1040/2 787/1043/2
f 779/1035/2 781/1037/2 783/1039/2
f 774/1030/2 776/1032/2 779/1035/2
f 770/1026/2 773/1029/2 774/1030/2
f 763/1019/2 766/1022/2 770/1026/2
f 755/1011/2 759/1015/2 763/1019/2
f 746/1002/2 751/1007/2 755/1011/2
f 740/996/2 744/1000/2 746/1002/2
f 733/989/2 734/990/2 740/996/2
f 723/979/2 729/985/2 733/989/2
f 715/971/2 718/974/2 723/979/2
f 707/963/2 713/969/2 715/971/2
f 703/959/2 705/961/2 707/963/2
f 699/955/2 701/957/2 703/959/2
f 695/951/2 697/953/2 699/955/2
f 691/947/2 693/949/2 695/951/2
f 687/943/2 689/945/2 691/947/2
f 684/940/2 685/941/2 687/943/2
f 679/935/2 681/937/2 684/940/2
f 676/932/2 678/934/2 679/935/2
f 669/925/2 672/928/2 676/932/2
f 661/917/2 665/921/2 669/925/2
f 653/909/2 657/913/2 661/917/2
f 642/898/2 646/902/2 653/909/2
f 637/893/2 638/894/2 642/898/2
f 626/882/2 630/886/2 637/893/2
f 621/877/2 622/878/2 626/882/2
f 610/866/2 615/871/2 621/877/2
f 604/860/2 607/863/2 610/866/2
f 596/852/2 601/857/2 604/860/2
f 589/845/2 593/849/2 596/852/2
f 581/837/2 585/841/2 589/845/2
f 572/828/2 577/833/2 581/837/2
f 564/820/2 568/824/2 572/828/2
f 552/808/2 561/817/2 564/820/2
f 1344/1600/2 966/1222/2 552/808/2
f 1342/1598/2 1343/1599/2 1344/1600/2
f 1335/1591/2 1339/1595/2 1342/1598/2
f 1329/1585/2 1331/1587/2 1335/1591/2
f 1319/1575/2 1326/1582/2 1329/1585/2
f 1312/1568/2 1315/1571/2 1319/1575/2
f 1306/1562/2 1309/1565/2 1312/1568/2
f 1298/1554/2 1300/1556/2 1306/1562/2
f 1287/1543/2 1292/1548/2 1298/1554/2
f 1280/1536/2 1283/1539/2 1287/1543/2
f 1276/1532/2 1278/1534/2 1280/1536/2
f 1272/1528/2 1275/1531/2 1276/1532/2
f 1268/1524/2 1270/1526/2 1272/1528/2
f 1264/1520/2 1266/1522/2 1268/1524/2
f 1260/1516/2 1262/1518/2 1264/1520/2
f 1256/1512/2 1258/1514/2 1260/1516/2
f 1253/1509/2 1255/1511/2 1256/1512/2
f 1249/1505/2 1251/1507/2 1253/1509/2
f 1241/1497/2 1245/1501/2 1249/1505/2
f 1233/1489/2 1237/1493/2 1241/1497/2
f 1226/1482/2 1230/1486/2 1233/1489/2
f 1218/1474/2 1222/1478/2 1226/1482/2
f 1210/1466/2 1213/1469/2 1218/1474/2
f 1201/1457/2 1206/1462/2 1210/1466/2
f 1193/1449/2 1198/1454/2 1201/1457/2
f 1183/1439/2 1187/1443/2 1193/1449/2
f 1175/1431/2 1180/1436/2 1183/1439/2
f 1167/1423/2 1171/1427/2 1175/1431/2
f 1162/1418/2 1164/1420/2 1167/1423/2
f 1154/1410/2 1158/1414/2 1162/1418/2
f 1145/1401/2 1149/1405/2 1154/1410/2
f 1137/1393/2 1142/1398/2 1145/1401/2
f 1129/1385/2 1134/1390/2 1137/1393/2
f 1121/1377/2 1125/1381/2 1129/1385/2
f 1117/1373/2 1119/1375/2 1121/1377/2
f 1113/1369/2 1115/1371/2 1117/1373/2
f 1109/1365/2 1111/1367/2 1113/1369/2
f 1104/1360/2 1107/1363/2 1109/1365/2
f 1100/1356/2 1102/1358/2 1104/1360/2
f 1096/1352/2 1098/1354/2 1100/1356/2
f 1092/1348/2 1095/1351/2 1096/1352/2
f 1088/1344/2 1090/1346/2 1092/1348/2
f 1084/1340/2 1086/1342/2 1088/1344/2
f 1081/1337/2 1082/1338/2 1084/1340/2
f 1076/1332/2 1078/1334/2 1081/1337/2
f 1072/1328/2 1074/1330/2 1076/1332/2
f 1068/1324/2 1070/1326/2 1072/1328/2
f 1065/1321/2 1067/1323/2 1068/1324/2
f 1061/1317/2 1063/1319/2 1065/1321/2
f 1056/1312/2 1059/1315/2 1061/1317/2
f 1050/1306/2 1053/1309/2 1056/1312/2
f 1041/1297/2 1045/1301/2 1050/1306/2
f 1033/1289/2 1039/1295/2 1041/1297/2
f 1025/1281/2 1029/1285/2 1033/1289/2
f 1019/1275/2 1023/1279/2 1025/1281/2
f 1011/1267/2 1015/1271/2 1019/1275/2
f 1001/1257/2 1005/1261/2 1011/1267/2
f 994/1250/2 997/1253/2 1001/1257/2
f 988/1244/2 992/1248/2 994/1250/2
f 985/1241/2 987/1243/2 988/1244/2
f 981/1237/2 983/1239/2 985/1241/2
f 977/1233/2 979/1235/2 981/1237/2
f 973/1229/2 975/1231/2 977/1233/2
f 968/1224/2 971/1227/2 973/1229/2
f 4151/4891/2 965/1221/2 968/1224/2
f 4149/4888/2 4151/4891/2 968/1224/2
f 968/1224/2 973/1229/2 977/1233/2
f 977/1233/2 981/1237/2 985/1241/2
f 985/1241/2 988/1244/2 994/1250/2
f 994/1250/2 1001/1257/2 1011/1267/2
f 1011/1267/2 1019/1275/2 1025/1281/2
f 1025/1281/2 1033/1289/2 1041/1297/2
f 1041/1297/2 1050/1306/2 1056/1312/2
f 1056/1312/2 1061/1317/2 1065/1321/2
f 1065/1321/2 1068/1324/2 1072/1328/2
f 1072/1328/2 1076/1332/2 1081/1337/2
f 1081/1337/2 1084/1340/2 1088/1344/2
f 1088/1344/2 1092/1348/2 1096/1352/2
f 1096/1352/2 1100/1356/2 1104/1360/2
f 1104/1360/2 1109/1365/2 1113/1369/2
f 1113/1369/2 1117/1373/2 1121/1377/2
f 1121/1377/2 1129/1385/2 1137/1393/2
f 1137/1393/2 1145/1401/2 1154/1410/2
f 1154/1410/2 1162/1418/2 1167/1423/2
f 1167/1423/2 1175/1431/2 1183/1439/2
f 1183/1439/2 1193/1449/2 1201/1457/2
f 1201/1457/2 1210/1466/2 1218/1474/2
f 1218/1474/2 1226/1482/2 1233/1489/2
f 1233/1489/2 1241/1497/2 1249/1505/2
f 1249/1505/2 1253/1509/2 1256/1512/2
f 1256/1512/2 1260/1516/2 1264/1520/2
f 1264/1520/2 1268/1524/2 1272/1528/2
f 1272/1528/2 1276/1532/2 1280/1536/2
f 1280/1536/2 1287/1543/2 1298/1554/2
f 1298/1554/2 1306/1562/2 1312/1568/2
f 1312/1568/2 1319/1575/2 1329/1585/2
f 1329/1585/2 1335/1591/2 1342/1598/2
f 1342/1598/2 1344/1600/2 552/808/2
f 552/808/2 564/820/2 572/828/2
f 572/828/2 581/837/2 589/845/2
f 589/845/2 596/852/2 604/860/2
f 604/860/2 610/866/2 621/877/2
f 621/877/2 626/882/2 637/893/2
f 637/893/2 642/898/2 653/909/2
f 653/909/2 661/917/2 669/925/2
f 669/925/2 676/932/2 679/935/2
f 679/935/2 684/940/2 687/943/2
f 687/943/2 691/947/2 695/951/2
f 695/951/2 699/955/2 703/959/2
f 703/959/2 707/963/2 715/971/2
f 715/971/2 723/979/2 733/989/2
f 733/989/2 740/996/2 746/1002/2
f 746/1002/2 755/1011/2 763/1019/2
f 763/1019/2 770/1026/2 774/1030/2
f 774/1030/2 779/1035/2 783/1039/2
f 783/1039/2 787/1043/2 791/1047/2
f 791/1047/2 795/1051/2 799/1055/2
f 799/1055/2 803/1059/2 807/1063/2
f 807/1063/2 811/1067/2 815/1071/2
f 815/1071/2 819/1075/2 822/1078/2
f 822/1078/2 826/1082/2 830/1086/2
f 830/1086/2 837/1093/2 845/1101/2
f 845/1101/2 853/1109/2 860/1116/2
f 860/1116/2 869/1125/2 877/1133/2
f 877/1133/2 883/1139/2 890/1146/2
f 890/1146/2 899/1155/2 907/1163/2
f 907/1163/2 917/1173/2 923/1179/2
f 923/1179/2 933/1189/2 940/1196/2
f 940/1196/2 947/1203/2 954/1210/2
f 954/1210/2 961/1217/2 554/810/2
f 554/810/2 2188/2601/2 2192/2606/2
f 554/810/2 2192/2606/2 2196/2611/2
f 940/1196/2 954/1210/2 554/810/2
f 907/1163/2 923/1179/2 940/1196/2
f 877/1133/2 890/1146/2 907/1163/2
f 845/1101/2 860/1116/2 877/1133/2
f 822/1078/2 830/1086/2 845/1101/2
f 807/1063/2 815/1071/2 822/1078/2
f 791/1047/2 799/1055/2 807/1063/2
f 774/1030/2 783/1039/2 791/1047/2
f 746/1002/2 763/1019/2 774/1030/2
f 715/971/2 733/989/2 746/1002/2
f 695/951/2 703/959/2 715/971/2
f 679/935/2 687/943/2 695/951/2
f 653/909/2 669/925/2 679/935/2
f 621/877/2 637/893/2 653/909/2
f 589/845/2 604/860/2 621/877/2
f 552/808/2 572/828/2 589/845/2
f 1329/1585/2 1342/1598/2 552/808/2
f 1298/1554/2 1312/1568/2 1329/1585/2
f 1272/1528/2 1280/1536/2 1298/1554/2
f 1256/1512/2 1264/1520/2 1272/1528/2
f 1233/1489/2 1249/1505/2 1256/1512/2
f 1201/1457/2 1218/1474/2 1233/1489/2
f 1167/1423/2 1183/1439/2 1201/1457/2
f 1137/1393/2 1154/1410/2 1167/1423/2
f 1113/1369/2 1121/1377/2 1137/1393/2
f 1096/1352/2 1104/1360/2 1113/1369/2
f 1081/1337/2 1088/1344/2 1096/1352/2
f 1065/1321/2 1072/1328/2 1081/1337/2
f 1041/1297/2 1056/1312/2 1065/1321/2
f 1011/1267/2 1025/1281/2 1041/1297/2
f 985/1241/2 994/1250/2 1011/1267/2
f 968/1224/2 977/1233/2 985/1241/2
f 4147/4885/2 4149/4888/2 968/1224/2
f 4145/4882/2 4147/4885/2 968/1224/2
f 968/1224/2 985/1241/2 1011/1267/2
f 1011/1267/2 1041/1297/2 1065/1321/2
f 1065/1321/2 1081/1337/2 1096/1352/2
f 1096/1352/2 1113/1369/2 1137/1393/2
f 1137/1393/2 1167/1423/2 1201/1457/2
f 1201/1457/2 1233/1489/2 1256/1512/2
f 1256/1512/2 1272/1528/2 1298/1554/2
f 1298/1554/2 1329/1585/2 552/808/2
f 552/808/2 589/845/2 621/877/2
f 621/877/2 653/909/2 679/935/2
f 679/935/2 695/951/2 715/971/2
f 715/971/2 746/1002/2 774/1030/2
f 774/1030/2 791/1047/2 807/1063/2
f 807/1063/2 822/1078/2 845/1101/2
f 845/1101/2 877/1133/2 907/1163/2
f 907/1163/2 940/1196/2 554/810/2
f 554/810/2 2196/2611/2 2199/2615/2
f 554/810/2 2199/2615/2 2202/2619/2
f 845/1101/2 907/1163/2 554/810/2
f 774/1030/2 807/1063/2 845/1101/2
f 679/935/2 715/971/2 774/1030/2
f 552/808/2 621/877/2 679/935/2
f 1256/1512/2 1298/1554/2 552/808/2
f 1137/1393/2 1201/1457/2 1256/1512/2
f 1065/1321/2 1096/1352/2 1137/1393/2
f 968/1224/2 1011/1267/2 1065/1321/2
f 4143/4879/2 4145/4882/2 968/1224/2
f 4141/4876/2 4143/4879/2 968/1224/2
f 968/1224/2 1065/1321/2 1137/1393/2
f 1137/1393/2 1256/1512/2 552/808/2
f 552/808/2 679/935/2 774/1030/2
f 774/1030/2 845/1101/2 554/810/2
f 554/810/2 2202/2619/2 2204/2622/2
f 554/810/2 2204/2622/2 2207/2626/2
f 552/808/2 774/1030/2 554/810/2
f 968/1224/2 1137/1393/2 552/808/2
f 4139/4873/2 4141/4876/2 968/1224/2
f 4137/4870/2 4139/4873/2 968/1224/2
f 968/1224/2 552/808/2 554/810/2
f 554/810/2 2207/2626/2 2208/2628/2
f 554/810/2 2208/2628/2 2210/2631/2
f 4135/4867/2 4137/4870/2 968/1224/2
f 4134/4865/2 4135/4867/2 968/1224/2
f 554/810/2 2210/2631/2 2212/2634/2
f 554/810/2 2212/2634/2 2214/2637/2
f 4132/4862/2 4134/4865/2 968/1224/2
f 4130/4859/2 4132/4862/2 968/1224/2
f 554/810/2 2214/2637/2 2216/2640/2
f 554/810/2 2216/2640/2 2218/2643/2
f 4128/4856/2 4130/4859/2 968/1224/2
f 4125/4852/2 4128/4856/2 968/1224/2
f 554/810/2 2218/2643/2 2220/2646/2
f 554/810/2 2220/2646/2 2222/2649/2
f 4124/4850/2 4125/4852/2 968/1224/2
f 4122/4847/2 4124/4850/2 968/1224/2
f 554/810/2 2222/2649/2 2224/2652/2
f 554/810/2 2224/2652/2 2226/2655/2
f 4120/4844/2 4122/4847/2 968/1224/2
f 4117/4840/2 4120/4844/2 968/1224/2
f 554/810/2 2226/2655/2 2228/2658/2
f 554/810/2 2228/2658/2 2230/2661/2
f 4116/4838/2 4117/4840/2 968/1224/2
f 4113/4834/2 4116/4838/2 968/1224/2
f 554/810/2 2230/2661/2 2233/2665/2
f 554/810/2 2233/2665/2 2235/2668/2
f 4111/4831/2 4113/4834/2 968/1224/2
f 4110/4829/2 4111/4831/2 968/1224/2
f 554/810/2 2235/2668/2 2237/2671/2
f 554/810/2 2237/2671/2 2239/2674/2
f 4107/4825/2 4110/4829/2 968/1224/2
f 4106/4823/2 4107/4825/2 968/1224/2
f 554/810/2 2239/2674/2 2241/2677/2
f 554/810/2 2241/2677/2 2243/2680/2
f 4103/4819/2 4106/4823/2 968/1224/2
f 4102/4817/2 4103/4819/2 968/1224/2
f 554/810/2 2243/2680/2 2245/2683/2
f 554/810/2 2245/2683/2 2246/2685/2
f 4100/4814/2 4102/4817/2 968/1224/2
f 4098/4811/2 4100/4814/2 968/1224/2
f 554/810/2 2246/2685/2 2248/2688/2
f 554/810/2 2248/2688/2 2250/2691/2
f 4096/4808/2 4098/4811/2 968/1224/2
f 4093/4804/2 4096/4808/2 968/1224/2
f 554/810/2 2250/2691/2 2252/2694/2
f 554/810/2 2252/2694/2 2254/2697/2
f 4091/4801/2 4093/4804/2 968/1224/2
f 4089/4798/2 4091/4801/2 968/1224/2
f 554/810/2 2254/2697/2 2256/2700/2
f 554/810/2 2256/2700/2 2258/2703/2
f 4087/4795/2 4089/4798/2 968/1224/2
f 4085/4792/2 4087/4795/2 968/1224/2
f 554/810/2 2258/2703/2 2260/2706/2
f 554/810/2 2260/2706/2 2262/2709/2
f 4083/4789/2 4085/4792/2 968/1224/2
f 4081/4786/2 4083/4789/2 968/1224/2
f 968/1224/2 554/810/2 2262/2709/2
f 968/1224/2 2262/2709/2 2264/2712/2
f 4080/4784/2 4081/4786/2 968/1224/2
f 5030/5825/2 5032/5828/2 262/393/2
f 965/1221/2 4151/4891/2 4154/4895/2
f 965/1221/2 4154/4895/2 4155/4897/2
f 5028/5822/2 5030/5825/2 262/393/2
f 5026/5819/2 5028/5822/2 262/393/2
f 965/1221/2 4155/4897/2 4157/4900/2
f 965/1221/2 4157/4900/2 4159/4903/2
f 5023/5815/2 5026/5819/2 262/393/2
f 5022/5813/2 5023/5815/2 262/393/2
f 965/1221/2 4159/4903/2 4161/4906/2
f 965/1221/2 4161/4906/2 4163/4909/2
f 5019/5809/2 5022/5813/2 262/393/2
f 5018/5807/2 5019/5809/2 262/393/2
f 965/1221/2 4163/4909/2 4165/4912/2
f 965/1221/2 4165/4912/2 4167/4915/2
f 5016/5804/2 5018/5807/2 262/393/2
f 5014/5801/2 5016/5804/2 262/393/2
f 965/1221/2 4167/4915/2 4169/4918/2
f 965/1221/2 4169/4918/2 4171/4921/2
f 5012/5798/2 5014/5801/2 262/393/2
f 5010/5795/2 5012/5798/2 262/393/2
f 965/1221/2 4171/4921/2 4173/4924/2
f 965/1221/2 4173/4924/2 4175/4927/2
f 5008/5792/2 5010/5795/2 262/393/2
f 5006/5789/2 5008/5792/2 262/393/2
f 965/1221/2 4175/4927/2 4177/4930/2
f 965/1221/2 4177/4930/2 4179/4933/2
f 5003/5785/2 5006/5789/2 262/393/2
f 5002/5783/2 5003/5785/2 262/393/2
f 965/1221/2 4179/4933/2 4181/4936/2
f 965/1221/2 4181/4936/2 4183/4939/2
f 4999/5779/2 5002/5783/2 262/393/2
f 4997/5776/2 4999/5779/2 262/393/2
f 965/1221/2 4183/4939/2 4185/4942/2
f 965/1221/2 4185/4942/2 4187/4945/2
f 4995/5773/2 4997/5776/2 262/393/2
f 4993/5770/2 4995/5773/2 262/393/2
f 965/1221/2 4187/4945/2 4189/4948/2
f 965/1221/2 4189/4948/2 4191/4951/2
f 4991/5767/2 4993/5770/2 262/393/2
f 4989/5764/2 4991/5767/2 262/393/2
f 965/1221/2 4191/4951/2 4193/4954/2
f 965/1221/2 4193/4954/2 4195/4957/2
f 4987/5761/2 4989/5764/2 262/393/2
f 4985/5758/2 4987/5761/2 262/393/2
f 965/1221/2 4195/4957/2 4197/4960/2
f 965/1221/2 4197/4960/2 4200/4964/2
f 4983/5755/2 4985/5758/2 262/393/2
f 4981/5752/2 4983/5755/2 262/393/2
f 965/1221/2 4200/4964/2 4201/4966/2
f 965/1221/2 4201/4966/2 4203/4969/2
f 4979/5749/2 4981/5752/2 262/393/2
f 4977/5746/2 4979/5749/2 262/393/2
f 262/393/2 965/1221/2 4203/4969/2
f 262/393/2 4203/4969/2 4206/4973/2
f 4975/5743/2 4977/5746/2 262/393/2
f 5486/6509/2 4975/5743/2 262/393/2
f 262/393/2 4206/4973/2 3632/4144/2
f 262/393/2 3632/4144/2 3635/4148/2
f 5484/6506/2 5486/6509/2 262/393/2
f 5481/6502/2 5484/6506/2 262/393/2
f 262/393/2 3635/4148/2 3637/4151/2
f 262/393/2 3637/4151/2 3640/4155/2
f 5479/6499/2 5481/6502/2 262/393/2
f 5478/6497/2 5479/6499/2 262/393/2
f 262/393/2 3640/4155/2 3641/4157/2
f 262/393/2 3641/4157/2 3643/4160/2
f 5476/6494/2 5478/6497/2 262/393/2
f 5474/6491/2 5476/6494/2 262/393/2
f 262/393/2 3643/4160/2 3646/4164/2
f 262/393/2 3646/4164/2 3648/4167/2
f 5472/6488/2 5474/6491/2 262/393/2
f 5470/6485/2 5472/6488/2 262/393/2
f 262/393/2 3648/4167/2 3650/4170/2
f 262/393/2 3650/4170/2 3652/4173/2
f 5468/6482/2 5470/6485/2 262/393/2
f 5465/6478/2 5468/6482/2 262/393/2
f 262/393/2 3652/4173/2 3654/4176/2
f 262/393/2 3654/4176/2 3656/4179/2
f 5464/6476/2 5465/6478/2 262/393/2
f 5461/6472/2 5464/6476/2 262/393/2
f 262/393/2 3656/4179/2 3658/4182/2
f 262/393/2 3658/4182/2 3659/4184/2
f 5461/6472/2 262/393/2 3659/4184/2
f 5461/6472/2 3659/4184/2 3662/4188/2
f 5460/6470/2 5461/6472/2 3662/4188/2
f 5460/6470/2 3662/4188/2 3664/4191/2
f 5457/6466/2 5460/6470/2 3664/4191/2
f 5457/6466/2 3664/4191/2 3666/4194/2
f 5455/6463/2 5457/6466/2 3666/4194/2
f 5455/6463/2 3666/4194/2 3667/4196/2
f 5453/6460/2 5455/6463/2 3667/4196/2
f 5453/6460/2 3667/4196/2 3670/4200/2
f 5451/6457/2 5453/6460/2 3670/4200/2
f 5451/6457/2 3670/4200/2 3672/4203/2
f 5449/6454/2 5451/6457/2 3672/4203/2
f 5449/6454/2 3672/4203/2 3674/4206/2
f 5447/6451/2 5449/6454/2 3674/4206/2
f 5447/6451/2 3674/4206/2 3676/4209/2
f 5445/6448/2 5447/6451/2 3676/4209/2
f 5445/6448/2 3676/4209/2 3678/4212/2
f 5443/6445/2 5445/6448/2 3678/4212/2
f 5443/6445/2 3678/4212/2 3679/4214/2
f 5442/6443/2 5443/6445/2 3679/4214/2
f 5442/6443/2 3679/4214/2 3681/4217/2
f 5440/6440/2 5442/6443/2 3681/4217/2
f 5440/6440/2 3681/4217/2 3683/4220/2
f 5438/6437/2 5440/6440/2 3683/4220/2
f 5438/6437/2 3683/4220/2 3686/4224/2
f 5435/6433/2 5438/6437/2 3686/4224/2
f 5435/6433/2 3686/4224/2 3687/4226/2
f 5433/6430/2 5435/6433/2 3687/4226/2
f 5433/6430/2 3687/4226/2 3689/4229/2
f 5431/6427/2 5433/6430/2 3689/4229/2
f 5431/6427/2 3689/4229/2 3691/4232/2
f 5429/6424/2 5431/6427/2 3691/4232/2
f 5429/6424/2 3691/4232/2 3693/4235/2
f 5428/6422/2 5429/6424/2 3693/4235/2
f 5428/6422/2 3693/4235/2 3695/4238/2
f 5426/6419/2 5428/6422/2 3695/4238/2
f 5426/6419/2 3695/4238/2 3697/4241/2
f 5423/6415/2 5426/6419/2 3697/4241/2
f 5423/6415/2 3697/4241/2 3701/4246/2
f 5422/6413/2 5423/6415/2 3701/4246/2
f 5422/6413/2 3701/4246/2 3705/4251/2
f 5419/6409/2 5422/6413/2 3705/4251/2
f 5419/6409/2 3705/4251/2 3709/4256/2
f 5417/6406/2 5419/6409/2 3709/4256/2
f 5417/6406/2 3709/4256/2 3713/4261/2
f 5415/6403/2 5417/6406/2 3713/4261/2
f 5415/6403/2 3713/4261/2 3717/4266/2
f 5413/6400/2 5415/6403/2 3717/4266/2
f 5413/6400/2 3717/4266/2 3719/4269/2
f 5412/6398/2 5413/6400/2 3719/4269/2
f 5412/6398/2 3719/4269/2 3723/4274/2
f 5410/6395/2 5412/6398/2 3723/4274/2
f 5410/6395/2 3723/4274/2 3728/4280/2
f 5408/6392/2 5410/6395/2 3728/4280/2
f 5408/6392/2 3728/4280/2 3732/4285/2
f 5406/6389/2 5408/6392/2 3732/4285/2
f 5406/6389/2 3732/4285/2 3735/4289/2
f 5404/6386/2 5406/6389/2 3735/4289/2
f 5404/6386/2 3735/4289/2 3741/4296/2
f 5401/6382/2 5404/6386/2 3741/4296/2
f 5401/6382/2 3741/4296/2 3746/4302/2
f 5399/6379/2 5401/6382/2 3746/4302/2
f 5399/6379/2 3746/4302/2 3747/4304/2
f 5397/6376/2 5399/6379/2 3747/4304/2
f 5397/6376/2 3747/4304/2 3754/4312/2
f 5395/6373/2 5397/6376/2 3754/4312/2
f 5395/6373/2 3754/4312/2 3757/4316/2
f 5393/6370/2 5395/6373/2 3757/4316/2
f 5393/6370/2 3757/4316/2 3759/4319/2
f 5391/6367/2 5393/6370/2 3759/4319/2
f 5391/6367/2 3759/4319/2 3765/4326/2
f 5389/6364/2 5391/6367/2 3765/4326/2
f 5389/6364/2 3765/4326/2 3768/4330/2
f 5387/6361/2 5389/6364/2 3768/4330/2
f 5387/6361/2 3768/4330/2 3773/4336/2
f 5385/6358/2 5387/6361/2 3773/4336/2
f 5385/6358/2 3773/4336/2 3777/4341/2
f 5383/6355/2 5385/6358/2 3777/4341/2
f 5383/6355/2 3777/4341/2 3781/4346/2
f 5381/6352/2 5383/6355/2 3781/4346/2
f 5381/6352/2 3781/4346/2 3785/4351/2
f 5379/6349/2 5381/6352/2 3785/4351/2
f 5379/6349/2 3785/4351/2 3790/4357/2
f 5377/6346/2 5379/6349/2 3790/4357/2
f 5377/6346/2 3790/4357/2 3793/4361/2
f 5375/6343/2 5377/6346/2 3793/4361/2
f 5375/6343/2 3793/4361/2 3796/4365/2
f 5373/6340/2 5375/6343/2 3796/4365/2
f 5373/6340/2 3796/4365/2 3801/4371/2
f 5371/6337/2 5373/6340/2 3801/4371/2
f 5371/6337/2 3801/4371/2 3806/4377/2
f 5369/6334/2 5371/6337/2 3806/4377/2
f 5369/6334/2 3806/4377/2 3809/4381/2
f 5367/6331/2 5369/6334/2 3809/4381/2
f 5367/6331/2 3809/4381/2 3813/4386/2
f 5366/6329/2 5367/6331/2 3813/4386/2
f 5366/6329/2 3813/4386/2 3817/4391/2
f 5364/6326/2 5366/6329/2 3817/4391/2
f 3821/4396/2 3823/4399/2 5360/6320/2
f 5364/6326/2 3817/4391/2 3821/4396/2
f 3821/4396/2 5360/6320/2 5361/6322/2
f 2179/2590/2 2186/2598/2 554/810/2
f 2/3/2 202/302/2 204/305/2
f 2/3/2 204/305/2 205/307/2
f 2175/2585/2 2179/2590/2 554/810/2
f 2172/2581/2 2175/2585/2 554/810/2
f 2/3/2 205/307/2 208/311/2
f 2/3/2 208/311/2 210/314/2
f 2170/2578/2 2172/2581/2 554/810/2
f 2166/2573/2 2170/2578/2 554/810/2
f 2/3/2 210/314/2 211/316/2
f 2/3/2 211/316/2 214/320/2
f 2162/2568/2 2166/2573/2 554/810/2
f 2158/2563/2 2162/2568/2 554/810/2
f 2/3/2 214/320/2 216/323/2
f 2/3/2 216/323/2 218/326/2
f 2151/2555/2 2158/2563/2 554/810/2
f 2149/2552/2 2151/2555/2 554/810/2
f 2/3/2 218/326/2 219/328/2
f 2/3/2 219/328/2 221/331/2
f 2143/2545/2 2149/2552/2 554/810/2
f 2139/2540/2 2143/2545/2 554/810/2
f 2/3/2 221/331/2 223/334/2
f 2/3/2 223/334/2 226/338/2
f 2136/2536/2 2139/2540/2 554/810/2
f 2134/2533/2 2136/2536/2 554/810/2
f 2/3/2 226/338/2 227/340/2
f 2/3/2 227/340/2 229/343/2
f 2132/2530/2 2134/2533/2 554/810/2
f 2131/2528/2 2132/2530/2 554/810/2
f 2/3/2 229/343/2 231/346/2
f 2/3/2 231/346/2 233/349/2
f 2129/2525/2 2131/2528/2 554/810/2
f 2127/2522/2 2129/2525/2 554/810/2
f 2/3/2 233/349/2 235/352/2
f 2/3/2 235/352/2 237/355/2
f 2124/2518/2 2127/2522/2 554/810/2
f 2123/2516/2 2124/2518/2 554/810/2
f 2/3/2 237/355/2 239/358/2
f 2/3/2 239/358/2 241/361/2
f 2120/2512/2 2123/2516/2 554/810/2
f 2119/2510/2 2120/2512/2 554/810/2
f 2/3/2 241/361/2 244/365/2
f 2/3/2 244/365/2 246/368/2
f 2117/2507/2 2119/2510/2 554/810/2
f 2114/2503/2 2117/2507/2 554/810/2
f 2/3/2 246/368/2 248/371/2
f 2/3/2 248/371/2 250/374/2
f 2113/2501/2 2114/2503/2 554/810/2
f 2111/2498/2 2113/2501/2 554/810/2
f 2/3/2 250/374/2 252/377/2
f 2/3/2 252/377/2 253/379/2
f 2108/2494/2 2111/2498/2 554/810/2
f 2106/2491/2 2108/2494/2 554/810/2
f 554/810/2 2/3/2 253/379/2
f 554/810/2 253/379/2 255/382/2
f 2105/2489/2 2106/2491/2 554/810/2
f 2102/2485/2 2105/2489/2 554/810/2
f 554/810/2 255/382/2 257/385/2
f 554/810/2 257/385/2 259/388/2
f 2099/2481/2 2102/2485/2 554/810/2
f 2092/2473/2 2099/2481/2 554/810/2
f 554/810/2 259/388/2 261/391/2
f 554/810/2 261/391/2 263/394/2
f 2090/2470/2 2092/2473/2 554/810/2
f 2086/2465/2 2090/2470/2 554/810/2
f 554/810/2 263/394/2 265/397/2
f 554/810/2 265/397/2 267/400/2
f 2082/2460/2 2086/2465/2 554/810/2
f 2076/2453/2 2082/2460/2 554/810/2
f 554/810/2 267/400/2 269/403/2
f 554/810/2 269/403/2 271/406/2
f 2073/2449/2 2076/2453/2 554/810/2
f 2068/2443/2 2073/2449/2 554/810/2
f 554/810/2 271/406/2 273/409/2
f 554/810/2 273/409/2 275/412/2
f 2065/2439/2 2068/2443/2 554/810/2
f 2063/2436/2 2065/2439/2 554/810/2
f 554/810/2 275/412/2 277/415/2
f 554/810/2 277/415/2 280/419/2
f 2056/2428/2 2063/2436/2 554/810/2
f 2052/2423/2 2056/2428/2 554/810/2
f 554/810/2 280/419/2 282/422/2
f 554/810/2 282/422/2 283/424/2
f 2052/2423/2 554/810/2 283/424/2
f 2052/2423/2 283/424/2 285/427/2
f 2049/2419/2 2052/2423/2 285/427/2
f 2049/2419/2 285/427/2 287/430/2
f 2045/2414/2 2049/2419/2 287/430/2
f 2045/2414/2 287/430/2 289/433/2
f 2040/2408/2 2045/2414/2 289/433/2
f 2040/2408/2 289/433/2 291/436/2
f 2037/2404/2 2040/2408/2 291/436/2
f 2037/2404/2 291/436/2 293/439/2
f 2034/2400/2 2037/2404/2 293/439/2
f 2034/2400/2 293/439/2 295/442/2
f 2031/2396/2 2034/2400/2 295/442/2
f 2031/2396/2 295/442/2 297/445/2
f 2025/2389/2 2031/2396/2 297/445/2
f 2025/2389/2 297/445/2 300/449/2
f 2021/2384/2 2025/2389/2 300/449/2
f 2021/2384/2 300/449/2 302/452/2
f 2018/2380/2 2021/2384/2 302/452/2
f 2018/2380/2 302/452/2 304/455/2
f 2015/2376/2 2018/2380/2 304/455/2
f 2015/2376/2 304/455/2 306/458/2
f 2011/2371/2 2015/2376/2 306/458/2
f 2011/2371/2 306/458/2 308/461/2
f 2007/2366/2 2011/2371/2 308/461/2
f 2007/2366/2 308/461/2 309/463/2
f 2003/2361/2 2007/2366/2 309/463/2
f 2003/2361/2 309/463/2 312/467/2
f 1998/2355/2 2003/2361/2 312/467/2
f 1998/2355/2 312/467/2 313/469/2
f 1995/2351/2 1998/2355/2 313/469/2
f 1995/2351/2 313/469/2 316/473/2
f 1991/2346/2 1995/2351/2 316/473/2
f 1991/2346/2 316/473/2 318/476/2
f 1986/2340/2 1991/2346/2 318/476/2
f 1986/2340/2 318/476/2 319/478/2
f 1982/2335/2 1986/2340/2 319/478/2
f 1982/2335/2 319/478/2 321/481/2
f 1979/2331/2 1982/2335/2 321/481/2
f 1979/2331/2 321/481/2 323/484/2
f 1977/2328/2 1979/2331/2 323/484/2
f 1977/2328/2 323/484/2 325/487/2
f 1974/2324/2 1977/2328/2 325/487/2
f 1974/2324/2 325/487/2 327/490/2
f 1973/2322/2 1974/2324/2 327/490/2
f 1973/2322/2 327/490/2 330/494/2
f 1970/2318/2 1973/2322/2 330/494/2
f 1970/2318/2 330/494/2 332/497/2
f 1968/2315/2 1970/2318/2 332/497/2
f 1968/2315/2 332/497/2 333/499/2
f 1967/2313/2 1968/2315/2 333/499/2
f 1967/2313/2 333/499/2 335/502/2
f 1964/2309/2 1967/2313/2 335/502/2
f 1964/2309/2 335/502/2 337/505/2
f 1963/2307/2 1964/2309/2 337/505/2
f 1963/2307/2 337/505/2 339/508/2
f 1961/2304/2 1963/2307/2 339/508/2
f 1961/2304/2 339/508/2 341/511/2
f 1959/2301/2 1961/2304/2 341/511/2
f 1959/2301/2 341/511/2 343/514/2
f 1957/2298/2 1959/2301/2 343/514/2
f 1957/2298/2 343/514/2 345/517/2
f 1954/2294/2 1957/2298/2 345/517/2
f 1954/2294/2 345/517/2 347/520/2
f 1953/2292/2 1954/2294/2 347/520/2
f 1953/2292/2 347/520/2 349/523/2
f 1951/2289/2 1953/2292/2 349/523/2
f 1951/2289/2 349/523/2 351/526/2
f 1949/2286/2 1951/2289/2 351/526/2
f 1949/2286/2 351/526/2 353/529/2
f 1947/2283/2 1949/2286/2 353/529/2
f 1947/2283/2 353/529/2 355/532/2
f 1945/2280/2 1947/2283/2 355/532/2
f 1945/2280/2 355/532/2 357/535/2
f 1943/2277/2 1945/2280/2 357/535/2
f 1943/2277/2 357/535/2 360/539/2
f 1940/2273/2 1943/2277/2 360/539/2
f 1940/2273/2 360/539/2 362/542/2
f 1938/2270/2 1940/2273/2 362/542/2
f 1938/2270/2 362/542/2 364/545/2
f 1936/2267/2 1938/2270/2 364/545/2
f 1936/2267/2 364/545/2 366/548/2
f 1934/2264/2 1936/2267/2 366/548/2
f 1934/2264/2 366/548/2 368/551/2
f 1933/2262/2 1934/2264/2 368/551/2
f 1933/2262/2 368/551/2 370/554/2
f 1930/2258/2 1933/2262/2 370/554/2
f 1930/2258/2 370/554/2 372/557/2
f 1928/2255/2 1930/2258/2 372/557/2
f 1928/2255/2 372/557/2 373/559/2
f 1926/2252/2 1928/2255/2 373/559/2
f 1926/2252/2 373/559/2 375/562/2
f 1924/2249/2 1926/2252/2 375/562/2
f 1924/2249/2 375/562/2 377/565/2
f 1922/2246/2 1924/2249/2 377/565/2
f 1922/2246/2 377/565/2 379/568/2
f 1921/2244/2 1922/2246/2 379/568/2
f 1921/2244/2 379/568/2 381/571/2
f 1918/2240/2 1921/2244/2 381/571/2
f 383/574/2 385/577/2 1915/2235/2
f 1918/2240/2 381/571/2 383/574/2
f 383/574/2 1915/2235/2 1916/2237/2
f 5363/6325/2148 3523/4035/2148 3522/4034/2148
f 5362/6324/4 3522/4034/4 3520/4032/4
f 5359/6319/5 3520/4032/5 3518/4030/5
f 5357/6316/2149 3518/4030/2149 3515/4027/2149
f 5356/6315/1270 3515/4027/1270 3514/4026/1270
f 5354/6312/8 3514/4026/8 3512/4024/8
f 5352/6309/1267 3512/4024/1267 3509/4021/1267
f 5350/6306/10 3509/4021/10 3508/4020/10
f 5348/6303/2150 3508/4020/2150 3506/4018/2150
f 5346/6300/12 3506/4018/12 3504/4016/12
f 5344/6297/2151 3504/4016/2151 3502/4014/2151
f 5342/6294/1261 3502/4014/1261 3500/4012/1261
f 5340/6291/15 3500/4012/15 3498/4010/15
f 5337/6286/2152 3498/4010/2152 3495/4007/2152
f 5336/6285/17 3495/4007/17 3494/4006/17
f 5334/6282/2153 3494/4006/2153 3491/4003/2153
f 5332/6279/2154 3491/4003/2154 3489/4001/2154
f 5329/6274/20 3489/4001/20 3488/4000/20
f 5327/6271/2155 3488/4000/2155 3486/3998/2155
f 5325/6268/2156 3486/3998/2156 3484/3996/2156
f 5323/6265/23 3484/3996/23 3482/3994/23
f 5321/6262/24 3482/3994/24 3479/3991/24
f 5320/6261/25 3479/3991/25 3478/3990/25
f 5317/6256/26 3478/3990/26 3476/3988/26
f 5315/6253/2157 3476/3988/2157 3473/3985/2157
f 5313/6250/28 3473/3985/28 3472/3984/28
f 5311/6247/29 3472/3984/29 3469/3981/29
f 5309/6244/30 3469/3981/30 3467/3979/30
f 5308/6243/31 3467/3979/31 3465/3977/31
f 5306/6240/2158 3465/3977/2158 3464/3976/2158
f 5304/6237/33 3464/3976/33 3461/3973/33
f 5302/6234/34 3461/3973/34 3460/3972/34
f 5300/6231/35 3460/3972/35 3457/3969/35
f 5298/6228/36 3457/3969/36 3455/3967/36
f 5296/6225/37 3455/3967/37 3454/3966/37
f 5293/6220/2159 3454/3966/2159 3451/3963/2159
f 5292/6219/39 3451/3963/39 3450/3962/39
f 5290/6216/2160 3450/3962/2160 3447/3959/2160
f 5288/6213/41 3447/3959/41 3446/3958/41
f 5286/6210/2161 3446/3958/2161 3444/3956/2161
f 5283/6205/43 3444/3956/43 3442/3954/43
f 5282/6204/44 3442/3954/44 3440/3952/44
f 5279/6199/45 3440/3952/45 3437/3949/45
f 5277/6196/46 3437/3949/46 3436/3948/46
f 5275/6193/47 3436/3948/47 3434/3946/47
f 5273/6190/48 3434/3946/48 3432/3944/48
f 5271/6187/49 3432/3944/49 3430/3942/49
f 5267/6181/50 3427/3939/50 3425/3937/50
f 5265/6178/51 3425/3937/51 3424/3936/51
f 5264/6177/52 3424/3936/52 3421/3933/52
f 5262/6174/53 3421/3933/53 3420/3932/53
f 5260/6171/54 3420/3932/54 3418/3930/54
f 5258/6168/55 3418/3930/55 3416/3928/55
f 5256/6165/56 3416/3928/56 3413/3925/56
f 5254/6162/1222 3413/3925/1222 3412/3924/1222
f 5252/6159/58 3412/3924/58 3411/3923/58
f 5250/6156/1219 3411/3923/1219 3410/3922/1219
f 5248/6153/60 3410/3922/60 3409/3921/60
f 5246/6150/1218 3409/3921/1218 3408/3920/1218
f 5244/6147/62 3408/3920/62 3407/3919/62
f 5242/6144/63 3407/3919/63 3406/3918/63
f 5240/6141/64 3406/3918/64 3405/3917/64
f 5238/6138/65 3405/3917/65 3404/3916/65
f 5236/6135/66 3404/3916/66 3403/3915/66
f 5233/6130/1213 3403/3915/1213 3402/3914/1213
f 5232/6129/68 3402/3914/68 3401/3913/68
f 5229/6124/69 3401/3913/69 3400/3912/69
f 5228/6123/70 3400/3912/70 3399/3911/70
f 5226/6120/71 3399/3911/71 3398/3910/71
f 5224/6117/2162 3398/3910/2162 3397/3909/2162
f 5222/6114/73 3397/3909/73 3396/3908/73
f 5220/6111/74 3396/3908/74 3395/3907/74
f 5218/6108/75 3395/3907/75 3394/3906/75
f 5216/6105/1207 3394/3906/1207 3393/3905/1207
f 5214/6102/77 3393/3905/77 3392/3904/77
f 5212/6099/1205 3392/3904/1205 3391/3903/1205
f 5210/6096/79 3391/3903/79 3390/3902/79
f 5208/6093/2163 3390/3902/2163 3389/3901/2163
f 5206/6090/2164 3389/3901/2164 3388/3900/2164
f 5204/6087/82 3388/3900/82 3387/3899/82
f 5202/6084/1201 3387/3899/1201 3386/3898/1201
f 5200/6081/84 3386/3898/84 3385/3897/84
f 5198/6078/2165 3385/3897/2165 3384/3896/2165
f 5196/6075/2166 3384/3896/2166 3383/3895/2166
f 5194/6072/87 3383/3895/87 3382/3894/87
f 5192/6069/2167 3382/3894/2167 3381/3893/2167
f 5190/6066/89 3381/3893/89 3380/3892/89
f 5188/6063/2168 3380/3892/2168 3379/3891/2168
f 5186/6060/91 3379/3891/91 3378/3890/91
f 5184/6057/2169 3378/3890/2169 3377/3889/2169
f 5182/6054/2170 3377/3889/2170 3376/3888/2170
f 5180/6051/94 3376/3888/94 3375/3887/94
f 5178/6048/95 3375/3887/95 3374/3886/95
f 5176/6045/1191 3374/3886/1191 3373/3885/1191
f 5174/6042/97 3373/3885/97 3372/3884/97
f 5172/6039/98 3372/3884/98 3371/3883/98
f 5170/6036/2171 3371/3883/2171 3370/3882/2171
f 5167/6031/2172 3370/3882/2172 3369/3881/2172
f 5165/6028/101 3369/3881/101 3368/3880/101
f 5163/6025/2173 3368/3880/2173 3367/3879/2173
f 5161/6022/1184 3367/3879/1184 3366/3878/1184
f 5159/6019/104 3366/3878/104 3365/3877/104
f 5157/6016/105 3365/3877/105 3364/3876/105
f 5155/6013/106 3364/3876/106 3363/3875/106
f 5153/6010/1180 3363/3875/1180 3362/3874/1180
f 5151/6007/1179 3362/3874/1179 3361/3873/1179
f 5149/6004/1178 3361/3873/1178 3360/3872/1178
f 5147/6001/1177 3360/3872/1177 3359/3871/1177
f 5145/5998/2174 3359/3871/2174 3358/3870/2174
f 5143/5995/2175 3358/3870/2175 3357/3869/2175
f 5141/5992/113 3357/3869/113 3356/3868/113
f 5139/5989/2176 3356/3868/2176 3355/3867/2176
f 5137/5986/1171 3355/3867/1171 3354/3866/1171
f 5135/5983/2177 3354/3866/2177 3353/3865/2177
f 5133/5980/1168 3353/3865/1168 3352/3864/1168
f 5131/5977/2178 3352/3864/2178 3351/3863/2178
f 5129/5974/2179 3351/3863/2179 3350/3862/2179
f 5127/5971/2180 3350/3862/2180 3349/3861/2180
f 5125/5968/2181 3349/3861/2181 3348/3860/2181
f 5123/5965/1159 3348/3860/1159 3347/3859/1159
f 5121/5962/123 3347/3859/123 3346/3858/123
f 5120/5961/2182 3346/3858/2182 3344/3856/2182
f 5118/5958/2183 3344/3856/2183 3341/3853/2183
f 5116/5955/1153 3341/3853/1153 3340/3852/1153
f 5113/5950/127 3340/3852/127 3337/3849/127
f 5112/5949/128 3337/3849/128 3335/3847/128
f 5110/5946/129 3335/3847/129 3333/3845/129
f 5108/5943/130 3333/3845/130 3331/3843/130
f 5106/5940/1144 3331/3843/1144 3329/3841/1144
f 5104/5937/132 3329/3841/132 3327/3839/132
f 5101/5932/1140 3327/3839/1140 3326/3838/1140
f 5100/5931/134 3326/3838/134 3324/3836/134
f 5098/5928/135 3324/3836/135 3322/3834/135
f 5095/5923/136 3322/3834/136 3319/3831/136
f 5093/5920/137 3319/3831/137 3318/3830/137
f 5091/5917/138 3318/3830/138 3315/3827/138
f 5090/5916/2184 3315/3827/2184 3314/3826/2184
f 5087/5911/2185 3314/3826/2185 3311/3823/2185
f 5085/5908/2186 3311/3823/2186 3310/3822/2186
f 5083/5905/1124 3310/3822/1124 3307/3819/1124
f 5082/5904/143 3307/3819/143 3306/3818/143
f 5079/5899/144 3306/3818/144 3304/3816/144
f 5077/5896/145 3304/3816/145 3301/3813/145
f 5076/5895/1116 3301/3813/1116 3299/3811/1116
f 5074/5892/147 3299/3811/147 3297/3809/147
f 5071/5887/2187 3297/3809/2187 3296/3808/2187
f 5069/5884/149 3296/3808/149 3294/3806/149
f 5068/5883/2188 3294/3806/2188 3291/3803/2188
f 5065/5878/2189 3291/3803/2189 3289/3801/2189
f 5064/5877/2190 3289/3801/2190 3288/3800/2190
f 5062/5874/153 3288/3800/153 3286/3798/153
f 5060/5871/2191 3286/3798/2191 3284/3796/2191
f 5058/5868/155 3284/3796/155 3282/3794/155
f 5055/5863/2192 3282/3794/2192 3281/3793/2192
f 5053/5860/2193 3281/3793/2193 3280/3792/2193
f 5051/5857/2194 3280/3792/2194 3279/3791/2194
f 5049/5854/1081 3279/3791/1081 3278/3790/1081
f 5047/5851/2195 3278/3790/2195 3277/3789/2195
f 5045/5848/2196 3277/3789/2196 3276/3788/2196
f 5043/5845/2197 3276/3788/2197 3275/3787/2197
f 5041/5842/2198 3275/3787/2198 3274/3786/2198
f 5039/5839/164 3274/3786/164 3273/3785/164
f 5037/5836/165 3273/3785/165 3272/3784/165
f 5035/5833/2199 3272/3784/2199 3271/3783/2199
f 5033/5830/167 3271/3783/167 3270/3782/167
f 5031/5827/168 3270/3782/168 3269/3781/168
f 5029/5824/169 3269/3781/169 3268/3780/169
f 5027/5821/170 3268/3780/170 3267/3779/170
f 5025/5818/2200 3267/3779/2200 3266/3778/2200
f 5024/5817/2201 3266/3778/2201 3265/3777/2201
f 5021/5812/173 3265/3777/173 3264/3776/173
f 5020/5811/2202 3264/3776/2202 3263/3775/2202
f 5017/5806/175 3263/3775/175 3262/3774/175
f 5015/5803/2203 3262/3774/2203 3261/3773/2203
f 5013/5800/2204 3261/3773/2204 3260/3772/2204
f 5009/5794/2205 3259/3771/2205 3258/3770/2205
f 5007/5791/2206 3258/3770/2206 3257/3769/2206
f 5005/5788/180 3257/3769/180 3256/3768/180
f 5004/5787/2207 3256/3768/2207 3255/3767/2207
f 5001/5782/182 3255/3767/182 3254/3766/182
f 5000/5781/1040 3254/3766/1040 3253/3765/1040
f 4998/5778/1038 3253/3765/1038 3252/3764/1038
f 4996/5775/185 3252/3764/185 3251/3763/185
f 4994/5772/186 3251/3763/186 3250/3762/186
f 4992/5769/187 3250/3762/187 3246/3758/187
f 4990/5766/188 3246/3758/188 3245/3757/188
f 4988/5763/2208 3245/3757/2208 3240/3752/2208
f 4986/5760/190 3240/3752/190 3236/3748/190
f 4984/5757/191 3236/3748/191 3232/3744/191
f 4982/5754/2209 3232/3744/2209 3229/3741/2209
f 4980/5751/2210 3229/3741/2210 3225/3737/2210
f 4978/5748/2211 3225/3737/2211 3221/3733/2211
f 4976/5745/1304 3221/3733/1304 3217/3729/1304
f 4974/5742/2212 3217/3729/2212 3210/3722/2212
f 4973/5741/1299 3210/3722/1299 3207/3719/1299
f 4972/5740/1297 3207/3719/1297 3204/3716/1297
f 4971/5739/1295 3204/3716/1295 3200/3712/1295
f 4970/5738/200 3200/3712/200 3196/3708/200
f 4969/5737/2213 3196/3708/2213 3192/3704/2213
f 4968/5736/202 3192/3704/202 3189/3701/202
f 4967/5735/1287 3189/3701/1287 3184/3696/1287
f 4966/5734/2214 3184/3696/2214 3180/3692/2214
f 4965/5733/2215 3180/3692/2215 3175/3687/2215
f 4964/5732/206 3175/3687/206 3171/3683/206
f 4963/5731/2216 3171/3683/2216 3167/3679/2216
f 4962/5730/2217 3167/3679/2217 3164/3676/2217
f 4961/5729/209 3164/3676/209 3158/3670/209
f 4960/5728/210 3158/3670/210 3156/3668/210
f 4959/5727/211 3156/3668/211 3153/3665/211
f 4958/5726/212 3153/3665/212 3148/3660/212
f 4957/5725/2218 3148/3660/2218 3144/3656/2218
f 4956/5724/2219 3144/3656/2219 3139/3651/2219
f 4955/5723/2220 3139/3651/2220 3137/3649/2220
f 4954/5722/2221 3137/3649/2221 3132/3644/2221
f 4953/5721/217 3132/3644/217 3129/3641/217
f 4952/5720/218 3129/3641/218 3125/3637/218
f 4951/5719/219 3125/3637/219 3123/3635/219
f 4950/5718/220 3123/3635/220 3121/3633/220
f 4949/5717/221 3121/3633/221 3118/3630/221
f 4948/5716/2222 3118/3630/2222 3116/3628/2222
f 4947/5715/223 3116/3628/223 3114/3626/223
f 4946/5714/1255 3114/3626/1255 3112/3624/1255
f 4945/5713/225 3112/3624/225 3111/3623/225
f 4944/5712/226 3111/3623/226 3109/3621/226
f 4943/5711/2223 3109/3621/2223 3107/3619/2223
f 4942/5710/2224 3107/3619/2224 3105/3617/2224
f 4941/5709/1249 3105/3617/1249 3103/3615/1249
f 4940/5708/2225 3103/3615/2225 3100/3612/2225
f 4939/5707/2226 3100/3612/2226 3099/3611/2226
f 4938/5706/1247 3099/3611/1247 3096/3608/1247
f 4937/5705/2227 3096/3608/2227 3095/3607/2227
f 4936/5704/2228 3095/3607/2228 3093/3605/2228
f 4935/5703/2229 3093/3605/2229 3090/3602/2229
f 4934/5702/1243 3090/3602/1243 3089/3601/1243
f 4933/5701/1242 3089/3601/1242 3087/3599/1242
f 4932/5700/2230 3087/3599/2230 3085/3597/2230
f 4931/5699/1240 3085/3597/1240 3083/3595/1240
f 4930/5698/2231 3083/3595/2231 3080/3592/2231
f 4929/5697/2232 3080/3592/2232 3079/3591/2232
f 4928/5696/242 3079/3591/242 3076/3588/242
f 4927/5695/1238 3076/3588/1238 3074/3586/1238
f 4926/5694/2233 3074/3586/2233 3073/3585/2233
f 4925/5693/2234 3073/3585/2234 3070/3582/2234
f 4924/5692/1236 3070/3582/1236 3068/3580/1236
f 4923/5691/2235 3068/3580/2235 3067/3579/2235
f 4922/5690/2236 3067/3579/2236 3065/3577/2236
f 4921/5689/249 3065/3577/249 3062/3574/249
f 4920/5688/250 3062/3574/250 3058/3570/250
f 4824/5592/2237 2776/3288/2237 2778/3290/2237
f 4919/5687/252 3058/3570/252 3054/3566/252
f 4823/5591/253 2774/3286/253 2776/3288/253
f 4918/5686/1233 3054/3566/1233 3050/3562/1233
f 4822/5590/255 2769/3281/255 2774/3286/255
f 4917/5685/2238 3050/3562/2238 3046/3558/2238
f 4821/5589/257 2765/3277/257 2769/3281/257
f 4916/5684/258 3046/3558/258 3045/3557/258
f 4820/5588/259 2761/3273/259 2765/3277/259
f 4915/5683/2239 3045/3557/2239 3041/3553/2239
f 4819/5587/261 2758/3270/261 2761/3273/261
f 4914/5682/2240 3041/3553/2240 3035/3547/2240
f 4818/5586/1122 2754/3266/1122 2758/3270/1122
f 4913/5681/264 3035/3547/264 3032/3544/264
f 4817/5585/265 2748/3260/265 2754/3266/265
f 4912/5680/266 3032/3544/266 3028/3540/266
f 4816/5584/1117 2744/3256/1117 2748/3260/1117
f 4911/5679/2241 3028/3540/2241 3022/3534/2241
f 4815/5583/269 2740/3252/269 2744/3256/269
f 4910/5678/270 3022/3534/270 3020/3532/270
f 4814/5582/271 2739/3251/271 2740/3252/271
f 4909/5677/272 3020/3532/272 3014/3526/272
f 4813/5581/1108 2732/3244/1108 2739/3251/1108
f 4908/5676/2242 3014/3526/2242 3010/3522/2242
f 4812/5580/2243 2729/3241/2243 2732/3244/2243
f 4907/5675/1223 3010/3522/1223 3007/3519/1223
f 4811/5579/1102 2724/3236/1102 2729/3241/1102
f 4906/5674/278 3007/3519/278 3002/3514/278
f 4810/5578/2244 2720/3232/2244 2724/3236/2244
f 4905/5673/1220 3002/3514/1220 3000/3512/1220
f 4809/5577/2245 2717/3229/2245 2720/3232/2245
f 4904/5672/282 3000/3512/282 2997/3509/282
f 4808/5576/2246 2714/3226/2246 2717/3229/2246
f 4903/5671/2247 2997/3509/2247 2995/3507/2247
f 4807/5575/1092 2709/3221/1092 2714/3226/1092
f 4902/5670/286 2995/3507/286 2994/3506/286
f 4806/5574/2248 2708/3220/2248 2709/3221/2248
f 4901/5669/2249 2994/3506/2249 2991/3503/2249
f 4805/5573/2250 2705/3217/2250 2708/3220/2250
f 4900/5668/1216 2991/3503/1216 2989/3501/1216
f 4804/5572/2251 2703/3215/2251 2705/3217/2251
f 4899/5667/292 2989/3501/292 2988/3500/292
f 4803/5571/2252 2702/3214/2252 2703/3215/2252
f 4898/5666/2253 2988/3500/2253 2985/3497/2253
f 4802/5570/1080 2700/3212/1080 2702/3214/1080
f 4897/5665/296 2985/3497/296 2984/3496/296
f 4801/5569/2254 2698/3210/2254 2700/3212/2254
f 4896/5664/2255 2984/3496/2255 2981/3493/2255
f 4800/5568/1076 2696/3208/1076 2698/3210/1076
f 4895/5663/2256 2981/3493/2256 2980/3492/2256
f 4799/5567/2257 2693/3205/2257 2696/3208/2257
f 4894/5662/302 2980/3492/302 2977/3489/302
f 4798/5566/303 2692/3204/303 2693/3205/303
f 4893/5661/2258 2977/3489/2258 2976/3488/2258
f 4797/5565/2259 2689/3201/2259 2692/3204/2259
f 4892/5660/2260 2976/3488/2260 2974/3486/2260
f 4796/5564/2261 2687/3199/2261 2689/3201/2261
f 4891/5659/308 2974/3486/308 2972/3484/308
f 4795/5563/1068 2685/3197/1068 2687/3199/1068
f 4890/5658/310 2972/3484/310 2970/3482/310
f 4794/5562/1067 2683/3195/1067 2685/3197/1067
f 4889/5657/312 2970/3482/312 2968/3480/312
f 4793/5561/1066 2681/3193/1066 2683/3195/1066
f 4888/5656/314 2968/3480/314 2964/3476/314
f 4792/5560/1065 2679/3191/1065 2681/3193/1065
f 4887/5655/2262 2964/3476/2262 2960/3472/2262
f 4791/5559/317 2677/3189/317 2679/3191/317
f 4886/5654/318 2960/3472/318 2954/3466/318
f 4790/5558/319 2675/3187/319 2677/3189/319
f 4885/5653/320 2954/3466/320 2952/3464/320
f 4789/5557/321 2669/3181/321 2675/3187/321
f 4884/5652/322 2952/3464/322 2949/3461/322
f 4788/5556/2263 2667/3179/2263 2669/3181/2263
f 4883/5651/324 2949/3461/324 2945/3457/324
f 4787/5555/2264 2663/3175/2264 2667/3179/2264
f 4882/5650/2265 2945/3457/2265 2941/3453/2265
f 4786/5554/327 2657/3169/327 2663/3175/327
f 4881/5649/328 2941/3453/328 2936/3448/328
f 4785/5553/2266 2654/3166/2266 2657/3169/2266
f 4880/5648/330 2936/3448/330 2932/3444/330
f 4784/5552/1049 2650/3162/1049 2654/3166/1049
f 4879/5647/332 2932/3444/332 2928/3440/332
f 4783/5551/333 2646/3158/333 2650/3162/333
f 4878/5646/334 2928/3440/334 2924/3436/334
f 4782/5550/335 2644/3156/335 2646/3158/335
f 4877/5645/336 2924/3436/336 2920/3432/336
f 4781/5549/1045 2640/3152/1045 2644/3156/1045
f 4876/5644/2267 2920/3432/2267 2915/3427/2267
f 4780/5548/339 2633/3145/339 2640/3152/339
f 4875/5643/340 2915/3427/340 2913/3425/340
f 4779/5547/341 2632/3144/341 2633/3145/341
f 4874/5642/2268 2913/3425/2268 2906/3418/2268
f 4778/5546/2269 2625/3137/2269 2632/3144/2269
f 4873/5641/344 2906/3418/344 2904/3416/344
f 4777/5545/2270 2624/3136/2270 2625/3137/2270
f 4872/5640/2271 2904/3416/2271 2898/3410/2271
f 4776/5544/1 2617/3129/1 2624/3136/1
f 4871/5639/347 2898/3410/347 2894/3406/347
f 4775/5543/2272 2613/3125/2272 2617/3129/2272
f 4870/5638/349 2894/3406/349 2890/3402/349
f 4774/5542/350 2612/3124/350 2613/3125/350
f 4869/5637/351 2890/3402/351 2888/3400/351
f 4773/5541/2273 2607/3119/2273 2612/3124/2273
f 4868/5636/353 2888/3400/353 2883/3395/353
f 4772/5540/354 2601/3113/354 2607/3119/354
f 4867/5635/355 2883/3395/355 2878/3390/355
f 4771/5539/2274 2599/3111/2274 2601/3113/2274
f 4866/5634/357 2878/3390/357 2877/3389/357
f 4770/5538/2275 2595/3107/2275 2599/3111/2275
f 4865/5633/359 2877/3389/359 2871/3383/359
f 4769/5537/360 2591/3103/360 2595/3107/360
f 4862/5630/2276 2862/3374/2276 2866/3378/2276
f 4768/5536/1308 2587/3099/1308 2591/3103/1308
f 4861/5629/2277 2861/3373/2277 2862/3374/2277
f 4767/5535/364 2583/3095/364 2587/3099/364
f 4860/5628/365 2854/3366/365 2861/3373/365
f 4766/5534/1303 2580/3092/1303 2583/3095/1303
f 4859/5627/2278 2853/3365/2278 2854/3366/2278
f 4765/5533/1300 2574/3086/1300 2580/3092/1300
f 4858/5626/369 2846/3358/369 2853/3365/369
f 4764/5532/370 2572/3084/370 2574/3086/370
f 4857/5625/2279 2843/3355/2279 2846/3358/2279
f 4763/5531/1296 2567/3079/1296 2572/3084/1296
f 4856/5624/2280 2840/3352/2280 2843/3355/2280
f 4762/5530/1294 2563/3075/1294 2567/3079/1294
f 4855/5623/375 2837/3349/375 2840/3352/375
f 4761/5529/376 2560/3072/376 2563/3075/376
f 4854/5622/377 2836/3348/377 2837/3349/377
f 4760/5528/378 2556/3068/378 2560/3072/378
f 4853/5621/379 2834/3346/379 2836/3348/379
f 4759/5527/380 2552/3064/380 2556/3068/380
f 4852/5620/381 2831/3343/381 2834/3346/381
f 4758/5526/382 2550/3062/382 2552/3064/382
f 4851/5619/2281 2829/3341/2281 2831/3343/2281
f 4757/5525/2282 2547/3059/2282 2550/3062/2282
f 4850/5618/385 2828/3340/385 2829/3341/385
f 4756/5524/386 2545/3057/386 2547/3059/386
f 4849/5617/387 2825/3337/387 2828/3340/387
f 4755/5523/388 2543/3055/388 2545/3057/388
f 4848/5616/2283 2824/3336/2283 2825/3337/2283
f 4754/5522/390 2542/3054/390 2543/3055/390
f 4847/5615/2284 2822/3334/2284 2824/3336/2284
f 4753/5521/392 2539/3051/392 2542/3054/392
f 4846/5614/2285 2819/3331/2285 2822/3334/2285
f 4752/5520/1275 2537/3049/1275 2539/3051/1275
f 4845/5613/2286 2817/3329/2286 2819/3331/2286
f 4751/5519/396 2535/3047/396 2537/3049/396
f 4844/5612/1167 2815/3327/1167 2817/3329/1167
f 4750/5518/398 2533/3045/398 2535/3047/398
f 4843/5611/2287 2814/3326/2287 2815/3327/2287
f 4749/5517/400 2532/3044/400 2533/3045/400
f 4842/5610/2288 2812/3324/2288 2814/3326/2288
f 4748/5516/402 2530/3042/402 2532/3044/402
f 4841/5609/2289 2809/3321/2289 2812/3324/2289
f 4747/5515/404 2527/3039/404 2530/3042/404
f 4840/5608/405 2807/3319/405 2809/3321/405
f 5269/6184/406 3430/3942/406 2505/3017/406
f 4746/5514/1266 2525/3037/1266 2527/3039/1266
f 4839/5607/2290 2805/3317/2290 2807/3319/2290
f 5011/5797/409 3260/3772/409 3655/4178/409
f 4745/5513/410 2523/3035/410 2525/3037/410
f 4838/5606/411 2803/3315/411 2805/3317/411
f 4864/5632/412 2871/3383/412 3427/3939/412
f 4744/5512/1265 2522/3034/1265 2523/3035/1265
f 4837/5605/2291 2802/3314/2291 2803/3315/2291
f 4863/5631/415 2866/3378/415 3259/3771/415
f 4743/5511/416 2520/3032/416 2522/3034/416
f 4836/5604/2292 2800/3312/2292 2802/3314/2292
f 5525/6549/2293 3655/4178/2293 3653/4175/2293
f 4742/5510/1263 2518/3030/1263 2520/3032/1263
f 4835/5603/2294 2798/3310/2294 2800/3312/2294
f 5523/6547/2295 3653/4175/2295 3651/4172/2295
f 4741/5509/422 2516/3028/422 2518/3030/422
f 4834/5602/423 2795/3307/423 2798/3310/423
f 5521/6545/424 3651/4172/424 3649/4169/424
f 4740/5508/425 2514/3026/425 2516/3028/425
f 4833/5601/2296 2793/3305/2296 2795/3307/2296
f 5519/6543/2297 3649/4169/2297 3647/4166/2297
f 4739/5507/428 2512/3024/428 2514/3026/428
f 4832/5600/2298 2791/3303/2298 2793/3305/2298
f 5517/6541/430 3647/4166/430 3645/4163/430
f 4738/5506/431 2509/3021/431 2512/3024/431
f 4831/5599/432 2790/3302/432 2791/3303/432
f 5516/6540/1139 3645/4163/1139 3644/4162/1139
f 4737/5505/434 2508/3020/434 2509/3021/434
f 4830/5598/435 2788/3300/435 2790/3302/435
f 5513/6537/1138 3644/4162/1138 3642/4159/1138
f 4735/5503/437 2504/3016/437 2508/3020/437
f 4829/5597/438 2785/3297/438 2788/3300/438
f 5512/6536/439 3642/4159/439 3639/4154/439
f 4736/5504/440 2505/3017/440 2504/3016/440
f 4828/5596/441 2783/3295/441 2785/3297/441
f 5510/6534/442 3639/4154/442 3638/4153/442
f 4827/5595/1137 2782/3294/1137 2783/3295/1137
f 5508/6532/444 3638/4153/444 3636/4150/444
f 4826/5594/2299 2779/3291/2299 2782/3294/2299
f 5505/6529/446 3636/4150/446 3634/4147/446
f 4825/5593/2300 2778/3290/2300 2779/3291/2300
f 5503/6527/2301 3634/4147/2301 3630/4142/2301
f 5501/6525/449 3630/4142/449 3628/4140/449
f 5499/6523/450 3628/4140/450 3626/4138/450
f 5497/6521/2302 3626/4138/2302 3624/4136/2302
f 5495/6519/2303 3624/4136/2303 3622/4134/2303
f 5493/6517/2304 3622/4134/2304 3619/4131/2304
f 5491/6515/1118 3619/4131/1118 3618/4130/1118
f 5489/6513/2305 3618/4130/2305 3615/4127/2305
f 5487/6511/1112 3615/4127/1112 3613/4125/1112
f 5485/6508/1109 3613/4125/1109 3611/4123/1109
f 5483/6505/1106 3611/4123/1106 3609/4121/1106
f 5482/6504/459 3609/4121/459 3607/4119/459
f 5480/6501/2306 3607/4119/2306 3605/4117/2306
f 5477/6496/461 3605/4117/461 3603/4115/461
f 5475/6493/1095 3603/4115/1095 3601/4113/1095
f 5473/6490/2307 3601/4113/2307 3600/4112/2307
f 5471/6487/2308 3600/4112/2308 3598/4110/2308
f 5469/6484/465 3598/4110/465 3595/4107/465
f 5467/6481/2309 3595/4107/2309 3593/4105/2309
f 5466/6480/2310 3593/4105/2310 3591/4103/2310
f 5463/6475/468 3591/4103/468 3589/4101/468
f 5462/6474/469 3589/4101/469 3588/4100/469
f 5459/6469/470 3588/4100/470 3586/4098/470
f 5458/6468/471 3586/4098/471 3584/4096/471
f 5456/6465/2311 3584/4096/2311 3581/4093/2311
f 5454/6462/2312 3581/4093/2312 3580/4092/2312
f 5452/6459/2313 3580/4092/2313 3578/4090/2313
f 5450/6456/2314 3578/4090/2314 3575/4087/2314
f 5448/6453/476 3575/4087/476 3573/4085/476
f 5446/6450/477 3573/4085/477 3572/4084/477
f 5444/6447/478 3572/4084/478 3571/4083/478
f 5441/6442/479 3571/4083/479 3570/4082/479
f 5439/6439/480 3570/4082/480 3569/4081/480
f 5437/6436/2315 3569/4081/2315 3568/4080/2315
f 5436/6435/482 3568/4080/482 3567/4079/482
f 5434/6432/1056 3567/4079/1056 3566/4078/1056
f 5432/6429/484 3566/4078/484 3565/4077/484
f 5430/6426/485 3565/4077/485 3564/4076/485
f 5427/6421/2316 3564/4076/2316 3563/4075/2316
f 5425/6418/2317 3563/4075/2317 3562/4074/2317
f 5424/6417/1046 3562/4074/1046 3561/4073/1046
f 5421/6412/2318 3561/4073/2318 3560/4072/2318
f 5420/6411/2319 3560/4072/2319 3559/4071/2319
f 5418/6408/1042 3559/4071/1042 3558/4070/1042
f 5416/6405/2320 3558/4070/2320 3557/4069/2320
f 5414/6402/2321 3557/4069/2321 3556/4068/2321
f 5411/6397/2322 3556/4068/2322 3555/4067/2322
f 5409/6394/1321 3555/4067/1321 3554/4066/1321
f 5407/6391/1319 3554/4066/1319 3553/4065/1319
f 5405/6388/2323 3553/4065/2323 3552/4064/2323
f 5403/6385/1315 3552/4064/1315 3551/4063/1315
f 5402/6384/2324 3551/4063/2324 3550/4062/2324
f 5400/6381/2325 3550/4062/2325 3549/4061/2325
f 5398/6378/501 3549/4061/501 3548/4060/501
f 5396/6375/1309 3548/4060/1309 3547/4059/1309
f 5394/6372/2326 3547/4059/2326 3546/4058/2326
f 5392/6369/2327 3546/4058/2327 3545/4057/2327
f 5390/6366/1301 3545/4057/1301 3544/4056/1301
f 5388/6363/2328 3544/4056/2328 3543/4055/2328
f 5386/6360/2329 3543/4055/2329 3542/4054/2329
f 5384/6357/508 3542/4054/508 3541/4053/508
f 5382/6354/509 3541/4053/509 3540/4052/509
f 5380/6351/510 3540/4052/510 3538/4050/510
f 5378/6348/1288 3538/4050/1288 3536/4048/1288
f 5376/6345/2330 3536/4048/2330 3533/4045/2330
f 5374/6342/513 3533/4045/513 3531/4043/513
f 5372/6339/2331 3531/4043/2331 3530/4042/2331
f 5370/6336/2332 3530/4042/2332 3527/4039/2332
f 5368/6333/516 3527/4039/516 3526/4038/516
f 5365/6328/517 3526/4038/517 3523/4035/517
f 2504/3016/1323 2505/3017/1323 1346/1602/1323
f 2508/3020/519 2504/3016/519 1345/1601/519
f 2508/3020/2333 1347/1603/2333 1348/1604/2333
f 2512/3024/2334 2509/3021/2334 1348/1604/2334
f 2512/3024/522 1349/1605/522 1350/1606/522
f 2514/3026/2335 1350/1606/2335 1351/1607/2335
f 2516/3028/524 1351/1607/524 1352/1608/524
f 2520/3032/1327 2518/3030/1327 1352/1608/1327
f 2522/3034/526 2520/3032/526 1353/1609/526
f 2522/3034/527 1354/1610/527 1355/1611/527
f 2523/3035/2336 1355/1611/2336 1356/1612/2336
f 2525/3037/1330 1356/1612/1330 1357/1613/1330
f 2530/3042/530 2527/3039/530 1357/1613/530
f 2530/3042/2337 1358/1614/2337 1359/1615/2337
f 2532/3044/1332 1359/1615/1332 1360/1616/1332
f 2533/3045/2338 1360/1616/2338 1361/1617/2338
f 2537/3049/2339 2535/3047/2339 1361/1617/2339
f 2537/3049/1335 1362/1618/1335 1363/1619/1335
f 2542/3054/2340 2539/3051/2340 1363/1619/2340
f 2542/3054/2341 1364/1620/2341 1365/1621/2341
f 2545/3057/538 2543/3055/538 1365/1621/538
f 2547/3059/539 2545/3057/539 1366/1622/539
f 2547/3059/540 1367/1623/540 1368/1624/540
f 2552/3064/541 2550/3062/541 1368/1624/541
f 2552/3064/542 1369/1625/542 1370/1626/542
f 2556/3068/543 1370/1626/543 1371/1627/543
f 2563/3075/2342 2560/3072/2342 1371/1627/2342
f 2563/3075/2343 1372/1628/2343 1373/1629/2343
f 2572/3084/546 2567/3079/546 1373/1629/546
f 2572/3084/2344 1374/1630/2344 1375/1631/2344
f 2580/3092/548 2574/3086/548 1375/1631/548
f 2580/3092/1343 1376/1632/1343 1377/1633/1343
f 2583/3095/550 1377/1633/550 1378/1634/550
f 2591/3103/2345 2587/3099/2345 1378/1634/2345
f 2595/3107/2346 2591/3103/2346 1379/1635/2346
f 2595/3107/553 1380/1636/553 1381/1637/553
f 2601/3113/2347 2599/3111/2347 1381/1637/2347
f 2601/3113/2348 1382/1638/2348 1383/1639/2348
f 2607/3119/556 1383/1639/556 1384/1640/556
f 2612/3124/2349 1384/1640/2349 1385/1641/2349
f 2613/3125/558 1385/1641/558 1386/1642/558
f 2624/3136/1347 2617/3129/1347 1386/1642/1347
f 2624/3136/560 1387/1643/560 1388/1644/560
f 2632/3144/2350 2625/3137/2350 1388/1644/2350
f 2633/3145/1349 2632/3144/1349 1389/1645/1349
f 2633/3145/563 1390/1646/563 1391/1647/563
f 2644/3156/2351 2640/3152/2351 1391/1647/2351
f 2646/3158/2352 2644/3156/2352 1392/1648/2352
f 2650/3162/2353 2646/3158/2353 1393/1649/2353
f 2650/3162/567 1394/1650/567 1395/1651/567
f 2657/3169/568 2654/3166/568 1395/1651/568
f 2657/3169/2354 1396/1652/2354 1397/1653/2354
f 2667/3179/2355 2663/3175/2355 1397/1653/2355
f 2667/3179/571 1398/1654/571 1399/1655/571
f 2675/3187/572 2669/3181/572 1399/1655/572
f 2675/3187/2356 1400/1656/2356 1401/1657/2356
f 2677/3189/2357 1401/1657/2357 1402/1658/2357
f 2681/3193/2358 2679/3191/2358 1402/1658/2358
f 2681/3193/1359 1403/1659/1359 1404/1660/1359
f 2683/3195/2359 1404/1660/2359 1405/1661/2359
f 2685/3197/578 1405/1661/578 1406/1662/578
f 2687/3199/579 1406/1662/579 1407/1663/579
f 2692/3204/2360 2689/3201/2360 1407/1663/2360
f 2692/3204/2361 1410/1666/2361 1411/1667/2361
f 2696/3208/2362 2693/3205/2362 1411/1667/2362
f 2696/3208/2363 1414/1670/2363 1416/1672/2363
f 2700/3212/584 2698/3210/584 1416/1672/584
f 2702/3214/2364 2700/3212/2364 1418/1674/2364
f 2702/3214/2365 1420/1676/2365 1422/1678/2365
f 2705/3217/2366 2703/3215/2366 1422/1678/2366
f 2705/3217/588 1424/1680/588 1426/1682/588
f 2709/3221/2367 2708/3220/2367 1426/1682/2367
f 2714/3226/1373 2709/3221/1373 1428/1684/1373
f 2714/3226/2368 1430/1686/2368 1432/1688/2368
f 2720/3232/2369 2717/3229/2369 1432/1688/2369
f 2720/3232/2370 1434/1690/2370 1436/1692/2370
f 2724/3236/2371 1436/1692/2371 1437/1693/2371
f 2732/3244/2372 2729/3241/2372 1437/1693/2372
f 2732/3244/2373 1439/1695/2373 1442/1698/2373
f 2739/3251/2374 1442/1698/2374 1444/1700/2374
f 2740/3252/598 1444/1700/598 1445/1701/598
f 2744/3256/2375 1445/1701/2375 1447/1703/2375
f 2754/3266/2376 2748/3260/2376 1447/1703/2376
f 2754/3266/2377 1449/1705/2377 1451/1707/2377
f 2758/3270/2378 1451/1707/2378 1453/1709/2378
f 2765/3277/2379 2761/3273/2379 1453/1709/2379
f 2765/3277/604 1455/1711/604 1457/1713/604
f 2774/3286/2380 2769/3281/2380 1457/1713/2380
f 2774/3286/2381 1459/1715/2381 1461/1717/2381
f 2776/3288/2382 1461/1717/2382 1463/1719/2382
f 2779/3291/2383 2778/3290/2383 1463/1719/2383
f 2779/3291/2384 1465/1721/2384 1468/1724/2384
f 2783/3295/2385 2782/3294/2385 1468/1724/2385
f 2783/3295/2386 1469/1725/2386 1471/1727/2386
f 2785/3297/1391 1471/1727/1391 1473/1729/1391
f 2790/3302/2387 2788/3300/2387 1473/1729/2387
f 2790/3302/614 1476/1732/614 1477/1733/614
f 2791/3303/2388 1477/1733/2388 1479/1735/2388
f 2795/3307/2389 2793/3305/2389 1479/1735/2389
f 2795/3307/617 1481/1737/617 1483/1739/617
f 2800/3312/618 2798/3310/618 1483/1739/618
f 2800/3312/2390 1485/1741/2390 1487/1743/2390
f 2803/3315/2391 2802/3314/2391 1487/1743/2391
f 2805/3317/621 2803/3315/621 1489/1745/621
f 2805/3317/2392 1491/1747/2392 1493/1749/2392
f 2809/3321/2393 2807/3319/2393 1493/1749/2393
f 2809/3321/2394 1495/1751/2394 1497/1753/2394
f 2812/3324/1403 1497/1753/1403 1499/1755/1403
f 2815/3327/2395 2814/3326/2395 1499/1755/2395
f 2815/3327/627 1501/1757/627 1503/1759/627
f 2817/3329/2396 1503/1759/2396 1506/1762/2396
f 2819/3331/2397 1506/1762/2397 1508/1764/2397
f 2824/3336/2398 2822/3334/2398 1508/1764/2398
f 2825/3337/2399 2824/3336/2399 1510/1766/2399
f 2825/3337/2400 1512/1768/2400 1514/1770/2400
f 2828/3340/2401 1514/1770/2401 1516/1772/2401
f 2829/3341/2402 1516/1772/2402 1518/1774/2402
f 2831/3343/2403 1518/1774/2403 1520/1776/2403
f 2834/3346/2404 1520/1776/2404 1521/1777/2404
f 2836/3348/637 1521/1777/637 1523/1779/637
f 2837/3349/2405 1523/1779/2405 1525/1781/2405
f 2843/3355/1417 2840/3352/1417 1525/1781/1417
f 2843/3355/2406 1527/1783/2406 1530/1786/2406
f 2853/3365/1419 2846/3358/1419 1530/1786/1419
f 2853/3365/2407 1531/1787/2407 1532/1788/2407
f 2861/3373/2408 2854/3366/2408 1532/1788/2408
f 2861/3373/2409 1533/1789/2409 1534/1790/2409
f 2862/3374/645 1534/1790/645 1535/1791/645
f 2877/3389/2410 1537/1793/2410 1536/1792/2410
f 2878/3390/647 1538/1794/647 1537/1793/647
f 2878/3390/2411 2883/3395/2411 1539/1795/2411
f 2888/3400/2412 1540/1796/2412 1539/1795/2412
f 2888/3400/650 2890/3402/650 1541/1797/650
f 2894/3406/651 1542/1798/651 1541/1797/651
f 2894/3406/652 2898/3410/652 1543/1799/652
f 2904/3416/1428 1544/1800/1428 1543/1799/1428
f 2906/3418/654 1545/1801/654 1544/1800/654
f 2913/3425/2413 1546/1802/2413 1545/1801/2413
f 2915/3427/656 1547/1803/656 1546/1802/656
f 2920/3432/1430 1548/1804/1430 1547/1803/1430
f 2924/3436/658 1549/1805/658 1548/1804/658
f 2928/3440/2414 1550/1806/2414 1549/1805/2414
f 2928/3440/2415 2932/3444/2415 1551/1807/2415
f 2932/3444/1432 2936/3448/1432 1552/1808/1432
f 2941/3453/2416 1553/1809/2416 1552/1808/2416
f 2945/3457/663 1554/1810/663 1553/1809/663
f 2949/3461/2417 1555/1811/2417 1554/1810/2417
f 2949/3461/1435 2952/3464/1435 1556/1812/1435
f 2954/3466/666 1557/1813/666 1556/1812/666
f 2960/3472/667 1558/1814/667 1557/1813/667
f 2960/3472/668 2964/3476/668 1559/1815/668
f 2968/3480/669 1560/1816/669 1559/1815/669
f 2968/3480/670 2970/3482/670 1561/1817/670
f 2970/3482/671 2972/3484/671 1562/1818/671
f 2974/3486/2418 1563/1819/2418 1562/1818/2418
f 2974/3486/1439 2976/3488/1439 1565/1821/1439
f 2977/3489/674 1567/1823/674 1565/1821/674
f 2977/3489/1440 2980/3492/1440 1568/1824/1440
f 2981/3493/676 1571/1827/676 1568/1824/676
f 2984/3496/677 1573/1829/677 1571/1827/677
f 2984/3496/678 2985/3497/678 1574/1830/678
f 2988/3500/2419 1576/1832/2419 1574/1830/2419
f 2989/3501/2420 1579/1835/2420 1576/1832/2420
f 2989/3501/681 2991/3503/681 1581/1837/681
f 2994/3506/2421 1583/1839/2421 1581/1837/2421
f 2994/3506/2422 2995/3507/2422 1585/1841/2422
f 2997/3509/2423 1587/1843/2423 1585/1841/2423
f 3000/3512/685 1589/1845/685 1587/1843/685
f 3000/3512/686 3002/3514/686 1590/1846/686
f 3007/3519/2424 1593/1849/2424 1590/1846/2424
f 3007/3519/688 3010/3522/688 1595/1851/688
f 3014/3526/2425 1596/1852/2425 1595/1851/2425
f 3020/3532/2426 1598/1854/2426 1596/1852/2426
f 3020/3532/691 3022/3534/691 1600/1856/691
f 3028/3540/2427 1602/1858/2427 1600/1856/2427
f 3032/3544/1454 1605/1861/1454 1602/1858/1454
f 3035/3547/2428 1606/1862/2428 1605/1861/2428
f 3035/3547/695 3041/3553/695 1609/1865/695
f 3045/3557/696 1611/1867/696 1609/1865/696
f 3046/3558/2429 1613/1869/2429 1611/1867/2429
f 3050/3562/2430 1614/1870/2430 1613/1869/2430
f 3054/3566/699 1617/1873/699 1614/1870/699
f 3058/3570/700 1619/1875/700 1617/1873/700
f 3058/3570/2431 3062/3574/2431 1621/1877/2431
f 3062/3574/2432 3065/3577/2432 1623/1879/2432
f 3067/3579/2433 1625/1881/2433 1623/1879/2433
f 3067/3579/2434 3068/3580/2434 1627/1883/2434
f 3070/3582/2435 1628/1884/2435 1627/1883/2435
f 3070/3582/706 3073/3585/706 1629/1885/706
f 3073/3585/707 3074/3586/707 1630/1886/707
f 3076/3588/2436 1631/1887/2436 1630/1886/2436
f 3076/3588/2437 3079/3591/2437 1632/1888/2437
f 3080/3592/2438 1633/1889/2438 1632/1888/2438
f 3080/3592/2439 3083/3595/2439 1634/1890/2439
f 3085/3597/712 1635/1891/712 1634/1890/712
f 3087/3599/2440 1636/1892/2440 1635/1891/2440
f 3089/3601/2441 1637/1893/2441 1636/1892/2441
f 3090/3602/2442 1638/1894/2442 1637/1893/2442
f 3090/3602/716 3093/3605/716 1639/1895/716
f 3095/3607/2443 1640/1896/2443 1639/1895/2443
f 3096/3608/2444 1641/1897/2444 1640/1896/2444
f 3096/3608/2445 3099/3611/2445 1642/1898/2445
f 3100/3612/1477 1643/1899/1477 1642/1898/1477
f 3100/3612/1478 3103/3615/1478 1644/1900/1478
f 3105/3617/2446 1645/1901/2446 1644/1900/2446
f 3107/3619/1480 1646/1902/1480 1645/1901/1480
f 3107/3619/2447 3109/3621/2447 1647/1903/2447
f 3109/3621/2448 3111/3623/2448 1648/1904/2448
f 3111/3623/726 3112/3624/726 1649/1905/726
f 3112/3624/2449 3114/3626/2449 1650/1906/2449
f 3116/3628/2450 1651/1907/2450 1650/1906/2450
f 3116/3628/2451 3118/3630/2451 1652/1908/2451
f 3118/3630/1486 3121/3633/1486 1653/1909/1486
f 3123/3635/2452 1654/1910/2452 1653/1909/2452
f 3123/3635/732 3125/3637/732 1655/1911/732
f 3129/3641/2453 1656/1912/2453 1655/1911/2453
f 3132/3644/2454 1657/1913/2454 1656/1912/2454
f 3137/3649/2455 1658/1914/2455 1657/1913/2455
f 3139/3651/2456 1659/1915/2456 1658/1914/2456
f 3139/3651/2457 3144/3656/2457 1660/1916/2457
f 3148/3660/2458 1661/1917/2458 1660/1916/2458
f 3148/3660/2459 3153/3665/2459 1662/1918/2459
f 3153/3665/2460 3156/3668/2460 1663/1919/2460
f 3158/3670/2461 1664/1920/2461 1663/1919/2461
f 3158/3670/742 3164/3676/742 1665/1921/742
f 3164/3676/2462 3167/3679/2462 1666/1922/2462
f 3171/3683/2463 1667/1923/2463 1666/1922/2463
f 3171/3683/745 3175/3687/745 1668/1924/745
f 3180/3692/746 1669/1925/746 1668/1924/746
f 3180/3692/2464 3184/3696/2464 1670/1926/2464
f 3189/3701/2465 1671/1927/2465 1670/1926/2465
f 3192/3704/749 1672/1928/749 1671/1927/749
f 3192/3704/2466 3196/3708/2466 1673/1929/2466
f 3200/3712/2467 1674/1930/2467 1673/1929/2467
f 3200/3712/2468 3204/3716/2468 1675/1931/2468
f 3204/3716/2469 3207/3719/2469 1676/1932/2469
f 3210/3722/2470 1677/1933/2470 1676/1932/2470
f 3210/3722/755 3217/3729/755 1678/1934/755
f 3221/3733/2471 1679/1935/2471 1678/1934/2471
f 3221/3733/2472 3225/3737/2472 1680/1936/2472
f 3229/3741/2473 1681/1937/2473 1680/1936/2473
f 3232/3744/2474 1682/1938/2474 1681/1937/2474
f 3236/3748/2475 1683/1939/2475 1682/1938/2475
f 3236/3748/2476 3240/3752/2476 1684/1940/2476
f 3245/3757/2477 1685/1941/2477 1684/1940/2477
f 3246/3758/2478 1686/1942/2478 1685/1941/2478
f 3250/3762/2479 1687/1943/2479 1686/1942/2479
f 3250/3762/765 3251/3763/765 1688/1944/765
f 3251/3763/2480 3252/3764/2480 1689/1945/2480
f 3253/3765/2481 1690/1946/2481 1689/1945/2481
f 3254/3766/768 1691/1947/768 1690/1946/768
f 3255/3767/2482 1694/1952/2482 1691/1947/2482
f 3255/3767/2483 3256/3768/2483 1698/1957/2483
f 3257/3769/2484 1702/1962/2484 1698/1957/2484
f 3257/3769/2485 3258/3770/2485 1706/1967/2485
f 3258/3770/773 3259/3771/773 1710/1972/773
f 3261/3773/774 1719/1983/774 1715/1978/774
f 3262/3774/2486 1721/1985/2486 1719/1983/2486
f 3262/3774/2487 3263/3775/2487 1727/1993/2487
f 3264/3776/2488 1731/1998/2488 1727/1993/2488
f 3264/3776/1526 3265/3777/1526 1735/2003/1526
f 3266/3778/2489 1739/2008/2489 1735/2003/2489
f 3266/3778/1528 3267/3779/1528 1742/2012/1528
f 3268/3780/2490 1746/2017/2490 1742/2012/2490
f 3269/3781/782 1750/2022/782 1746/2017/782
f 3270/3782/2491 1754/2027/2491 1750/2022/2491
f 3271/3783/2492 1758/2032/2492 1754/2027/2492
f 3272/3784/2493 1762/2037/2493 1758/2032/2493
f 3273/3785/2494 1764/2039/2494 1762/2037/2494
f 3274/3786/2495 1769/2045/2495 1764/2039/2495
f 3274/3786/2496 3275/3787/2496 1774/2052/2496
f 3275/3787/2497 3276/3788/2497 1776/2054/2497
f 3277/3789/2498 1780/2059/2498 1776/2054/2498
f 3278/3790/1539 1784/2064/1539 1780/2059/1539
f 3279/3791/792 1789/2070/792 1784/2064/792
f 3279/3791/2499 3280/3792/2499 1793/2075/2499
f 3281/3793/1542 1796/2079/1542 1793/2075/1542
f 3282/3794/2500 1801/2085/2500 1796/2079/2500
f 3282/3794/2501 3284/3796/2501 1804/2089/2501
f 3286/3798/2502 1808/2094/2502 1804/2089/2502
f 3286/3798/798 3288/3800/798 1813/2100/798
f 3288/3800/2503 3289/3801/2503 1817/2105/2503
f 3291/3803/2504 1821/2110/2504 1817/2105/2504
f 3291/3803/2505 3294/3806/2505 1823/2113/2505
f 3296/3808/802 1825/2116/802 1823/2113/802
f 3296/3808/2506 3297/3809/2506 1827/2119/2506
f 3299/3811/2507 1829/2122/2507 1827/2119/2507
f 3301/3813/805 1831/2125/805 1829/2122/805
f 3301/3813/2508 3304/3816/2508 1833/2128/2508
f 3306/3818/1555 1835/2131/1555 1833/2128/1555
f 3307/3819/2509 1837/2134/2509 1835/2131/2509
f 3307/3819/2510 3310/3822/2510 1839/2137/2510
f 3311/3823/2511 1841/2140/2511 1839/2137/2511
f 3311/3823/2512 3314/3826/2512 1843/2143/2512
f 3315/3827/2513 1846/2148/2513 1843/2143/2513
f 3318/3830/2514 1848/2151/2514 1846/2148/2514
f 3318/3830/2515 3319/3831/2515 1850/2154/2515
f 3322/3834/815 1851/2155/815 1850/2154/815
f 3322/3834/2516 3324/3836/2516 1853/2158/2516
f 3326/3838/2517 1857/2163/2517 1853/2158/2517
f 3327/3839/2518 1861/2168/2518 1857/2163/2518
f 3327/3839/2519 3329/3841/2519 1864/2172/2519
f 3331/3843/2520 1869/2178/2520 1864/2172/2520
f 3333/3845/821 1873/2183/821 1869/2178/821
f 3335/3847/2521 1876/2187/2521 1873/2183/2521
f 3335/3847/2522 3337/3849/2522 1880/2192/2522
f 3340/3852/2523 1885/2198/2523 1880/2192/2523
f 3341/3853/2524 1888/2202/2524 1885/2198/2524
f 3344/3856/2525 1892/2207/2525 1888/2202/2525
f 3346/3858/2526 1896/2212/2526 1892/2207/2526
f 3347/3859/2527 1900/2217/2527 1896/2212/2527
f 3347/3859/2528 3348/3860/2528 1905/2223/2528
f 3348/3860/2529 3349/3861/2529 1908/2227/2529
f 3350/3862/831 1913/2233/831 1908/2227/831
f 3350/3862/2530 3351/3863/2530 1917/2239/2530
f 3352/3864/2531 1919/2242/2531 1917/2239/2531
f 3352/3864/2532 3353/3865/2532 1920/2243/2532
f 3353/3865/835 3354/3866/835 1923/2248/835
f 3355/3867/2533 1925/2251/2533 1923/2248/2533
f 3355/3867/2534 3356/3868/2534 1927/2254/2534
f 3357/3869/2535 1929/2257/2535 1927/2254/2535
f 3357/3869/2536 3358/3870/2536 1931/2260/2536
f 3359/3871/840 1932/2261/840 1931/2260/840
f 3360/3872/841 1935/2266/841 1932/2261/841
f 3361/3873/2537 1937/2269/2537 1935/2266/2537
f 3362/3874/1587 1939/2272/1587 1937/2269/1587
f 3362/3874/2538 3363/3875/2538 1941/2275/2538
f 3364/3876/2539 1942/2276/2539 1941/2275/2539
f 3365/3877/2540 1944/2279/2540 1942/2276/2540
f 3365/3877/2541 3366/3878/2541 1946/2282/2541
f 3367/3879/1591 1948/2285/1591 1946/2282/1591
f 3367/3879/2542 3368/3880/2542 1950/2288/2542
f 3369/3881/2543 1952/2291/2543 1950/2288/2543
f 3370/3882/851 1955/2296/851 1952/2291/851
f 3370/3882/1593 3371/3883/1593 1956/2297/1593
f 3371/3883/2544 3372/3884/2544 1958/2300/2544
f 3372/3884/2545 3373/3885/2545 1960/2303/2545
f 3373/3885/2546 3374/3886/2546 1962/2306/2546
f 3375/3887/856 1965/2311/856 1962/2306/856
f 3375/3887/1596 3376/3888/1596 1966/2312/1596
f 3376/3888/2547 3377/3889/2547 1969/2317/2547
f 3378/3890/859 1971/2320/859 1969/2317/859
f 3378/3890/1598 3379/3891/1598 1972/2321/1598
f 3380/3892/861 1975/2326/861 1972/2321/861
f 3381/3893/2548 1976/2327/2548 1975/2326/2548
f 3382/3894/863 1978/2330/863 1976/2327/863
f 3383/3895/2549 1980/2333/2549 1978/2330/2549
f 3383/3895/2550 3384/3896/2550 1985/2339/2550
f 3385/3897/866 1989/2344/866 1985/2339/866
f 3385/3897/2551 3386/3898/2551 1993/2349/2551
f 3386/3898/2552 3387/3899/2552 1996/2353/2552
f 3388/3900/869 2000/2358/869 1996/2353/869
f 3388/3900/870 3389/3901/870 2004/2363/870
f 3389/3901/2553 3390/3902/2553 2009/2369/2553
f 3391/3903/2554 2013/2374/2554 2009/2369/2554
f 3391/3903/873 3392/3904/873 2017/2379/873
f 3393/3905/874 2023/2387/874 2017/2379/874
f 3393/3905/2555 3394/3906/2555 2026/2391/2555
f 3395/3907/876 2028/2393/876 2026/2391/876
f 3396/3908/877 2033/2399/877 2028/2393/877
f 3396/3908/878 3397/3909/878 2039/2407/878
f 3398/3910/879 2042/2411/879 2039/2407/879
f 3398/3910/880 3399/3911/880 2046/2416/880
f 3399/3911/881 3400/3912/881 2050/2421/881
f 3401/3913/2556 2055/2427/2556 2050/2421/2556
f 3401/3913/2557 3402/3914/2557 2058/2431/2557
f 3403/3915/1611 2060/2433/1611 2058/2431/1611
f 3403/3915/2558 3404/3916/2558 2067/2442/2558
f 3405/3917/2559 2071/2447/2559 2067/2442/2559
f 3406/3918/1613 2074/2451/1613 2071/2447/1613
f 3407/3919/2560 2078/2456/2560 2074/2451/2560
f 3407/3919/889 3408/3920/889 2080/2458/889
f 3409/3921/1615 2084/2463/1615 2080/2458/1615
f 3410/3922/2561 2088/2468/2561 2084/2463/2561
f 3411/3923/892 2094/2476/892 2088/2468/892
f 3411/3923/893 3412/3924/893 2096/2478/893
f 3412/3924/1618 3413/3925/1618 2100/2483/1618
f 3416/3928/895 2104/2488/895 2100/2483/895
f 3418/3930/2562 2107/2493/2562 2104/2488/2562
f 3420/3932/897 2109/2496/897 2107/2493/897
f 3420/3932/2563 3421/3933/2563 2110/2497/2563
f 3424/3936/2564 2112/2500/2564 2110/2497/2564
f 3424/3936/900 3425/3937/900 2115/2505/900
f 3425/3937/1622 3427/3939/1622 2116/2506/1622
f 3432/3944/2565 2121/2514/2565 2118/2509/2565
f 3434/3946/903 2122/2515/903 2121/2514/903
f 3434/3946/2566 3436/3948/2566 2125/2520/2566
f 3437/3949/2567 2126/2521/2567 2125/2520/2567
f 3437/3949/906 3440/3952/906 2128/2524/906
f 3442/3954/907 2130/2527/907 2128/2524/907
f 3442/3954/908 3444/3956/908 2133/2532/908
f 3446/3958/1628 2135/2535/1628 2133/2532/1628
f 3447/3959/910 2137/2538/910 2135/2535/910
f 3450/3962/2568 2141/2543/2568 2137/2538/2568
f 3451/3963/912 2145/2548/912 2141/2543/912
f 3454/3966/1630 2148/2551/1630 2145/2548/1630
f 3455/3967/914 2154/2559/914 2148/2551/914
f 3457/3969/2569 2156/2561/2569 2154/2559/2569
f 3457/3969/2570 3460/3972/2570 2159/2565/2570
f 3460/3972/1632 3461/3973/1632 2163/2570/1632
f 3464/3976/2571 2168/2576/2571 2163/2570/2571
f 3465/3977/919 2174/2584/919 2168/2576/919
f 3467/3979/2572 2178/2589/2572 2174/2584/2572
f 3467/3979/1635 3469/3981/1635 2182/2594/1635
f 3472/3984/922 2184/2596/922 2182/2594/922
f 3473/3985/923 2189/2603/923 2184/2596/923
f 3473/3985/924 3476/3988/924 2194/2609/924
f 3478/3990/925 2197/2613/925 2194/2609/925
f 3478/3990/926 3479/3991/926 2201/2618/926
f 3479/3991/927 3482/3994/927 2203/2621/927
f 3484/3996/2573 2205/2624/2573 2203/2621/2573
f 3484/3996/1639 3486/3998/1639 2206/2625/1639
f 3488/4000/930 2209/2630/930 2206/2625/930
f 3488/4000/1640 3489/4001/1640 2211/2633/1640
f 3491/4003/932 2213/2636/932 2211/2633/932
f 3494/4006/933 2215/2639/933 2213/2636/933
f 3494/4006/934 3495/4007/934 2217/2642/934
f 3498/4010/2574 2219/2645/2574 2217/2642/2574
f 3500/4012/2575 2221/2648/2575 2219/2645/2575
f 3500/4012/937 3502/4014/937 2223/2651/937
f 3504/4016/2576 2225/2654/2576 2223/2651/2576
f 3504/4016/2577 3506/4018/2577 2227/2657/2577
f 3508/4020/2578 2229/2660/2578 2227/2657/2578
f 3509/4021/941 2231/2663/941 2229/2660/941
f 3509/4021/942 3512/4024/942 2232/2664/942
f 3514/4026/2579 2234/2667/2579 2232/2664/2579
f 3514/4026/944 3515/4027/944 2236/2670/944
f 3518/4030/2580 2238/2673/2580 2236/2670/2580
f 3520/4032/2581 2240/2676/2581 2238/2673/2581
f 3520/4032/947 3522/4034/947 2242/2679/947
f 3523/4035/2582 2244/2682/2582 2242/2679/2582
f 3526/4038/1654 2247/2687/1654 2244/2682/1654
f 3527/4039/2583 2249/2690/2583 2247/2687/2583
f 3527/4039/951 3530/4042/951 2251/2693/951
f 3531/4043/952 2253/2696/952 2251/2693/952
f 3533/4045/2584 2255/2699/2584 2253/2696/2584
f 3536/4048/2585 2257/2702/2585 2255/2699/2585
f 3538/4050/955 2259/2705/955 2257/2702/955
f 3540/4052/956 2261/2708/956 2259/2705/956
f 3540/4052/2586 3541/4053/2586 2263/2711/2586
f 3541/4053/2587 3542/4054/2587 2265/2714/2587
f 3543/4055/2588 2266/2715/2588 2265/2714/2588
f 3543/4055/2589 3544/4056/2589 2272/2723/2589
f 3545/4057/2590 2276/2728/2590 2272/2723/2590
f 3545/4057/962 3546/4058/962 2279/2732/962
f 3546/4058/963 3547/4059/963 2283/2737/963
f 3548/4060/2591 2287/2742/2591 2283/2737/2591
f 3548/4060/2592 3549/4061/2592 2291/2747/2592
f 3550/4062/2593 2296/2753/2593 2291/2747/2593
f 3550/4062/2594 3551/4063/2594 2300/2758/2594
f 3552/4064/968 2304/2763/968 2300/2758/968
f 3553/4065/2595 2308/2768/2595 2304/2763/2595
f 3554/4066/2596 2312/2773/2596 2308/2768/2596
f 3555/4067/2597 2316/2778/2597 2312/2773/2597
f 3555/4067/972 3556/4068/972 2320/2783/972
f 3557/4069/2598 2321/2784/2598 2320/2783/2598
f 3558/4070/2599 2328/2793/2599 2321/2784/2599
f 3558/4070/2600 3559/4071/2600 2331/2797/2600
f 3560/4072/1677 2335/2802/1677 2331/2797/1677
f 3560/4072/1678 3561/4073/1678 2340/2808/1678
f 3562/4074/2601 2343/2812/2601 2340/2808/2601
f 3563/4075/1680 2347/2817/1680 2343/2812/1680
f 3563/4075/2602 3564/4076/2602 2351/2822/2602
f 3564/4076/2603 3565/4077/2603 2355/2827/2603
f 3565/4077/982 3566/4078/982 2360/2833/982
f 3566/4078/2604 3567/4079/2604 2363/2837/2604
f 3568/4080/2605 2366/2840/2605 2363/2837/2605
f 3568/4080/2606 3569/4081/2606 2369/2844/2606
f 3569/4081/1686 3570/4082/1686 2373/2849/1686
f 3571/4083/2607 2380/2858/2607 2373/2849/2607
f 3571/4083/988 3572/4084/988 2381/2859/988
f 3573/4085/2608 2387/2867/2608 2381/2859/2608
f 3575/4087/2609 2391/2872/2609 2387/2867/2609
f 3578/4090/2610 2393/2874/2610 2391/2872/2610
f 3580/4092/2611 2396/2878/2611 2393/2874/2611
f 3580/4092/2612 3581/4093/2612 2398/2881/2612
f 3584/4096/2613 2400/2884/2613 2398/2881/2613
f 3584/4096/2614 3586/4098/2614 2402/2887/2614
f 3586/4098/2615 3588/4100/2615 2404/2890/2615
f 3589/4101/2616 2406/2893/2616 2404/2890/2616
f 3589/4101/998 3591/4103/998 2408/2896/998
f 3591/4103/2617 3593/4105/2617 2410/2899/2617
f 3595/4107/2618 2413/2904/2618 2410/2899/2618
f 3595/4107/1001 3598/4110/1001 2415/2907/1001
f 3600/4112/1002 2417/2910/1002 2415/2907/1002
f 3600/4112/2619 3601/4113/2619 2419/2913/2619
f 3603/4115/2620 2421/2916/2620 2419/2913/2620
f 3605/4117/1005 2423/2919/1005 2421/2916/1005
f 3605/4117/2621 3607/4119/2621 2425/2922/2621
f 3609/4121/2622 2426/2923/2622 2425/2922/2622
f 3609/4121/2623 3611/4123/2623 2429/2927/2623
f 3611/4123/2624 3613/4125/2624 2434/2933/2624
f 3615/4127/2625 2439/2940/2625 2434/2933/2625
f 3615/4127/1011 3618/4130/1011 2443/2945/1011
f 3619/4131/2626 2446/2948/2626 2443/2945/2626
f 3619/4131/2627 3622/4134/2627 2452/2956/2627
f 3624/4136/2628 2456/2961/2628 2452/2956/2628
f 3626/4138/2629 2460/2966/2629 2456/2961/2629
f 3628/4140/2630 2463/2970/2630 2460/2966/2630
f 3628/4140/2631 3630/4142/2631 2468/2976/2631
f 3634/4147/2632 2470/2978/2632 2468/2976/2632
f 3636/4150/2633 2474/2983/2633 2470/2978/2633
f 3638/4153/2634 2478/2988/2634 2474/2983/2634
f 3638/4153/1021 3639/4154/1021 2482/2993/1021
f 3639/4154/2635 3642/4159/2635 2488/3000/2635
f 3644/4162/2636 2490/3002/2636 2488/3000/2636
f 3645/4163/1024 2492/3004/1024 2490/3002/1024
f 3647/4166/2637 2494/3006/2637 2492/3004/2637
f 3647/4166/2638 3649/4169/2638 2496/3008/2638
f 3651/4172/2639 2498/3010/2639 2496/3008/2639
f 3651/4172/2640 3653/4175/2640 2499/3011/2640
f 3653/4175/1029 3655/4178/1029 2502/3014/1029
f 2866/3378/1030 1535/1791/1030 1710/1972/1030
f 2871/3383/1031 1536/1792/1031 2116/2506/1031
f 3260/3772/1032 1715/1978/1032 2502/3014/1032
f 3430/3942/1033 2118/2509/1033 1346/1602/1033
f 2320/2783/1034 4635/5403/1034 4633/5401/1034
f 1689/1945/185 4219/4987/185 4217/4985/185
f 1387/1643/345 3784/4350/345 3788/4355/345
f 2321/2784/1037 4637/5405/1037 4635/5403/1037
f 1690/1946/2641 4221/4989/2641 4219/4987/2641
f 1388/1644/2269 3788/4355/2269 3792/4360/2269
f 2328/2793/492 4639/5407/492 4637/5405/492
f 1691/1947/2642 4224/4992/2642 4221/4989/2642
f 1389/1645/1041 3792/4360/1041 3798/4368/1041
f 2331/2797/1042 4641/5409/1042 4639/5407/1042
f 1694/1952/182 4226/4994/182 4224/4992/182
f 1390/1646/339 3798/4368/339 3800/4370/339
f 2335/2802/2643 4643/5411/2643 4641/5409/2643
f 1698/1957/1044 4228/4996/1044 4226/4994/1044
f 1391/1647/2644 3800/4370/2644 3804/4375/2644
f 2340/2808/2645 4645/5413/2645 4643/5411/2645
f 1702/1962/180 4230/4998/180 4228/4996/180
f 1392/1648/2646 3804/4375/2646 3808/4380/2646
f 2343/2812/488 4647/5415/488 4645/5413/488
f 1706/1967/1047 4232/5000/1047 4230/4998/1047
f 1393/1649/333 3808/4380/333 3811/4384/333
f 2347/2817/1048 4649/5417/1048 4647/5415/1048
f 1710/1972/2647 4234/5002/2647 4232/5000/2647
f 1394/1650/2648 3811/4384/2648 3815/4389/2648
f 2351/2822/486 4651/5419/486 4649/5417/486
f 1719/1983/2204 4237/5005/2204 4235/5003/2204
f 1395/1651/2649 3815/4389/2649 3819/4394/2649
f 2355/2827/1052 4653/5421/1052 4651/5419/1052
f 1721/1985/1053 4239/5007/1053 4237/5005/1053
f 1396/1652/327 3819/4394/327 3824/4401/327
f 2360/2833/2650 4656/5424/2650 4653/5421/2650
f 1727/1993/175 4241/5009/175 4239/5007/175
f 1397/1653/2651 3824/4401/2651 3826/4404/2651
f 2363/2837/483 4658/5426/483 4656/5424/483
f 1731/1998/1057 4244/5012/1057 4241/5009/1057
f 1398/1654/323 3826/4404/323 3827/4405/323
f 2366/2840/2652 4660/5428/2652 4658/5426/2652
f 1735/2003/173 4246/5014/173 4244/5012/173
f 1399/1655/321 3827/4405/321 3829/4408/321
f 2369/2844/481 4661/5429/481 4660/5428/481
f 1739/2008/172 4248/5016/172 4246/5014/172
f 1400/1656/2653 3829/4408/2653 3832/4413/2653
f 2373/2849/480 4664/5432/480 4661/5429/480
f 1742/2012/171 4249/5017/171 4248/5016/171
f 1401/1657/317 3832/4413/317 3834/4416/317
f 2380/2858/1064 4665/5433/1064 4664/5432/1064
f 1746/2017/2654 4252/5020/2654 4249/5017/2654
f 1402/1658/1065 3834/4416/1065 3836/4419/1065
f 2381/2859/2655 4668/5436/2655 4665/5433/2655
f 1750/2022/2656 4253/5021/2656 4252/5020/2656
f 1403/1659/1066 3836/4419/1066 3838/4422/1066
f 2387/2867/477 4670/5438/477 4668/5436/477
f 1754/2027/2657 4256/5024/2657 4253/5021/2657
f 1404/1660/311 3838/4422/311 3840/4425/311
f 2391/2872/2658 4671/5439/2658 4670/5438/2658
f 1758/2032/167 4258/5026/167 4256/5024/167
f 1405/1661/1068 3840/4425/1068 3842/4428/1068
f 2393/2874/2314 4673/5441/2314 4671/5439/2314
f 1762/2037/1069 4260/5028/1069 4258/5026/1069
f 1406/1662/1070 3842/4428/1070 3844/4431/1070
f 2396/2878/2313 4675/5443/2313 4673/5441/2313
f 1764/2039/165 4262/5030/165 4260/5028/165
f 1407/1663/305 3844/4431/305 3846/4434/305
f 2398/2881/2659 4677/5445/2659 4675/5443/2659
f 1769/2045/164 4264/5032/164 4262/5030/164
f 1410/1666/303 3846/4434/303 3848/4437/303
f 2400/2884/472 4679/5447/472 4677/5445/472
f 1774/2052/2198 4266/5034/2198 4264/5032/2198
f 1411/1667/1073 3848/4437/1073 3849/4438/1073
f 2402/2887/471 4681/5449/471 4679/5447/471
f 1776/2054/1075 4268/5036/1075 4266/5034/1075
f 1414/1670/1076 3849/4438/1076 3851/4441/1076
f 2404/2890/470 4683/5451/470 4681/5449/470
f 1780/2059/161 4270/5038/161 4268/5036/161
f 1416/1672/297 3851/4441/297 3854/4446/297
f 2406/2893/1079 4685/5453/1079 4683/5451/1079
f 1784/2064/160 4272/5040/160 4270/5038/160
f 1418/1674/1080 3854/4446/1080 3855/4447/1080
f 2408/2896/468 4688/5456/468 4685/5453/468
f 1789/2070/2660 4274/5042/2660 4272/5040/2660
f 1420/1676/293 3855/4447/293 3858/4452/293
f 2410/2899/1083 4690/5458/1083 4688/5456/1083
f 1793/2075/158 4276/5044/158 4274/5042/158
f 1422/1678/291 3858/4452/291 3860/4455/291
f 2413/2904/1085 4691/5459/1085 4690/5458/1085
f 1796/2079/157 4278/5046/157 4276/5044/157
f 1424/1680/1087 3860/4455/1087 3862/4458/1087
f 2415/2907/2661 4694/5462/2661 4691/5459/2661
f 1801/2085/156 4279/5047/156 4278/5046/156
f 1426/1682/1089 3862/4458/1089 3864/4461/1089
f 2417/2910/2662 4696/5464/2662 4694/5462/2662
f 1804/2089/1091 4282/5050/1091 4279/5047/1091
f 1428/1684/2663 3864/4461/2663 3866/4464/2663
f 2419/2913/1093 4698/5466/1093 4696/5464/1093
f 1808/2094/1094 4283/5051/1094 4282/5050/1094
f 1430/1686/283 3866/4464/283 3867/4465/283
f 2421/2916/1095 4699/5467/1095 4698/5466/1095
f 1813/2100/2664 4285/5053/2664 4283/5051/2664
f 1432/1688/2245 3867/4465/2245 3869/4468/2245
f 2423/2919/2665 4702/5470/2665 4699/5467/2665
f 1817/2105/152 4287/5055/152 4285/5053/152
f 1434/1690/2244 3869/4468/2244 3872/4473/2244
f 2425/2922/1100 4703/5471/1100 4702/5470/1100
f 1821/2110/1101 4290/5058/1101 4287/5055/1101
f 1436/1692/277 3872/4473/277 3873/4474/277
f 2426/2923/1103 4706/5474/1103 4703/5471/1103
f 1823/2113/2666 4291/5059/2666 4290/5058/2666
f 1437/1693/1105 3873/4474/1105 3875/4477/1105
f 2429/2927/2667 4708/5476/2667 4706/5474/2667
f 1825/2116/149 4293/5061/149 4291/5059/149
f 1439/1695/1108 3875/4477/1108 3878/4482/1108
f 2434/2933/2668 4710/5478/2668 4708/5476/2668
f 1827/2119/1110 4295/5063/1110 4293/5061/1110
f 1442/1698/1111 3878/4482/1111 3879/4483/1111
f 2439/2940/2669 4712/5480/2669 4710/5478/2669
f 1829/2122/1113 4297/5065/1113 4295/5063/1113
f 1444/1700/2670 3879/4483/2670 3882/4488/2670
f 2443/2945/455 4714/5482/455 4712/5480/455
f 1831/2125/1116 4299/5067/1116 4297/5065/1116
f 1445/1701/267 3882/4488/267 3884/4491/267
f 2446/2948/1118 4715/5483/1118 4714/5482/1118
f 1833/2128/1119 4301/5069/1119 4299/5067/1119
f 1447/1703/2671 3884/4491/2671 3886/4494/2671
f 2452/2956/1121 4718/5486/1121 4715/5483/1121
f 1835/2131/2672 4303/5071/2672 4301/5069/2672
f 1449/1705/2673 3886/4494/2673 3888/4497/2673
f 2456/2961/1123 4719/5487/1123 4718/5486/1123
f 1837/2134/2674 4305/5073/2674 4303/5071/2674
f 1451/1707/2675 3888/4497/2675 3890/4500/2675
f 2460/2966/2302 4720/5488/2302 4719/5487/2302
f 1839/2137/1124 4307/5075/1124 4305/5073/1124
f 1453/1709/1125 3890/4500/1125 3892/4503/1125
f 2463/2970/2676 4721/5489/2676 4720/5488/2676
f 1841/2140/2677 4309/5077/2677 4307/5075/2677
f 1455/1711/257 3892/4503/257 3893/4504/257
f 2468/2976/449 4722/5490/449 4721/5489/449
f 1843/2143/2185 4312/5080/2185 4309/5077/2185
f 1457/1713/255 3893/4504/255 3896/4509/255
f 2470/2978/1128 4723/5491/1128 4722/5490/1128
f 1846/2148/2184 4314/5082/2184 4312/5080/2184
f 1459/1715/253 3896/4509/253 3898/4512/253
f 2474/2983/446 4724/5492/446 4723/5491/446
f 1848/2151/138 4316/5084/138 4314/5082/138
f 1461/1717/2237 3898/4512/2237 3899/4513/2237
f 2478/2988/444 4725/5493/444 4724/5492/444
f 1850/2154/137 4318/5086/137 4316/5084/137
f 1463/1719/2300 3899/4513/2300 3901/4516/2300
f 2482/2993/442 4726/5494/442 4725/5493/442
f 1851/2155/136 4320/5088/136 4318/5086/136
f 1465/1721/2678 3901/4516/2678 3904/4521/2678
f 2488/3000/439 4727/5495/439 4726/5494/439
f 1853/2158/1136 4321/5089/1136 4320/5088/1136
f 1468/1724/1137 3904/4521/1137 3906/4524/1137
f 2490/3002/2679 4728/5496/2679 4727/5495/2679
f 1857/2163/2680 4324/5092/2680 4321/5089/2680
f 1469/1725/2681 3906/4524/2681 3908/4527/2681
f 2492/3004/2682 4729/5497/2682 4728/5496/2682
f 1861/2168/2683 4326/5094/2683 4324/5092/2683
f 1471/1727/2684 3908/4527/2684 3910/4530/2684
f 2494/3006/430 4730/5498/430 4729/5497/430
f 1864/2172/2685 4327/5095/2685 4326/5094/2685
f 1473/1729/1142 3910/4530/1142 3912/4533/1142
f 2496/3008/1143 4731/5499/1143 4730/5498/1143
f 1869/2178/131 4329/5097/131 4327/5095/131
f 1476/1732/432 3912/4533/432 3914/4536/432
f 2498/3010/424 4732/5500/424 4731/5499/424
f 1873/2183/2686 4331/5099/2686 4329/5097/2686
f 1477/1733/1146 3914/4536/1146 3915/4537/1146
f 2499/3011/1147 4733/5501/1147 4732/5500/1147
f 1876/2187/1148 4333/5101/1148 4331/5099/1148
f 1479/1735/1149 3915/4537/1149 3917/4540/1149
f 2502/3014/2687 4734/5502/2687 4733/5501/2687
f 1880/2192/128 4335/5103/128 4333/5101/128
f 1481/1737/423 3917/4540/423 3919/4543/423
f 1535/1791/415 3976/4629/415 4234/5002/415
f 1885/2198/1151 4337/5105/1151 4335/5103/1151
f 1483/1739/2688 3919/4543/2688 3922/4548/2688
f 4491/5259/412 2116/2506/412 1536/1792/412
f 1536/1792/412 3977/4630/412 5819/6899/412
f 1888/2202/126 4339/5107/126 4337/5105/126
f 1485/1741/1154 3922/4548/1154 3924/4551/1154
f 1715/1978/409 4235/5003/409 4734/5502/409
f 1892/2207/2183 4341/5109/2183 4339/5107/2183
f 1487/1743/414 3924/4551/414 3925/4552/414
f 3660/4186/406 1346/1602/406 2118/2509/406
f 2118/2509/406 4493/5261/406 5820/6900/406
f 1896/2212/2689 4343/5111/2689 4341/5109/2689
f 1489/1745/2690 3925/4552/2690 3928/4557/2690
f 1900/2217/123 4345/5113/123 4343/5111/123
f 1491/1747/1158 3928/4557/1158 3930/4560/1158
f 1905/2223/2691 4348/5116/2691 4345/5113/2691
f 1493/1749/1160 3930/4560/1160 3932/4563/1160
f 1908/2227/1161 4349/5117/1161 4348/5116/1161
f 1495/1751/403 3932/4563/403 3934/4566/403
f 1913/2233/1163 4351/5119/1163 4349/5117/1163
f 1497/1753/401 3934/4566/401 3936/4569/401
f 1917/2239/119 4353/5121/119 4351/5119/119
f 1499/1755/399 3936/4569/399 3938/4572/399
f 1919/2242/118 4355/5123/118 4353/5121/118
f 1501/1757/2692 3938/4572/2692 3940/4575/2692
f 1920/2243/1168 4358/5126/1168 4355/5123/1168
f 1503/1759/395 3940/4575/395 3942/4578/395
f 1923/2248/116 4360/5128/116 4358/5126/116
f 1506/1762/1170 3942/4578/1170 3943/4579/1170
f 1925/2251/1171 4362/5130/1171 4360/5128/1171
f 1508/1764/1172 3943/4579/1172 3946/4584/1172
f 1927/2254/1173 4364/5132/1173 4362/5130/1173
f 1510/1766/2283 3946/4584/2283 3948/4587/2283
f 1929/2257/113 4366/5134/113 4364/5132/113
f 1512/1768/387 3948/4587/387 3950/4590/387
f 1931/2260/112 4368/5136/112 4366/5134/112
f 1514/1770/385 3950/4590/385 3952/4593/385
f 1932/2261/1175 4370/5138/1175 4368/5136/1175
f 1516/1772/1176 3952/4593/1176 3954/4596/1176
f 1935/2266/1177 4372/5140/1177 4370/5138/1177
f 1518/1774/381 3954/4596/381 3956/4599/381
f 1937/2269/109 4373/5141/109 4372/5140/109
f 1520/1776/2693 3956/4599/2693 3958/4602/2693
f 1939/2272/1179 4375/5143/1179 4373/5141/1179
f 1521/1777/2694 3958/4602/2694 3960/4605/2694
f 1941/2275/1180 4377/5145/1180 4375/5143/1180
f 1523/1779/2695 3960/4605/2695 3962/4608/2695
f 1942/2276/106 4379/5147/106 4377/5145/106
f 1525/1781/373 3962/4608/373 3964/4611/373
f 1944/2279/2696 4381/5149/2696 4379/5147/2696
f 1527/1783/371 3964/4611/371 3966/4614/371
f 1946/2282/104 4383/5151/104 4381/5149/104
f 1530/1786/369 3966/4614/369 3968/4617/369
f 1948/2285/1184 4385/5153/1184 4383/5151/1184
f 1531/1787/1185 3968/4617/1185 3970/4620/1185
f 1950/2288/2697 4387/5155/2697 4385/5153/2697
f 1532/1788/365 3970/4620/365 3972/4623/365
f 1952/2291/101 4389/5157/101 4387/5155/101
f 1533/1789/1187 3972/4623/1187 3974/4626/1187
f 1955/2296/2698 4391/5159/2698 4389/5157/2698
f 1534/1790/2276 3974/4626/2276 3976/4629/2276
f 1956/2297/2171 4394/5162/2171 4391/5159/2171
f 1537/1793/1190 3980/4635/1190 3977/4630/1190
f 1958/2300/98 4396/5164/98 4394/5162/98
f 1538/1794/357 3982/4638/357 3980/4635/357
f 1960/2303/2699 4398/5166/2699 4396/5164/2699
f 1539/1795/355 3984/4641/355 3982/4638/355
f 1962/2306/2700 4400/5168/2700 4398/5166/2700
f 1540/1796/353 3985/4642/353 3984/4641/353
f 1965/2311/95 4402/5170/95 4400/5168/95
f 1541/1797/351 3987/4645/351 3985/4642/351
f 1966/2312/1193 4404/5172/1193 4402/5170/1193
f 1542/1798/1194 3989/4648/1194 3987/4645/1194
f 1969/2317/2170 4405/5173/2170 4404/5172/2170
f 1543/1799/347 3991/4651/347 3989/4648/347
f 1971/2320/92 4407/5175/92 4405/5173/92
f 1544/1800/346 3993/4654/346 3991/4651/346
f 1972/2321/2701 4410/5178/2701 4407/5175/2701
f 1545/1801/344 3995/4657/344 3993/4654/344
f 1975/2326/90 4412/5180/90 4410/5178/90
f 1546/1802/342 3997/4660/342 3995/4657/342
f 1976/2327/89 4414/5182/89 4412/5180/89
f 1547/1803/340 3999/4663/340 3997/4660/340
f 1978/2330/2167 4416/5184/2167 4414/5182/2167
f 1548/1804/338 4001/4666/338 3999/4663/338
f 1980/2333/2702 4418/5186/2702 4416/5184/2702
f 1549/1805/336 4003/4669/336 4001/4666/336
f 1985/2339/2166 4420/5188/2166 4418/5186/2166
f 1550/1806/334 4005/4672/334 4003/4669/334
f 1989/2344/85 4421/5189/85 4420/5188/85
f 1551/1807/332 4007/4675/332 4005/4672/332
f 1993/2349/84 4424/5192/84 4421/5189/84
f 1552/1808/330 4009/4678/330 4007/4675/330
f 1996/2353/1201 4426/5194/1201 4424/5192/1201
f 1553/1809/328 4012/4683/328 4009/4678/328
f 2000/2358/1202 4427/5195/1202 4426/5194/1202
f 1554/1810/326 4014/4686/326 4012/4683/326
f 2004/2363/81 4429/5197/81 4427/5195/81
f 1555/1811/1203 4016/4689/1203 4014/4686/1203
f 2009/2369/80 4431/5199/80 4429/5197/80
f 1556/1812/2703 4018/4692/2703 4016/4689/2703
f 2013/2374/1204 4433/5201/1204 4431/5199/1204
f 1557/1813/320 4020/4695/320 4018/4692/320
f 2017/2379/1205 4435/5203/1205 4433/5201/1205
f 1558/1814/318 4022/4698/318 4020/4695/318
f 2023/2387/1206 4437/5205/1206 4435/5203/1206
f 1559/1815/2262 4023/4699/2262 4022/4698/2262
f 2026/2391/1207 4439/5207/1207 4437/5205/1207
f 1560/1816/314 4026/4704/314 4023/4699/314
f 2028/2393/75 4442/5210/75 4439/5207/75
f 1561/1817/312 4028/4707/312 4026/4704/312
f 2033/2399/2704 4443/5211/2704 4442/5210/2704
f 1562/1818/2705 4030/4710/2705 4028/4707/2705
f 2039/2407/73 4445/5213/73 4443/5211/73
f 1563/1819/308 4032/4713/308 4030/4710/308
f 2042/2411/2162 4448/5216/2162 4445/5213/2162
f 1565/1821/306 4034/4716/306 4032/4713/306
f 2046/2416/71 4450/5218/71 4448/5216/71
f 1567/1823/304 4036/4719/304 4034/4716/304
f 2050/2421/70 4452/5220/70 4450/5218/70
f 1568/1824/1210 4038/4722/1210 4036/4719/1210
f 2055/2427/69 4454/5222/69 4452/5220/69
f 1571/1827/300 4040/4725/300 4038/4722/300
f 2058/2431/1212 4455/5223/1212 4454/5222/1212
f 1573/1829/298 4042/4728/298 4040/4725/298
f 2060/2433/1213 4458/5226/1213 4455/5223/1213
f 1574/1830/1214 4043/4729/1214 4042/4728/1214
f 2067/2442/66 4460/5228/66 4458/5226/66
f 1576/1832/294 4045/4732/294 4043/4729/294
f 2071/2447/1215 4462/5230/1215 4460/5228/1215
f 1579/1835/2706 4047/4735/2706 4045/4732/2706
f 2074/2451/64 4463/5231/64 4462/5230/64
f 1581/1837/1216 4050/4740/1216 4047/4735/1216
f 2078/2456/63 4465/5233/63 4463/5231/63
f 1583/1839/2707 4051/4741/2707 4050/4740/2707
f 2080/2458/62 4467/5235/62 4465/5233/62
f 1585/1841/2708 4053/4744/2708 4051/4741/2708
f 2084/2463/1218 4469/5237/1218 4467/5235/1218
f 1587/1843/2709 4055/4747/2709 4053/4744/2709
f 2088/2468/60 4471/5239/60 4469/5237/60
f 1589/1845/2710 4057/4750/2710 4055/4747/2710
f 2094/2476/1219 4473/5241/1219 4471/5239/1219
f 1590/1846/1220 4060/4755/1220 4057/4750/1220
f 2096/2478/58 4475/5243/58 4473/5241/58
f 1593/1849/278 4062/4758/278 4060/4755/278
f 2100/2483/1222 4477/5245/1222 4475/5243/1222
f 1595/1851/2711 4064/4761/2711 4062/4758/2711
f 2104/2488/56 4480/5248/56 4477/5245/56
f 1596/1852/2242 4066/4764/2242 4064/4761/2242
f 2107/2493/1224 4482/5250/1224 4480/5248/1224
f 1598/1854/1225 4068/4767/1225 4066/4764/1225
f 2109/2496/54 4484/5252/54 4482/5250/54
f 1600/1856/2712 4070/4770/2712 4068/4767/2712
f 2110/2497/53 4486/5254/53 4484/5252/53
f 1602/1858/268 4072/4773/268 4070/4770/268
f 2112/2500/52 4488/5256/52 4486/5254/52
f 1605/1861/266 4074/4776/266 4072/4773/266
f 2115/2505/51 4490/5258/51 4488/5256/51
f 1606/1862/264 4076/4779/264 4074/4776/264
f 2116/2506/1228 4491/5259/1228 4490/5258/1228
f 1609/1865/262 4078/4782/262 4076/4779/262
f 2121/2514/1230 4495/5263/1230 4493/5261/1230
f 1611/1867/2713 4079/4783/2713 4078/4782/2713
f 2122/2515/48 4497/5265/48 4495/5263/48
f 1613/1869/2714 4082/4788/2714 4079/4783/2714
f 2125/2520/47 4499/5267/47 4497/5265/47
f 1614/1870/2238 4084/4791/2238 4082/4788/2238
f 2126/2521/46 4501/5269/46 4499/5267/46
f 1617/1873/1233 4086/4794/1233 4084/4791/1233
f 2128/2524/45 4504/5272/45 4501/5269/45
f 1619/1875/252 4088/4797/252 4086/4794/252
f 2130/2527/1234 4506/5274/1234 4504/5272/1234
f 1621/1877/2715 4090/4800/2715 4088/4797/2715
f 2133/2532/43 4508/5276/43 4506/5274/43
f 1623/1879/249 4092/4803/249 4090/4800/249
f 2135/2535/42 4510/5278/42 4508/5276/42
f 1625/1881/248 4094/4806/248 4092/4803/248
f 2137/2538/41 4511/5279/41 4510/5278/41
f 1627/1883/247 4095/4807/247 4094/4806/247
f 2141/2543/40 4513/5281/40 4511/5279/40
f 1628/1884/246 4097/4810/246 4095/4807/246
f 2145/2548/39 4515/5283/39 4513/5281/39
f 1629/1885/245 4099/4813/245 4097/4810/245
f 2148/2551/38 4517/5285/38 4515/5283/38
f 1630/1886/1237 4101/4816/1237 4099/4813/1237
f 2154/2559/37 4520/5288/37 4517/5285/37
f 1631/1887/1238 4104/4821/1238 4101/4816/1238
f 2156/2561/36 4522/5290/36 4520/5288/36
f 1632/1888/242 4105/4822/242 4104/4821/242
f 2159/2565/35 4523/5291/35 4522/5290/35
f 1633/1889/1239 4108/4827/1239 4105/4822/1239
f 2163/2570/34 4526/5294/34 4523/5291/34
f 1634/1890/240 4109/4828/240 4108/4827/240
f 2168/2576/33 4528/5296/33 4526/5294/33
f 1635/1891/2716 4112/4833/2716 4109/4828/2716
f 2174/2584/32 4530/5298/32 4528/5296/32
f 1636/1892/238 4114/4836/238 4112/4833/238
f 2178/2589/1241 4532/5300/1241 4530/5298/1241
f 1637/1893/2717 4115/4837/2717 4114/4836/2717
f 2182/2594/2718 4534/5302/2718 4532/5300/2718
f 1638/1894/1243 4118/4842/1243 4115/4837/1243
f 2184/2596/29 4536/5304/29 4534/5302/29
f 1639/1895/1244 4119/4843/1244 4118/4842/1244
f 2189/2603/28 4538/5306/28 4536/5304/28
f 1640/1896/1245 4121/4846/1245 4119/4843/1245
f 2194/2609/2157 4539/5307/2157 4538/5306/2157
f 1641/1897/233 4123/4849/233 4121/4846/233
f 2197/2613/26 4542/5310/26 4539/5307/26
f 1642/1898/1247 4126/4854/1247 4123/4849/1247
f 2201/2618/25 4544/5312/25 4542/5310/25
f 1643/1899/2719 4127/4855/2719 4126/4854/2719
f 2203/2621/2720 4546/5314/2720 4544/5312/2720
f 1644/1900/2721 4129/4858/2721 4127/4855/2721
f 2205/2624/23 4548/5316/23 4546/5314/23
f 1645/1901/229 4131/4861/229 4129/4858/229
f 2206/2625/22 4550/5318/22 4548/5316/22
f 1646/1902/1250 4133/4864/1250 4131/4861/1250
f 2209/2630/21 4552/5320/21 4550/5318/21
f 1647/1903/227 4136/4869/227 4133/4864/227
f 1346/1602/1251 3660/4186/1251 3657/4181/1251
f 2211/2633/1252 4553/5321/1252 4552/5320/1252
f 1648/1904/1253 4138/4872/1253 4136/4869/1253
f 1345/1601/437 3657/4181/437 3661/4187/437
f 2213/2636/19 4556/5324/19 4553/5321/19
f 1649/1905/2722 4140/4875/2722 4138/4872/2722
f 1347/1603/434 3661/4187/434 3663/4190/434
f 2215/2639/18 4558/5326/18 4556/5324/18
f 1650/1906/224 4142/4878/224 4140/4875/224
f 1348/1604/431 3663/4190/431 3665/4193/431
f 2217/2642/1256 4559/5327/1256 4558/5326/1256
f 1651/1907/2723 4144/4881/2723 4142/4878/2723
f 1349/1605/428 3665/4193/428 3668/4198/428
f 2219/2645/16 4562/5330/16 4559/5327/16
f 1652/1908/222 4146/4884/222 4144/4881/222
f 1350/1606/1259 3668/4198/1259 3669/4199/1259
f 2221/2648/2724 4564/5332/2724 4562/5330/2724
f 1653/1909/221 4148/4887/221 4146/4884/221
f 1351/1607/422 3669/4199/422 3671/4202/422
f 2223/2651/1261 4566/5334/1261 4564/5332/1261
f 1654/1910/1262 4150/4890/1262 4148/4887/1262
f 1352/1608/1263 3671/4202/1263 3673/4205/1263
f 2225/2654/2725 4568/5336/2725 4566/5334/2725
f 1655/1911/2726 4152/4893/2726 4150/4890/2726
f 1353/1609/416 3673/4205/416 3675/4208/416
f 2227/2657/2727 4570/5338/2727 4568/5336/2727
f 1656/1912/218 4153/4894/218 4152/4893/218
f 1354/1610/1265 3675/4208/1265 3677/4211/1265
f 2229/2660/2728 4572/5340/2728 4570/5338/2728
f 1657/1913/2729 4156/4899/2729 4153/4894/2729
f 1355/1611/410 3677/4211/410 3680/4216/410
f 2231/2663/2730 4574/5342/2730 4572/5340/2730
f 1658/1914/2221 4158/4902/2221 4156/4899/2221
f 1356/1612/1266 3680/4216/1266 3682/4219/1266
f 2232/2664/1267 4576/5344/1267 4574/5342/1267
f 1659/1915/2220 4160/4905/2220 4158/4902/2220
f 1357/1613/404 3682/4219/404 3684/4222/404
f 2234/2667/8 4577/5345/8 4576/5344/8
f 1660/1916/2731 4162/4908/2731 4160/4905/2731
f 1358/1614/402 3684/4222/402 3685/4223/402
f 2236/2670/2732 4579/5347/2732 4577/5345/2732
f 1661/1917/213 4164/4911/213 4162/4908/213
f 1359/1615/400 3685/4223/400 3688/4228/400
f 2238/2673/2149 4581/5349/2149 4579/5347/2149
f 1662/1918/212 4166/4914/212 4164/4911/212
f 1360/1616/398 3688/4228/398 3690/4231/398
f 2240/2676/1272 4584/5352/1272 4581/5349/1272
f 1663/1919/211 4168/4917/211 4166/4914/211
f 1361/1617/396 3690/4231/396 3692/4234/396
f 2242/2679/2733 4585/5353/2733 4584/5352/2733
f 1664/1920/1274 4170/4920/1274 4168/4917/1274
f 1362/1618/1275 3692/4234/1275 3694/4237/1275
f 2244/2682/3 4587/5355/3 4585/5353/3
f 1665/1921/209 4172/4923/209 4170/4920/209
f 1363/1619/1277 3694/4237/1277 3696/4240/1277
f 2247/2687/517 4589/5357/517 4587/5355/517
f 1666/1922/1279 4174/4926/1279 4172/4923/1279
f 1364/1620/390 3696/4240/390 3698/4243/390
f 2249/2690/516 4591/5359/516 4589/5357/516
f 1667/1923/1281 4176/4929/1281 4174/4926/1281
f 1365/1621/388 3698/4243/388 3699/4244/388
f 2251/2693/515 4593/5361/515 4591/5359/515
f 1668/1924/2734 4178/4932/2734 4176/4929/2734
f 1366/1622/386 3699/4244/386 3703/4249/386
f 2253/2696/2735 4595/5363/2735 4593/5361/2735
f 1669/1925/2736 4180/4935/2736 4178/4932/2736
f 1367/1623/2282 3703/4249/2282 3708/4255/2282
f 2255/2699/2737 4597/5365/2737 4595/5363/2737
f 1670/1926/1285 4182/4938/1285 4180/4935/1285
f 1368/1624/382 3708/4255/382 3712/4260/382
f 2257/2702/2330 4599/5367/2330 4597/5365/2330
f 1671/1927/1287 4184/4941/1287 4182/4938/1287
f 1369/1625/2738 3712/4260/2738 3715/4264/2738
f 2259/2705/1288 4601/5369/1288 4599/5367/1288
f 1672/1928/2739 4186/4944/2739 4184/4941/2739
f 1370/1626/378 3715/4264/378 3721/4272/378
f 2261/2708/510 4603/5371/510 4601/5369/510
f 1673/1929/1291 4188/4947/1291 4186/4944/1291
f 1371/1627/376 3721/4272/376 3725/4277/376
f 2263/2711/2740 4605/5373/2740 4603/5371/2740
f 1674/1930/1293 4190/4950/1293 4188/4947/1293
f 1372/1628/1294 3725/4277/1294 3729/4282/1294
f 2265/2714/508 4607/5375/508 4605/5373/508
f 1675/1931/2741 4192/4953/2741 4190/4950/2741
f 1373/1629/1296 3729/4282/1296 3733/4287/1296
f 2266/2715/507 4610/5378/507 4607/5375/507
f 1676/1932/2742 4194/4956/2742 4192/4953/2742
f 1374/1630/1298 3733/4287/1298 3737/4292/1298
f 2272/2723/506 4612/5380/506 4610/5378/506
f 1677/1933/2743 4196/4959/2743 4194/4956/2743
f 1375/1631/1300 3737/4292/1300 3739/4294/1300
f 2276/2728/505 4614/5382/505 4612/5380/505
f 1678/1934/196 4198/4962/196 4196/4959/196
f 1376/1632/1303 3739/4294/1303 3744/4300/1303
f 2279/2732/504 4616/5384/504 4614/5382/504
f 1679/1935/1304 4199/4963/1304 4198/4962/1304
f 1377/1633/1305 3744/4300/1305 3749/4307/1305
f 2283/2737/1306 4618/5386/1306 4616/5384/1306
f 1680/1936/1307 4202/4968/1307 4199/4963/1307
f 1378/1634/1308 3749/4307/1308 3751/4309/1308
f 2287/2742/1309 4620/5388/1309 4618/5386/1309
f 1681/1937/1310 4204/4971/1310 4202/4968/1310
f 1379/1635/360 3751/4309/360 3755/4314/360
f 2291/2747/501 4622/5390/501 4620/5388/501
f 1682/1938/2209 4205/4972/2209 4204/4971/2209
f 1380/1636/358 3755/4314/358 3761/4322/358
f 2296/2753/1312 4624/5392/1312 4622/5390/1312
f 1683/1939/2744 4208/4976/2744 4205/4972/2744
f 1381/1637/2274 3761/4322/2274 3764/4325/2274
f 2300/2758/499 4626/5394/499 4624/5392/499
f 1684/1940/190 4210/4978/190 4208/4976/190
f 1382/1638/2745 3764/4325/2745 3769/4332/2745
f 2304/2763/2746 4627/5395/2746 4626/5394/2746
f 1685/1941/1316 4212/4980/1316 4210/4978/1316
f 1383/1639/2273 3769/4332/2273 3772/4335/2273
f 2308/2768/497 4629/5397/497 4627/5395/497
f 1686/1942/188 4214/4982/188 4212/4980/188
f 1384/1640/350 3772/4335/350 3776/4340/350
f 2312/2773/2747 4631/5399/2747 4629/5397/2747
f 1687/1943/187 4216/4984/187 4214/4982/187
f 1385/1641/348 3776/4340/348 3780/4345/348
f 2316/2778/1321 4633/5401/1321 4631/5399/1321
f 1688/1944/186 4217/4985/186 4216/4984/186
f 5/7/1323 2/3/1323 4736/5504/1323
f 8/12/2748 5/7/2748 4735/5503/2748
f 8/12/1324 4737/5505/1324 4738/5506/1324
f 12/18/2749 10/15/2749 4738/5506/2749
f 12/18/2750 4739/5507/2750 4740/5508/2750
f 16/24/2751 14/21/2751 4740/5508/2751
f 16/24/524 4741/5509/524 4742/5510/524
f 20/30/525 18/27/525 4742/5510/525
f 20/30/526 4743/5511/526 4744/5512/526
f 22/33/2752 4744/5512/2752 4745/5513/2752
f 26/39/2753 24/36/2753 4745/5513/2753
f 26/39/1330 4746/5514/1330 4747/5515/1330
f 30/45/530 28/42/530 4747/5515/530
f 30/45/2337 4748/5516/2337 4749/5517/2337
f 34/51/2754 32/48/2754 4749/5517/2754
f 34/51/533 4750/5518/533 4751/5519/533
f 38/57/2755 36/54/2755 4751/5519/2755
f 38/57/1335 4752/5520/1335 4753/5521/1335
f 41/61/2756 39/58/2756 4753/5521/2756
f 41/61/537 4754/5522/537 4755/5523/537
f 46/69/538 44/66/538 4755/5523/538
f 46/69/539 4756/5524/539 4757/5525/539
f 48/72/540 4757/5525/540 4758/5526/540
f 52/78/541 50/75/541 4758/5526/541
f 52/78/2757 4759/5527/2757 4760/5528/2757
f 54/81/543 4760/5528/543 4761/5529/543
f 58/87/2758 56/84/2758 4761/5529/2758
f 58/87/545 4762/5530/545 4763/5531/545
f 62/93/546 60/90/546 4763/5531/546
f 62/93/547 4764/5532/547 4765/5533/547
f 66/99/2759 64/96/2759 4765/5533/2759
f 66/99/2760 4766/5534/2760 4767/5535/2760
f 70/105/550 68/102/550 4767/5535/550
f 70/105/2345 4768/5536/2345 4769/5537/2345
f 74/111/2761 72/108/2761 4769/5537/2761
f 74/111/2762 4770/5538/2762 4771/5539/2762
f 78/117/2763 76/114/2763 4771/5539/2763
f 78/117/2348 4772/5540/2348 4773/5541/2348
f 82/123/2764 80/120/2764 4773/5541/2764
f 84/126/2349 82/123/2349 4774/5542/2349
f 84/126/2765 4775/5543/2765 4776/5544/2765
f 88/132/2766 86/129/2766 4776/5544/2766
f 88/132/560 4777/5545/560 4778/5546/560
f 92/138/2767 90/135/2767 4778/5546/2767
f 92/138/2768 4779/5547/2768 4780/5548/2768
f 96/144/2769 94/141/2769 4780/5548/2769
f 96/144/2770 4781/5549/2770 4782/5550/2770
f 98/147/565 4782/5550/565 4783/5551/565
f 100/150/2353 4783/5551/2353 4784/5552/2353
f 104/156/2771 102/153/2771 4784/5552/2771
f 106/159/2772 104/156/2772 4785/5553/2772
f 108/162/2773 106/159/2773 4786/5554/2773
f 110/165/2774 108/162/2774 4787/5555/2774
f 110/165/2775 4788/5556/2775 4789/5557/2775
f 112/168/572 4789/5557/572 4790/5558/572
f 113/169/2776 4790/5558/2776 4791/5559/2776
f 118/177/2357 115/172/2357 4791/5559/2357
f 118/177/2777 4792/5560/2777 4793/5561/2777
f 122/183/2778 120/180/2778 4793/5561/2778
f 122/183/2359 4794/5562/2359 4795/5563/2359
f 124/186/2779 4795/5563/2779 4796/5564/2779
f 127/190/1362 125/187/1362 4796/5564/1362
f 130/195/2780 127/190/2780 4797/5565/2780
f 130/195/2781 4798/5566/2781 4799/5567/2781
f 133/199/2782 132/198/2782 4799/5567/2782
f 133/199/2363 4800/5568/2363 4801/5569/2363
f 135/202/584 4801/5569/584 4802/5570/584
f 139/208/2783 137/205/2783 4802/5570/2783
f 139/208/2365 4803/5571/2365 4804/5572/2365
f 142/213/2784 4804/5572/2784 4805/5573/2784
f 146/219/1371 144/216/1371 4805/5573/1371
f 147/220/589 146/219/589 4806/5574/589
f 149/223/2785 147/220/2785 4807/5575/2785
f 149/223/2786 4808/5576/2786 4809/5577/2786
f 151/226/592 4809/5577/592 4810/5578/592
f 153/229/593 4810/5578/593 4811/5579/593
f 155/232/2787 4811/5579/2787 4812/5580/2787
f 157/235/595 4812/5580/595 4813/5581/595
f 159/238/2788 4813/5581/2788 4814/5582/2788
f 164/246/2789 161/241/2789 4814/5582/2789
f 165/247/2790 164/246/2790 4815/5583/2790
f 165/247/2791 4816/5584/2791 4817/5585/2791
f 167/250/2792 4817/5585/2792 4818/5586/2792
f 172/258/1383 169/253/1383 4818/5586/1383
f 172/258/602 4819/5587/602 4820/5588/602
f 175/262/2793 173/259/2793 4820/5588/2793
f 175/262/2794 4821/5589/2794 4822/5590/2794
f 179/268/2795 177/265/2795 4822/5590/2795
f 179/268/606 4823/5591/606 4824/5592/606
f 181/271/2796 4824/5592/2796 4825/5593/2796
f 185/277/2797 184/276/2797 4825/5593/2797
f 185/277/2798 4826/5594/2798 4827/5595/2798
f 189/283/2799 188/282/2799 4827/5595/2799
f 189/283/2800 4828/5596/2800 4829/5597/2800
f 194/291/1391 192/288/1391 4829/5597/1391
f 194/291/2387 4830/5598/2387 4831/5599/2387
f 197/295/2801 196/294/2801 4831/5599/2801
f 200/300/2802 197/295/2802 4832/5600/2802
f 200/300/2389 4833/5601/2389 4834/5602/2389
f 203/304/2803 201/301/2803 4834/5602/2803
f 206/309/2804 203/304/2804 4835/5603/2804
f 206/309/2390 4836/5604/2390 4837/5605/2390
f 207/310/2391 4837/5605/2391 4838/5606/2391
f 212/318/2805 209/313/2805 4838/5606/2805
f 213/319/2806 212/318/2806 4839/5607/2806
f 213/319/2807 4840/5608/2807 4841/5609/2807
f 217/325/2808 215/322/2808 4841/5609/2808
f 217/325/2809 4842/5610/2809 4843/5611/2809
f 222/333/2810 220/330/2810 4843/5611/2810
f 222/333/2811 4844/5612/2811 4845/5613/2811
f 224/336/628 4845/5613/628 4846/5614/628
f 225/337/2812 4846/5614/2812 4847/5615/2812
f 230/345/2813 228/342/2813 4847/5615/2813
f 230/345/2814 4848/5616/2814 4849/5617/2814
f 234/351/2815 232/348/2815 4849/5617/2815
f 234/351/2401 4850/5618/2401 4851/5619/2401
f 238/357/2816 236/354/2816 4851/5619/2816
f 238/357/2817 4852/5620/2817 4853/5621/2817
f 242/363/2818 240/360/2818 4853/5621/2818
f 242/363/2819 4854/5622/2819 4855/5623/2819
f 243/364/2820 4855/5623/2820 4856/5624/2820
f 247/370/2821 245/367/2821 4856/5624/2821
f 247/370/2822 4857/5625/2822 4858/5626/2822
f 251/376/2823 249/373/2823 4858/5626/2823
f 251/376/2824 4859/5627/2824 4860/5628/2824
f 256/384/2825 254/381/2825 4860/5628/2825
f 256/384/2409 4861/5629/2409 4862/5630/2409
f 258/387/2826 4862/5630/2826 4863/5631/2826
f 547/803/646 4865/5633/646 4864/5632/646
f 545/801/647 4866/5634/647 4865/5633/647
f 545/801/1424 544/800/1424 4867/5635/1424
f 541/795/2827 4868/5636/2827 4867/5635/2827
f 541/795/2828 540/794/2828 4869/5637/2828
f 537/789/2829 4870/5638/2829 4869/5637/2829
f 537/789/652 535/786/652 4871/5639/652
f 533/783/653 4872/5640/653 4871/5639/653
f 532/782/654 4873/5641/654 4872/5640/654
f 532/782/2830 530/779/2830 4874/5642/2830
f 528/776/2831 4875/5643/2831 4874/5642/2831
f 528/776/1430 526/773/1430 4876/5644/1430
f 524/770/658 4877/5645/658 4876/5644/658
f 524/770/2832 522/767/2832 4878/5646/2832
f 520/764/660 4879/5647/660 4878/5646/660
f 520/764/2833 518/761/2833 4880/5648/2833
f 516/758/2834 4881/5649/2834 4880/5648/2834
f 516/758/663 514/755/663 4882/5650/663
f 512/752/2417 4883/5651/2417 4882/5650/2417
f 512/752/2835 510/749/2835 4884/5652/2835
f 508/746/666 4885/5653/666 4884/5652/666
f 508/746/2836 506/743/2836 4886/5654/2836
f 504/740/668 4887/5655/668 4886/5654/668
f 504/740/2837 502/737/2837 4888/5656/2837
f 502/737/2838 500/734/2838 4889/5657/2838
f 498/731/671 4890/5658/671 4889/5657/671
f 496/728/2839 4891/5659/2839 4890/5658/2839
f 496/728/2840 494/725/2840 4892/5660/2840
f 491/720/674 4893/5661/674 4892/5660/674
f 491/720/1440 490/719/1440 4894/5662/1440
f 488/716/2841 4895/5663/2841 4894/5662/2841
f 488/716/677 486/713/677 4896/5664/677
f 484/710/678 4897/5665/678 4896/5664/678
f 484/710/2842 480/704/2842 4898/5666/2842
f 476/699/2420 4899/5667/2420 4898/5666/2420
f 476/699/2843 472/694/2843 4900/5668/2843
f 469/690/2421 4901/5669/2421 4900/5668/2421
f 469/690/2844 466/687/2844 4902/5670/2844
f 461/680/2845 4903/5671/2845 4902/5670/2845
f 457/675/685 4904/5672/685 4903/5671/685
f 457/675/686 455/673/686 4905/5673/686
f 451/668/687 4906/5674/687 4905/5673/687
f 451/668/2846 447/663/2846 4907/5675/2846
f 443/658/2425 4908/5676/2425 4907/5675/2425
f 443/658/690 438/652/690 4909/5677/690
f 434/647/2847 4910/5678/2847 4909/5677/2847
f 431/643/692 4911/5679/692 4910/5678/692
f 431/643/2848 427/638/2848 4912/5680/2848
f 427/638/2849 423/633/2849 4913/5681/2849
f 419/628/2850 4914/5682/2850 4913/5681/2850
f 416/624/696 4915/5683/696 4914/5682/696
f 414/621/2851 4916/5684/2851 4915/5683/2851
f 412/618/2852 4917/5685/2852 4916/5684/2852
f 412/618/2853 410/615/2853 4918/5686/2853
f 408/612/2854 4919/5687/2854 4918/5686/2854
f 408/612/2431 406/609/2431 4920/5688/2431
f 406/609/2855 404/606/2855 4921/5689/2855
f 404/606/2433 402/603/2433 4922/5690/2433
f 399/598/704 4923/5691/704 4922/5690/704
f 397/595/2435 4924/5692/2435 4923/5691/2435
f 397/595/2856 395/592/2856 4925/5693/2856
f 393/589/1467 4926/5694/1467 4925/5693/1467
f 392/588/2857 4927/5695/2857 4926/5694/2857
f 392/588/2858 389/583/2858 4928/5696/2858
f 388/582/2859 4929/5697/2859 4928/5696/2859
f 388/582/2860 386/579/2860 4930/5698/2860
f 386/579/2861 384/576/2861 4931/5699/2861
f 382/573/2862 4932/5700/2862 4931/5699/2862
f 380/570/2441 4933/5701/2441 4932/5700/2441
f 380/570/2863 378/567/2863 4934/5702/2863
f 376/564/1474 4935/5703/1474 4934/5702/1474
f 376/564/2864 374/561/2864 4936/5704/2864
f 371/556/718 4937/5705/718 4936/5704/718
f 371/556/2865 369/553/2865 4938/5706/2865
f 369/553/2866 367/550/2866 4939/5707/2866
f 367/550/2867 365/547/2867 4940/5708/2867
f 363/544/2868 4941/5709/2868 4940/5708/2868
f 363/544/2869 361/541/2869 4942/5710/2869
f 361/541/2870 359/538/2870 4943/5711/2870
f 358/537/2871 4944/5712/2871 4943/5711/2871
f 356/534/726 4945/5713/726 4944/5712/726
f 354/531/2872 4946/5714/2872 4945/5713/2872
f 354/531/2873 352/528/2873 4947/5715/2873
f 350/525/1485 4948/5716/1485 4947/5715/1485
f 350/525/1486 348/522/1486 4949/5717/1486
f 346/519/2452 4950/5718/2452 4949/5717/2452
f 346/519/2874 344/516/2874 4951/5719/2874
f 342/513/2875 4952/5720/2875 4951/5719/2875
f 342/513/2876 340/510/2876 4953/5721/2876
f 340/510/2877 338/507/2877 4954/5722/2877
f 336/504/2878 4955/5723/2878 4954/5722/2878
f 336/504/2879 334/501/2879 4956/5724/2879
f 331/496/2458 4957/5725/2458 4956/5724/2458
f 331/496/2880 329/493/2880 4958/5726/2880
f 328/492/740 4959/5727/740 4958/5726/740
f 328/492/2881 326/489/2881 4960/5728/2881
f 324/486/2882 4961/5729/2882 4960/5728/2882
f 322/483/2883 4962/5730/2883 4961/5729/2883
f 322/483/2884 320/480/2884 4963/5731/2884
f 317/475/745 4964/5732/745 4963/5731/745
f 315/472/2885 4965/5733/2885 4964/5732/2885
f 315/472/2886 314/471/2886 4966/5734/2886
f 311/466/748 4967/5735/748 4966/5734/748
f 310/465/2887 4968/5736/2887 4967/5735/2887
f 310/465/2888 307/460/2888 4969/5737/2888
f 305/457/2889 4970/5738/2889 4969/5737/2889
f 303/454/2890 4971/5739/2890 4970/5738/2890
f 303/454/753 301/451/753 4972/5740/753
f 299/448/2891 4973/5741/2891 4972/5740/2891
f 299/448/2892 298/447/2892 4974/5742/2892
f 298/447/2893 296/444/2893 4976/5745/2893
f 296/444/2894 294/441/2894 4978/5748/2894
f 292/438/2895 4980/5751/2895 4978/5748/2895
f 292/438/2896 290/435/2896 4982/5754/2896
f 288/432/2897 4984/5757/2897 4982/5754/2897
f 288/432/2898 286/429/2898 4986/5760/2898
f 284/426/2477 4988/5763/2477 4986/5760/2477
f 284/426/2899 281/421/2899 4990/5766/2899
f 279/418/2900 4992/5769/2900 4990/5766/2900
f 278/417/2901 4994/5772/2901 4992/5769/2901
f 278/417/2902 276/414/2902 4996/5775/2902
f 274/411/767 4998/5778/767 4996/5775/767
f 274/411/2903 272/408/2903 5000/5781/2903
f 270/405/769 5001/5782/769 5000/5781/769
f 270/405/2904 268/402/2904 5004/5787/2904
f 266/399/2484 5005/5788/2484 5004/5787/2484
f 266/399/2905 264/396/2905 5007/5791/2905
f 264/396/2906 260/390/2906 5009/5794/2906
f 1344/1600/2907 5013/5800/2907 5011/5797/2907
f 1343/1599/2486 5015/5803/2486 5013/5800/2486
f 1343/1599/2908 1342/1598/2908 5017/5806/2908
f 1339/1595/2909 5020/5811/2909 5017/5806/2909
f 1339/1595/2910 1335/1591/2910 5021/5812/2910
f 1331/1587/2911 5024/5817/2911 5021/5812/2911
f 1331/1587/2912 1329/1585/2912 5025/5818/2912
f 1326/1582/2913 5027/5821/2913 5025/5818/2913
f 1319/1575/2914 5029/5824/2914 5027/5821/2914
f 1319/1575/2915 1315/1571/2915 5031/5827/2915
f 1312/1568/2916 5033/5830/2916 5031/5827/2916
f 1312/1568/2917 1309/1565/2917 5035/5833/2917
f 1306/1562/2494 5037/5836/2494 5035/5833/2494
f 1306/1562/2918 1300/1556/2918 5039/5839/2918
f 1298/1554/2919 5041/5842/2919 5039/5839/2919
f 1298/1554/2920 1292/1548/2920 5043/5845/2920
f 1287/1543/2921 5045/5848/2921 5043/5845/2921
f 1287/1543/2922 1283/1539/2922 5047/5851/2922
f 1280/1536/2923 5049/5854/2923 5047/5851/2923
f 1280/1536/2924 1278/1534/2924 5051/5857/2924
f 1276/1532/2925 5053/5860/2925 5051/5857/2925
f 1276/1532/2926 1275/1531/2926 5055/5863/2926
f 1272/1528/2927 5058/5868/2927 5055/5863/2927
f 1272/1528/2928 1270/1526/2928 5060/5871/2928
f 1270/1526/2929 1268/1524/2929 5062/5874/2929
f 1266/1522/2503 5064/5877/2503 5062/5874/2503
f 1264/1520/2930 5065/5878/2930 5064/5877/2930
f 1264/1520/2931 1262/1518/2931 5068/5883/2931
f 1260/1516/2932 5069/5884/2932 5068/5883/2932
f 1260/1516/2933 1258/1514/2933 5071/5887/2933
f 1256/1512/2934 5074/5892/2934 5071/5887/2934
f 1256/1512/2935 1255/1511/2935 5076/5895/2935
f 1253/1509/2508 5077/5896/2508 5076/5895/2508
f 1253/1509/1555 1251/1507/1555 5079/5899/1555
f 1249/1505/2936 5082/5904/2936 5079/5899/2936
f 1249/1505/2937 1245/1501/2937 5083/5905/2937
f 1241/1497/2938 5085/5908/2938 5083/5905/2938
f 1241/1497/2939 1237/1493/2939 5087/5911/2939
f 1233/1489/2940 5090/5916/2940 5087/5911/2940
f 1230/1486/813 5091/5917/813 5090/5916/813
f 1230/1486/2941 1226/1482/2941 5093/5920/2941
f 1222/1478/2942 5095/5923/2942 5093/5920/2942
f 1222/1478/2943 1218/1474/2943 5098/5928/2943
f 1213/1469/817 5100/5931/817 5098/5928/817
f 1213/1469/1563 1210/1466/1563 5101/5932/1563
f 1206/1462/2944 5104/5937/2944 5101/5932/2944
f 1201/1457/2945 5106/5940/2945 5104/5937/2945
f 1201/1457/2946 1198/1454/2946 5108/5943/2946
f 1198/1454/2947 1193/1449/2947 5110/5946/2947
f 1187/1443/1567 5112/5949/1567 5110/5946/1567
f 1183/1439/2948 5113/5950/2948 5112/5949/2948
f 1180/1436/2949 5116/5955/2949 5113/5950/2949
f 1175/1431/2950 5118/5958/2950 5116/5955/2950
f 1175/1431/2951 1171/1427/2951 5120/5961/2951
f 1167/1423/2527 5121/5962/2527 5120/5961/2527
f 1167/1423/2952 1164/1420/2952 5123/5965/2952
f 1164/1420/830 1162/1418/830 5125/5968/830
f 1162/1418/1575 1158/1414/1575 5127/5971/1575
f 1154/1410/2953 5129/5974/2953 5127/5971/2953
f 1149/1405/2531 5131/5977/2531 5129/5974/2531
f 1149/1405/2954 1145/1401/2954 5133/5980/2954
f 1142/1398/835 5135/5983/835 5133/5980/835
f 1137/1393/2533 5137/5986/2533 5135/5983/2533
f 1137/1393/2955 1134/1390/2955 5139/5989/2955
f 1129/1385/2956 5141/5992/2956 5139/5989/2956
f 1129/1385/2957 1125/1381/2957 5143/5995/2957
f 1125/1381/1584 1121/1377/1584 5145/5998/1584
f 1119/1375/2958 5147/6001/2958 5145/5998/2958
f 1117/1373/2537 5149/6004/2537 5147/6001/2537
f 1117/1373/2959 1115/1371/2959 5151/6007/2959
f 1113/1369/2960 5153/6010/2960 5151/6007/2960
f 1113/1369/2539 1111/1367/2539 5155/6013/2539
f 1109/1365/2961 5157/6016/2961 5155/6013/2961
f 1109/1365/847 1107/1363/847 5159/6019/847
f 1107/1363/2962 1104/1360/2962 5161/6022/2962
f 1104/1360/849 1102/1358/849 5163/6025/849
f 1100/1356/2543 5165/6028/2543 5163/6025/2543
f 1100/1356/2963 1098/1354/2963 5167/6031/2963
f 1098/1354/2964 1096/1352/2964 5170/6036/2964
f 1095/1351/2544 5172/6039/2544 5170/6036/2544
f 1092/1348/854 5174/6042/854 5172/6039/854
f 1090/1346/2965 5176/6045/2965 5174/6042/2965
f 1090/1346/2966 1088/1344/2966 5178/6048/2966
f 1086/1342/2967 5180/6051/2967 5178/6048/2967
f 1086/1342/2968 1084/1340/2968 5182/6054/2968
f 1082/1338/859 5184/6057/859 5182/6054/859
f 1082/1338/2969 1081/1337/2969 5186/6060/2969
f 1078/1334/2970 5188/6063/2970 5186/6060/2970
f 1078/1334/2548 1076/1332/2548 5190/6066/2548
f 1076/1332/2971 1074/1330/2971 5192/6069/2971
f 1072/1328/2549 5194/6072/2549 5192/6069/2549
f 1072/1328/2972 1070/1326/2972 5196/6075/2972
f 1068/1324/2973 5198/6078/2973 5196/6075/2973
f 1068/1324/2974 1067/1323/2974 5200/6081/2974
f 1065/1321/2552 5202/6084/2552 5200/6081/2552
f 1065/1321/2975 1063/1319/2975 5204/6087/2975
f 1061/1317/2976 5206/6090/2976 5204/6087/2976
f 1059/1315/2977 5208/6093/2977 5206/6090/2977
f 1059/1315/2978 1056/1312/2978 5210/6096/2978
f 1053/1309/873 5212/6099/873 5210/6096/873
f 1050/1306/874 5214/6102/874 5212/6099/874
f 1050/1306/2979 1045/1301/2979 5216/6105/2979
f 1041/1297/876 5218/6108/876 5216/6105/876
f 1039/1295/2980 5220/6111/2980 5218/6108/2980
f 1039/1295/878 1033/1289/878 5222/6114/878
f 1029/1285/879 5224/6117/879 5222/6114/879
f 1025/1281/880 5226/6120/880 5224/6117/880
f 1025/1281/881 1023/1279/881 5228/6123/881
f 1019/1275/882 5229/6124/882 5228/6123/882
f 1019/1275/2981 1015/1271/2981 5232/6129/2981
f 1015/1271/2982 1011/1267/2982 5233/6130/2982
f 1011/1267/2983 1005/1261/2983 5236/6135/2983
f 1001/1257/886 5238/6138/886 5236/6135/886
f 1001/1257/2984 997/1253/2984 5240/6141/2984
f 994/1250/2560 5242/6144/2560 5240/6141/2560
f 994/1250/889 992/1248/889 5244/6147/889
f 988/1244/1615 5246/6150/1615 5244/6147/1615
f 988/1244/2985 987/1243/2985 5248/6153/2985
f 985/1241/2986 5250/6156/2986 5248/6153/2986
f 983/1239/893 5252/6159/893 5250/6156/893
f 983/1239/894 981/1237/894 5254/6162/894
f 979/1235/895 5256/6165/895 5254/6162/895
f 979/1235/2987 977/1233/2987 5258/6168/2987
f 975/1231/2988 5260/6171/2988 5258/6168/2988
f 975/1231/2989 973/1229/2989 5262/6174/2989
f 971/1227/1621 5264/6177/1621 5262/6174/1621
f 971/1227/2990 968/1224/2990 5265/6178/2990
f 968/1224/1622 965/1221/1622 5267/6181/1622
f 962/1218/902 5271/6187/902 5269/6184/902
f 961/1217/903 5273/6190/903 5271/6187/903
f 961/1217/1624 958/1214/1624 5275/6193/1624
f 954/1210/2991 5277/6196/2991 5275/6193/2991
f 954/1210/2992 950/1206/2992 5279/6199/2992
f 947/1203/2993 5282/6204/2993 5279/6199/2993
f 947/1203/908 943/1199/908 5283/6205/908
f 940/1196/909 5286/6210/909 5283/6205/909
f 937/1193/910 5288/6213/910 5286/6210/910
f 937/1193/2994 933/1189/2994 5290/6216/2994
f 927/1183/2995 5292/6219/2995 5290/6216/2995
f 927/1183/1630 923/1179/1630 5293/6220/1630
f 920/1176/914 5296/6225/914 5293/6220/914
f 920/1176/2996 917/1173/2996 5298/6228/2996
f 911/1167/916 5300/6231/916 5298/6228/916
f 911/1167/2997 907/1163/2997 5302/6234/2997
f 903/1159/2998 5304/6237/2998 5302/6234/2998
f 903/1159/919 899/1155/919 5306/6240/919
f 895/1151/2572 5308/6243/2572 5306/6240/2572
f 895/1151/2999 890/1146/2999 5309/6244/2999
f 886/1142/922 5311/6247/922 5309/6244/922
f 886/1142/3000 883/1139/3000 5313/6250/3000
f 881/1137/924 5315/6253/924 5313/6250/924
f 881/1137/3001 877/1133/3001 5317/6256/3001
f 877/1133/3002 870/1126/3002 5320/6261/3002
f 869/1125/927 5321/6262/927 5320/6261/927
f 865/1121/3003 5323/6265/3003 5321/6262/3003
f 865/1121/3004 860/1116/3004 5325/6268/3004
f 856/1112/930 5327/6271/930 5325/6268/930
f 856/1112/1640 853/1109/1640 5329/6274/1640
f 849/1105/3005 5332/6279/3005 5329/6274/3005
f 849/1105/933 845/1101/933 5334/6282/933
f 841/1097/934 5336/6285/934 5334/6282/934
f 841/1097/3006 837/1093/3006 5337/6286/3006
f 833/1089/2575 5340/6291/2575 5337/6286/2575
f 833/1089/3007 830/1086/3007 5342/6294/3007
f 828/1084/2576 5344/6297/2576 5342/6294/2576
f 828/1084/3008 826/1082/3008 5346/6300/3008
f 824/1080/3009 5348/6303/3009 5346/6300/3009
f 822/1078/941 5350/6306/941 5348/6303/941
f 822/1078/942 820/1076/942 5352/6309/942
f 819/1075/943 5354/6312/943 5352/6309/943
f 819/1075/3010 817/1073/3010 5356/6315/3010
f 815/1071/2580 5357/6316/2580 5356/6315/2580
f 815/1071/946 813/1069/946 5359/6319/946
f 811/1067/3011 5362/6324/3011 5359/6319/3011
f 808/1064/948 5363/6325/948 5362/6324/948
f 808/1064/3012 807/1063/3012 5365/6328/3012
f 807/1063/3013 805/1061/3013 5368/6333/3013
f 803/1059/3014 5370/6336/3014 5368/6333/3014
f 800/1056/952 5372/6339/952 5370/6336/952
f 799/1055/3015 5374/6342/3015 5372/6339/3015
f 797/1053/3016 5376/6345/3016 5374/6342/3016
f 797/1053/3017 795/1051/3017 5378/6348/3017
f 793/1049/3018 5380/6351/3018 5378/6348/3018
f 793/1049/2586 791/1047/2586 5382/6354/2586
f 791/1047/3019 789/1045/3019 5384/6357/3019
f 789/1045/2588 787/1043/2588 5386/6360/2588
f 784/1040/960 5388/6363/960 5386/6360/960
f 783/1039/2590 5390/6366/2590 5388/6363/2590
f 783/1039/3020 781/1037/3020 5392/6369/3020
f 779/1035/1667 5394/6372/1667 5392/6369/1667
f 776/1032/3021 5396/6375/3021 5394/6372/3021
f 776/1032/3022 774/1030/3022 5398/6378/3022
f 773/1029/3023 5400/6381/3023 5398/6378/3023
f 773/1029/3024 770/1026/3024 5402/6384/3024
f 770/1026/3025 766/1022/3025 5403/6385/3025
f 763/1019/3026 5405/6388/3026 5403/6385/3026
f 759/1015/2596 5407/6391/2596 5405/6388/2596
f 759/1015/3027 755/1011/3027 5409/6394/3027
f 751/1007/1674 5411/6397/1674 5409/6394/1674
f 751/1007/3028 746/1002/3028 5414/6402/3028
f 744/1000/974 5416/6405/974 5414/6402/974
f 744/1000/3029 740/996/3029 5418/6408/3029
f 740/996/3030 734/990/3030 5420/6411/3030
f 734/990/3031 733/989/3031 5421/6412/3031
f 729/985/3032 5424/6417/3032 5421/6412/3032
f 729/985/3033 723/979/3033 5425/6418/3033
f 723/979/3034 718/974/3034 5427/6421/3034
f 715/971/3035 5430/6426/3035 5427/6421/3035
f 713/969/982 5432/6429/982 5430/6426/982
f 707/963/3036 5434/6432/3036 5432/6429/3036
f 707/963/3037 705/961/3037 5436/6435/3037
f 703/959/1685 5437/6436/1685 5436/6435/1685
f 703/959/1686 701/957/1686 5439/6439/1686
f 699/955/2607 5441/6442/2607 5439/6439/2607
f 699/955/3038 697/953/3038 5444/6447/3038
f 695/951/3039 5446/6450/3039 5444/6447/3039
f 695/951/3040 693/949/3040 5448/6453/3040
f 693/949/3041 691/947/3041 5450/6456/3041
f 689/945/3042 5452/6459/3042 5450/6456/3042
f 689/945/3043 687/943/3043 5454/6462/3043
f 685/941/2613 5456/6465/2613 5454/6462/2613
f 685/941/3044 684/940/3044 5458/6468/3044
f 681/937/996 5459/6469/996 5458/6468/996
f 681/937/3045 679/935/3045 5462/6474/3045
f 678/934/3046 5463/6475/3046 5462/6474/3046
f 676/932/3047 5466/6480/3047 5463/6475/3047
f 676/932/3048 672/928/3048 5467/6481/3048
f 669/925/1001 5469/6484/1001 5467/6481/1001
f 665/921/3049 5471/6487/3049 5469/6484/3049
f 665/921/3050 661/917/3050 5473/6490/3050
f 657/913/1004 5475/6493/1004 5473/6490/1004
f 653/909/3051 5477/6496/3051 5475/6493/3051
f 653/909/3052 646/902/3052 5480/6501/3052
f 642/898/3053 5482/6504/3053 5480/6501/3053
f 638/894/3054 5483/6505/3054 5482/6504/3054
f 638/894/1009 637/893/1009 5485/6508/1009
f 630/886/3055 5487/6511/3055 5485/6508/3055
f 630/886/3056 626/882/3056 5489/6513/3056
f 626/882/3057 622/878/3057 5491/6515/3057
f 622/878/3058 621/877/3058 5493/6517/3058
f 615/871/3059 5495/6519/3059 5493/6517/3059
f 615/871/3060 610/866/3060 5497/6521/3060
f 607/863/3061 5499/6523/3061 5497/6521/3061
f 607/863/3062 604/860/3062 5501/6525/3062
f 601/857/2632 5503/6527/2632 5501/6525/2632
f 601/857/3063 596/852/3063 5505/6529/3063
f 593/849/3064 5508/6532/3064 5505/6529/3064
f 589/845/3065 5510/6534/3065 5508/6532/3065
f 589/845/3066 585/841/3066 5512/6536/3066
f 581/837/1023 5513/6537/1023 5512/6536/1023
f 581/837/3067 577/833/3067 5516/6540/3067
f 572/828/1025 5517/6541/1025 5516/6540/1025
f 572/828/3068 568/824/3068 5519/6543/3068
f 564/820/2639 5521/6545/2639 5519/6543/2639
f 564/820/3069 561/817/3069 5523/6547/3069
f 561/817/3070 552/808/3070 5525/6549/3070
f 3/4/1030 4863/5631/1030 5009/5794/1030
f 262/393/1031 4864/5632/1031 5267/6181/1031
f 966/1222/1032 5011/5797/1032 5525/6549/1032
f 554/810/1033 5269/6184/1033 4736/5504/1033
f 716/972/3071 710/966/3071 708/964/3071
f 708/964/2 706/962/2 704/960/2
f 704/960/2 702/958/2 700/956/2
f 700/956/3072 698/954/3072 696/952/3072
f 696/952/3072 694/950/3072 692/948/3072
f 692/948/2 690/946/2 688/944/2
f 688/944/3072 686/942/3072 683/939/3072
f 683/939/3071 682/938/3071 680/936/3071
f 680/936/3072 677/933/3072 675/931/3072
f 675/931/2 671/927/2 667/923/2
f 667/923/2 663/919/2 659/915/2
f 659/915/2 655/911/2 650/906/2
f 650/906/3073 649/905/3073 644/900/3073
f 644/900/2 641/897/2 634/890/2
f 634/890/2 632/888/2 629/885/2
f 629/885/3073 624/880/3073 619/875/3073
f 619/875/2 617/873/2 612/868/2
f 612/868/3074 609/865/3074 603/859/3074
f 603/859/2 598/854/2 595/851/2
f 595/851/2 590/846/2 587/843/2
f 587/843/2 582/838/2 579/835/2
f 579/835/2 574/830/2 571/827/2
f 571/827/2 566/822/2 563/819/2
f 563/819/2 559/815/2 556/812/2
f 556/812/2 550/806/2 548/804/2
f 548/804/2 546/802/2 1337/1593/2
f 1337/1593/2 1333/1589/2 1327/1583/2
f 1327/1583/2 1324/1580/2 1322/1578/2
f 1322/1578/2 1318/1574/2 1314/1570/2
f 1314/1570/2 1307/1563/2 1303/1559/2
f 1303/1559/2 1301/1557/2 1295/1551/2
f 1295/1551/2 1293/1549/2 1289/1545/2
f 1289/1545/2 1286/1542/2 1282/1538/2
f 1282/1538/3073 1279/1535/3073 1277/1533/3073
f 1277/1533/2 1274/1530/2 1273/1529/2
f 1273/1529/3074 1271/1527/3074 1269/1525/3074
f 1269/1525/2 1267/1523/2 1265/1521/2
f 1265/1521/2 1263/1519/2 1261/1517/2
f 1261/1517/3074 1259/1515/3074 1257/1513/3074
f 1257/1513/2 1254/1510/2 1252/1508/2
f 1252/1508/2 1250/1506/2 1247/1503/2
f 1247/1503/2 1243/1499/2 1239/1495/2
f 1239/1495/3071 1235/1491/3071 1231/1487/3071
f 1231/1487/3072 1227/1483/3072 1223/1479/3072
f 1223/1479/3071 1220/1476/3071 1215/1471/3071
f 1215/1471/2 1211/1467/2 1207/1463/2
f 1207/1463/3071 1204/1460/3071 1199/1455/3071
f 1199/1455/3071 1195/1451/3071 1191/1447/3071
f 1191/1447/2 1190/1446/2 1186/1442/2
f 1186/1442/2 1181/1437/2 1177/1433/2
f 1177/1433/3072 1173/1429/3072 1169/1425/3072
f 1169/1425/3072 1165/1421/3072 1159/1415/3072
f 1159/1415/3072 1155/1411/3072 1151/1407/3072
f 1151/1407/2 1147/1403/2 1143/1399/2
f 1143/1399/3071 1139/1395/3071 1135/1391/3071
f 1135/1391/3071 1132/1388/3071 1127/1383/3071
f 1127/1383/2 1123/1379/2 1120/1376/2
f 1120/1376/2 1118/1374/2 1116/1372/2
f 1116/1372/2 1114/1370/2 1112/1368/2
f 1112/1368/3071 1110/1366/3071 1108/1364/3071
f 1108/1364/3071 1106/1362/3071 1105/1361/3071
f 1105/1361/2 1103/1359/2 1101/1357/2
f 1101/1357/3072 1099/1355/3072 1097/1353/3072
f 1097/1353/3072 1094/1350/3072 1093/1349/3072
f 1093/1349/3072 1091/1347/3072 1089/1345/3072
f 1089/1345/2 1087/1343/2 1085/1341/2
f 1085/1341/2 1083/1339/2 1080/1336/2
f 1080/1336/3071 1079/1335/3071 1077/1333/3071
f 1077/1333/3071 1075/1331/3071 1073/1329/3071
f 1073/1329/2 1071/1327/2 1069/1325/2
f 1069/1325/3071 1066/1322/3071 1064/1320/3071
f 1064/1320/3072 1062/1318/3072 1060/1316/3072
f 1060/1316/3071 1058/1314/3071 1057/1313/3071
f 1057/1313/2 1055/1311/2 1052/1308/2
f 1052/1308/2 1047/1303/2 1044/1300/2
f 1044/1300/2 1038/1294/2 1035/1291/2
f 1035/1291/3074 1031/1287/3074 1027/1283/3074
f 1027/1283/2 1021/1277/2 1018/1274/2
f 1018/1274/2 1014/1270/2 1009/1265/2
f 1009/1265/2 1007/1263/2 1004/1260/2
f 1004/1260/2 999/1255/2 995/1251/2
f 995/1251/2 990/1246/2 989/1245/2
f 989/1245/2 986/1242/2 984/1240/2
f 984/1240/2 982/1238/2 980/1236/2
f 980/1236/2 978/1234/2 976/1232/2
f 976/1232/2 974/1230/2 972/1228/2
f 972/1228/2 970/1226/2 969/1225/2
f 969/1225/2 967/1223/2 964/1220/2
f 964/1220/2 963/1219/2 960/1216/2
f 960/1216/2 959/1215/2 957/1213/2
f 957/1213/2 953/1209/2 948/1204/2
f 948/1204/2 944/1200/2 939/1195/2
f 939/1195/2 935/1191/2 931/1187/2
f 931/1187/2 928/1184/2 924/1180/2
f 924/1180/2 919/1175/2 915/1171/2
f 915/1171/2 912/1168/2 908/1164/2
f 908/1164/2 904/1160/2 900/1156/2
f 900/1156/3074 896/1152/3074 892/1148/3074
f 892/1148/2 888/1144/2 885/1141/2
f 885/1141/2 879/1135/2 875/1131/2
f 875/1131/2 873/1129/2 867/1123/2
f 867/1123/2 863/1119/2 859/1115/2
f 859/1115/3073 854/1110/3073 851/1107/3073
f 851/1107/2 847/1103/2 843/1099/2
f 843/1099/2 839/1095/2 834/1090/2
f 834/1090/2 832/1088/2 831/1087/2
f 831/1087/3072 829/1085/3072 827/1083/3072
f 827/1083/3071 825/1081/3071 823/1079/3071
f 823/1079/3072 821/1077/3072 818/1074/3072
f 818/1074/2 816/1072/2 814/1070/2
f 814/1070/3072 812/1068/3072 810/1066/3072
f 810/1066/3072 809/1065/3072 806/1062/3072
f 806/1062/2 804/1060/2 802/1058/2
f 802/1058/2 801/1057/2 798/1054/2
f 798/1054/3071 796/1052/3071 794/1050/3071
f 794/1050/3071 792/1048/3071 790/1046/3071
f 790/1046/3071 788/1044/3071 786/1042/3071
f 786/1042/2 785/1041/2 782/1038/2
f 782/1038/3072 780/1036/3072 778/1034/3072
f 778/1034/3072 777/1033/3072 775/1031/3072
f 775/1031/2 772/1028/2 771/1027/2
f 771/1027/2 769/1025/2 765/1021/2
f 765/1021/2 761/1017/2 757/1013/2
f 757/1013/3072 752/1008/3072 749/1005/3072
f 749/1005/3072 742/998/3072 738/994/3072
f 738/994/2 736/992/2 731/987/2
f 731/987/3071 727/983/3071 725/981/3071
f 725/981/3071 721/977/3071 716/972/3071
f 716/972/2 708/964/2 704/960/2
f 704/960/2 700/956/2 696/952/2
f 696/952/2 692/948/2 688/944/2
f 688/944/2 683/939/2 680/936/2
f 680/936/2 675/931/2 667/923/2
f 667/923/2 659/915/2 650/906/2
f 650/906/2 644/900/2 634/890/2
f 634/890/2 629/885/2 619/875/2
f 619/875/2 612/868/2 603/859/2
f 603/859/2 595/851/2 587/843/2
f 587/843/2 579/835/2 571/827/2
f 571/827/2 563/819/2 556/812/2
f 556/812/2 548/804/2 1337/1593/2
f 1337/1593/2 1327/1583/2 1322/1578/2
f 1322/1578/2 1314/1570/2 1303/1559/2
f 1303/1559/2 1295/1551/2 1289/1545/2
f 1289/1545/2 1282/1538/2 1277/1533/2
f 1277/1533/2 1273/1529/2 1269/1525/2
f 1269/1525/2 1265/1521/2 1261/1517/2
f 1261/1517/2 1257/1513/2 1252/1508/2
f 1252/1508/2 1247/1503/2 1239/1495/2
f 1239/1495/2 1231/1487/2 1223/1479/2
f 1223/1479/2 1215/1471/2 1207/1463/2
f 1207/1463/2 1199/1455/2 1191/1447/2
f 1191/1447/2 1186/1442/2 1177/1433/2
f 1177/1433/2 1169/1425/2 1159/1415/2
f 1159/1415/2 1151/1407/2 1143/1399/2
f 1143/1399/2 1135/1391/2 1127/1383/2
f 1127/1383/2 1120/1376/2 1116/1372/2
f 1116/1372/2 1112/1368/2 1108/1364/2
f 1108/1364/2 1105/1361/2 1101/1357/2
f 1101/1357/2 1097/1353/2 1093/1349/2
f 1093/1349/2 1089/1345/2 1085/1341/2
f 1085/1341/2 1080/1336/2 1077/1333/2
f 1077/1333/2 1073/1329/2 1069/1325/2
f 1069/1325/2 1064/1320/2 1060/1316/2
f 1060/1316/2 1057/1313/2 1052/1308/2
f 1052/1308/2 1044/1300/2 1035/1291/2
f 1035/1291/2 1027/1283/2 1018/1274/2
f 1018/1274/2 1009/1265/2 1004/1260/2
f 1004/1260/2 995/1251/2 989/1245/2
f 989/1245/2 984/1240/2 980/1236/2
f 980/1236/2 976/1232/2 972/1228/2
f 972/1228/2 969/1225/2 964/1220/2
f 964/1220/2 960/1216/2 957/1213/2
f 957/1213/2 948/1204/2 939/1195/2
f 939/1195/2 931/1187/2 924/1180/2
f 924/1180/2 915/1171/2 908/1164/2
f 908/1164/2 900/1156/2 892/1148/2
f 892/1148/2 885/1141/2 875/1131/2
f 875/1131/2 867/1123/2 859/1115/2
f 859/1115/2 851/1107/2 843/1099/2
f 843/1099/2 834/1090/2 831/1087/2
f 831/1087/2 827/1083/2 823/1079/2
f 823/1079/2 818/1074/2 814/1070/2
f 814/1070/2 810/1066/2 806/1062/2
f 806/1062/2 802/1058/2 798/1054/2
f 798/1054/2 794/1050/2 790/1046/2
f 790/1046/2 786/1042/2 782/1038/2
f 782/1038/2 778/1034/2 775/1031/2
f 775/1031/2 771/1027/2 765/1021/2
f 765/1021/2 757/1013/2 749/1005/2
f 749/1005/2 738/994/2 731/987/2
f 731/987/2 725/981/2 716/972/2
f 716/972/2 704/960/2 696/952/2
f 696/952/2 688/944/2 680/936/2
f 680/936/2 667/923/2 650/906/2
f 650/906/2 634/890/2 619/875/2
f 619/875/2 603/859/2 587/843/2
f 587/843/2 571/827/2 556/812/2
f 556/812/2 1337/1593/2 1322/1578/2
f 1322/1578/2 1303/1559/2 1289/1545/2
f 1289/1545/2 1277/1533/2 1269/1525/2
f 1269/1525/2 1261/1517/2 1252/1508/2
f 1252/1508/2 1239/1495/2 1223/1479/2
f 1223/1479/2 1207/1463/2 1191/1447/2
f 1191/1447/2 1177/1433/2 1159/1415/2
f 1159/1415/2 1143/1399/2 1127/1383/2
f 1127/1383/2 1116/1372/2 1108/1364/2
f 1108/1364/2 1101/1357/2 1093/1349/2
f 1093/1349/2 1085/1341/2 1077/1333/2
f 1077/1333/2 1069/1325/2 1060/1316/2
f 1060/1316/2 1052/1308/2 1035/1291/2
f 1035/1291/2 1018/1274/2 1004/1260/2
f 1004/1260/2 989/1245/2 980/1236/2
f 980/1236/2 972/1228/2 964/1220/2
f 964/1220/2 957/1213/2 939/1195/2
f 939/1195/2 924/1180/2 908/1164/2
f 908/1164/2 892/1148/2 875/1131/2
f 875/1131/2 859/1115/2 843/1099/2
f 843/1099/2 831/1087/2 823/1079/2
f 823/1079/2 814/1070/2 806/1062/2
f 806/1062/2 798/1054/2 790/1046/2
f 790/1046/2 782/1038/2 775/1031/2
f 775/1031/2 765/1021/2 749/1005/2
f 749/1005/2 731/987/2 716/972/2
f 716/972/2 696/952/2 680/936/2
f 680/936/2 650/906/2 619/875/2
f 619/875/2 587/843/2 556/812/2
f 556/812/2 1322/1578/2 1289/1545/2
f 1289/1545/2 1269/1525/2 1252/1508/2
f 1252/1508/2 1223/1479/2 1191/1447/2
f 1191/1447/2 1159/1415/2 1127/1383/2
f 1127/1383/2 1108/1364/2 1093/1349/2
f 1093/1349/2 1077/1333/2 1060/1316/2
f 1060/1316/2 1035/1291/2 1004/1260/2
f 1004/1260/2 980/1236/2 964/1220/2
f 964/1220/2 939/1195/2 908/1164/2
f 908/1164/2 875/1131/2 843/1099/2
f 843/1099/2 823/1079/2 806/1062/2
f 806/1062/2 790/1046/2 775/1031/2
f 775/1031/2 749/1005/2 716/972/2
f 716/972/2 680/936/2 619/875/2
f 619/875/2 556/812/2 1289/1545/2
f 1289/1545/2 1252/1508/2 1191/1447/2
f 1191/1447/2 1127/1383/2 1093/1349/2
f 1093/1349/2 1060/1316/2 1004/1260/2
f 1004/1260/2 964/1220/2 908/1164/2
f 908/1164/2 843/1099/2 806/1062/2
f 806/1062/2 775/1031/2 716/972/2
f 716/972/2 619/875/2 1289/1545/2
f 1289/1545/2 1191/1447/2 1093/1349/2
f 1093/1349/2 1004/1260/2 908/1164/2
f 908/1164/2 806/1062/2 716/972/2
f 716/972/2 1289/1545/2 1093/1349/2
f 525/772/1723 523/769/1723 1295/1551/1723
f 984/1240/1724 986/1242/1724 285/428/1724
f 77/116/1725 75/113/1725 683/939/1725
f 527/775/1726 525/772/1726 1301/1557/1726
f 986/1242/1727 989/1245/1727 287/431/1727
f 79/119/1980 77/116/1980 686/942/1980
f 529/778/1729 527/775/1729 1303/1559/1729
f 989/1245/1730 990/1246/1730 289/434/1730
f 81/122/1731 79/119/1731 688/944/1731
f 531/781/1732 529/778/1732 1307/1563/1732
f 990/1246/1733 995/1251/1733 291/437/1733
f 83/125/1981 81/122/1981 690/946/1981
f 534/785/1735 531/781/1735 1314/1570/1735
f 995/1251/1736 999/1255/1736 293/440/1736
f 85/128/1737 83/125/1737 692/948/1737
f 536/788/1738 534/785/1738 1318/1574/1738
f 999/1255/1739 1004/1260/1739 295/443/1739
f 87/131/2009 85/128/2009 694/950/2009
f 538/791/1741 536/788/1741 1322/1578/1741
f 1004/1260/1742 1007/1263/1742 297/446/1742
f 89/134/1743 87/131/1743 696/952/1743
f 539/793/1744 538/791/1744 1324/1580/1744
f 1007/1263/1745 1009/1265/1745 300/450/1745
f 91/137/1983 89/134/1983 698/954/1983
f 542/797/1747 539/793/1747 1327/1583/1747
f 1009/1265/1748 1014/1270/1748 302/453/1748
f 93/140/1984 91/137/1984 700/956/1984
f 543/799/1750 542/797/1750 1333/1589/1750
f 1014/1270/1751 1018/1274/1751 304/456/1751
f 95/143/1752 93/140/1752 702/958/1752
f 1/2/1753 543/799/1753 1337/1593/1753
f 1018/1274/1754 1021/1277/1754 306/459/1754
f 97/146/1755 95/143/1755 704/960/1755
f 1021/1277/1756 1027/1283/1756 308/462/1756
f 99/149/1757 97/146/1757 706/962/1757
f 1027/1283/1758 1031/1287/1758 309/464/1758
f 101/152/1759 99/149/1759 708/964/1759
f 1031/1287/1760 1035/1291/1760 312/468/1760
f 103/155/1761 101/152/1761 710/966/1761
f 1035/1291/1762 1038/1294/1762 313/470/1762
f 105/158/1763 103/155/1763 716/972/1763
f 1038/1294/1764 1044/1300/1764 316/474/1764
f 107/161/1765 105/158/1765 721/977/1765
f 1044/1300/1766 1047/1303/1766 318/477/1766
f 109/164/1985 107/161/1985 725/981/1985
f 1047/1303/1768 1052/1308/1768 319/479/1768
f 111/167/1769 109/164/1769 727/983/1769
f 1052/1308/1770 1055/1311/1770 321/482/1770
f 114/171/1771 111/167/1771 731/987/1771
f 1055/1311/1772 1057/1313/1772 323/485/1772
f 116/174/1773 114/171/1773 736/992/1773
f 1057/1313/1774 1058/1314/1774 325/488/1774
f 117/176/1775 116/174/1775 738/994/1775
f 1058/1314/1776 1060/1316/1776 327/491/1776
f 119/179/1777 117/176/1777 742/998/1777
f 1060/1316/1778 1062/1318/1778 330/495/1778
f 121/182/1779 119/179/1779 749/1005/1779
f 1062/1318/1780 1064/1320/1780 332/498/1780
f 123/185/1781 121/182/1781 752/1008/1781
f 1064/1320/1782 1066/1322/1782 333/500/1782
f 126/189/1783 123/185/1783 757/1013/1783
f 1066/1322/1784 1069/1325/1784 335/503/1784
f 128/192/1785 126/189/1785 761/1017/1785
f 1069/1325/1786 1071/1327/1786 337/506/1786
f 129/194/1787 128/192/1787 765/1021/1787
f 1071/1327/1788 1073/1329/1788 339/509/1788
f 131/197/1789 129/194/1789 769/1025/1789
f 1073/1329/1790 1075/1331/1790 341/512/1790
f 134/201/1791 131/197/1791 771/1027/1791
f 1075/1331/1792 1077/1333/1792 343/515/1792
f 136/204/1793 134/201/1793 772/1028/1793
f 1077/1333/1794 1079/1335/1794 345/518/1794
f 138/207/1795 136/204/1795 775/1031/1795
f 1079/1335/1796 1080/1336/1796 347/521/1796
f 140/210/1797 138/207/1797 777/1033/1797
f 1080/1336/1798 1083/1339/1798 349/524/1798
f 141/212/1799 140/210/1799 778/1034/1799
f 1083/1339/1800 1085/1341/1800 351/527/1800
f 143/215/1801 141/212/1801 780/1036/1801
f 1085/1341/1802 1087/1343/1802 353/530/1802
f 145/218/1803 143/215/1803 782/1038/1803
f 1087/1343/1804 1089/1345/1804 355/533/1804
f 148/222/1805 145/218/1805 785/1041/1805
f 1089/1345/1806 1091/1347/1806 357/536/1806
f 150/225/1807 148/222/1807 786/1042/1807
f 1091/1347/1808 1093/1349/1808 360/540/1808
f 152/228/3075 150/225/3075 788/1044/3075
f 1093/1349/1810 1094/1350/1810 362/543/1810
f 154/231/1811 152/228/1811 790/1046/1811
f 1094/1350/1812 1097/1353/1812 364/546/1812
f 156/234/1813 154/231/1813 792/1048/1813
f 1097/1353/3076 1099/1355/3076 366/549/3076
f 158/237/1815 156/234/1815 794/1050/1815
f 1099/1355/1816 1101/1357/1816 368/552/1816
f 160/240/1817 158/237/1817 796/1052/1817
f 1101/1357/1818 1103/1359/1818 370/555/1818
f 162/243/1819 160/240/1819 798/1054/1819
f 1103/1359/1990 1105/1361/1990 372/558/1990
f 163/245/1821 162/243/1821 801/1057/1821
f 1105/1361/1991 1106/1362/1991 373/560/1991
f 166/249/1823 163/245/1823 802/1058/1823
f 1106/1362/1824 1108/1364/1824 375/563/1824
f 168/252/3077 166/249/3077 804/1060/3077
f 1108/1364/1826 1110/1366/1826 377/566/1826
f 170/255/3078 168/252/3078 806/1062/3078
f 1110/1366/1828 1112/1368/1828 379/569/1828
f 171/257/1829 170/255/1829 809/1065/1829
f 1112/1368/1830 1114/1370/1830 381/572/1830
f 174/261/1992 171/257/1992 810/1066/1992
f 1114/1370/1832 1116/1372/1832 383/575/1832
f 176/264/1833 174/261/1833 812/1068/1833
f 1116/1372/1834 1118/1374/1834 385/578/1834
f 178/267/3079 176/264/3079 814/1070/3079
f 1118/1374/1836 1120/1376/1836 387/581/1836
f 180/270/1837 178/267/1837 816/1072/1837
f 1120/1376/1838 1123/1379/1838 390/585/1838
f 182/273/3080 180/270/3080 818/1074/3080
f 1123/1379/1840 1127/1383/1840 391/587/1840
f 183/275/1841 182/273/1841 821/1077/1841
f 1127/1383/1842 1132/1388/1842 394/591/1842
f 186/279/1843 183/275/1843 823/1079/1843
f 1132/1388/1844 1135/1391/1844 396/594/1844
f 187/281/1845 186/279/1845 825/1081/1845
f 1135/1391/1846 1139/1395/1846 398/597/1846
f 190/285/1847 187/281/1847 827/1083/1847
f 1139/1395/3081 1143/1399/3081 400/600/3081
f 191/287/1849 190/285/1849 829/1085/1849
f 1143/1399/3082 1147/1403/3082 401/602/3082
f 193/290/1851 191/287/1851 831/1087/1851
f 1147/1403/1852 1151/1407/1852 403/605/1852
f 832/1088/1853 834/1090/1853 195/293/1853
f 1151/1407/1854 1155/1411/1854 405/608/1854
f 834/1090/1855 839/1095/1855 198/297/1855
f 1155/1411/2011 1159/1415/2011 407/611/2011
f 839/1095/1857 843/1099/1857 199/299/1857
f 1159/1415/1858 1165/1421/1858 409/614/1858
f 843/1099/1859 847/1103/1859 202/303/1859
f 1165/1421/1860 1169/1425/1860 411/617/1860
f 847/1103/1861 851/1107/1861 204/306/1861
f 1169/1425/1862 1173/1429/1862 413/620/1862
f 851/1107/1863 854/1110/1863 205/308/1863
f 1173/1429/1864 1177/1433/1864 415/623/1864
f 854/1110/1865 859/1115/1865 208/312/1865
f 1177/1433/1866 1181/1437/1866 417/626/1866
f 859/1115/1867 863/1119/1867 210/315/1867
f 1181/1437/1868 1186/1442/1868 421/631/1868
f 863/1119/1869 867/1123/1869 211/317/1869
f 4/6/1870 1/2/1870 546/802/1870
f 1186/1442/1871 1190/1446/1871 425/636/1871
f 867/1123/1872 873/1129/1872 214/321/1872
f 6/9/1873 4/6/1873 548/804/1873
f 1190/1446/1874 1191/1447/1874 429/641/1874
f 873/1129/1875 875/1131/1875 216/324/1875
f 7/11/1876 6/9/1876 550/806/1876
f 1191/1447/1877 1195/1451/1877 432/645/1877
f 875/1131/1878 879/1135/1878 218/327/1878
f 9/14/1879 7/11/1879 556/812/1879
f 1195/1451/1880 1199/1455/1880 436/650/1880
f 879/1135/1881 885/1141/1881 219/329/1881
f 11/17/1882 9/14/1882 559/815/1882
f 1199/1455/1883 1204/1460/1883 440/655/1883
f 885/1141/1884 888/1144/1884 221/332/1884
f 13/20/1885 11/17/1885 563/819/1885
f 1204/1460/1886 1207/1463/1886 444/660/1886
f 888/1144/1887 892/1148/1887 223/335/1887
f 15/23/1888 13/20/1888 566/822/1888
f 1207/1463/1889 1211/1467/1889 448/665/1889
f 892/1148/1890 896/1152/1890 226/339/1890
f 17/26/1891 15/23/1891 571/827/1891
f 1211/1467/1892 1215/1471/1892 452/670/1892
f 896/1152/1893 900/1156/1893 227/341/1893
f 19/29/1894 17/26/1894 574/830/1894
f 1215/1471/1895 1220/1476/1895 458/677/1895
f 900/1156/1896 904/1160/1896 229/344/1896
f 21/32/1897 19/29/1897 579/835/1897
f 1220/1476/1898 1223/1479/1898 463/683/1898
f 904/1160/1899 908/1164/1899 231/347/1899
f 23/35/1900 21/32/1900 582/838/1900
f 1223/1479/1901 1227/1483/1901 464/685/1901
f 908/1164/1902 912/1168/1902 233/350/1902
f 25/38/1903 23/35/1903 587/843/1903
f 1227/1483/1904 1231/1487/1904 470/692/1904
f 912/1168/1905 915/1171/1905 235/353/1905
f 27/41/1906 25/38/1906 590/846/1906
f 1231/1487/1907 1235/1491/1907 474/697/1907
f 915/1171/1908 919/1175/1908 237/356/1908
f 29/44/1909 27/41/1909 595/851/1909
f 1235/1491/1910 1239/1495/1910 478/702/1910
f 919/1175/1911 924/1180/1911 239/359/1911
f 31/47/1912 29/44/1912 598/854/1912
f 1239/1495/1913 1243/1499/1913 482/707/1913
f 924/1180/1914 928/1184/1914 241/362/1914
f 33/50/1915 31/47/1915 603/859/1915
f 483/709/1916 482/707/1916 1243/1499/1916
f 928/1184/1917 931/1187/1917 244/366/1917
f 35/53/1918 33/50/1918 609/865/1918
f 485/712/1919 483/709/1919 1247/1503/1919
f 931/1187/1920 935/1191/1920 246/369/1920
f 37/56/1921 35/53/1921 612/868/1921
f 487/715/1922 485/712/1922 1250/1506/1922
f 935/1191/1923 939/1195/1923 248/372/1923
f 40/60/1924 37/56/1924 617/873/1924
f 489/718/1925 487/715/1925 1252/1508/1925
f 939/1195/1926 944/1200/1926 250/375/1926
f 42/63/1927 40/60/1927 619/875/1927
f 492/722/1928 489/718/1928 1254/1510/1928
f 944/1200/1929 948/1204/1929 252/378/1929
f 43/65/1930 42/63/1930 624/880/1930
f 493/724/1931 492/722/1931 1257/1513/1931
f 948/1204/1932 953/1209/1932 253/380/1932
f 45/68/1933 43/65/1933 629/885/1933
f 495/727/1934 493/724/1934 1259/1515/1934
f 953/1209/1935 957/1213/1935 255/383/1935
f 47/71/1936 45/68/1936 632/888/1936
f 497/730/1937 495/727/1937 1261/1517/1937
f 957/1213/1938 959/1215/1938 257/386/1938
f 49/74/1939 47/71/1939 634/890/1939
f 499/733/1940 497/730/1940 1263/1519/1940
f 959/1215/1941 960/1216/1941 259/389/1941
f 51/77/1942 49/74/1942 641/897/1942
f 501/736/1943 499/733/1943 1265/1521/1943
f 960/1216/1944 963/1219/1944 261/392/1944
f 53/80/1945 51/77/1945 644/900/1945
f 503/739/1946 501/736/1946 1267/1523/1946
f 963/1219/1947 964/1220/1947 263/395/1947
f 55/83/1948 53/80/1948 649/905/1948
f 505/742/1949 503/739/1949 1269/1525/1949
f 964/1220/1950 967/1223/1950 265/398/1950
f 57/86/1951 55/83/1951 650/906/1951
f 507/745/1952 505/742/1952 1271/1527/1952
f 967/1223/1953 969/1225/1953 267/401/1953
f 59/89/1954 57/86/1954 655/911/1954
f 509/748/1955 507/745/1955 1273/1529/1955
f 969/1225/1956 970/1226/1956 269/404/1956
f 61/92/1957 59/89/1957 659/915/1957
f 511/751/1958 509/748/1958 1274/1530/1958
f 970/1226/1959 972/1228/1959 271/407/1959
f 63/95/1960 61/92/1960 663/919/1960
f 513/754/1961 511/751/1961 1277/1533/1961
f 972/1228/1962 974/1230/1962 273/410/1962
f 65/98/1963 63/95/1963 667/923/1963
f 515/757/1964 513/754/1964 1279/1535/1964
f 974/1230/1965 976/1232/1965 275/413/1965
f 67/101/1966 65/98/1966 671/927/1966
f 517/760/1967 515/757/1967 1282/1538/1967
f 976/1232/1968 978/1234/1968 277/416/1968
f 69/104/1969 67/101/1969 675/931/1969
f 519/763/1970 517/760/1970 1286/1542/1970
f 978/1234/1971 980/1236/1971 280/420/1971
f 71/107/1972 69/104/1972 677/933/1972
f 521/766/1973 519/763/1973 1289/1545/1973
f 980/1236/1974 982/1238/1974 282/423/1974
f 73/110/1975 71/107/1975 680/936/1975
f 523/769/1976 521/766/1976 1293/1549/1976
f 982/1238/1977 984/1240/1977 283/425/1977
f 75/113/1978 73/110/1978 682/938/1978
f 2823/3335/2 2821/3333/2 2820/3332/2
f 2820/3332/2 2818/3330/2 2816/3328/2
f 2816/3328/2 2813/3325/2 2811/3323/2
f 2811/3323/2 2810/3322/2 2808/3320/2
f 2808/3320/3074 2806/3318/3074 2804/3316/3074
f 2804/3316/2 2801/3313/2 2799/3311/2
f 2799/3311/2 2797/3309/2 2796/3308/2
f 2796/3308/2 2794/3306/2 2792/3304/2
f 2792/3304/2 2789/3301/2 2787/3299/2
f 2787/3299/3073 2786/3298/3073 2784/3296/3073
f 2784/3296/2 2781/3293/2 2780/3292/2
f 2780/3292/2 2777/3289/2 2775/3287/2
f 2775/3287/2 2772/3284/2 2770/3282/2
f 2770/3282/3072 2767/3279/3072 2762/3274/3072
f 2762/3274/3071 2756/3268/3071 2753/3265/3071
f 2753/3265/3072 2750/3262/3072 2746/3258/3072
f 2746/3258/2 2742/3254/2 2737/3249/2
f 2737/3249/3072 2734/3246/3072 2731/3243/3072
f 2731/3243/3072 2727/3239/3072 2722/3234/3072
f 2722/3234/2 2719/3231/2 2713/3225/2
f 2713/3225/2 2711/3223/2 2707/3219/2
f 2707/3219/3071 2706/3218/3071 2704/3216/3071
f 2704/3216/3071 2701/3213/3071 2699/3211/3071
f 2699/3211/3071 2697/3209/3071 2695/3207/3071
f 2695/3207/2 2694/3206/2 2691/3203/2
f 2691/3203/3072 2690/3202/3072 2688/3200/3072
f 2688/3200/3072 2686/3198/3072 2684/3196/3072
f 2684/3196/2 2682/3194/2 2680/3192/2
f 2680/3192/2 2678/3190/2 2673/3185/2
f 2673/3185/2 2671/3183/2 2665/3177/2
f 2665/3177/3072 2661/3173/3072 2660/3172/3072
f 2660/3172/3072 2656/3168/3072 2652/3164/3072
f 2652/3164/2 2648/3160/2 2642/3154/2
f 2642/3154/3071 2638/3150/3071 2635/3147/3071
f 2635/3147/3071 2629/3141/3071 2628/3140/3071
f 2628/3140/3071 2621/3133/3071 2619/3131/3071
f 2619/3131/2 2615/3127/2 2609/3121/2
f 2609/3121/2 2605/3117/2 2603/3115/2
f 2603/3115/3072 2597/3109/3072 2594/3106/3072
f 2594/3106/3072 2590/3102/3072 2586/3098/3072
f 2586/3098/2 2582/3094/2 2578/3090/2
f 2578/3090/3072 2576/3088/3072 2569/3081/3072
f 2569/3081/3071 2565/3077/3071 2561/3073/3071
f 2561/3073/3072 2557/3069/3072 2554/3066/3072
f 2554/3066/2 2551/3063/2 2549/3061/2
f 2549/3061/2 2548/3060/2 2546/3058/2
f 2546/3058/2 2544/3056/2 2541/3053/2
f 2541/3053/3073 2540/3052/3073 2538/3050/3073
f 2538/3050/2 2536/3048/2 2534/3046/2
f 2534/3046/2 2531/3043/2 2529/3041/2
f 2529/3041/3073 2528/3040/3073 2526/3038/3073
f 2526/3038/2 2524/3036/2 2521/3033/2
f 2521/3033/3074 2519/3031/3074 2517/3029/3074
f 2517/3029/2 2515/3027/2 2513/3025/2
f 2513/3025/2 2511/3023/2 2510/3022/2
f 2510/3022/2 2507/3019/2 2506/3018/2
f 2506/3018/2 2503/3015/2 2501/3013/2
f 2501/3013/2 2500/3012/2 2497/3009/2
f 2497/3009/2 2495/3007/2 2493/3005/2
f 2493/3005/2 2491/3003/2 2489/3001/2
f 2489/3001/2 2486/2998/2 3248/3760/2
f 3248/3760/2 3242/3754/2 3239/3751/2
f 3239/3751/2 3234/3746/2 3231/3743/2
f 3231/3743/2 3226/3738/2 3222/3734/2
f 3222/3734/2 3219/3731/2 3214/3726/2
f 3214/3726/2 3212/3724/2 3209/3721/2
f 3209/3721/2 3203/3715/2 3198/3710/2
f 3198/3710/2 3194/3706/2 3191/3703/2
f 3191/3703/3073 3186/3698/3073 3183/3695/3073
f 3183/3695/2 3179/3691/2 3176/3688/2
f 3176/3688/3074 3173/3685/3074 3168/3680/3074
f 3168/3680/2 3162/3674/2 3160/3672/2
f 3160/3672/2 3155/3667/2 3150/3662/2
f 3150/3662/3074 3146/3658/3074 3143/3655/3074
f 3143/3655/2 3141/3653/2 3134/3646/2
f 3134/3646/2 3130/3642/2 3126/3638/2
f 3126/3638/2 3124/3636/2 3122/3634/2
f 3122/3634/3071 3120/3632/3071 3119/3631/3071
f 3119/3631/3072 3117/3629/3072 3115/3627/3072
f 3115/3627/3071 3113/3625/3071 3110/3622/3071
f 3110/3622/2 3108/3620/2 3106/3618/2
f 3106/3618/3071 3104/3616/3071 3102/3614/3071
f 3102/3614/3071 3101/3613/3071 3098/3610/3071
f 3098/3610/2 3097/3609/2 3094/3606/2
f 3094/3606/2 3092/3604/2 3091/3603/2
f 3091/3603/3072 3088/3600/3072 3086/3598/3072
f 3086/3598/3072 3084/3596/3072 3082/3594/3072
f 3082/3594/3072 3081/3593/3072 3078/3590/3072
f 3078/3590/2 3077/3589/2 3075/3587/2
f 3075/3587/3071 3072/3584/3071 3071/3583/3071
f 3071/3583/3071 3069/3581/3071 3066/3578/3071
f 3066/3578/2 3064/3576/2 3063/3575/2
f 3063/3575/2 3061/3573/2 3057/3569/2
f 3057/3569/2 3052/3564/2 3048/3560/2
f 3048/3560/3071 3043/3555/3071 3038/3550/3071
f 3038/3550/3071 3037/3549/3071 3030/3542/3071
f 3030/3542/2 3027/3539/2 3024/3536/2
f 3024/3536/3072 3018/3530/3072 3016/3528/3072
f 3016/3528/3072 3012/3524/3072 3009/3521/3072
f 3009/3521/3072 3005/3517/3072 2999/3511/3072
f 2999/3511/2 2998/3510/2 2996/3508/2
f 2996/3508/2 2993/3505/2 2992/3504/2
f 2992/3504/3071 2990/3502/3071 2987/3499/3071
f 2987/3499/3071 2986/3498/3071 2983/3495/3071
f 2983/3495/2 2982/3494/2 2979/3491/2
f 2979/3491/3071 2978/3490/3071 2975/3487/3071
f 2975/3487/3072 2973/3485/3072 2971/3483/3072
f 2971/3483/3071 2969/3481/3071 2967/3479/3071
f 2967/3479/2 2963/3475/2 2959/3471/2
f 2959/3471/2 2957/3469/2 2951/3463/2
f 2951/3463/2 2947/3459/2 2943/3455/2
f 2943/3455/3074 2939/3451/3074 2934/3446/3074
f 2934/3446/2 2931/3443/2 2927/3439/2
f 2927/3439/2 2923/3435/2 2918/3430/2
f 2918/3430/2 2917/3429/2 2910/3422/2
f 2910/3422/2 2909/3421/2 2902/3414/2
f 2902/3414/2 2901/3413/2 2897/3409/2
f 2897/3409/2 2893/3405/2 2887/3399/2
f 2887/3399/2 2884/3396/2 2880/3392/2
f 2880/3392/2 2874/3386/2 2872/3384/2
f 2872/3384/2 2868/3380/2 2865/3377/2
f 2865/3377/2 2858/3370/2 2857/3369/2
f 2857/3369/2 2851/3363/2 2849/3361/2
f 2849/3361/2 2845/3357/2 2839/3351/2
f 2839/3351/2 2838/3350/2 2835/3347/2
f 2835/3347/2 2833/3345/2 2832/3344/2
f 2832/3344/2 2830/3342/2 2827/3339/2
f 2827/3339/2 2826/3338/2 2823/3335/2
f 2823/3335/2 2820/3332/2 2816/3328/2
f 2816/3328/2 2811/3323/2 2808/3320/2
f 2808/3320/2 2804/3316/2 2799/3311/2
f 2799/3311/2 2796/3308/2 2792/3304/2
f 2792/3304/2 2787/3299/2 2784/3296/2
f 2784/3296/2 2780/3292/2 2775/3287/2
f 2775/3287/2 2770/3282/2 2762/3274/2
f 2762/3274/2 2753/3265/2 2746/3258/2
f 2746/3258/2 2737/3249/2 2731/3243/2
f 2731/3243/2 2722/3234/2 2713/3225/2
f 2713/3225/2 2707/3219/2 2704/3216/2
f 2704/3216/2 2699/3211/2 2695/3207/2
f 2695/3207/2 2691/3203/2 2688/3200/2
f 2688/3200/2 2684/3196/2 2680/3192/2
f 2680/3192/2 2673/3185/2 2665/3177/2
f 2665/3177/2 2660/3172/2 2652/3164/2
f 2652/3164/2 2642/3154/2 2635/3147/2
f 2635/3147/2 2628/3140/2 2619/3131/2
f 2619/3131/2 2609/3121/2 2603/3115/2
f 2603/3115/2 2594/3106/2 2586/3098/2
f 2586/3098/2 2578/3090/2 2569/3081/2
f 2569/3081/2 2561/3073/2 2554/3066/2
f 2554/3066/2 2549/3061/2 2546/3058/2
f 2546/3058/2 2541/3053/2 2538/3050/2
f 2538/3050/2 2534/3046/2 2529/3041/2
f 2529/3041/2 2526/3038/2 2521/3033/2
f 2521/3033/2 2517/3029/2 2513/3025/2
f 2513/3025/2 2510/3022/2 2506/3018/2
f 2506/3018/2 2501/3013/2 2497/3009/2
f 2497/3009/2 2493/3005/2 2489/3001/2
f 2489/3001/2 3248/3760/2 3239/3751/2
f 3239/3751/2 3231/3743/2 3222/3734/2
f 3222/3734/2 3214/3726/2 3209/3721/2
f 3209/3721/2 3198/3710/2 3191/3703/2
f 3191/3703/2 3183/3695/2 3176/3688/2
f 3176/3688/2 3168/3680/2 3160/3672/2
f 3160/3672/2 3150/3662/2 3143/3655/2
f 3143/3655/2 3134/3646/2 3126/3638/2
f 3126/3638/2 3122/3634/2 3119/3631/2
f 3119/3631/2 3115/3627/2 3110/3622/2
f 3110/3622/2 3106/3618/2 3102/3614/2
f 3102/3614/2 3098/3610/2 3094/3606/2
f 3094/3606/2 3091/3603/2 3086/3598/2
f 3086/3598/2 3082/3594/2 3078/3590/2
f 3078/3590/2 3075/3587/2 3071/3583/2
f 3071/3583/2 3066/3578/2 3063/3575/2
f 3063/3575/2 3057/3569/2 3048/3560/2
f 3048/3560/2 3038/3550/2 3030/3542/2
f 3030/3542/2 3024/3536/2 3016/3528/2
f 3016/3528/2 3009/3521/2 2999/3511/2
f 2999/3511/2 2996/3508/2 2992/3504/2
f 2992/3504/2 2987/3499/2 2983/3495/2
f 2983/3495/2 2979/3491/2 2975/3487/2
f 2975/3487/2 2971/3483/2 2967/3479/2
f 2967/3479/2 2959/3471/2 2951/3463/2
f 2951/3463/2 2943/3455/2 2934/3446/2
f 2934/3446/2 2927/3439/2 2918/3430/2
f 2918/3430/2 2910/3422/2 2902/3414/2
f 2902/3414/2 2897/3409/2 2887/3399/2
f 2887/3399/2 2880/3392/2 2872/3384/2
f 2872/3384/2 2865/3377/2 2857/3369/2
f 2857/3369/2 2849/3361/2 2839/3351/2
f 2839/3351/2 2835/3347/2 2832/3344/2
f 2832/3344/2 2827/3339/2 2823/3335/2
f 2823/3335/2 2816/3328/2 2808/3320/2
f 2808/3320/2 2799/3311/2 2792/3304/2
f 2792/3304/2 2784/3296/2 2775/3287/2
f 2775/3287/2 2762/3274/2 2746/3258/2
f 2746/3258/2 2731/3243/2 2713/3225/2
f 2713/3225/2 2704/3216/2 2695/3207/2
f 2695/3207/2 2688/3200/2 2680/3192/2
f 2680/3192/2 2665/3177/2 2652/3164/2
f 2652/3164/2 2635/3147/2 2619/3131/2
f 2619/3131/2 2603/3115/2 2586/3098/2
f 2586/3098/2 2569/3081/2 2554/3066/2
f 2554/3066/2 2546/3058/2 2538/3050/2
f 2538/3050/2 2529/3041/2 2521/3033/2
f 2521/3033/2 2513/3025/2 2506/3018/2
f 2506/3018/2 2497/3009/2 2489/3001/2
f 2489/3001/2 3239/3751/2 3222/3734/2
f 3222/3734/2 3209/3721/2 3191/3703/2
f 3191/3703/2 3176/3688/2 3160/3672/2
f 3160/3672/2 3143/3655/2 3126/3638/2
f 3126/3638/2 3119/3631/2 3110/3622/2
f 3110/3622/2 3102/3614/2 3094/3606/2
f 3094/3606/2 3086/3598/2 3078/3590/2
f 3078/3590/2 3071/3583/2 3063/3575/2
f 3063/3575/2 3048/3560/2 3030/3542/2
f 3030/3542/2 3016/3528/2 2999/3511/2
f 2999/3511/2 2992/3504/2 2983/3495/2
f 2983/3495/2 2975/3487/2 2967/3479/2
f 2967/3479/2 2951/3463/2 2934/3446/2
f 2934/3446/2 2918/3430/2 2902/3414/2
f 2902/3414/2 2887/3399/2 2872/3384/2
f 2872/3384/2 2857/3369/2 2839/3351/2
f 2839/3351/2 2832/3344/2 2823/3335/2
f 2823/3335/2 2808/3320/2 2792/3304/2
f 2792/3304/2 2775/3287/2 2746/3258/2
f 2746/3258/2 2713/3225/2 2695/3207/2
f 2695/3207/2 2680/3192/2 2652/3164/2
f 2652/3164/2 2619/3131/2 2586/3098/2
f 2586/3098/2 2554/3066/2 2538/3050/2
f 2538/3050/2 2521/3033/2 2506/3018/2
f 2506/3018/2 2489/3001/2 3222/3734/2
f 3222/3734/2 3191/3703/2 3160/3672/2
f 3160/3672/2 3126/3638/2 3110/3622/2
f 3110/3622/2 3094/3606/2 3078/3590/2
f 3078/3590/2 3063/3575/2 3030/3542/2
f 3030/3542/2 2999/3511/2 2983/3495/2
f 2983/3495/2 2967/3479/2 2934/3446/2
f 2934/3446/2 2902/3414/2 2872/3384/2
f 2872/3384/2 2839/3351/2 2823/3335/2
f 2823/3335/2 2792/3304/2 2746/3258/2
f 2746/3258/2 2695/3207/2 2652/3164/2
f 2652/3164/2 2586/3098/2 2538/3050/2
f 2538/3050/2 2506/3018/2 3222/3734/2
f 3222/3734/2 3160/3672/2 3110/3622/2
f 3110/3622/2 3078/3590/2 3030/3542/2
f 3030/3542/2 2983/3495/2 2934/3446/2
f 2934/3446/2 2872/3384/2 2823/3335/2
f 2823/3335/2 2746/3258/2 2652/3164/2
f 2652/3164/2 2538/3050/2 3222/3734/2
f 3222/3734/2 3110/3622/2 3030/3542/2
f 3030/3542/2 2934/3446/2 2823/3335/2
f 2823/3335/2 2652/3164/2 3222/3734/2
f 2447/2950/1979 2441/2943/1979 3209/3721/1979
f 2887/3399/1724 2893/3405/1724 2132/2531/1724
f 1832/2127/1725 1830/2124/1725 2569/3081/1725
f 2449/2953/1726 2447/2950/1726 3212/3724/1726
f 2893/3405/1727 2897/3409/1727 2134/2534/1727
f 1834/2130/1980 1832/2127/1980 2576/3088/1980
f 2453/2958/1729 2449/2953/1729 3214/3726/1729
f 2897/3409/1730 2901/3413/1730 2136/2537/1730
f 1836/2133/1731 1834/2130/1731 2578/3090/1731
f 2457/2963/1732 2453/2958/1732 3219/3731/1732
f 2901/3413/1733 2902/3414/1733 2139/2541/1733
f 1838/2136/1981 1836/2133/1981 2582/3094/1981
f 2461/2968/1735 2457/2963/1735 3222/3734/1735
f 2902/3414/1736 2909/3421/1736 2143/2546/1736
f 1840/2139/1982 1838/2136/1982 2586/3098/1982
f 2466/2974/1738 2461/2968/1738 3226/3738/1738
f 2909/3421/1739 2910/3422/1739 2149/2553/1739
f 1842/2142/1740 1840/2139/1740 2590/3102/1740
f 2472/2981/1741 2466/2974/1741 3231/3743/1741
f 2910/3422/1742 2917/3429/1742 2151/2556/1742
f 1844/2145/1743 1842/2142/1743 2594/3106/1743
f 2476/2986/1744 2472/2981/1744 3234/3746/1744
f 2917/3429/1745 2918/3430/1745 2158/2564/1745
f 1845/2147/1983 1844/2145/1983 2597/3109/1983
f 2480/2991/1747 2476/2986/1747 3239/3751/1747
f 2918/3430/1748 2923/3435/1748 2162/2569/1748
f 1847/2150/1984 1845/2147/1984 2603/3115/1984
f 2484/2996/1750 2480/2991/1750 3242/3754/1750
f 2923/3435/1751 2927/3439/1751 2166/2574/1751
f 1849/2153/1752 1847/2150/1752 2605/3117/1752
f 1692/1949/1753 2484/2996/1753 3248/3760/1753
f 2927/3439/1754 2931/3443/1754 2170/2579/1754
f 1852/2157/1755 1849/2153/1755 2609/3121/1755
f 2931/3443/1756 2934/3446/1756 2172/2582/1756
f 1855/2161/1757 1852/2157/1757 2615/3127/1757
f 2934/3446/1758 2939/3451/1758 2175/2586/1758
f 1859/2166/1759 1855/2161/1759 2619/3131/1759
f 2939/3451/1760 2943/3455/1760 2179/2591/1760
f 1863/2171/1761 1859/2166/1761 2621/3133/1761
f 2943/3455/1762 2947/3459/1762 2186/2599/1762
f 1866/2175/1763 1863/2171/1763 2628/3140/1763
f 2947/3459/1764 2951/3463/1764 2188/2602/1764
f 1871/2181/1765 1866/2175/1765 2629/3141/1765
f 2951/3463/1766 2957/3469/1766 2192/2607/1766
f 1875/2186/1985 1871/2181/1985 2635/3147/1985
f 2957/3469/1768 2959/3471/1768 2196/2612/1768
f 1879/2191/1769 1875/2186/1769 2638/3150/1769
f 2959/3471/1770 2963/3475/1770 2199/2616/1770
f 1882/2195/1771 1879/2191/1771 2642/3154/1771
f 2963/3475/1772 2967/3479/1772 2202/2620/1772
f 1886/2200/2004 1882/2195/2004 2648/3160/2004
f 2967/3479/1774 2969/3481/1774 2204/2623/1774
f 1890/2205/1775 1886/2200/1775 2652/3164/1775
f 2969/3481/1776 2971/3483/1776 2207/2627/1776
f 1895/2211/1777 1890/2205/1777 2656/3168/1777
f 2971/3483/1778 2973/3485/1778 2208/2629/1778
f 1899/2216/1779 1895/2211/1779 2660/3172/1779
f 2973/3485/1780 2975/3487/1780 2210/2632/1780
f 1902/2220/1781 1899/2216/1781 2661/3173/1781
f 2975/3487/1782 2978/3490/1782 2212/2635/1782
f 1906/2225/1986 1902/2220/1986 2665/3177/1986
f 2978/3490/3083 2979/3491/3083 2214/2638/3083
f 1910/2230/1785 1906/2225/1785 2671/3183/1785
f 2979/3491/1786 2982/3494/1786 2216/2641/1786
f 1915/2236/1787 1910/2230/1787 2673/3185/1787
f 2982/3494/1788 2983/3495/1788 2218/2644/1788
f 1916/2238/1789 1915/2236/1789 2678/3190/1789
f 2983/3495/3084 2986/3498/3084 2220/2647/3084
f 1918/2241/1791 1916/2238/1791 2680/3192/1791
f 2986/3498/1792 2987/3499/1792 2222/2650/1792
f 1921/2245/1987 1918/2241/1987 2682/3194/1987
f 2987/3499/1794 2990/3502/1794 2224/2653/1794
f 1922/2247/1795 1921/2245/1795 2684/3196/1795
f 2990/3502/3085 2992/3504/3085 2226/2656/3085
f 1924/2250/1797 1922/2247/1797 2686/3198/1797
f 2992/3504/1798 2993/3505/1798 2228/2659/1798
f 1926/2253/1799 1924/2250/1799 2688/3200/1799
f 2993/3505/3086 2996/3508/3086 2230/2662/3086
f 1928/2256/1801 1926/2253/1801 2690/3202/1801
f 2996/3508/3087 2998/3510/3087 2233/2666/3087
f 1930/2259/1803 1928/2256/1803 2691/3203/1803
f 2998/3510/1804 2999/3511/1804 2235/2669/1804
f 1933/2263/1805 1930/2259/1805 2694/3206/1805
f 2999/3511/1806 3005/3517/1806 2237/2672/1806
f 1934/2265/1807 1933/2263/1807 2695/3207/1807
f 3005/3517/1808 3009/3521/1808 2239/2675/1808
f 1936/2268/1809 1934/2265/1809 2697/3209/1809
f 3009/3521/1810 3012/3524/1810 2241/2678/1810
f 1938/2271/1811 1936/2268/1811 2699/3211/1811
f 3012/3524/1812 3016/3528/1812 2243/2681/1812
f 1940/2274/1813 1938/2271/1813 2701/3213/1813
f 3016/3528/3076 3018/3530/3076 2245/2684/3076
f 1943/2278/1815 1940/2274/1815 2704/3216/1815
f 3018/3530/3088 3024/3536/3088 2246/2686/3088
f 1945/2281/1817 1943/2278/1817 2706/3218/1817
f 3024/3536/1818 3027/3539/1818 2248/2689/1818
f 1947/2284/1819 1945/2281/1819 2707/3219/1819
f 3027/3539/1990 3030/3542/1990 2250/2692/1990
f 1949/2287/1821 1947/2284/1821 2711/3223/1821
f 3030/3542/1991 3037/3549/1991 2252/2695/1991
f 1951/2290/1823 1949/2287/1823 2713/3225/1823
f 3037/3549/1824 3038/3550/1824 2254/2698/1824
f 1953/2293/1825 1951/2290/1825 2719/3231/1825
f 3038/3550/1826 3043/3555/1826 2256/2701/1826
f 1954/2295/1827 1953/2293/1827 2722/3234/1827
f 3043/3555/1828 3048/3560/1828 2258/2704/1828
f 1957/2299/1829 1954/2295/1829 2727/3239/1829
f 3048/3560/1830 3052/3564/1830 2260/2707/1830
f 1959/2302/1992 1957/2299/1992 2731/3243/1992
f 3052/3564/1832 3057/3569/1832 2262/2710/1832
f 1961/2305/1993 1959/2302/1993 2734/3246/1993
f 3057/3569/1834 3061/3573/1834 2264/2713/1834
f 1963/2308/1835 1961/2305/1835 2737/3249/1835
f 3061/3573/1836 3063/3575/1836 2268/2718/1836
f 1964/2310/1837 1963/2308/1837 2742/3254/1837
f 3063/3575/1838 3064/3576/1838 2270/2721/1838
f 1967/2314/1839 1964/2310/1839 2746/3258/1839
f 3064/3576/1840 3066/3578/1840 2274/2726/1840
f 1968/2316/1841 1967/2314/1841 2750/3262/1841
f 3066/3578/1842 3069/3581/1842 2278/2731/1842
f 1970/2319/1843 1968/2316/1843 2753/3265/1843
f 3069/3581/1844 3071/3583/1844 2282/2736/1844
f 1973/2323/1845 1970/2319/1845 2756/3268/1845
f 3071/3583/1846 3072/3584/1846 2285/2740/1846
f 1974/2325/1847 1973/2323/1847 2762/3274/1847
f 3072/3584/1848 3075/3587/1848 2290/2746/1848
f 1977/2329/1849 1974/2325/1849 2767/3279/1849
f 3075/3587/1850 3077/3589/1850 2294/2751/1850
f 1979/2332/1851 1977/2329/1851 2770/3282/1851
f 3077/3589/1852 3078/3590/1852 2297/2755/1852
f 2772/3284/1853 2775/3287/1853 1982/2336/1853
f 3078/3590/1854 3081/3593/1854 2301/2760/1854
f 2775/3287/1855 2777/3289/1855 1986/2341/1855
f 3081/3593/2011 3082/3594/2011 2305/2765/2011
f 2777/3289/1857 2780/3292/1857 1991/2347/1857
f 3082/3594/1858 3084/3596/1858 2309/2770/1858
f 2780/3292/1859 2781/3293/1859 1995/2352/1859
f 3084/3596/1860 3086/3598/1860 2313/2775/1860
f 2781/3293/1861 2784/3296/1861 1998/2356/1861
f 3086/3598/1862 3088/3600/1862 2317/2780/1862
f 2784/3296/1863 2786/3298/1863 2003/2362/1863
f 3088/3600/1864 3091/3603/1864 2324/2788/1864
f 2786/3298/1865 2787/3299/1865 2007/2367/1865
f 3091/3603/1866 3092/3604/1866 2325/2790/1866
f 2787/3299/1867 2789/3301/1867 2011/2372/1867
f 3092/3604/1868 3094/3606/1868 2330/2796/1868
f 2789/3301/1869 2792/3304/1869 2015/2377/1869
f 1693/1951/1870 1692/1949/1870 2486/2998/1870
f 3094/3606/1871 3097/3609/1871 2333/2800/1871
f 2792/3304/1872 2794/3306/1872 2018/2381/1872
f 1696/1955/1873 1693/1951/1873 2489/3001/1873
f 3097/3609/1874 3098/3610/1874 2338/2806/1874
f 2794/3306/1875 2796/3308/1875 2021/2385/1875
f 1700/1960/1876 1696/1955/1876 2491/3003/1876
f 3098/3610/1877 3101/3613/1877 2342/2811/1877
f 2796/3308/1878 2797/3309/1878 2025/2390/1878
f 1704/1965/1879 1700/1960/1879 2493/3005/1879
f 3101/3613/3089 3102/3614/3089 2346/2816/3089
f 2797/3309/1881 2799/3311/1881 2031/2397/1881
f 1708/1970/1882 1704/1965/1882 2495/3007/1882
f 3102/3614/1883 3104/3616/1883 2350/2821/1883
f 2799/3311/1884 2801/3313/1884 2034/2401/1884
f 1712/1975/1885 1708/1970/1885 2497/3009/1885
f 3104/3616/1886 3106/3618/1886 2354/2826/1886
f 2801/3313/1887 2804/3316/1887 2037/2405/1887
f 1717/1981/1888 1712/1975/1888 2500/3012/1888
f 3106/3618/1889 3108/3620/1889 2358/2831/1889
f 2804/3316/1890 2806/3318/1890 2040/2409/1890
f 1723/1988/1891 1717/1981/1891 2501/3013/1891
f 3108/3620/1892 3110/3622/1892 2362/2836/1892
f 2806/3318/1893 2808/3320/1893 2045/2415/1893
f 1725/1991/1894 1723/1988/1894 2503/3015/1894
f 3110/3622/1895 3113/3625/1895 2367/2842/1895
f 2808/3320/1896 2810/3322/1896 2049/2420/1896
f 1728/1995/1897 1725/1991/1897 2506/3018/1897
f 3113/3625/1898 3115/3627/1898 2371/2847/1898
f 2810/3322/1899 2811/3323/1899 2052/2424/1899
f 1732/2000/2000 1728/1995/2000 2507/3019/2000
f 3115/3627/1901 3117/3629/1901 2376/2853/1901
f 2811/3323/1902 2813/3325/1902 2056/2429/1902
f 1736/2005/1903 1732/2000/1903 2510/3022/1903
f 3117/3629/1904 3119/3631/1904 2377/2855/1904
f 2813/3325/1905 2816/3328/1905 2063/2437/1905
f 1741/2011/1906 1736/2005/1906 2511/3023/1906
f 3119/3631/1907 3120/3632/1907 2384/2863/1907
f 2816/3328/2001 2818/3330/2001 2065/2440/2001
f 1745/2016/1909 1741/2011/1909 2513/3025/1909
f 3120/3632/1910 3122/3634/1910 2385/2865/1910
f 2818/3330/1911 2820/3332/1911 2068/2444/1911
f 1749/2021/1912 1745/2016/1912 2515/3027/1912
f 3122/3634/1913 3124/3636/1913 2390/2871/1913
f 2820/3332/1914 2821/3333/1914 2073/2450/1914
f 1753/2026/1915 1749/2021/1915 2517/3029/1915
f 2395/2877/1916 2390/2871/1916 3124/3636/1916
f 2821/3333/1917 2823/3335/1917 2076/2454/1917
f 1756/2030/1918 1753/2026/1918 2519/3031/1918
f 2397/2880/1919 2395/2877/1919 3126/3638/1919
f 2823/3335/1920 2826/3338/1920 2082/2461/1920
f 1760/2035/1921 1756/2030/1921 2521/3033/1921
f 2399/2883/1922 2397/2880/1922 3130/3642/1922
f 2826/3338/1923 2827/3339/1923 2086/2466/1923
f 1766/2042/1924 1760/2035/1924 2524/3036/1924
f 2401/2886/1925 2399/2883/1925 3134/3646/1925
f 2827/3339/1926 2830/3342/1926 2090/2471/1926
f 1771/2048/1927 1766/2042/1927 2526/3038/1927
f 2403/2889/1928 2401/2886/1928 3141/3653/1928
f 2830/3342/1929 2832/3344/1929 2092/2474/1929
f 1773/2051/1930 1771/2048/1930 2528/3040/1930
f 2405/2892/1931 2403/2889/1931 3143/3655/1931
f 2832/3344/1932 2833/3345/1932 2099/2482/1932
f 1778/2057/1933 1773/2051/1933 2529/3041/1933
f 2407/2895/1934 2405/2892/1934 3146/3658/1934
f 2833/3345/1935 2835/3347/1935 2102/2486/1935
f 1782/2062/1936 1778/2057/1936 2531/3043/1936
f 2409/2898/1937 2407/2895/1937 3150/3662/1937
f 2835/3347/1938 2838/3350/1938 2105/2490/1938
f 1787/2068/1939 1782/2062/1939 2534/3046/1939
f 2411/2901/1940 2409/2898/1940 3155/3667/1940
f 2838/3350/1941 2839/3351/1941 2106/2492/1941
f 1791/2073/1942 1787/2068/1942 2536/3048/1942
f 2412/2903/1943 2411/2901/1943 3160/3672/1943
f 2839/3351/1944 2845/3357/1944 2108/2495/1944
f 1794/2077/1945 1791/2073/1945 2538/3050/1945
f 2414/2906/1946 2412/2903/1946 3162/3674/1946
f 2845/3357/1947 2849/3361/1947 2111/2499/1947
f 1798/2082/1948 1794/2077/1948 2540/3052/1948
f 2416/2909/1949 2414/2906/1949 3168/3680/1949
f 2849/3361/1950 2851/3363/1950 2113/2502/1950
f 1803/2088/1951 1798/2082/1951 2541/3053/1951
f 2418/2912/1952 2416/2909/1952 3173/3685/1952
f 2851/3363/1953 2857/3369/1953 2114/2504/1953
f 1806/2092/1954 1803/2088/1954 2544/3056/1954
f 2420/2915/1955 2418/2912/1955 3176/3688/1955
f 2857/3369/1956 2858/3370/1956 2117/2508/1956
f 1811/2098/1957 1806/2092/1957 2546/3058/1957
f 2422/2918/1958 2420/2915/1958 3179/3691/1958
f 2858/3370/1959 2865/3377/1959 2119/2511/1959
f 1814/2102/1960 1811/2098/1960 2548/3060/1960
f 2424/2921/1961 2422/2918/1961 3183/3695/1961
f 2865/3377/1962 2868/3380/1962 2120/2513/1962
f 1818/2107/1963 1814/2102/1963 2549/3061/1963
f 2427/2925/1964 2424/2921/1964 3186/3698/1964
f 2868/3380/1965 2872/3384/1965 2123/2517/1965
f 1822/2112/1966 1818/2107/1966 2551/3063/1966
f 2432/2931/1967 2427/2925/1967 3191/3703/1967
f 2872/3384/1968 2874/3386/1968 2124/2519/1968
f 1824/2115/1969 1822/2112/1969 2554/3066/1969
f 2435/2935/1970 2432/2931/1970 3194/3706/1970
f 2874/3386/2002 2880/3392/2002 2127/2523/2002
f 1826/2118/1972 1824/2115/1972 2557/3069/1972
f 2437/2938/1973 2435/2935/1973 3198/3710/1973
f 2880/3392/1974 2884/3396/1974 2129/2526/1974
f 1828/2121/1975 1826/2118/1975 2561/3073/1975
f 2441/2943/1976 2437/2938/1976 3203/3715/1976
f 2884/3396/1977 2887/3399/1977 2131/2529/1977
f 2565/3077/1978 2569/3081/1978 1830/2124/1978
f 4449/5217/2 4447/5215/2 4446/5214/2
f 4446/5214/2 4444/5212/2 4441/5209/2
f 4441/5209/2 4440/5208/2 4438/5206/2
f 4438/5206/2 4436/5204/2 4434/5202/2
f 4434/5202/3074 4432/5200/3074 4430/5198/3074
f 4430/5198/2 4428/5196/2 4425/5193/2
f 4425/5193/2 4423/5191/2 4422/5190/2
f 4422/5190/3073 4419/5187/3073 4417/5185/3073
f 4417/5185/3074 4415/5183/3074 4413/5181/3074
f 4413/5181/3073 4411/5179/3073 4409/5177/3073
f 4409/5177/3073 4408/5176/3073 4406/5174/3073
f 4406/5174/3073 4403/5171/3073 4401/5169/3073
f 4401/5169/3074 4399/5167/3074 4397/5165/3074
f 4397/5165/2 4395/5163/2 4393/5161/2
f 4393/5161/3071 4392/5160/3071 4390/5158/3071
f 4390/5158/2 4388/5156/2 4386/5154/2
f 4386/5154/2 4384/5152/2 4382/5150/2
f 4382/5150/3072 4380/5148/3072 4378/5146/3072
f 4378/5146/3072 4376/5144/3072 4374/5142/3072
f 4374/5142/2 4371/5139/2 4369/5137/2
f 4369/5137/2 4367/5135/2 4365/5133/2
f 4365/5133/3071 4363/5131/3071 4361/5129/3071
f 4361/5129/3071 4359/5127/3071 4357/5125/3071
f 4357/5125/2 4356/5124/2 4354/5122/2
f 4354/5122/2 4352/5120/2 4350/5118/2
f 4350/5118/3072 4347/5115/3072 4346/5114/3072
f 4346/5114/2 4344/5112/2 4342/5110/2
f 4342/5110/2 4340/5108/2 4338/5106/2
f 4338/5106/2 4336/5104/2 4334/5102/2
f 4334/5102/2 4332/5100/2 4330/5098/2
f 4330/5098/2 4328/5096/2 4325/5093/2
f 4325/5093/3072 4323/5091/3072 4322/5090/3072
f 4322/5090/2 4319/5087/2 4317/5085/2
f 4317/5085/2 4315/5083/2 4313/5081/2
f 4313/5081/3071 4311/5079/3071 4310/5078/3071
f 4310/5078/3071 4308/5076/3071 4306/5074/3071
f 4306/5074/2 4304/5072/2 4302/5070/2
f 4302/5070/2 4300/5068/2 4298/5066/2
f 4298/5066/3072 4296/5064/3072 4294/5062/3072
f 4294/5062/3072 4292/5060/3072 4289/5057/3072
f 4289/5057/2 4288/5056/2 4286/5054/2
f 4286/5054/2 4284/5052/2 4281/5049/2
f 4281/5049/3071 4280/5048/3071 4277/5045/3071
f 4277/5045/2 4275/5043/2 4273/5041/2
f 4273/5041/3074 4271/5039/3074 4269/5037/3074
f 4269/5037/3073 4267/5035/3073 4265/5033/3073
f 4265/5033/3073 4263/5031/3073 4261/5029/3073
f 4261/5029/3073 4259/5027/3073 4257/5025/3073
f 4257/5025/3074 4255/5023/3074 4254/5022/3074
f 4254/5022/2 4251/5019/2 4250/5018/2
f 4250/5018/3074 4247/5015/3074 4245/5013/3074
f 4245/5013/2 4243/5011/2 4242/5010/2
f 4242/5010/2 4240/5008/2 4238/5006/2
f 4238/5006/2 4236/5004/2 4233/5001/2
f 4233/5001/2 4231/4999/2 4229/4997/2
f 4229/4997/2 4227/4995/2 4225/4993/2
f 4225/4993/2 4223/4991/2 4222/4990/2
f 4222/4990/2 4220/4988/2 4218/4986/2
f 4218/4986/2 4215/4983/2 4213/4981/2
f 4213/4981/2 4211/4979/2 4209/4977/2
f 4209/4977/2 4207/4975/2 4717/5485/2
f 4717/5485/2 4716/5484/2 4713/5481/2
f 4713/5481/2 4711/5479/2 4709/5477/2
f 4709/5477/2 4707/5475/2 4705/5473/2
f 4705/5473/2 4704/5472/2 4701/5469/2
f 4701/5469/2 4700/5468/2 4697/5465/2
f 4697/5465/2 4695/5463/2 4693/5461/2
f 4693/5461/2 4692/5460/2 4689/5457/2
f 4689/5457/3073 4687/5455/3073 4686/5454/3073
f 4686/5454/2 4684/5452/2 4682/5450/2
f 4682/5450/3073 4680/5448/3073 4678/5446/3073
f 4678/5446/2 4676/5444/2 4674/5442/2
f 4674/5442/3073 4672/5440/3073 4669/5437/3073
f 4669/5437/3074 4667/5435/3074 4666/5434/3074
f 4666/5434/3074 4663/5431/3074 4662/5430/3074
f 4662/5430/3074 4659/5427/3074 4657/5425/3074
f 4657/5425/3073 4655/5423/3073 4654/5422/3073
f 4654/5422/2 4652/5420/2 4650/5418/2
f 4650/5418/3072 4648/5416/3072 4646/5414/3072
f 4646/5414/2 4644/5412/2 4642/5410/2
f 4642/5410/2 4640/5408/2 4638/5406/2
f 4638/5406/3071 4636/5404/3071 4634/5402/3071
f 4634/5402/3071 4632/5400/3071 4630/5398/3071
f 4630/5398/2 4628/5396/2 4625/5393/2
f 4625/5393/2 4623/5391/2 4621/5389/2
f 4621/5389/3072 4619/5387/3072 4617/5385/3072
f 4617/5385/3072 4615/5383/3072 4613/5381/3072
f 4613/5381/2 4611/5379/2 4609/5377/2
f 4609/5377/2 4608/5376/2 4606/5374/2
f 4606/5374/3071 4604/5372/3071 4602/5370/3071
f 4602/5370/2 4600/5368/2 4598/5366/2
f 4598/5366/2 4596/5364/2 4594/5362/2
f 4594/5362/2 4592/5360/2 4590/5358/2
f 4590/5358/2 4588/5356/2 4586/5354/2
f 4586/5354/2 4583/5351/2 4582/5350/2
f 4582/5350/3071 4580/5348/3071 4578/5346/3071
f 4578/5346/2 4575/5343/2 4573/5341/2
f 4573/5341/2 4571/5339/2 4569/5337/2
f 4569/5337/3072 4567/5335/3072 4565/5333/3072
f 4565/5333/3072 4563/5331/3072 4561/5329/3072
f 4561/5329/2 4560/5328/2 4557/5325/2
f 4557/5325/2 4555/5323/2 4554/5322/2
f 4554/5322/3071 4551/5319/3071 4549/5317/3071
f 4549/5317/3071 4547/5315/3071 4545/5313/3071
f 4545/5313/2 4543/5311/2 4541/5309/2
f 4541/5309/2 4540/5308/2 4537/5305/2
f 4537/5305/3072 4535/5303/3072 4533/5301/3072
f 4533/5301/2 4531/5299/2 4529/5297/2
f 4529/5297/3073 4527/5295/3073 4525/5293/3073
f 4525/5293/3074 4524/5292/3074 4521/5289/3074
f 4521/5289/3074 4519/5287/3074 4518/5286/3074
f 4518/5286/3074 4516/5284/3074 4514/5282/3074
f 4514/5282/3073 4512/5280/3073 4509/5277/3073
f 4509/5277/3074 4507/5275/3074 4505/5273/3074
f 4505/5273/2 4503/5271/2 4502/5270/2
f 4502/5270/2 4500/5268/2 4498/5266/2
f 4498/5266/2 4496/5264/2 4494/5262/2
f 4494/5262/2 4492/5260/2 4489/5257/2
f 4489/5257/2 4487/5255/2 4485/5253/2
f 4485/5253/2 4483/5251/2 4481/5249/2
f 4481/5249/2 4479/5247/2 4478/5246/2
f 4478/5246/2 4476/5244/2 4474/5242/2
f 4474/5242/2 4472/5240/2 4470/5238/2
f 4470/5238/2 4468/5236/2 4466/5234/2
f 4466/5234/2 4464/5232/2 4461/5229/2
f 4461/5229/2 4459/5227/2 4457/5225/2
f 4457/5225/2 4456/5224/2 4453/5221/2
f 4453/5221/2 4451/5219/2 4449/5217/2
f 4449/5217/2 4446/5214/2 4441/5209/2
f 4441/5209/2 4438/5206/2 4434/5202/2
f 4434/5202/2 4430/5198/2 4425/5193/2
f 4425/5193/2 4422/5190/2 4417/5185/2
f 4417/5185/2 4413/5181/2 4409/5177/2
f 4409/5177/2 4406/5174/2 4401/5169/2
f 4401/5169/2 4397/5165/2 4393/5161/2
f 4393/5161/2 4390/5158/2 4386/5154/2
f 4386/5154/2 4382/5150/2 4378/5146/2
f 4378/5146/2 4374/5142/2 4369/5137/2
f 4369/5137/2 4365/5133/2 4361/5129/2
f 4361/5129/2 4357/5125/2 4354/5122/2
f 4354/5122/2 4350/5118/2 4346/5114/2
f 4346/5114/2 4342/5110/2 4338/5106/2
f 4338/5106/2 4334/5102/2 4330/5098/2
f 4330/5098/2 4325/5093/2 4322/5090/2
f 4322/5090/2 4317/5085/2 4313/5081/2
f 4313/5081/2 4310/5078/2 4306/5074/2
f 4306/5074/2 4302/5070/2 4298/5066/2
f 4298/5066/2 4294/5062/2 4289/5057/2
f 4289/5057/2 4286/5054/2 4281/5049/2
f 4281/5049/2 4277/5045/2 4273/5041/2
f 4273/5041/2 4269/5037/2 4265/5033/2
f 4265/5033/2 4261/5029/2 4257/5025/2
f 4257/5025/2 4254/5022/2 4250/5018/2
f 4250/5018/2 4245/5013/2 4242/5010/2
f 4242/5010/2 4238/5006/2 4233/5001/2
f 4233/5001/2 4229/4997/2 4225/4993/2
f 4225/4993/2 4222/4990/2 4218/4986/2
f 4218/4986/2 4213/4981/2 4209/4977/2
f 4209/4977/2 4717/5485/2 4713/5481/2
f 4713/5481/2 4709/5477/2 4705/5473/2
f 4705/5473/2 4701/5469/2 4697/5465/2
f 4697/5465/2 4693/5461/2 4689/5457/2
f 4689/5457/2 4686/5454/2 4682/5450/2
f 4682/5450/2 4678/5446/2 4674/5442/2
f 4674/5442/2 4669/5437/2 4666/5434/2
f 4666/5434/2 4662/5430/2 4657/5425/2
f 4657/5425/2 4654/5422/2 4650/5418/2
f 4650/5418/2 4646/5414/2 4642/5410/2
f 4642/5410/2 4638/5406/2 4634/5402/2
f 4634/5402/2 4630/5398/2 4625/5393/2
f 4625/5393/2 4621/5389/2 4617/5385/2
f 4617/5385/2 4613/5381/2 4609/5377/2
f 4609/5377/2 4606/5374/2 4602/5370/2
f 4602/5370/2 4598/5366/2 4594/5362/2
f 4594/5362/2 4590/5358/2 4586/5354/2
f 4586/5354/2 4582/5350/2 4578/5346/2
f 4578/5346/2 4573/5341/2 4569/5337/2
f 4569/5337/2 4565/5333/2 4561/5329/2
f 4561/5329/2 4557/5325/2 4554/5322/2
f 4554/5322/2 4549/5317/2 4545/5313/2
f 4545/5313/2 4541/5309/2 4537/5305/2
f 4537/5305/2 4533/5301/2 4529/5297/2
f 4529/5297/2 4525/5293/2 4521/5289/2
f 4521/5289/2 4518/5286/2 4514/5282/2
f 4514/5282/2 4509/5277/2 4505/5273/2
f 4505/5273/2 4502/5270/2 4498/5266/2
f 4498/5266/2 4494/5262/2 4489/5257/2
f 4489/5257/2 4485/5253/2 4481/5249/2
f 4481/5249/2 4478/5246/2 4474/5242/2
f 4474/5242/2 4470/5238/2 4466/5234/2
f 4466/5234/2 4461/5229/2 4457/5225/2
f 4457/5225/2 4453/5221/2 4449/5217/2
f 4449/5217/2 4441/5209/2 4434/5202/2
f 4434/5202/2 4425/5193/2 4417/5185/2
f 4417/5185/2 4409/5177/2 4401/5169/2
f 4401/5169/2 4393/5161/2 4386/5154/2
f 4386/5154/2 4378/5146/2 4369/5137/2
f 4369/5137/2 4361/5129/2 4354/5122/2
f 4354/5122/2 4346/5114/2 4338/5106/2
f 4338/5106/2 4330/5098/2 4322/5090/2
f 4322/5090/2 4313/5081/2 4306/5074/2
f 4306/5074/2 4298/5066/2 4289/5057/2
f 4289/5057/2 4281/5049/2 4273/5041/2
f 4273/5041/2 4265/5033/2 4257/5025/2
f 4257/5025/2 4250/5018/2 4242/5010/2
f 4242/5010/2 4233/5001/2 4225/4993/2
f 4225/4993/2 4218/4986/2 4209/4977/2
f 4209/4977/2 4713/5481/2 4705/5473/2
f 4705/5473/2 4697/5465/2 4689/5457/2
f 4689/5457/2 4682/5450/2 4674/5442/2
f 4674/5442/2 4666/5434/2 4657/5425/2
f 4657/5425/2 4650/5418/2 4642/5410/2
f 4642/5410/2 4634/5402/2 4625/5393/2
f 4625/5393/2 4617/5385/2 4609/5377/2
f 4609/5377/2 4602/5370/2 4594/5362/2
f 4594/5362/2 4586/5354/2 4578/5346/2
f 4578/5346/2 4569/5337/2 4561/5329/2
f 4561/5329/2 4554/5322/2 4545/5313/2
f 4545/5313/2 4537/5305/2 4529/5297/2
f 4529/5297/2 4521/5289/2 4514/5282/2
f 4514/5282/2 4505/5273/2 4498/5266/2
f 4498/5266/2 4489/5257/2 4481/5249/2
f 4481/5249/2 4474/5242/2 4466/5234/2
f 4466/5234/2 4457/5225/2 4449/5217/2
f 4449/5217/2 4434/5202/2 4417/5185/2
f 4417/5185/2 4401/5169/2 4386/5154/2
f 4386/5154/2 4369/5137/2 4354/5122/2
f 4354/5122/2 4338/5106/2 4322/5090/2
f 4322/5090/2 4306/5074/2 4289/5057/2
f 4289/5057/2 4273/5041/2 4257/5025/2
f 4257/5025/2 4242/5010/2 4225/4993/2
f 4225/4993/2 4209/4977/2 4705/5473/2
f 4705/5473/2 4689/5457/2 4674/5442/2
f 4674/5442/2 4657/5425/2 4642/5410/2
f 4642/5410/2 4625/5393/2 4609/5377/2
f 4609/5377/2 4594/5362/2 4578/5346/2
f 4578/5346/2 4561/5329/2 4545/5313/2
f 4545/5313/2 4529/5297/2 4514/5282/2
f 4514/5282/2 4498/5266/2 4481/5249/2
f 4481/5249/2 4466/5234/2 4449/5217/2
f 4449/5217/2 4417/5185/2 4386/5154/2
f 4386/5154/2 4354/5122/2 4322/5090/2
f 4322/5090/2 4289/5057/2 4257/5025/2
f 4257/5025/2 4225/4993/2 4705/5473/2
f 4705/5473/2 4674/5442/2 4642/5410/2
f 4642/5410/2 4609/5377/2 4578/5346/2
f 4578/5346/2 4545/5313/2 4514/5282/2
f 4514/5282/2 4481/5249/2 4449/5217/2
f 4449/5217/2 4386/5154/2 4322/5090/2
f 4322/5090/2 4257/5025/2 4705/5473/2
f 4705/5473/2 4642/5410/2 4578/5346/2
f 4578/5346/2 4514/5282/2 4449/5217/2
f 4449/5217/2 4322/5090/2 4705/5473/2
f 4187/4946/1979 4185/4943/1979 4697/5465/1979
f 4489/5257/1724 4492/5260/1724 3979/4634/1724
f 3719/4270/1725 3717/4267/1725 4281/5049/1725
f 4189/4949/1726 4187/4946/1726 4700/5468/1726
f 4492/5260/1727 4494/5262/1727 3981/4637/1727
f 3723/4275/1980 3719/4270/1980 4284/5052/1980
f 4191/4952/1729 4189/4949/1729 4701/5469/1729
f 4494/5262/1730 4496/5264/1730 3983/4640/1730
f 3728/4281/1731 3723/4275/1731 4286/5054/1731
f 4193/4955/1732 4191/4952/1732 4704/5472/1732
f 4496/5264/1733 4498/5266/1733 3986/4644/1733
f 3732/4286/1981 3728/4281/1981 4288/5056/1981
f 4195/4958/1735 4193/4955/1735 4705/5473/1735
f 4498/5266/1736 4500/5268/1736 3988/4647/1736
f 3735/4290/1982 3732/4286/1982 4289/5057/1982
f 4197/4961/1738 4195/4958/1738 4707/5475/1738
f 4500/5268/1739 4502/5270/1739 3990/4650/1739
f 3741/4297/1740 3735/4290/1740 4292/5060/1740
f 4200/4965/1741 4197/4961/1741 4709/5477/1741
f 4502/5270/1742 4503/5271/1742 3992/4653/1742
f 3746/4303/1743 3741/4297/1743 4294/5062/1743
f 4201/4967/1744 4200/4965/1744 4711/5479/1744
f 4503/5271/1745 4505/5273/1745 3994/4656/1745
f 3747/4305/1983 3746/4303/1983 4296/5064/1983
f 4203/4970/1747 4201/4967/1747 4713/5481/1747
f 4505/5273/1748 4507/5275/1748 3996/4659/1748
f 3754/4313/1984 3747/4305/1984 4298/5066/1984
f 4206/4974/1750 4203/4970/1750 4716/5484/1750
f 4507/5275/2003 4509/5277/2003 3998/4662/2003
f 3757/4317/1752 3754/4313/1752 4300/5068/1752
f 3632/4145/1753 4206/4974/1753 4717/5485/1753
f 4509/5277/1754 4512/5280/1754 4000/4665/1754
f 3759/4320/1755 3757/4317/1755 4302/5070/1755
f 4512/5280/1756 4514/5282/1756 4002/4668/1756
f 3765/4327/1757 3759/4320/1757 4304/5072/1757
f 4514/5282/1758 4516/5284/1758 4004/4671/1758
f 3768/4331/1759 3765/4327/1759 4306/5074/1759
f 4516/5284/1760 4518/5286/1760 4006/4674/1760
f 3773/4337/1761 3768/4331/1761 4308/5076/1761
f 4518/5286/1762 4519/5287/1762 4008/4677/1762
f 3777/4342/1763 3773/4337/1763 4310/5078/1763
f 4519/5287/1764 4521/5289/1764 4010/4680/1764
f 3781/4347/1765 3777/4342/1765 4311/5079/1765
f 4521/5289/1766 4524/5292/1766 4011/4682/1766
f 3785/4352/1985 3781/4347/1985 4313/5081/1985
f 4524/5292/1768 4525/5293/1768 4013/4685/1768
f 3790/4358/1769 3785/4352/1769 4315/5083/1769
f 4525/5293/1770 4527/5295/1770 4015/4688/1770
f 3793/4362/1771 3790/4358/1771 4317/5085/1771
f 4527/5295/1772 4529/5297/1772 4017/4691/1772
f 3796/4366/2004 3793/4362/2004 4319/5087/2004
f 4529/5297/3090 4531/5299/3090 4019/4694/3090
f 3801/4372/1775 3796/4366/1775 4322/5090/1775
f 4531/5299/1776 4533/5301/1776 4021/4697/1776
f 3806/4378/1777 3801/4372/1777 4323/5091/1777
f 4533/5301/1778 4535/5303/1778 4024/4701/1778
f 3809/4382/1779 3806/4378/1779 4325/5093/1779
f 4535/5303/1780 4537/5305/1780 4025/4703/1780
f 3813/4387/1781 3809/4382/1781 4328/5096/1781
f 4537/5305/1782 4540/5308/1782 4027/4706/1782
f 3817/4392/1986 3813/4387/1986 4330/5098/1986
f 4540/5308/1784 4541/5309/1784 4029/4709/1784
f 3821/4397/1785 3817/4392/1785 4332/5100/1785
f 4541/5309/1786 4543/5311/1786 4031/4712/1786
f 3823/4400/1787 3821/4397/1787 4334/5102/1787
f 4543/5311/1788 4545/5313/1788 4033/4715/1788
f 3825/4403/1789 3823/4400/1789 4336/5104/1789
f 4545/5313/3084 4547/5315/3084 4035/4718/3084
f 3828/4407/1791 3825/4403/1791 4338/5106/1791
f 4547/5315/1792 4549/5317/1792 4037/4721/1792
f 3830/4410/1987 3828/4407/1987 4340/5108/1987
f 4549/5317/1794 4551/5319/1794 4039/4724/1794
f 3831/4412/1795 3830/4410/1795 4342/5110/1795
f 4551/5319/3085 4554/5322/3085 4041/4727/3085
f 3833/4415/1797 3831/4412/1797 4344/5112/1797
f 4554/5322/1798 4555/5323/1798 4044/4731/1798
f 3835/4418/1799 3833/4415/1799 4346/5114/1799
f 4555/5323/3086 4557/5325/3086 4046/4734/3086
f 3837/4421/1801 3835/4418/1801 4347/5115/1801
f 4557/5325/3087 4560/5328/3087 4048/4737/3087
f 3839/4424/1989 3837/4421/1989 4350/5118/1989
f 4560/5328/1804 4561/5329/1804 4049/4739/1804
f 3841/4427/1805 3839/4424/1805 4352/5120/1805
f 4561/5329/1806 4563/5331/1806 4052/4743/1806
f 3843/4430/1807 3841/4427/1807 4354/5122/1807
f 4563/5331/1808 4565/5333/1808 4054/4746/1808
f 3845/4433/1809 3843/4430/1809 4356/5124/1809
f 4565/5333/1810 4567/5335/1810 4056/4749/1810
f 3847/4436/1811 3845/4433/1811 4357/5125/1811
f 4567/5335/1812 4569/5337/1812 4058/4752/1812
f 3850/4440/1813 3847/4436/1813 4359/5127/1813
f 4569/5337/3076 4571/5339/3076 4059/4754/3076
f 3852/4443/1815 3850/4440/1815 4361/5129/1815
f 4571/5339/3088 4573/5341/3088 4061/4757/3088
f 3853/4445/1817 3852/4443/1817 4363/5131/1817
f 4573/5341/2005 4575/5343/2005 4063/4760/2005
f 3856/4449/1819 3853/4445/1819 4365/5133/1819
f 4575/5343/1990 4578/5346/1990 4065/4763/1990
f 3857/4451/1821 3856/4449/1821 4367/5135/1821
f 4578/5346/1991 4580/5348/1991 4067/4766/1991
f 3859/4454/1823 3857/4451/1823 4369/5137/1823
f 4580/5348/1824 4582/5350/1824 4069/4769/1824
f 3861/4457/1825 3859/4454/1825 4371/5139/1825
f 4582/5350/1826 4583/5351/1826 4071/4772/1826
f 3863/4460/1827 3861/4457/1827 4374/5142/1827
f 4583/5351/1828 4586/5354/1828 4073/4775/1828
f 3865/4463/1829 3863/4460/1829 4376/5144/1829
f 4586/5354/1830 4588/5356/1830 4075/4778/1830
f 3868/4467/1992 3865/4463/1992 4378/5146/1992
f 4588/5356/1832 4590/5358/1832 4077/4781/1832
f 3870/4470/1993 3868/4467/1993 4380/5148/1993
f 4590/5358/1834 4592/5360/1834 4080/4785/1834
f 3871/4472/1835 3870/4470/1835 4382/5150/1835
f 4592/5360/1836 4594/5362/1836 4081/4787/1836
f 3874/4476/1837 3871/4472/1837 4384/5152/1837
f 4594/5362/1838 4596/5364/1838 4083/4790/1838
f 3876/4479/1839 3874/4476/1839 4386/5154/1839
f 4596/5364/1840 4598/5366/1840 4085/4793/1840
f 3877/4481/1841 3876/4479/1841 4388/5156/1841
f 4598/5366/1842 4600/5368/1842 4087/4796/1842
f 3880/4485/1843 3877/4481/1843 4390/5158/1843
f 4600/5368/1844 4602/5370/1844 4089/4799/1844
f 3881/4487/1845 3880/4485/1845 4392/5160/1845
f 4602/5370/1846 4604/5372/1846 4091/4802/1846
f 3883/4490/1847 3881/4487/1847 4393/5161/1847
f 4604/5372/1848 4606/5374/1848 4093/4805/1848
f 3885/4493/1849 3883/4490/1849 4395/5163/1849
f 4606/5374/1850 4608/5376/1850 4096/4809/1850
f 3887/4496/1851 3885/4493/1851 4397/5165/1851
f 4608/5376/2006 4609/5377/2006 4098/4812/2006
f 4399/5167/1853 4401/5169/1853 3889/4499/1853
f 4609/5377/1854 4611/5379/1854 4100/4815/1854
f 4401/5169/1855 4403/5171/1855 3891/4502/1855
f 4611/5379/2011 4613/5381/2011 4102/4818/2011
f 4403/5171/1857 4406/5174/1857 3894/4506/1857
f 4613/5381/1858 4615/5383/1858 4103/4820/1858
f 4406/5174/1859 4408/5176/1859 3895/4508/1859
f 4615/5383/1860 4617/5385/1860 4106/4824/1860
f 4408/5176/1861 4409/5177/1861 3897/4511/1861
f 4617/5385/1862 4619/5387/1862 4107/4826/1862
f 4409/5177/1863 4411/5179/1863 3900/4515/1863
f 4619/5387/1864 4621/5389/1864 4110/4830/1864
f 4411/5179/1865 4413/5181/1865 3902/4518/1865
f 4621/5389/1866 4623/5391/1866 4111/4832/1866
f 4413/5181/1867 4415/5183/1867 3903/4520/1867
f 4623/5391/1868 4625/5393/1868 4113/4835/1868
f 4415/5183/1869 4417/5185/1869 3905/4523/1869
f 3635/4149/1870 3632/4145/1870 4207/4975/1870
f 4625/5393/1871 4628/5396/1871 4116/4839/1871
f 4417/5185/2007 4419/5187/2007 3907/4526/2007
f 3637/4152/1873 3635/4149/1873 4209/4977/1873
f 4628/5396/1874 4630/5398/1874 4117/4841/1874
f 4419/5187/1875 4422/5190/1875 3909/4529/1875
f 3640/4156/1876 3637/4152/1876 4211/4979/1876
f 4630/5398/1877 4632/5400/1877 4120/4845/1877
f 4422/5190/1878 4423/5191/1878 3911/4532/1878
f 3641/4158/1879 3640/4156/1879 4213/4981/1879
f 4632/5400/3089 4634/5402/3089 4122/4848/3089
f 4423/5191/1881 4425/5193/1881 3913/4535/1881
f 3643/4161/1882 3641/4158/1882 4215/4983/1882
f 4634/5402/1883 4636/5404/1883 4124/4851/1883
f 4425/5193/1884 4428/5196/1884 3916/4539/1884
f 3646/4165/1885 3643/4161/1885 4218/4986/1885
f 4636/5404/1886 4638/5406/1886 4125/4853/1886
f 4428/5196/1887 4430/5198/1887 3918/4542/1887
f 3648/4168/1888 3646/4165/1888 4220/4988/1888
f 4638/5406/1889 4640/5408/1889 4128/4857/1889
f 4430/5198/1890 4432/5200/1890 3920/4545/1890
f 3650/4171/1891 3648/4168/1891 4222/4990/1891
f 4640/5408/1892 4642/5410/1892 4130/4860/1892
f 4432/5200/1893 4434/5202/1893 3921/4547/1893
f 3652/4174/1894 3650/4171/1894 4223/4991/1894
f 4642/5410/1895 4644/5412/1895 4132/4863/1895
f 4434/5202/1896 4436/5204/1896 3923/4550/1896
f 3654/4177/1897 3652/4174/1897 4225/4993/1897
f 4644/5412/1898 4646/5414/1898 4134/4866/1898
f 4436/5204/1899 4438/5206/1899 3926/4554/1899
f 3656/4180/2000 3654/4177/2000 4227/4995/2000
f 4646/5414/1901 4648/5416/1901 4135/4868/1901
f 4438/5206/1902 4440/5208/1902 3927/4556/1902
f 3658/4183/1903 3656/4180/1903 4229/4997/1903
f 4648/5416/1904 4650/5418/1904 4137/4871/1904
f 4440/5208/1905 4441/5209/1905 3929/4559/1905
f 3659/4185/1906 3658/4183/1906 4231/4999/1906
f 4650/5418/1907 4652/5420/1907 4139/4874/1907
f 4441/5209/2001 4444/5212/2001 3931/4562/2001
f 3662/4189/1909 3659/4185/1909 4233/5001/1909
f 4652/5420/1910 4654/5422/1910 4141/4877/1910
f 4444/5212/1911 4446/5214/1911 3933/4565/1911
f 3664/4192/1912 3662/4189/1912 4236/5004/1912
f 4654/5422/1913 4655/5423/1913 4143/4880/1913
f 4446/5214/1914 4447/5215/1914 3935/4568/1914
f 3666/4195/1915 3664/4192/1915 4238/5006/1915
f 4145/4883/1916 4143/4880/1916 4655/5423/1916
f 4447/5215/1917 4449/5217/1917 3937/4571/1917
f 3667/4197/1918 3666/4195/1918 4240/5008/1918
f 4147/4886/1919 4145/4883/1919 4657/5425/1919
f 4449/5217/1920 4451/5219/1920 3939/4574/1920
f 3670/4201/1921 3667/4197/1921 4242/5010/1921
f 4149/4889/1922 4147/4886/1922 4659/5427/1922
f 4451/5219/1923 4453/5221/1923 3941/4577/1923
f 3672/4204/1924 3670/4201/1924 4243/5011/1924
f 4151/4892/1925 4149/4889/1925 4662/5430/1925
f 4453/5221/1926 4456/5224/1926 3944/4581/1926
f 3674/4207/1927 3672/4204/1927 4245/5013/1927
f 4154/4896/1928 4151/4892/1928 4663/5431/1928
f 4456/5224/1929 4457/5225/1929 3945/4583/1929
f 3676/4210/1930 3674/4207/1930 4247/5015/1930
f 4155/4898/1931 4154/4896/1931 4666/5434/1931
f 4457/5225/1932 4459/5227/1932 3947/4586/1932
f 3678/4213/1933 3676/4210/1933 4250/5018/1933
f 4157/4901/1934 4155/4898/1934 4667/5435/1934
f 4459/5227/1935 4461/5229/1935 3949/4589/1935
f 3679/4215/1936 3678/4213/1936 4251/5019/1936
f 4159/4904/1937 4157/4901/1937 4669/5437/1937
f 4461/5229/1938 4464/5232/1938 3951/4592/1938
f 3681/4218/1939 3679/4215/1939 4254/5022/1939
f 4161/4907/1940 4159/4904/1940 4672/5440/1940
f 4464/5232/1941 4466/5234/1941 3953/4595/1941
f 3683/4221/1942 3681/4218/1942 4255/5023/1942
f 4163/4910/1943 4161/4907/1943 4674/5442/1943
f 4466/5234/1944 4468/5236/1944 3955/4598/1944
f 3686/4225/1945 3683/4221/1945 4257/5025/1945
f 4165/4913/1946 4163/4910/1946 4676/5444/1946
f 4468/5236/1947 4470/5238/1947 3957/4601/1947
f 3687/4227/1948 3686/4225/1948 4259/5027/1948
f 4167/4916/1949 4165/4913/1949 4678/5446/1949
f 4470/5238/1950 4472/5240/1950 3959/4604/1950
f 3689/4230/1951 3687/4227/1951 4261/5029/1951
f 4169/4919/1952 4167/4916/1952 4680/5448/1952
f 4472/5240/1953 4474/5242/1953 3961/4607/1953
f 3691/4233/1954 3689/4230/1954 4263/5031/1954
f 4171/4922/1955 4169/4919/1955 4682/5450/1955
f 4474/5242/1956 4476/5244/1956 3963/4610/1956
f 3693/4236/1957 3691/4233/1957 4265/5033/1957
f 4173/4925/1958 4171/4922/1958 4684/5452/1958
f 4476/5244/1959 4478/5246/1959 3965/4613/1959
f 3695/4239/1960 3693/4236/1960 4267/5035/1960
f 4175/4928/1961 4173/4925/1961 4686/5454/1961
f 4478/5246/1962 4479/5247/1962 3967/4616/1962
f 3697/4242/1963 3695/4239/1963 4269/5037/1963
f 4177/4931/1964 4175/4928/1964 4687/5455/1964
f 4479/5247/1965 4481/5249/1965 3969/4619/1965
f 3701/4247/1966 3697/4242/1966 4271/5039/1966
f 4179/4934/1967 4177/4931/1967 4689/5457/1967
f 4481/5249/1968 4483/5251/1968 3971/4622/1968
f 3705/4252/1969 3701/4247/1969 4273/5041/1969
f 4181/4937/1970 4179/4934/1970 4692/5460/1970
f 4483/5251/2002 4485/5253/2002 3973/4625/2002
f 3709/4257/1972 3705/4252/1972 4275/5043/1972
f 4183/4940/1973 4181/4937/1973 4693/5461/1973
f 4485/5253/1974 4487/5255/1974 3975/4628/1974
f 3713/4262/1975 3709/4257/1975 4277/5045/1975
f 4185/4943/1976 4183/4940/1976 4695/5463/1976
f 4487/5255/1977 4489/5257/1977 3978/4632/1977
f 3717/4267/1978 3713/4262/1978 4280/5048/1978
f 5582/6606/2 5581/6605/2 5580/6604/2
f 5580/6604/2 5579/6603/2 5578/6602/2
f 5578/6602/3072 5577/6601/3072 5576/6600/3072
f 5576/6600/2 5575/6599/2 5574/6598/2
f 5574/6598/2 5573/6597/2 5572/6596/2
f 5572/6596/2 5571/6595/2 5570/6594/2
f 5570/6594/2 5569/6593/2 5568/6592/2
f 5568/6592/2 5567/6591/2 5566/6590/2
f 5566/6590/3072 5565/6589/3072 5564/6588/3072
f 5564/6588/2 5563/6587/2 5562/6586/2
f 5562/6586/2 5561/6585/2 5560/6584/2
f 5560/6584/3071 5559/6583/3071 5558/6582/3071
f 5558/6582/3071 5557/6581/3071 5556/6580/3071
f 5556/6580/2 5555/6579/2 5554/6578/2
f 5554/6578/2 5553/6577/2 5552/6576/2
f 5552/6576/3072 5551/6575/3072 5550/6574/3072
f 5550/6574/3072 5549/6573/3072 5548/6572/3072
f 5548/6572/2 5547/6571/2 5546/6570/2
f 5546/6570/2 5545/6569/2 5544/6568/2
f 5544/6568/3071 5543/6567/3071 5542/6566/3071
f 5542/6566/2 5541/6565/2 5540/6564/2
f 5540/6564/3074 5539/6563/3074 5538/6562/3074
f 5538/6562/3073 5537/6561/3073 5536/6560/3073
f 5536/6560/3073 5535/6559/3073 5534/6558/3073
f 5534/6558/3073 5533/6557/3073 5532/6556/3073
f 5532/6556/3074 5531/6555/3074 5530/6554/3074
f 5530/6554/2 5529/6553/2 5528/6552/2
f 5528/6552/3074 5527/6551/3074 5526/6550/3074
f 5526/6550/2 5524/6548/2 5522/6546/2
f 5522/6546/2 5520/6544/2 5518/6542/2
f 5518/6542/2 5515/6539/2 5514/6538/2
f 5514/6538/2 5511/6535/2 5509/6533/2
f 5509/6533/2 5507/6531/2 5506/6530/2
f 5506/6530/2 5504/6528/2 5502/6526/2
f 5502/6526/2 5500/6524/2 5498/6522/2
f 5498/6522/2 5496/6520/2 5494/6518/2
f 5494/6518/2 5492/6516/2 5490/6514/2
f 5490/6514/2 5488/6512/2 5762/6786/2
f 5762/6786/2 5761/6785/2 5760/6784/2
f 5760/6784/2 5759/6783/2 5758/6782/2
f 5758/6782/2 5757/6781/2 5756/6780/2
f 5756/6780/2 5755/6779/2 5754/6778/2
f 5754/6778/2 5753/6777/2 5752/6776/2
f 5752/6776/2 5751/6775/2 5750/6774/2
f 5750/6774/2 5749/6773/2 5748/6772/2
f 5748/6772/3073 5747/6771/3073 5746/6770/3073
f 5746/6770/2 5745/6769/2 5744/6768/2
f 5744/6768/3073 5743/6767/3073 5742/6766/3073
f 5742/6766/2 5741/6765/2 5740/6764/2
f 5740/6764/3073 5739/6763/3073 5738/6762/3073
f 5738/6762/3074 5737/6761/3074 5736/6760/3074
f 5736/6760/3074 5735/6759/3074 5734/6758/3074
f 5734/6758/3074 5733/6757/3074 5732/6756/3074
f 5732/6756/3073 5731/6755/3073 5730/6754/3073
f 5730/6754/2 5729/6753/2 5728/6752/2
f 5728/6752/3072 5727/6751/3072 5726/6750/3072
f 5726/6750/2 5725/6749/2 5724/6748/2
f 5724/6748/2 5723/6747/2 5722/6746/2
f 5722/6746/3071 5721/6745/3071 5720/6744/3071
f 5720/6744/3071 5719/6743/3071 5718/6742/3071
f 5718/6742/2 5717/6741/2 5716/6740/2
f 5716/6740/2 5715/6739/2 5714/6738/2
f 5714/6738/3072 5713/6737/3072 5712/6736/3072
f 5712/6736/3072 5711/6735/3072 5710/6734/3072
f 5710/6734/2 5709/6733/2 5708/6732/2
f 5708/6732/2 5707/6731/2 5706/6730/2
f 5706/6730/3071 5705/6729/3071 5704/6728/3071
f 5704/6728/2 5703/6727/2 5702/6726/2
f 5702/6726/2 5701/6725/2 5700/6724/2
f 5700/6724/2 5699/6723/2 5698/6722/2
f 5698/6722/2 5697/6721/2 5696/6720/2
f 5696/6720/2 5695/6719/2 5694/6718/2
f 5694/6718/3071 5693/6717/3071 5692/6716/3071
f 5692/6716/2 5691/6715/2 5690/6714/2
f 5690/6714/2 5689/6713/2 5688/6712/2
f 5688/6712/3072 5687/6711/3072 5686/6710/3072
f 5686/6710/3072 5685/6709/3072 5684/6708/3072
f 5684/6708/2 5683/6707/2 5682/6706/2
f 5682/6706/2 5681/6705/2 5680/6704/2
f 5680/6704/3071 5679/6703/3071 5678/6702/3071
f 5678/6702/3071 5677/6701/3071 5676/6700/3071
f 5676/6700/2 5675/6699/2 5674/6698/2
f 5674/6698/2 5673/6697/2 5672/6696/2
f 5672/6696/3072 5671/6695/3072 5670/6694/3072
f 5670/6694/2 5669/6693/2 5668/6692/2
f 5668/6692/3073 5667/6691/3073 5666/6690/3073
f 5666/6690/3074 5665/6689/3074 5664/6688/3074
f 5664/6688/3074 5663/6687/3074 5662/6686/3074
f 5662/6686/3074 5661/6685/3074 5660/6684/3074
f 5660/6684/3073 5659/6683/3073 5658/6682/3073
f 5658/6682/3074 5657/6681/3074 5656/6680/3074
f 5656/6680/2 5655/6679/2 5654/6678/2
f 5654/6678/2 5653/6677/2 5652/6676/2
f 5652/6676/2 5651/6675/2 5650/6674/2
f 5650/6674/2 5649/6673/2 5648/6672/2
f 5648/6672/2 5647/6671/2 5646/6670/2
f 5646/6670/2 5645/6669/2 5644/6668/2
f 5644/6668/2 5643/6667/2 5642/6666/2
f 5642/6666/2 5641/6665/2 5640/6664/2
f 5640/6664/2 5639/6663/2 5638/6662/2
f 5638/6662/2 5637/6661/2 5636/6660/2
f 5636/6660/2 5635/6659/2 5634/6658/2
f 5634/6658/2 5633/6657/2 5632/6656/2
f 5632/6656/2 5631/6655/2 5630/6654/2
f 5630/6654/2 5629/6653/2 5628/6652/2
f 5628/6652/2 5627/6651/2 5626/6650/2
f 5626/6650/2 5625/6649/2 5624/6648/2
f 5624/6648/2 5623/6647/2 5622/6646/2
f 5622/6646/2 5621/6645/2 5620/6644/2
f 5620/6644/3074 5619/6643/3074 5618/6642/3074
f 5618/6642/2 5617/6641/2 5616/6640/2
f 5616/6640/2 5615/6639/2 5614/6638/2
f 5614/6638/3073 5613/6637/3073 5612/6636/3073
f 5612/6636/3074 5611/6635/3074 5610/6634/3074
f 5610/6634/3073 5609/6633/3073 5608/6632/3073
f 5608/6632/3073 5607/6631/3073 5606/6630/3073
f 5606/6630/3073 5605/6629/3073 5604/6628/3073
f 5604/6628/3074 5603/6627/3074 5602/6626/3074
f 5602/6626/2 5601/6625/2 5600/6624/2
f 5600/6624/3071 5599/6623/3071 5598/6622/3071
f 5598/6622/2 5597/6621/2 5596/6620/2
f 5596/6620/2 5595/6619/2 5594/6618/2
f 5594/6618/3072 5593/6617/3072 5592/6616/3072
f 5592/6616/3072 5591/6615/3072 5590/6614/3072
f 5590/6614/2 5589/6613/2 5588/6612/2
f 5588/6612/2 5587/6611/2 5586/6610/2
f 5586/6610/3071 5585/6609/3071 5584/6608/3071
f 5584/6608/3071 5583/6607/3071 5582/6606/3071
f 5582/6606/2 5580/6604/2 5578/6602/2
f 5578/6602/2 5576/6600/2 5574/6598/2
f 5574/6598/2 5572/6596/2 5570/6594/2
f 5570/6594/2 5568/6592/2 5566/6590/2
f 5566/6590/2 5564/6588/2 5562/6586/2
f 5562/6586/2 5560/6584/2 5558/6582/2
f 5558/6582/2 5556/6580/2 5554/6578/2
f 5554/6578/2 5552/6576/2 5550/6574/2
f 5550/6574/2 5548/6572/2 5546/6570/2
f 5546/6570/2 5544/6568/2 5542/6566/2
f 5542/6566/2 5540/6564/2 5538/6562/2
f 5538/6562/2 5536/6560/2 5534/6558/2
f 5534/6558/2 5532/6556/2 5530/6554/2
f 5530/6554/2 5528/6552/2 5526/6550/2
f 5526/6550/2 5522/6546/2 5518/6542/2
f 5518/6542/2 5514/6538/2 5509/6533/2
f 5509/6533/2 5506/6530/2 5502/6526/2
f 5502/6526/2 5498/6522/2 5494/6518/2
f 5494/6518/2 5490/6514/2 5762/6786/2
f 5762/6786/2 5760/6784/2 5758/6782/2
f 5758/6782/2 5756/6780/2 5754/6778/2
f 5754/6778/2 5752/6776/2 5750/6774/2
f 5750/6774/2 5748/6772/2 5746/6770/2
f 5746/6770/2 5744/6768/2 5742/6766/2
f 5742/6766/2 5740/6764/2 5738/6762/2
f 5738/6762/2 5736/6760/2 5734/6758/2
f 5734/6758/2 5732/6756/2 5730/6754/2
f 5730/6754/2 5728/6752/2 5726/6750/2
f 5726/6750/2 5724/6748/2 5722/6746/2
f 5722/6746/2 5720/6744/2 5718/6742/2
f 5718/6742/2 5716/6740/2 5714/6738/2
f 5714/6738/2 5712/6736/2 5710/6734/2
f 5710/6734/2 5708/6732/2 5706/6730/2
f 5706/6730/2 5704/6728/2 5702/6726/2
f 5702/6726/2 5700/6724/2 5698/6722/2
f 5698/6722/2 5696/6720/2 5694/6718/2
f 5694/6718/2 5692/6716/2 5690/6714/2
f 5690/6714/2 5688/6712/2 5686/6710/2
f 5686/6710/2 5684/6708/2 5682/6706/2
f 5682/6706/2 5680/6704/2 5678/6702/2
f 5678/6702/2 5676/6700/2 5674/6698/2
f 5674/6698/2 5672/6696/2 5670/6694/2
f 5670/6694/2 5668/6692/2 5666/6690/2
f 5666/6690/2 5664/6688/2 5662/6686/2
f 5662/6686/2 5660/6684/2 5658/6682/2
f 5658/6682/2 5656/6680/2 5654/6678/2
f 5654/6678/2 5652/6676/2 5650/6674/2
f 5650/6674/2 5648/6672/2 5646/6670/2
f 5646/6670/2 5644/6668/2 5642/6666/2
f 5642/6666/2 5640/6664/2 5638/6662/2
f 5638/6662/2 5636/6660/2 5634/6658/2
f 5634/6658/2 5632/6656/2 5630/6654/2
f 5630/6654/2 5628/6652/2 5626/6650/2
f 5626/6650/2 5624/6648/2 5622/6646/2
f 5622/6646/2 5620/6644/2 5618/6642/2
f 5618/6642/2 5616/6640/2 5614/6638/2
f 5614/6638/2 5612/6636/2 5610/6634/2
f 5610/6634/2 5608/6632/2 5606/6630/2
f 5606/6630/2 5604/6628/2 5602/6626/2
f 5602/6626/2 5600/6624/2 5598/6622/2
f 5598/6622/2 5596/6620/2 5594/6618/2
f 5594/6618/2 5592/6616/2 5590/6614/2
f 5590/6614/2 5588/6612/2 5586/6610/2
f 5586/6610/2 5584/6608/2 5582/6606/2
f 5582/6606/2 5578/6602/2 5574/6598/2
f 5574/6598/2 5570/6594/2 5566/6590/2
f 5566/6590/2 5562/6586/2 5558/6582/2
f 5558/6582/2 5554/6578/2 5550/6574/2
f 5550/6574/2 5546/6570/2 5542/6566/2
f 5542/6566/2 5538/6562/2 5534/6558/2
f 5534/6558/2 5530/6554/2 5526/6550/2
f 5526/6550/2 5518/6542/2 5509/6533/2
f 5509/6533/2 5502/6526/2 5494/6518/2
f 5494/6518/2 5762/6786/2 5758/6782/2
f 5758/6782/2 5754/6778/2 5750/6774/2
f 5750/6774/2 5746/6770/2 5742/6766/2
f 5742/6766/2 5738/6762/2 5734/6758/2
f 5734/6758/2 5730/6754/2 5726/6750/2
f 5726/6750/2 5722/6746/2 5718/6742/2
f 5718/6742/2 5714/6738/2 5710/6734/2
f 5710/6734/2 5706/6730/2 5702/6726/2
f 5702/6726/2 5698/6722/2 5694/6718/2
f 5694/6718/2 5690/6714/2 5686/6710/2
f 5686/6710/2 5682/6706/2 5678/6702/2
f 5678/6702/2 5674/6698/2 5670/6694/2
f 5670/6694/2 5666/6690/2 5662/6686/2
f 5662/6686/2 5658/6682/2 5654/6678/2
f 5654/6678/2 5650/6674/2 5646/6670/2
f 5646/6670/2 5642/6666/2 5638/6662/2
f 5638/6662/2 5634/6658/2 5630/6654/2
f 5630/6654/2 5626/6650/2 5622/6646/2
f 5622/6646/2 5618/6642/2 5614/6638/2
f 5614/6638/2 5610/6634/2 5606/6630/2
f 5606/6630/2 5602/6626/2 5598/6622/2
f 5598/6622/2 5594/6618/2 5590/6614/2
f 5590/6614/2 5586/6610/2 5582/6606/2
f 5582/6606/2 5574/6598/2 5566/6590/2
f 5566/6590/2 5558/6582/2 5550/6574/2
f 5550/6574/2 5542/6566/2 5534/6558/2
f 5534/6558/2 5526/6550/2 5509/6533/2
f 5509/6533/2 5494/6518/2 5758/6782/2
f 5758/6782/2 5750/6774/2 5742/6766/2
f 5742/6766/2 5734/6758/2 5726/6750/2
f 5726/6750/2 5718/6742/2 5710/6734/2
f 5710/6734/2 5702/6726/2 5694/6718/2
f 5694/6718/2 5686/6710/2 5678/6702/2
f 5678/6702/2 5670/6694/2 5662/6686/2
f 5662/6686/2 5654/6678/2 5646/6670/2
f 5646/6670/2 5638/6662/2 5630/6654/2
f 5630/6654/2 5622/6646/2 5614/6638/2
f 5614/6638/2 5606/6630/2 5598/6622/2
f 5598/6622/2 5590/6614/2 5582/6606/2
f 5582/6606/2 5566/6590/2 5550/6574/2
f 5550/6574/2 5534/6558/2 5509/6533/2
f 5509/6533/2 5758/6782/2 5742/6766/2
f 5742/6766/2 5726/6750/2 5710/6734/2
f 5710/6734/2 5694/6718/2 5678/6702/2
f 5678/6702/2 5662/6686/2 5646/6670/2
f 5646/6670/2 5630/6654/2 5614/6638/2
f 5614/6638/2 5598/6622/2 5582/6606/2
f 5582/6606/2 5550/6574/2 5509/6533/2
f 5509/6533/2 5742/6766/2 5710/6734/2
f 5710/6734/2 5678/6702/2 5646/6670/2
f 5646/6670/2 5614/6638/2 5582/6606/2
f 5582/6606/2 5509/6533/2 5710/6734/2
f 5468/6483/1723 5465/6479/1723 5752/6776/1723
f 5648/6672/1724 5649/6673/1724 5259/6170/1724
f 5052/5859/1725 5050/5856/1725 5544/6568/1725
f 5470/6486/1726 5468/6483/1726 5753/6777/1726
f 5649/6673/1727 5650/6674/1727 5261/6173/1727
f 5054/5862/1980 5052/5859/1980 5545/6569/1980
f 5472/6489/1729 5470/6486/1729 5754/6778/1729
f 5650/6674/1730 5651/6675/1730 5263/6176/1730
f 5056/5865/1731 5054/5862/1731 5546/6570/1731
f 5474/6492/1732 5472/6489/1732 5755/6779/1732
f 5651/6675/1733 5652/6676/1733 5266/6180/1733
f 5057/5867/1981 5056/5865/1981 5547/6571/1981
f 5476/6495/1735 5474/6492/1735 5756/6780/1735
f 5652/6676/1736 5653/6677/1736 5268/6183/1736
f 5059/5870/1737 5057/5867/1737 5548/6572/1737
f 5478/6498/1738 5476/6495/1738 5757/6781/1738
f 5653/6677/1739 5654/6678/1739 5270/6186/1739
f 5061/5873/1740 5059/5870/1740 5549/6573/1740
f 5479/6500/1741 5478/6498/1741 5758/6782/1741
f 5654/6678/1742 5655/6679/1742 5272/6189/1742
f 5063/5876/1743 5061/5873/1743 5550/6574/1743
f 5481/6503/1744 5479/6500/1744 5759/6783/1744
f 5655/6679/1745 5656/6680/1745 5274/6192/1745
f 5066/5880/1983 5063/5876/1983 5551/6575/1983
f 5484/6507/1747 5481/6503/1747 5760/6784/1747
f 5656/6680/1748 5657/6681/1748 5276/6195/1748
f 5067/5882/1984 5066/5880/1984 5552/6576/1984
f 5486/6510/1750 5484/6507/1750 5761/6785/1750
f 5657/6681/2003 5658/6682/2003 5278/6198/2003
f 5070/5886/1752 5067/5882/1752 5553/6577/1752
f 4975/5744/1753 5486/6510/1753 5762/6786/1753
f 5658/6682/1754 5659/6683/1754 5280/6201/1754
f 5072/5889/1755 5070/5886/1755 5554/6578/1755
f 5659/6683/1756 5660/6684/1756 5281/6203/1756
f 5073/5891/1757 5072/5889/1757 5555/6579/1757
f 5660/6684/1758 5661/6685/1758 5284/6207/1758
f 5075/5894/1759 5073/5891/1759 5556/6580/1759
f 5661/6685/3091 5662/6686/3091 5285/6209/3091
f 5078/5898/1761 5075/5894/1761 5557/6581/1761
f 5662/6686/1762 5663/6687/1762 5287/6212/1762
f 5080/5901/1763 5078/5898/1763 5558/6582/1763
f 5663/6687/1764 5664/6688/1764 5289/6215/1764
f 5081/5903/1765 5080/5901/1765 5559/6583/1765
f 5664/6688/1766 5665/6689/1766 5291/6218/1766
f 5084/5907/1985 5081/5903/1985 5560/6584/1985
f 5665/6689/1768 5666/6690/1768 5294/6222/1768
f 5086/5910/1769 5084/5907/1769 5561/6585/1769
f 5666/6690/1770 5667/6691/1770 5295/6224/1770
f 5088/5913/1771 5086/5910/1771 5562/6586/1771
f 5667/6691/1772 5668/6692/1772 5297/6227/1772
f 5089/5915/2004 5088/5913/2004 5563/6587/2004
f 5668/6692/1774 5669/6693/1774 5299/6230/1774
f 5092/5919/1775 5089/5915/1775 5564/6588/1775
f 5669/6693/1776 5670/6694/1776 5301/6233/1776
f 5094/5922/3092 5092/5919/3092 5565/6589/3092
f 5670/6694/1778 5671/6695/1778 5303/6236/1778
f 5096/5925/1779 5094/5922/1779 5566/6590/1779
f 5671/6695/1780 5672/6696/1780 5305/6239/1780
f 5097/5927/1781 5096/5925/1781 5567/6591/1781
f 5672/6696/1782 5673/6697/1782 5307/6242/1782
f 5099/5930/1783 5097/5927/1783 5568/6592/1783
f 5673/6697/1784 5674/6698/1784 5310/6246/1784
f 5102/5934/1785 5099/5930/1785 5569/6593/1785
f 5674/6698/1786 5675/6699/1786 5312/6249/1786
f 5103/5936/1787 5102/5934/1787 5570/6594/1787
f 5675/6699/3093 5676/6700/3093 5314/6252/3093
f 5105/5939/1789 5103/5936/1789 5571/6595/1789
f 5676/6700/1790 5677/6701/1790 5316/6255/1790
f 5107/5942/1791 5105/5939/1791 5572/6596/1791
f 5677/6701/1792 5678/6702/1792 5318/6258/1792
f 5109/5945/1793 5107/5942/1793 5573/6597/1793
f 5678/6702/1794 5679/6703/1794 5319/6260/1794
f 5111/5948/1795 5109/5945/1795 5574/6598/1795
f 5679/6703/1796 5680/6704/1796 5322/6264/1796
f 5114/5952/1797 5111/5948/1797 5575/6599/1797
f 5680/6704/1798 5681/6705/1798 5324/6267/1798
f 5115/5954/1799 5114/5952/1799 5576/6600/1799
f 5681/6705/1800 5682/6706/1800 5326/6270/1800
f 5117/5957/1801 5115/5954/1801 5577/6601/1801
f 5682/6706/1802 5683/6707/1802 5328/6273/1802
f 5119/5960/1989 5117/5957/1989 5578/6602/1989
f 5683/6707/1804 5684/6708/1804 5330/6276/1804
f 5122/5964/1805 5119/5960/1805 5579/6603/1805
f 5684/6708/1806 5685/6709/1806 5331/6278/1806
f 5124/5967/1807 5122/5964/1807 5580/6604/1807
f 5685/6709/1808 5686/6710/1808 5333/6281/1808
f 5126/5970/3075 5124/5967/3075 5581/6605/3075
f 5686/6710/1810 5687/6711/1810 5335/6284/1810
f 5128/5973/1811 5126/5970/1811 5582/6606/1811
f 5687/6711/1812 5688/6712/1812 5338/6288/1812
f 5130/5976/1813 5128/5973/1813 5583/6607/1813
f 5688/6712/1814 5689/6713/1814 5339/6290/1814
f 5132/5979/1815 5130/5976/1815 5584/6608/1815
f 5689/6713/1816 5690/6714/1816 5341/6293/1816
f 5134/5982/1817 5132/5979/1817 5585/6609/1817
f 5690/6714/1818 5691/6715/1818 5343/6296/1818
f 5136/5985/1819 5134/5982/1819 5586/6610/1819
f 5691/6715/1990 5692/6716/1990 5345/6299/1990
f 5138/5988/1821 5136/5985/1821 5587/6611/1821
f 5692/6716/1991 5693/6717/1991 5347/6302/1991
f 5140/5991/1823 5138/5988/1823 5588/6612/1823
f 5693/6717/1824 5694/6718/1824 5349/6305/1824
f 5142/5994/1825 5140/5991/1825 5589/6613/1825
f 5694/6718/1826 5695/6719/1826 5351/6308/1826
f 5144/5997/3078 5142/5994/3078 5590/6614/3078
f 5695/6719/1828 5696/6720/1828 5353/6311/1828
f 5146/6000/1829 5144/5997/1829 5591/6615/1829
f 5696/6720/1830 5697/6721/1830 5355/6314/1830
f 5148/6003/1831 5146/6000/1831 5592/6616/1831
f 5697/6721/1832 5698/6722/1832 5358/6318/1832
f 5150/6006/1993 5148/6003/1993 5593/6617/1993
f 5698/6722/1834 5699/6723/1834 5360/6321/1834
f 5152/6009/1835 5150/6006/1835 5594/6618/1835
f 5699/6723/1836 5700/6724/1836 5361/6323/1836
f 5154/6012/1837 5152/6009/1837 5595/6619/1837
f 5700/6724/1838 5701/6725/1838 5364/6327/1838
f 5156/6015/1839 5154/6012/1839 5596/6620/1839
f 5701/6725/1840 5702/6726/1840 5366/6330/1840
f 5158/6018/1841 5156/6015/1841 5597/6621/1841
f 5702/6726/1842 5703/6727/1842 5367/6332/1842
f 5160/6021/1843 5158/6018/1843 5598/6622/1843
f 5703/6727/1844 5704/6728/1844 5369/6335/1844
f 5162/6024/1845 5160/6021/1845 5599/6623/1845
f 5704/6728/1846 5705/6729/1846 5371/6338/1846
f 5164/6027/1847 5162/6024/1847 5600/6624/1847
f 5705/6729/3081 5706/6730/3081 5373/6341/3081
f 5166/6030/3094 5164/6027/3094 5601/6625/3094
f 5706/6730/1850 5707/6731/1850 5375/6344/1850
f 5168/6033/1851 5166/6030/1851 5602/6626/1851
f 5707/6731/1852 5708/6732/1852 5377/6347/1852
f 5603/6627/1853 5604/6628/1853 5169/6035/1853
f 5708/6732/1854 5709/6733/1854 5379/6350/1854
f 5604/6628/1855 5605/6629/1855 5171/6038/1855
f 5709/6733/2011 5710/6734/2011 5381/6353/2011
f 5605/6629/1857 5606/6630/1857 5173/6041/1857
f 5710/6734/1858 5711/6735/1858 5383/6356/1858
f 5606/6630/1859 5607/6631/1859 5175/6044/1859
f 5711/6735/1860 5712/6736/1860 5385/6359/1860
f 5607/6631/1861 5608/6632/1861 5177/6047/1861
f 5712/6736/1862 5713/6737/1862 5387/6362/1862
f 5608/6632/1863 5609/6633/1863 5179/6050/1863
f 5713/6737/1864 5714/6738/1864 5389/6365/1864
f 5609/6633/1865 5610/6634/1865 5181/6053/1865
f 5714/6738/1866 5715/6739/1866 5391/6368/1866
f 5610/6634/1867 5611/6635/1867 5183/6056/1867
f 5715/6739/1868 5716/6740/1868 5393/6371/1868
f 5611/6635/1869 5612/6636/1869 5185/6059/1869
f 4977/5747/1870 4975/5744/1870 5488/6512/1870
f 5716/6740/1871 5717/6741/1871 5395/6374/1871
f 5612/6636/2007 5613/6637/2007 5187/6062/2007
f 4979/5750/1873 4977/5747/1873 5490/6514/1873
f 5717/6741/1874 5718/6742/1874 5397/6377/1874
f 5613/6637/1875 5614/6638/1875 5189/6065/1875
f 4981/5753/1876 4979/5750/1876 5492/6516/1876
f 5718/6742/1877 5719/6743/1877 5399/6380/1877
f 5614/6638/1878 5615/6639/1878 5191/6068/1878
f 4983/5756/1879 4981/5753/1879 5494/6518/1879
f 5719/6743/1880 5720/6744/1880 5401/6383/1880
f 5615/6639/1881 5616/6640/1881 5193/6071/1881
f 4985/5759/1882 4983/5756/1882 5496/6520/1882
f 5720/6744/1883 5721/6745/1883 5404/6387/1883
f 5616/6640/1884 5617/6641/1884 5195/6074/1884
f 4987/5762/1885 4985/5759/1885 5498/6522/1885
f 5721/6745/1886 5722/6746/1886 5406/6390/1886
f 5617/6641/1887 5618/6642/1887 5197/6077/1887
f 4989/5765/1888 4987/5762/1888 5500/6524/1888
f 5722/6746/1889 5723/6747/1889 5408/6393/1889
f 5618/6642/1890 5619/6643/1890 5199/6080/1890
f 4991/5768/3095 4989/5765/3095 5502/6526/3095
f 5723/6747/1892 5724/6748/1892 5410/6396/1892
f 5619/6643/1893 5620/6644/1893 5201/6083/1893
f 4993/5771/1894 4991/5768/1894 5504/6528/1894
f 5724/6748/1895 5725/6749/1895 5412/6399/1895
f 5620/6644/1896 5621/6645/1896 5203/6086/1896
f 4995/5774/1897 4993/5771/1897 5506/6530/1897
f 5725/6749/1898 5726/6750/1898 5413/6401/1898
f 5621/6645/1899 5622/6646/1899 5205/6089/1899
f 4997/5777/1900 4995/5774/1900 5507/6531/1900
f 5726/6750/1901 5727/6751/1901 5415/6404/1901
f 5622/6646/1902 5623/6647/1902 5207/6092/1902
f 4999/5780/1903 4997/5777/1903 5509/6533/1903
f 5727/6751/1904 5728/6752/1904 5417/6407/1904
f 5623/6647/1905 5624/6648/1905 5209/6095/1905
f 5002/5784/1906 4999/5780/1906 5511/6535/1906
f 5728/6752/1907 5729/6753/1907 5419/6410/1907
f 5624/6648/1908 5625/6649/1908 5211/6098/1908
f 5003/5786/1909 5002/5784/1909 5514/6538/1909
f 5729/6753/1910 5730/6754/1910 5422/6414/1910
f 5625/6649/1911 5626/6650/1911 5213/6101/1911
f 5006/5790/1912 5003/5786/1912 5515/6539/1912
f 5730/6754/1913 5731/6755/1913 5423/6416/1913
f 5626/6650/1914 5627/6651/1914 5215/6104/1914
f 5008/5793/1915 5006/5790/1915 5518/6542/1915
f 5426/6420/1916 5423/6416/1916 5731/6755/1916
f 5627/6651/3096 5628/6652/3096 5217/6107/3096
f 5010/5796/1918 5008/5793/1918 5520/6544/1918
f 5428/6423/1919 5426/6420/1919 5732/6756/1919
f 5628/6652/1920 5629/6653/1920 5219/6110/1920
f 5012/5799/1921 5010/5796/1921 5522/6546/1921
f 5429/6425/1922 5428/6423/1922 5733/6757/1922
f 5629/6653/1923 5630/6654/1923 5221/6113/1923
f 5014/5802/1924 5012/5799/1924 5524/6548/1924
f 5431/6428/1925 5429/6425/1925 5734/6758/1925
f 5630/6654/1926 5631/6655/1926 5223/6116/1926
f 5016/5805/1927 5014/5802/1927 5526/6550/1927
f 5433/6431/1928 5431/6428/1928 5735/6759/1928
f 5631/6655/1929 5632/6656/1929 5225/6119/1929
f 5018/5808/1930 5016/5805/1930 5527/6551/1930
f 5435/6434/3097 5433/6431/3097 5736/6760/3097
f 5632/6656/1932 5633/6657/1932 5227/6122/1932
f 5019/5810/1933 5018/5808/1933 5528/6552/1933
f 5438/6438/1934 5435/6434/1934 5737/6761/1934
f 5633/6657/1935 5634/6658/1935 5230/6126/1935
f 5022/5814/1936 5019/5810/1936 5529/6553/1936
f 5440/6441/1937 5438/6438/1937 5738/6762/1937
f 5634/6658/1938 5635/6659/1938 5231/6128/1938
f 5023/5816/1939 5022/5814/1939 5530/6554/1939
f 5442/6444/1940 5440/6441/1940 5739/6763/1940
f 5635/6659/1941 5636/6660/1941 5234/6132/1941
f 5026/5820/1942 5023/5816/1942 5531/6555/1942
f 5443/6446/1943 5442/6444/1943 5740/6764/1943
f 5636/6660/1944 5637/6661/1944 5235/6134/1944
f 5532/6556/1945 5533/6557/1945 5028/5823/1945
f 5445/6449/1946 5443/6446/1946 5741/6765/1946
f 5637/6661/1947 5638/6662/1947 5237/6137/1947
f 5030/5826/1948 5028/5823/1948 5533/6557/1948
f 5447/6452/1949 5445/6449/1949 5742/6766/1949
f 5638/6662/1950 5639/6663/1950 5239/6140/1950
f 5032/5829/1951 5030/5826/1951 5534/6558/1951
f 5449/6455/1952 5447/6452/1952 5743/6767/1952
f 5639/6663/1953 5640/6664/1953 5241/6143/1953
f 5034/5832/1954 5032/5829/1954 5535/6559/1954
f 5451/6458/1955 5449/6455/1955 5744/6768/1955
f 5640/6664/1956 5641/6665/1956 5243/6146/1956
f 5036/5835/1957 5034/5832/1957 5536/6560/1957
f 5453/6461/1958 5451/6458/1958 5745/6769/1958
f 5641/6665/1959 5642/6666/1959 5245/6149/1959
f 5038/5838/1960 5036/5835/1960 5537/6561/1960
f 5455/6464/1961 5453/6461/1961 5746/6770/1961
f 5642/6666/1962 5643/6667/1962 5247/6152/1962
f 5040/5841/1963 5038/5838/1963 5538/6562/1963
f 5457/6467/1964 5455/6464/1964 5747/6771/1964
f 5643/6667/1965 5644/6668/1965 5249/6155/1965
f 5042/5844/1966 5040/5841/1966 5539/6563/1966
f 5460/6471/1967 5457/6467/1967 5748/6772/1967
f 5644/6668/1968 5645/6669/1968 5251/6158/1968
f 5044/5847/1969 5042/5844/1969 5540/6564/1969
f 5461/6473/1970 5460/6471/1970 5749/6773/1970
f 5645/6669/1971 5646/6670/1971 5253/6161/1971
f 5046/5850/1972 5044/5847/1972 5541/6565/1972
f 5464/6477/1973 5461/6473/1973 5750/6774/1973
f 5646/6670/1974 5647/6671/1974 5255/6164/1974
f 5048/5853/1975 5046/5850/1975 5542/6566/1975
f 5465/6479/1976 5464/6477/1976 5751/6775/1976
f 5647/6671/1977 5648/6672/1977 5257/6167/1977
f 5050/5856/1978 5048/5853/1978 5543/6567/1978
f 5789/6840/2014 5785/6832/2014 5784/6829/2014
f 5789/6840/2014 5784/6829/2014 5806/6873/2014
f 5799/6859/2014 5795/6851/2014 5789/6840/2014
f 5799/6859/2014 5789/6840/2014 5806/6873/2014
f 5816/6893/2014 5799/6859/2014 5806/6873/2014
f 5816/6893/2014 5806/6873/2014 5787/6835/2014
f 5782/6826/2014 5801/6863/2014 5811/6883/2014
f 5811/6883/2014 5816/6893/2014 5787/6835/2014
f 5783/6828/2014 5782/6826/2014 5811/6883/2014
f 5800/6861/2014 5783/6828/2014 5811/6883/2014
f 5810/6881/2014 5800/6861/2014 5811/6883/2014
f 5818/6898/2014 5803/6867/2014 5812/6885/2014
f 5810/6881/2014 5811/6883/2014 5787/6835/2014
f 5817/6896/2014 5818/6898/2014 5812/6885/2014
f 5812/6885/2014 5810/6881/2014 5787/6835/2014
f 5802/6865/2014 5817/6896/2014 5812/6885/2014
f 5813/6887/2014 5802/6865/2014 5812/6885/2014
f 5813/6887/2014 5812/6885/2014 5787/6835/2014
f 5793/6848/2014 5792/6846/2014 5814/6889/2014
f 5814/6889/2014 5813/6887/2014 5787/6835/2014
f 5804/6869/2014 5793/6848/2014 5814/6889/2014
f 5815/6891/2014 5804/6869/2014 5814/6889/2014
f 5815/6891/2014 5814/6889/2014 5787/6835/2014
f 5796/6854/2014 5805/6871/2014 5808/6877/2014
f 5808/6877/2014 5815/6891/2014 5787/6835/2014
f 5794/6850/2014 5796/6854/2014 5808/6877/2014
f 5798/6857/2014 5794/6850/2014 5808/6877/2014
f 5807/6875/2014 5798/6857/2014 5808/6877/2014
f 5819/6899/2014 5797/6856/2014 5809/6879/2014
f 5807/6875/2014 5808/6877/2014 5787/6835/2014
f 4491/5259/2014 5819/6899/2014 5809/6879/2014
f 5809/6879/2014 5807/6875/2014 5787/6835/2014
f 4490/5258/2014 4491/5259/2014 5809/6879/2014
f 4486/5254/2014 4488/5256/2014 4490/5258/2014
f 4482/5250/2014 4484/5252/2014 4486/5254/2014
f 4477/5245/2014 4480/5248/2014 4482/5250/2014
f 4473/5241/2014 4475/5243/2014 4477/5245/2014
f 4469/5237/2014 4471/5239/2014 4473/5241/2014
f 4465/5233/2014 4467/5235/2014 4469/5237/2014
f 4462/5230/2014 4463/5231/2014 4465/5233/2014
f 4458/5226/2014 4460/5228/2014 4462/5230/2014
f 4454/5222/2014 4455/5223/2014 4458/5226/2014
f 4450/5218/2014 4452/5220/2014 4454/5222/2014
f 4445/5213/2014 4448/5216/2014 4450/5218/2014
f 4442/5210/2014 4443/5211/2014 4445/5213/2014
f 4437/5205/2014 4439/5207/2014 4442/5210/2014
f 4433/5201/2014 4435/5203/2014 4437/5205/2014
f 4429/5197/2014 4431/5199/2014 4433/5201/2014
f 4426/5194/2014 4427/5195/2014 4429/5197/2014
f 4421/5189/2014 4424/5192/2014 4426/5194/2014
f 4418/5186/2014 4420/5188/2014 4421/5189/2014
f 4414/5182/2014 4416/5184/2014 4418/5186/2014
f 4410/5178/2014 4412/5180/2014 4414/5182/2014
f 4405/5173/2014 4407/5175/2014 4410/5178/2014
f 4402/5170/2014 4404/5172/2014 4405/5173/2014
f 4398/5166/2014 4400/5168/2014 4402/5170/2014
f 4394/5162/2014 4396/5164/2014 4398/5166/2014
f 4389/5157/2014 4391/5159/2014 4394/5162/2014
f 4385/5153/2014 4387/5155/2014 4389/5157/2014
f 4381/5149/2014 4383/5151/2014 4385/5153/2014
f 4377/5145/2014 4379/5147/2014 4381/5149/2014
f 4373/5141/2014 4375/5143/2014 4377/5145/2014
f 4370/5138/2014 4372/5140/2014 4373/5141/2014
f 4366/5134/2014 4368/5136/2014 4370/5138/2014
f 4362/5130/2014 4364/5132/2014 4366/5134/2014
f 4358/5126/2014 4360/5128/2014 4362/5130/2014
f 4353/5121/2014 4355/5123/2014 4358/5126/2014
f 4349/5117/2014 4351/5119/2014 4353/5121/2014
f 4345/5113/2014 4348/5116/2014 4349/5117/2014
f 4341/5109/2014 4343/5111/2014 4345/5113/2014
f 4337/5105/2014 4339/5107/2014 4341/5109/2014
f 4333/5101/2014 4335/5103/2014 4337/5105/2014
f 4329/5097/2014 4331/5099/2014 4333/5101/2014
f 4326/5094/2014 4327/5095/2014 4329/5097/2014
f 4321/5089/2014 4324/5092/2014 4326/5094/2014
f 4318/5086/2014 4320/5088/2014 4321/5089/2014
f 4314/5082/2014 4316/5084/2014 4318/5086/2014
f 4309/5077/2014 4312/5080/2014 4314/5082/2014
f 4305/5073/2014 4307/5075/2014 4309/5077/2014
f 4301/5069/2014 4303/5071/2014 4305/5073/2014
f 4297/5065/2014 4299/5067/2014 4301/5069/2014
f 4293/5061/2014 4295/5063/2014 4297/5065/2014
f 4290/5058/2014 4291/5059/2014 4293/5061/2014
f 4285/5053/2014 4287/5055/2014 4290/5058/2014
f 4282/5050/2014 4283/5051/2014 4285/5053/2014
f 4278/5046/2014 4279/5047/2014 4282/5050/2014
f 4274/5042/2014 4276/5044/2014 4278/5046/2014
f 4270/5038/2014 4272/5040/2014 4274/5042/2014
f 4266/5034/2014 4268/5036/2014 4270/5038/2014
f 4262/5030/2014 4264/5032/2014 4266/5034/2014
f 4258/5026/2014 4260/5028/2014 4262/5030/2014
f 4253/5021/2014 4256/5024/2014 4258/5026/2014
f 4249/5017/2014 4252/5020/2014 4253/5021/2014
f 4246/5014/2014 4248/5016/2014 4249/5017/2014
f 4241/5009/2014 4244/5012/2014 4246/5014/2014
f 4237/5005/2014 4239/5007/2014 4241/5009/2014
f 4734/5502/3098 4235/5003/3098 4237/5005/3098
f 4732/5500/2014 4733/5501/2014 4734/5502/2014
f 4730/5498/2014 4731/5499/2014 4732/5500/2014
f 4728/5496/2014 4729/5497/2014 4730/5498/2014
f 4726/5494/2014 4727/5495/2014 4728/5496/2014
f 4724/5492/2014 4725/5493/2014 4726/5494/2014
f 4722/5490/2014 4723/5491/2014 4724/5492/2014
f 4720/5488/2014 4721/5489/2014 4722/5490/2014
f 4718/5486/2014 4719/5487/2014 4720/5488/2014
f 4714/5482/2014 4715/5483/2014 4718/5486/2014
f 4710/5478/2014 4712/5480/2014 4714/5482/2014
f 4706/5474/2014 4708/5476/2014 4710/5478/2014
f 4702/5470/2014 4703/5471/2014 4706/5474/2014
f 4698/5466/2014 4699/5467/2014 4702/5470/2014
f 4694/5462/2014 4696/5464/2014 4698/5466/2014
f 4690/5458/2014 4691/5459/2014 4694/5462/2014
f 4685/5453/2014 4688/5456/2014 4690/5458/2014
f 4681/5449/2014 4683/5451/2014 4685/5453/2014
f 4677/5445/2014 4679/5447/2014 4681/5449/2014
f 4673/5441/2014 4675/5443/2014 4677/5445/2014
f 4670/5438/2014 4671/5439/2014 4673/5441/2014
f 4665/5433/2014 4668/5436/2014 4670/5438/2014
f 4661/5429/2014 4664/5432/2014 4665/5433/2014
f 4658/5426/2014 4660/5428/2014 4661/5429/2014
f 4653/5421/2014 4656/5424/2014 4658/5426/2014
f 4649/5417/2014 4651/5419/2014 4653/5421/2014
f 4645/5413/2014 4647/5415/2014 4649/5417/2014
f 4641/5409/2014 4643/5411/2014 4645/5413/2014
f 4637/5405/2014 4639/5407/2014 4641/5409/2014
f 4633/5401/2014 4635/5403/2014 4637/5405/2014
f 4629/5397/2014 4631/5399/2014 4633/5401/2014
f 4626/5394/2014 4627/5395/2014 4629/5397/2014
f 4622/5390/2014 4624/5392/2014 4626/5394/2014
f 4618/5386/2014 4620/5388/2014 4622/5390/2014
f 4614/5382/2014 4616/5384/2014 4618/5386/2014
f 4610/5378/2014 4612/5380/2014 4614/5382/2014
f 4605/5373/2014 4607/5375/2014 4610/5378/2014
f 4601/5369/2014 4603/5371/2014 4605/5373/2014
f 4597/5365/2014 4599/5367/2014 4601/5369/2014
f 4593/5361/2014 4595/5363/2014 4597/5365/2014
f 4589/5357/2014 4591/5359/2014 4593/5361/2014
f 4585/5353/2014 4587/5355/2014 4589/5357/2014
f 4581/5349/2014 4584/5352/2014 4585/5353/2014
f 4577/5345/2014 4579/5347/2014 4581/5349/2014
f 4574/5342/2014 4576/5344/2014 4577/5345/2014
f 4570/5338/2014 4572/5340/2014 4574/5342/2014
f 4566/5334/2014 4568/5336/2014 4570/5338/2014
f 4562/5330/2014 4564/5332/2014 4566/5334/2014
f 4558/5326/2014 4559/5327/2014 4562/5330/2014
f 4553/5321/2014 4556/5324/2014 4558/5326/2014
f 4550/5318/2014 4552/5320/2014 4553/5321/2014
f 4546/5314/2014 4548/5316/2014 4550/5318/2014
f 4542/5310/2014 4544/5312/2014 4546/5314/2014
f 4538/5306/2014 4539/5307/2014 4542/5310/2014
f 4534/5302/2014 4536/5304/2014 4538/5306/2014
f 4530/5298/2014 4532/5300/2014 4534/5302/2014
f 4526/5294/2014 4528/5296/2014 4530/5298/2014
f 4522/5290/2014 4523/5291/2014 4526/5294/2014
f 4517/5285/2014 4520/5288/2014 4522/5290/2014
f 4513/5281/2014 4515/5283/2014 4517/5285/2014
f 4510/5278/2014 4511/5279/2014 4513/5281/2014
f 4506/5274/2014 4508/5276/2014 4510/5278/2014
f 4501/5269/2014 4504/5272/2014 4506/5274/2014
f 4497/5265/2014 4499/5267/2014 4501/5269/2014
f 4493/5261/2014 4495/5263/2014 4497/5265/2014
f 5788/6838/2014 5820/6900/2014 4493/5261/2014
f 5786/6833/2014 5788/6838/2014 4493/5261/2014
f 4493/5261/2014 4497/5265/2014 4501/5269/2014
f 4501/5269/2014 4506/5274/2014 4510/5278/2014
f 4510/5278/2014 4513/5281/2014 4517/5285/2014
f 4517/5285/2014 4522/5290/2014 4526/5294/2014
f 4526/5294/2014 4530/5298/2014 4534/5302/2014
f 4534/5302/2014 4538/5306/2014 4542/5310/2014
f 4542/5310/2014 4546/5314/2014 4550/5318/2014
f 4550/5318/2014 4553/5321/2014 4558/5326/2014
f 4558/5326/2014 4562/5330/2014 4566/5334/2014
f 4566/5334/2014 4570/5338/2014 4574/5342/2014
f 4574/5342/2014 4577/5345/2014 4581/5349/2014
f 4581/5349/2014 4585/5353/2014 4589/5357/2014
f 4589/5357/2014 4593/5361/2014 4597/5365/2014
f 4597/5365/2014 4601/5369/2014 4605/5373/2014
f 4605/5373/2014 4610/5378/2014 4614/5382/2014
f 4614/5382/2014 4618/5386/2014 4622/5390/2014
f 4622/5390/2014 4626/5394/2014 4629/5397/2014
f 4629/5397/2014 4633/5401/2014 4637/5405/2014
f 4637/5405/2014 4641/5409/2014 4645/5413/2014
f 4645/5413/2014 4649/5417/2014 4653/5421/2014
f 4653/5421/2014 4658/5426/2014 4661/5429/2014
f 4661/5429/2014 4665/5433/2014 4670/5438/2014
f 4670/5438/2014 4673/5441/2014 4677/5445/2014
f 4677/5445/2014 4681/5449/2014 4685/5453/2014
f 4685/5453/2014 4690/5458/2014 4694/5462/2014
f 4694/5462/2014 4698/5466/2014 4702/5470/2014
f 4702/5470/2014 4706/5474/2014 4710/5478/2014
f 4710/5478/2014 4714/5482/2014 4718/5486/2014
f 4718/5486/2014 4720/5488/2014 4722/5490/2014
f 4722/5490/2014 4724/5492/2014 4726/5494/2014
f 4726/5494/2014 4728/5496/2014 4730/5498/2014
f 4730/5498/2014 4732/5500/2014 4734/5502/2014
f 4734/5502/3099 4237/5005/3099 4241/5009/3099
f 4241/5009/2014 4246/5014/2014 4249/5017/2014
f 4249/5017/2014 4253/5021/2014 4258/5026/2014
f 4258/5026/2014 4262/5030/2014 4266/5034/2014
f 4266/5034/2014 4270/5038/2014 4274/5042/2014
f 4274/5042/2014 4278/5046/2014 4282/5050/2014
f 4282/5050/2014 4285/5053/2014 4290/5058/2014
f 4290/5058/2014 4293/5061/2014 4297/5065/2014
f 4297/5065/2014 4301/5069/2014 4305/5073/2014
f 4305/5073/2014 4309/5077/2014 4314/5082/2014
f 4314/5082/2014 4318/5086/2014 4321/5089/2014
f 4321/5089/2014 4326/5094/2014 4329/5097/2014
f 4329/5097/2014 4333/5101/2014 4337/5105/2014
f 4337/5105/2014 4341/5109/2014 4345/5113/2014
f 4345/5113/2014 4349/5117/2014 4353/5121/2014
f 4353/5121/2014 4358/5126/2014 4362/5130/2014
f 4362/5130/2014 4366/5134/2014 4370/5138/2014
f 4370/5138/2014 4373/5141/2014 4377/5145/2014
f 4377/5145/2014 4381/5149/2014 4385/5153/2014
f 4385/5153/2014 4389/5157/2014 4394/5162/2014
f 4394/5162/2014 4398/5166/2014 4402/5170/2014
f 4402/5170/2014 4405/5173/2014 4410/5178/2014
f 4410/5178/2014 4414/5182/2014 4418/5186/2014
f 4418/5186/2014 4421/5189/2014 4426/5194/2014
f 4426/5194/2014 4429/5197/2014 4433/5201/2014
f 4433/5201/2014 4437/5205/2014 4442/5210/2014
f 4442/5210/2014 4445/5213/2014 4450/5218/2014
f 4450/5218/2014 4454/5222/2014 4458/5226/2014
f 4458/5226/2014 4462/5230/2014 4465/5233/2014
f 4465/5233/2014 4469/5237/2014 4473/5241/2014
f 4473/5241/2014 4477/5245/2014 4482/5250/2014
f 4482/5250/2014 4486/5254/2014 4490/5258/2014
f 4490/5258/2014 5809/6879/2014 5787/6835/2014
f 5787/6835/2014 5786/6833/2014 4493/5261/2014
f 4493/5261/2014 4501/5269/2014 4510/5278/2014
f 4510/5278/2014 4517/5285/2014 4526/5294/2014
f 4526/5294/2014 4534/5302/2014 4542/5310/2014
f 4542/5310/2014 4550/5318/2014 4558/5326/2014
f 4558/5326/2014 4566/5334/2014 4574/5342/2014
f 4574/5342/2014 4581/5349/2014 4589/5357/2014
f 4589/5357/2014 4597/5365/2014 4605/5373/2014
f 4605/5373/2014 4614/5382/2014 4622/5390/2014
f 4622/5390/2014 4629/5397/2014 4637/5405/2014
f 4637/5405/2014 4645/5413/2014 4653/5421/2014
f 4653/5421/2014 4661/5429/2014 4670/5438/2014
f 4670/5438/2014 4677/5445/2014 4685/5453/2014
f 4685/5453/2014 4694/5462/2014 4702/5470/2014
f 4702/5470/2014 4710/5478/2014 4718/5486/2014
f 4718/5486/2014 4722/5490/2014 4726/5494/2014
f 4726/5494/2014 4730/5498/2014 4734/5502/2014
f 4734/5502/2014 4241/5009/2014 4249/5017/2014
f 4249/5017/2014 4258/5026/2014 4266/5034/2014
f 4266/5034/2014 4274/5042/2014 4282/5050/2014
f 4282/5050/2014 4290/5058/2014 4297/5065/2014
f 4297/5065/2014 4305/5073/2014 4314/5082/2014
f 4314/5082/2014 4321/5089/2014 4329/5097/2014
f 4329/5097/2014 4337/5105/2014 4345/5113/2014
f 4345/5113/2014 4353/5121/2014 4362/5130/2014
f 4362/5130/2014 4370/5138/2014 4377/5145/2014
f 4377/5145/2014 4385/5153/2014 4394/5162/2014
f 4394/5162/2014 4402/5170/2014 4410/5178/2014
f 4410/5178/2014 4418/5186/2014 4426/5194/2014
f 4426/5194/2014 4433/5201/2014 4442/5210/2014
f 4442/5210/2014 4450/5218/2014 4458/5226/2014
f 4458/5226/2014 4465/5233/2014 4473/5241/2014
f 4473/5241/2014 4482/5250/2014 4490/5258/2014
f 4490/5258/2014 5787/6835/2014 4493/5261/2014
f 4493/5261/2014 4510/5278/2014 4526/5294/2014
f 4526/5294/2014 4542/5310/2014 4558/5326/2014
f 4558/5326/2014 4574/5342/2014 4589/5357/2014
f 4589/5357/2014 4605/5373/2014 4622/5390/2014
f 4622/5390/2014 4637/5405/2014 4653/5421/2014
f 4653/5421/2014 4670/5438/2014 4685/5453/2014
f 4685/5453/2014 4702/5470/2014 4718/5486/2014
f 4718/5486/2014 4726/5494/2014 4734/5502/2014
f 4734/5502/2014 4249/5017/2014 4266/5034/2014
f 4266/5034/2014 4282/5050/2014 4297/5065/2014
f 4297/5065/2014 4314/5082/2014 4329/5097/2014
f 4329/5097/2014 4345/5113/2014 4362/5130/2014
f 4362/5130/2014 4377/5145/2014 4394/5162/2014
f 4394/5162/2014 4410/5178/2014 4426/5194/2014
f 4426/5194/2014 4442/5210/2014 4458/5226/2014
f 4458/5226/2014 4473/5241/2014 4490/5258/2014
f 4490/5258/2014 4493/5261/2014 4526/5294/2014
f 4526/5294/2014 4558/5326/2014 4589/5357/2014
f 4589/5357/2014 4622/5390/2014 4653/5421/2014
f 4653/5421/2014 4685/5453/2014 4718/5486/2014
f 4718/5486/2014 4734/5502/2014 4266/5034/2014
f 4266/5034/2014 4297/5065/2014 4329/5097/2014
f 4329/5097/2014 4362/5130/2014 4394/5162/2014
f 4394/5162/2014 4426/5194/2014 4458/5226/2014
f 4458/5226/2014 4490/5258/2014 4526/5294/2014
f 4526/5294/2014 4589/5357/2014 4653/5421/2014
f 4653/5421/2014 4718/5486/2014 4266/5034/2014
f 4266/5034/2014 4329/5097/2014 4394/5162/2014
f 4394/5162/2014 4458/5226/2014 4526/5294/2014
f 4526/5294/2014 4653/5421/2014 4266/5034/2014
f 422/632/2015 424/634/2015 560/816/2015
f 583/839/2016 578/834/2016 433/646/2016
f 586/842/2017 583/839/2017 435/648/2017
f 591/847/2018 586/842/2018 437/651/2018
f 594/850/2019 591/847/2019 439/653/2019
f 599/855/2020 594/850/2020 441/656/2020
f 602/858/2021 599/855/2021 442/657/2021
f 606/862/2022 602/858/2022 445/661/2022
f 611/867/2023 606/862/2023 446/662/2023
f 614/870/2024 611/867/2024 449/666/2024
f 618/874/2025 614/870/2025 450/667/2025
f 623/879/2026 618/874/2026 453/671/2026
f 627/883/2027 623/879/2027 454/672/2027
f 631/887/2028 627/883/2028 456/674/2028
f 635/891/2029 631/887/2029 459/678/2029
f 639/895/2030 635/891/2030 460/679/2030
f 643/899/2031 639/895/2031 462/681/2031
f 647/903/2032 643/899/2032 465/686/2032
f 651/907/2033 647/903/2033 467/688/2033
f 654/910/2034 651/907/2034 468/689/2034
f 658/914/2035 654/910/2035 471/693/2035
f 662/918/2036 658/914/2036 473/695/2036
f 666/922/2037 662/918/2037 475/698/2037
f 670/926/2038 666/922/2038 477/700/2038
f 674/930/2039 670/926/2039 479/703/2039
f 424/634/2040 426/637/2040 567/823/2040
f 551/807/2041 5787/6836/2041 5806/6874/2041
f 418/627/2042 420/629/2042 555/811/2042
f 420/629/2043 422/632/2043 558/814/2043
f 426/637/2044 428/639/2044 570/826/2044
f 428/639/2045 430/642/2045 575/831/2045
f 578/834/2046 575/831/2046 430/642/2046
f 551/807/2047 549/805/2047 5786/6834/2047
f 551/807/2048 555/811/2048 553/809/2048
f 553/809/2049 555/811/2049 558/814/2049
f 560/816/2050 567/823/2050 565/821/2050
f 558/814/2051 560/816/2051 562/818/2051
f 567/823/2052 570/826/2052 569/825/2052
f 569/825/2053 570/826/2053 575/831/2053
f 576/832/2144 578/834/2144 583/839/2144
f 575/831/2055 578/834/2055 576/832/2055
f 583/839/2056 586/842/2056 584/840/2056
f 586/842/2057 591/847/2057 588/844/2057
f 594/850/2058 599/855/2058 597/853/2058
f 588/844/2059 591/847/2059 594/850/2059
f 597/853/2060 599/855/2060 602/858/2060
f 602/858/2061 606/862/2061 605/861/2061
f 608/864/2062 611/867/2062 614/870/2062
f 606/862/2063 611/867/2063 608/864/2063
f 614/870/2064 618/874/2064 616/872/2064
f 618/874/2065 623/879/2065 620/876/2065
f 625/881/2066 627/883/2066 631/887/2066
f 620/876/2067 623/879/2067 627/883/2067
f 628/884/2068 631/887/2068 635/891/2068
f 635/891/2069 639/895/2069 636/892/2069
f 643/899/2070 647/903/2070 645/901/2070
f 639/895/2145 643/899/2145 640/896/2145
f 645/901/2072 647/903/2072 651/907/2072
f 651/907/2073 654/910/2073 652/908/2073
f 656/912/2074 658/914/2074 662/918/2074
f 654/910/2075 658/914/2075 656/912/2075
f 660/916/2076 662/918/2076 666/922/2076
f 664/920/2077 666/922/2077 670/926/2077
f 670/926/2078 674/930/2078 673/929/2078
f 846/1102/2079 714/970/2079 712/968/2079
f 722/978/2080 864/1120/2080 868/1124/2080
f 724/980/2081 868/1124/2081 872/1128/2081
f 726/982/2082 872/1128/2082 876/1132/2082
f 728/984/2083 876/1132/2083 880/1136/2083
f 730/986/2084 880/1136/2084 884/1140/2084
f 732/988/2085 884/1140/2085 889/1145/2085
f 735/991/2086 889/1145/2086 893/1149/2086
f 737/993/2087 893/1149/2087 897/1153/2087
f 739/995/2088 897/1153/2088 901/1157/2088
f 741/997/2089 901/1157/2089 905/1161/2089
f 743/999/2090 905/1161/2090 909/1165/2090
f 745/1001/2091 909/1165/2091 913/1169/2091
f 747/1003/2092 913/1169/2092 916/1172/2092
f 748/1004/2093 916/1172/2093 921/1177/2093
f 750/1006/2094 921/1177/2094 925/1181/2094
f 753/1009/2095 925/1181/2095 929/1185/2095
f 754/1010/2096 929/1185/2096 932/1188/2096
f 756/1012/2097 932/1188/2097 936/1192/2097
f 758/1014/2098 936/1192/2098 941/1197/2098
f 760/1016/2099 941/1197/2099 945/1201/2099
f 762/1018/2100 945/1201/2100 949/1205/2100
f 764/1020/2101 949/1205/2101 952/1208/2101
f 767/1023/2102 952/1208/2102 956/1212/2102
f 768/1024/2103 956/1212/2103 674/930/2103
f 852/1108/2104 717/973/2104 714/970/2104
f 836/1092/2105 709/965/2105 5764/6789/2105
f 840/1096/2106 711/967/2106 709/965/2106
f 844/1100/2107 712/968/2107 711/967/2107
f 857/1113/2108 719/975/2108 717/973/2108
f 861/1117/2109 720/976/2109 719/975/2109
f 720/976/2110 861/1117/2110 864/1120/2110
f 836/1092/2111 5763/6787/2111 5774/6809/2111
f 838/1094/2112 840/1096/2112 836/1092/2112
f 838/1094/2113 842/1098/2113 844/1100/2113
f 850/1106/2114 852/1108/2114 846/1102/2114
f 842/1098/2115 848/1104/2115 846/1102/2115
f 855/1111/2116 857/1113/2116 852/1108/2116
f 855/1111/2117 858/1114/2117 861/1117/2117
f 866/1122/2118 868/1124/2118 864/1120/2118
f 862/1118/2119 864/1120/2119 861/1117/2119
f 871/1127/2120 872/1128/2120 868/1124/2120
f 871/1127/2121 874/1130/2121 876/1132/2121
f 882/1138/2122 884/1140/2122 880/1136/2122
f 874/1130/2123 878/1134/2123 880/1136/2123
f 882/1138/2124 887/1143/2124 889/1145/2124
f 891/1147/2125 893/1149/2125 889/1145/2125
f 894/1150/2126 898/1154/2126 901/1157/2126
f 894/1150/2127 897/1153/2127 893/1149/2127
f 902/1158/2128 905/1161/2128 901/1157/2128
f 906/1162/2129 909/1165/2129 905/1161/2129
f 910/1166/2130 914/1170/2130 916/1172/2130
f 906/1162/2131 910/1166/2131 913/1169/2131
f 914/1170/2132 918/1174/2132 921/1177/2132
f 918/1174/2133 922/1178/2133 925/1181/2133
f 930/1186/2134 932/1188/2134 929/1185/2134
f 926/1182/2146 929/1185/2146 925/1181/2146
f 930/1186/2136 934/1190/2136 936/1192/2136
f 938/1194/2137 941/1197/2137 936/1192/2137
f 942/1198/2138 946/1202/2138 949/1205/2138
f 942/1198/2139 945/1201/2139 941/1197/2139
f 946/1202/2140 951/1207/2140 952/1208/2140
f 955/1211/2141 956/1212/2141 952/1208/2141
f 673/929/2142 674/930/2142 956/1212/2142
f 5764/6789/406 709/965/406 711/967/406
f 711/967/406 712/968/406 714/970/406
f 714/970/406 717/973/406 719/975/406
f 719/975/406 720/976/406 722/978/406
f 722/978/406 724/980/406 726/982/406
f 726/982/406 728/984/406 730/986/406
f 730/986/406 732/988/406 735/991/406
f 735/991/406 737/993/406 739/995/406
f 739/995/3100 741/997/3100 743/999/3100
f 743/999/3101 745/1001/3101 747/1003/3101
f 747/1003/406 748/1004/406 750/1006/406
f 750/1006/3100 753/1009/3100 754/1010/3100
f 754/1010/406 756/1012/406 758/1014/406
f 758/1014/406 760/1016/406 762/1018/406
f 762/1018/406 764/1020/406 767/1023/406
f 767/1023/3100 768/1024/3100 481/705/3100
f 481/705/3100 479/703/3100 477/700/3100
f 477/700/406 475/698/406 473/695/406
f 473/695/406 471/693/406 468/689/406
f 468/689/406 467/688/406 465/686/406
f 465/686/3100 462/681/3100 460/679/3100
f 460/679/406 459/678/406 456/674/406
f 456/674/3101 454/672/3101 453/671/3101
f 453/671/3100 450/667/3100 449/666/3100
f 449/666/406 446/662/406 445/661/406
f 445/661/406 442/657/406 441/656/406
f 441/656/406 439/653/406 437/651/406
f 437/651/406 435/648/406 433/646/406
f 433/646/406 430/642/406 428/639/406
f 428/639/406 426/637/406 424/634/406
f 424/634/406 422/632/406 420/629/406
f 420/629/406 418/627/406 5806/6874/406
f 5784/6830/2014 5785/6831/2014 5764/6789/2014
f 420/629/406 5806/6874/406 5784/6830/406
f 428/639/406 424/634/406 420/629/406
f 437/651/406 433/646/406 428/639/406
f 445/661/406 441/656/406 437/651/406
f 453/671/406 449/666/406 445/661/406
f 460/679/406 456/674/406 453/671/406
f 468/689/406 465/686/406 460/679/406
f 477/700/406 473/695/406 468/689/406
f 767/1023/406 481/705/406 477/700/406
f 758/1014/406 762/1018/406 767/1023/406
f 750/1006/406 754/1010/406 758/1014/406
f 743/999/406 747/1003/406 750/1006/406
f 735/991/406 739/995/406 743/999/406
f 726/982/406 730/986/406 735/991/406
f 719/975/406 722/978/406 726/982/406
f 711/967/406 714/970/406 719/975/406
f 5784/6830/406 5764/6789/406 711/967/406
f 428/639/406 420/629/406 5784/6830/406
f 445/661/406 437/651/406 428/639/406
f 460/679/406 453/671/406 445/661/406
f 477/700/406 468/689/406 460/679/406
f 758/1014/406 767/1023/406 477/700/406
f 743/999/406 750/1006/406 758/1014/406
f 726/982/406 735/991/406 743/999/406
f 711/967/406 719/975/406 726/982/406
f 428/639/406 5784/6830/406 711/967/406
f 460/679/406 445/661/406 428/639/406
f 758/1014/406 477/700/406 460/679/406
f 726/982/406 743/999/406 758/1014/406
f 428/639/406 711/967/406 726/982/406
f 758/1014/406 460/679/406 428/639/406
f 5788/6837/412 5786/6834/412 549/805/412
f 549/805/412 553/809/412 557/813/412
f 557/813/412 562/818/412 565/821/412
f 565/821/412 569/825/412 573/829/412
f 573/829/412 576/832/412 580/836/412
f 580/836/412 584/840/412 588/844/412
f 588/844/412 592/848/412 597/853/412
f 597/853/3102 600/856/3102 605/861/3102
f 605/861/3103 608/864/3103 613/869/3103
f 613/869/412 616/872/412 620/876/412
f 620/876/412 625/881/412 628/884/412
f 628/884/412 633/889/412 636/892/412
f 636/892/3103 640/896/3103 645/901/3103
f 645/901/412 648/904/412 652/908/412
f 652/908/3102 656/912/3102 660/916/3102
f 660/916/3102 664/920/3102 668/924/3102
f 668/924/412 673/929/412 955/1211/412
f 955/1211/3102 951/1207/3102 946/1202/3102
f 946/1202/3102 942/1198/3102 938/1194/3102
f 938/1194/412 934/1190/412 930/1186/412
f 930/1186/3103 926/1182/3103 922/1178/3103
f 922/1178/412 918/1174/412 914/1170/412
f 914/1170/412 910/1166/412 906/1162/412
f 906/1162/412 902/1158/412 898/1154/412
f 898/1154/3103 894/1150/3103 891/1147/3103
f 891/1147/3102 887/1143/3102 882/1138/3102
f 882/1138/412 878/1134/412 874/1130/412
f 874/1130/412 871/1127/412 866/1122/412
f 866/1122/412 862/1118/412 858/1114/412
f 858/1114/412 855/1111/412 850/1106/412
f 850/1106/412 848/1104/412 842/1098/412
f 842/1098/412 838/1094/412 835/1091/412
f 835/1091/412 5774/6809/412 5788/6837/412
f 5788/6837/412 549/805/412 557/813/412
f 557/813/412 565/821/412 573/829/412
f 573/829/412 580/836/412 588/844/412
f 588/844/412 597/853/412 605/861/412
f 605/861/412 613/869/412 620/876/412
f 620/876/412 628/884/412 636/892/412
f 636/892/412 645/901/412 652/908/412
f 652/908/412 660/916/412 668/924/412
f 668/924/412 955/1211/412 946/1202/412
f 946/1202/412 938/1194/412 930/1186/412
f 930/1186/412 922/1178/412 914/1170/412
f 914/1170/412 906/1162/412 898/1154/412
f 898/1154/412 891/1147/412 882/1138/412
f 882/1138/412 874/1130/412 866/1122/412
f 866/1122/412 858/1114/412 850/1106/412
f 850/1106/412 842/1098/412 835/1091/412
f 835/1091/412 5788/6837/412 557/813/412
f 557/813/412 573/829/412 588/844/412
f 588/844/412 605/861/412 620/876/412
f 620/876/412 636/892/412 652/908/412
f 652/908/412 668/924/412 946/1202/412
f 946/1202/412 930/1186/412 914/1170/412
f 914/1170/412 898/1154/412 882/1138/412
f 882/1138/412 866/1122/412 850/1106/412
f 850/1106/412 835/1091/412 557/813/412
f 557/813/412 588/844/412 620/876/412
f 620/876/412 652/908/412 946/1202/412
f 946/1202/412 914/1170/412 882/1138/412
f 882/1138/412 850/1106/412 557/813/412
f 557/813/412 620/876/412 946/1202/412
f 996/1252/2015 998/1254/2015 1133/1389/2015
f 1156/1412/2016 1152/1408/2016 1006/1262/2016
f 1160/1416/2017 1156/1412/2017 1008/1264/2017
f 1163/1419/2018 1160/1416/2018 1010/1266/2018
f 1168/1424/2019 1163/1419/2019 1012/1268/2019
f 1172/1428/2020 1168/1424/2020 1013/1269/2020
f 1176/1432/2021 1172/1428/2021 1016/1272/2021
f 1179/1435/2022 1176/1432/2022 1017/1273/2022
f 1184/1440/2023 1179/1435/2023 1020/1276/2023
f 1188/1444/2024 1184/1440/2024 1022/1278/2024
f 1192/1448/2025 1188/1444/2025 1024/1280/2025
f 1196/1452/2026 1192/1448/2026 1026/1282/2026
f 1200/1456/2027 1196/1452/2027 1028/1284/2027
f 1203/1459/2028 1200/1456/2028 1030/1286/2028
f 1208/1464/2029 1203/1459/2029 1032/1288/2029
f 1212/1468/2030 1208/1464/2030 1034/1290/2030
f 1216/1472/2031 1212/1468/2031 1036/1292/2031
f 1219/1475/2032 1216/1472/2032 1037/1293/2032
f 1224/1480/2033 1219/1475/2033 1040/1296/2033
f 1228/1484/2034 1224/1480/2034 1042/1298/2034
f 1232/1488/2035 1228/1484/2035 1043/1299/2035
f 1236/1492/2036 1232/1488/2036 1046/1302/2036
f 1240/1496/2037 1236/1492/2037 1048/1304/2037
f 1244/1500/2038 1240/1496/2038 1049/1305/2038
f 1248/1504/2039 1244/1500/2039 1051/1307/2039
f 998/1254/2040 1000/1256/2040 1140/1396/2040
f 1124/1380/2041 5816/6894/2041 5811/6884/2041
f 991/1247/2042 993/1249/2042 1128/1384/2042
f 993/1249/2043 996/1252/2043 1131/1387/2043
f 1000/1256/2044 1002/1258/2044 1144/1400/2044
f 1002/1258/2045 1003/1259/2045 1148/1404/2045
f 1152/1408/2046 1148/1404/2046 1003/1259/2046
f 1124/1380/2047 1122/1378/2047 5799/6860/2047
f 1124/1380/2048 1128/1384/2048 1126/1382/2048
f 1126/1382/2049 1128/1384/2049 1131/1387/2049
f 1133/1389/2050 1140/1396/2050 1138/1394/2050
f 1131/1387/2051 1133/1389/2051 1136/1392/2051
f 1140/1396/2052 1144/1400/2052 1141/1397/2052
f 1141/1397/2053 1144/1400/2053 1148/1404/2053
f 1150/1406/2144 1152/1408/2144 1156/1412/2144
f 1146/1402/2055 1148/1404/2055 1152/1408/2055
f 1156/1412/2056 1160/1416/2056 1157/1413/2056
f 1160/1416/2057 1163/1419/2057 1161/1417/2057
f 1168/1424/2058 1172/1428/2058 1170/1426/2058
f 1163/1419/2059 1168/1424/2059 1166/1422/2059
f 1170/1426/2060 1172/1428/2060 1176/1432/2060
f 1176/1432/2061 1179/1435/2061 1178/1434/2061
f 1182/1438/2062 1184/1440/2062 1188/1444/2062
f 1179/1435/2063 1184/1440/2063 1182/1438/2063
f 1188/1444/2064 1192/1448/2064 1189/1445/2064
f 1189/1445/2065 1192/1448/2065 1196/1452/2065
f 1197/1453/2066 1200/1456/2066 1203/1459/2066
f 1194/1450/2067 1196/1452/2067 1200/1456/2067
f 1202/1458/2068 1203/1459/2068 1208/1464/2068
f 1208/1464/2069 1212/1468/2069 1209/1465/2069
f 1216/1472/2070 1219/1475/2070 1217/1473/2070
f 1212/1468/2145 1216/1472/2145 1214/1470/2145
f 1217/1473/2072 1219/1475/2072 1224/1480/2072
f 1224/1480/2073 1228/1484/2073 1225/1481/2073
f 1229/1485/2074 1232/1488/2074 1236/1492/2074
f 1228/1484/2075 1232/1488/2075 1229/1485/2075
f 1234/1490/2076 1236/1492/2076 1240/1496/2076
f 1240/1496/2077 1244/1500/2077 1242/1498/2077
f 1244/1500/2078 1248/1504/2078 1246/1502/2078
f 1419/1675/2079 1288/1544/2079 1285/1541/2079
f 1296/1552/2080 1438/1694/2080 1441/1697/2080
f 1297/1553/2081 1441/1697/2081 1446/1702/2081
f 1299/1555/2082 1446/1702/2082 1450/1706/2082
f 1302/1558/2083 1450/1706/2083 1454/1710/2083
f 1304/1560/2084 1454/1710/2084 1458/1714/2084
f 1305/1561/2085 1458/1714/2085 1462/1718/2085
f 1308/1564/2086 1462/1718/2086 1466/1722/2086
f 1310/1566/2087 1466/1722/2087 1470/1726/2087
f 1311/1567/2088 1470/1726/2088 1474/1730/2088
f 1313/1569/2089 1474/1730/2089 1478/1734/2089
f 1316/1572/2090 1478/1734/2090 1482/1738/2090
f 1317/1573/2091 1482/1738/2091 1486/1742/2091
f 1320/1576/2092 1486/1742/2092 1490/1746/2092
f 1321/1577/2093 1490/1746/2093 1494/1750/2093
f 1323/1579/2094 1494/1750/2094 1498/1754/2094
f 1325/1581/2095 1498/1754/2095 1502/1758/2095
f 1328/1584/2096 1502/1758/2096 1505/1761/2096
f 1330/1586/2097 1505/1761/2097 1509/1765/2097
f 1332/1588/2098 1509/1765/2098 1513/1769/2098
f 1334/1590/2099 1513/1769/2099 1517/1773/2099
f 1336/1592/2100 1517/1773/2100 1522/1778/2100
f 1338/1594/2101 1522/1778/2101 1526/1782/2101
f 1340/1596/2102 1526/1782/2102 1529/1785/2102
f 1341/1597/2103 1529/1785/2103 1248/1504/2103
f 1425/1681/2104 1290/1546/2104 1288/1544/2104
f 1409/1665/2105 1281/1537/2105 5766/6793/2105
f 1413/1669/2106 1284/1540/2106 1281/1537/2106
f 1417/1673/2107 1285/1541/2107 1284/1540/2107
f 1429/1685/2108 1291/1547/2108 1290/1546/2108
f 1433/1689/2109 1294/1550/2109 1291/1547/2109
f 1294/1550/2110 1433/1689/2110 1438/1694/2110
f 1409/1665/2111 5765/6791/2111 5775/6811/2111
f 1412/1668/2112 1413/1669/2112 1409/1665/2112
f 1412/1668/2113 1415/1671/2113 1417/1673/2113
f 1423/1679/2114 1425/1681/2114 1419/1675/2114
f 1421/1677/2115 1419/1675/2115 1417/1673/2115
f 1427/1683/2116 1429/1685/2116 1425/1681/2116
f 1427/1683/2117 1431/1687/2117 1433/1689/2117
f 1440/1696/2118 1441/1697/2118 1438/1694/2118
f 1435/1691/2119 1438/1694/2119 1433/1689/2119
f 1443/1699/2120 1446/1702/2120 1441/1697/2120
f 1443/1699/2121 1448/1704/2121 1450/1706/2121
f 1456/1712/2122 1458/1714/2122 1454/1710/2122
f 1448/1704/2123 1452/1708/2123 1454/1710/2123
f 1456/1712/2124 1460/1716/2124 1462/1718/2124
f 1464/1720/2125 1466/1722/2125 1462/1718/2125
f 1467/1723/2126 1472/1728/2126 1474/1730/2126
f 1467/1723/2127 1470/1726/2127 1466/1722/2127
f 1475/1731/2128 1478/1734/2128 1474/1730/2128
f 1480/1736/2129 1482/1738/2129 1478/1734/2129
f 1484/1740/2130 1488/1744/2130 1490/1746/2130
f 1480/1736/2131 1484/1740/2131 1486/1742/2131
f 1488/1744/2132 1492/1748/2132 1494/1750/2132
f 1492/1748/2133 1496/1752/2133 1498/1754/2133
f 1504/1760/2134 1505/1761/2134 1502/1758/2134
f 1500/1756/2146 1502/1758/2146 1498/1754/2146
f 1504/1760/2136 1507/1763/2136 1509/1765/2136
f 1511/1767/2137 1513/1769/2137 1509/1765/2137
f 1515/1771/2138 1519/1775/2138 1522/1778/2138
f 1515/1771/2139 1517/1773/2139 1513/1769/2139
f 1519/1775/2140 1524/1780/2140 1526/1782/2140
f 1524/1780/2141 1528/1784/2141 1529/1785/2141
f 1246/1502/2142 1248/1504/2142 1529/1785/2142
f 5766/6793/406 1281/1537/406 1284/1540/406
f 1284/1540/406 1285/1541/406 1288/1544/406
f 1288/1544/406 1290/1546/406 1291/1547/406
f 1291/1547/406 1294/1550/406 1296/1552/406
f 1296/1552/406 1297/1553/406 1299/1555/406
f 1299/1555/406 1302/1558/406 1304/1560/406
f 1304/1560/406 1305/1561/406 1308/1564/406
f 1308/1564/406 1310/1566/406 1311/1567/406
f 1311/1567/406 1313/1569/406 1316/1572/406
f 1316/1572/406 1317/1573/406 1320/1576/406
f 1320/1576/406 1321/1577/406 1323/1579/406
f 1323/1579/406 1325/1581/406 1328/1584/406
f 1328/1584/406 1330/1586/406 1332/1588/406
f 1332/1588/406 1334/1590/406 1336/1592/406
f 1336/1592/406 1338/1594/406 1340/1596/406
f 1340/1596/406 1341/1597/406 1054/1310/406
f 1054/1310/406 1051/1307/406 1049/1305/406
f 1049/1305/406 1048/1304/406 1046/1302/406
f 1046/1302/406 1043/1299/406 1042/1298/406
f 1042/1298/406 1040/1296/406 1037/1293/406
f 1037/1293/406 1036/1292/406 1034/1290/406
f 1034/1290/406 1032/1288/406 1030/1286/406
f 1030/1286/406 1028/1284/406 1026/1282/406
f 1026/1282/406 1024/1280/406 1022/1278/406
f 1022/1278/406 1020/1276/406 1017/1273/406
f 1017/1273/406 1016/1272/406 1013/1269/406
f 1013/1269/406 1012/1268/406 1010/1266/406
f 1010/1266/406 1008/1264/406 1006/1262/406
f 1006/1262/406 1003/1259/406 1002/1258/406
f 1002/1258/406 1000/1256/406 998/1254/406
f 998/1254/406 996/1252/406 993/1249/406
f 993/1249/406 991/1247/406 5811/6884/406
f 5801/6864/2 5782/6825/2 5766/6793/2
f 993/1249/3104 5811/6884/3104 5801/6864/3104
f 1002/1258/406 998/1254/406 993/1249/406
f 1010/1266/406 1006/1262/406 1002/1258/406
f 1017/1273/406 1013/1269/406 1010/1266/406
f 1026/1282/406 1022/1278/406 1017/1273/406
f 1034/1290/406 1030/1286/406 1026/1282/406
f 1042/1298/406 1037/1293/406 1034/1290/406
f 1049/1305/406 1046/1302/406 1042/1298/406
f 1340/1596/406 1054/1310/406 1049/1305/406
f 1332/1588/406 1336/1592/406 1340/1596/406
f 1323/1579/406 1328/1584/406 1332/1588/406
f 1316/1572/406 1320/1576/406 1323/1579/406
f 1308/1564/406 1311/1567/406 1316/1572/406
f 1299/1555/406 1304/1560/406 1308/1564/406
f 1291/1547/406 1296/1552/406 1299/1555/406
f 1284/1540/406 1288/1544/406 1291/1547/406
f 5801/6864/406 5766/6793/406 1284/1540/406
f 1002/1258/406 993/1249/406 5801/6864/406
f 1017/1273/406 1010/1266/406 1002/1258/406
f 1034/1290/406 1026/1282/406 1017/1273/406
f 1049/1305/406 1042/1298/406 1034/1290/406
f 1332/1588/406 1340/1596/406 1049/1305/406
f 1316/1572/406 1323/1579/406 1332/1588/406
f 1299/1555/406 1308/1564/406 1316/1572/406
f 1284/1540/406 1291/1547/406 1299/1555/406
f 1002/1258/406 5801/6864/406 1284/1540/406
f 1034/1290/406 1017/1273/406 1002/1258/406
f 1332/1588/406 1049/1305/406 1034/1290/406
f 1299/1555/406 1316/1572/406 1332/1588/406
f 1002/1258/406 1284/1540/406 1299/1555/406
f 1332/1588/406 1034/1290/406 1002/1258/406
f 5795/6852/412 5799/6860/412 1122/1378/412
f 1122/1378/412 1126/1382/412 1130/1386/412
f 1130/1386/412 1136/1392/412 1138/1394/412
f 1138/1394/412 1141/1397/412 1146/1402/412
f 1146/1402/412 1150/1406/412 1153/1409/412
f 1153/1409/412 1157/1413/412 1161/1417/412
f 1161/1417/412 1166/1422/412 1170/1426/412
f 1170/1426/412 1174/1430/412 1178/1434/412
f 1178/1434/412 1182/1438/412 1185/1441/412
f 1185/1441/412 1189/1445/412 1194/1450/412
f 1194/1450/412 1197/1453/412 1202/1458/412
f 1202/1458/412 1205/1461/412 1209/1465/412
f 1209/1465/412 1214/1470/412 1217/1473/412
f 1217/1473/412 1221/1477/412 1225/1481/412
f 1225/1481/3102 1229/1485/3102 1234/1490/3102
f 1234/1490/3102 1238/1494/3102 1242/1498/3102
f 1242/1498/412 1246/1502/412 1528/1784/412
f 1528/1784/3102 1524/1780/3102 1519/1775/3102
f 1519/1775/3102 1515/1771/3102 1511/1767/3102
f 1511/1767/412 1507/1763/412 1504/1760/412
f 1504/1760/412 1500/1756/412 1496/1752/412
f 1496/1752/412 1492/1748/412 1488/1744/412
f 1488/1744/412 1484/1740/412 1480/1736/412
f 1480/1736/412 1475/1731/412 1472/1728/412
f 1472/1728/412 1467/1723/412 1464/1720/412
f 1464/1720/412 1460/1716/412 1456/1712/412
f 1456/1712/412 1452/1708/412 1448/1704/412
f 1448/1704/412 1443/1699/412 1440/1696/412
f 1440/1696/412 1435/1691/412 1431/1687/412
f 1431/1687/412 1427/1683/412 1423/1679/412
f 1423/1679/412 1421/1677/412 1415/1671/412
f 1415/1671/412 1412/1668/412 1408/1664/412
f 1408/1664/412 5775/6811/412 5789/6839/412
f 5789/6839/412 5795/6852/412 1122/1378/412
f 1122/1378/412 1130/1386/412 1138/1394/412
f 1138/1394/412 1146/1402/412 1153/1409/412
f 1153/1409/412 1161/1417/412 1170/1426/412
f 1170/1426/412 1178/1434/412 1185/1441/412
f 1185/1441/412 1194/1450/412 1202/1458/412
f 1202/1458/412 1209/1465/412 1217/1473/412
f 1217/1473/412 1225/1481/412 1234/1490/412
f 1234/1490/412 1242/1498/412 1528/1784/412
f 1528/1784/412 1519/1775/412 1511/1767/412
f 1511/1767/412 1504/1760/412 1496/1752/412
f 1496/1752/412 1488/1744/412 1480/1736/412
f 1480/1736/412 1472/1728/412 1464/1720/412
f 1464/1720/412 1456/1712/412 1448/1704/412
f 1448/1704/412 1440/1696/412 1431/1687/412
f 1431/1687/412 1423/1679/412 1415/1671/412
f 1415/1671/412 1408/1664/412 5789/6839/412
f 5789/6839/412 1122/1378/412 1138/1394/412
f 1138/1394/412 1153/1409/412 1170/1426/412
f 1170/1426/412 1185/1441/412 1202/1458/412
f 1202/1458/412 1217/1473/412 1234/1490/412
f 1234/1490/412 1528/1784/412 1511/1767/412
f 1511/1767/412 1496/1752/412 1480/1736/412
f 1480/1736/412 1464/1720/412 1448/1704/412
f 1448/1704/412 1431/1687/412 1415/1671/412
f 1415/1671/412 5789/6839/412 1138/1394/412
f 1138/1394/412 1170/1426/412 1202/1458/412
f 1202/1458/412 1234/1490/412 1511/1767/412
f 1511/1767/412 1480/1736/412 1448/1704/412
f 1448/1704/412 1415/1671/412 1138/1394/412
f 1138/1394/412 1202/1458/412 1511/1767/412
f 1569/1825/2015 1570/1826/2015 1707/1968/2015
f 1729/1996/2016 1724/1989/2016 1578/1834/2016
f 1733/2001/2017 1729/1996/2017 1580/1836/2017
f 1737/2006/2018 1733/2001/2018 1582/1838/2018
f 1740/2009/2019 1737/2006/2019 1584/1840/2019
f 1744/2014/2020 1740/2009/2020 1586/1842/2020
f 1748/2019/2021 1744/2014/2021 1588/1844/2021
f 1752/2024/2022 1748/2019/2022 1591/1847/2022
f 1757/2031/2023 1752/2024/2023 1592/1848/2023
f 1761/2036/2024 1757/2031/2024 1594/1850/2024
f 1765/2040/2025 1761/2036/2025 1597/1853/2025
f 1768/2044/2026 1765/2040/2026 1599/1855/2026
f 1772/2049/2027 1768/2044/2027 1601/1857/2027
f 1777/2055/2028 1772/2049/2028 1603/1859/2028
f 1781/2060/2029 1777/2055/2029 1604/1860/2029
f 1785/2065/2030 1781/2060/2030 1607/1863/2030
f 1788/2069/2031 1785/2065/2031 1608/1864/2031
f 1792/2074/2032 1788/2069/2032 1610/1866/2032
f 1797/2080/2033 1792/2074/2033 1612/1868/2033
f 1800/2084/2034 1797/2080/2034 1615/1871/2034
f 1805/2090/2035 1800/2084/2035 1616/1872/2035
f 1809/2095/2036 1805/2090/2036 1618/1874/2036
f 1812/2099/2037 1809/2095/2037 1620/1876/2037
f 1816/2104/2038 1812/2099/2038 1622/1878/2038
f 1820/2109/2039 1816/2104/2039 1624/1880/2039
f 1570/1826/2040 1572/1828/2040 1713/1976/2040
f 1697/1956/2041 5810/6882/2041 5812/6886/2041
f 1564/1820/2042 1566/1822/2042 1701/1961/2042
f 1566/1822/2043 1569/1825/2043 1705/1966/2043
f 1572/1828/2044 1575/1831/2044 1716/1979/2044
f 1575/1831/2045 1577/1833/2045 1720/1984/2045
f 1724/1989/2046 1720/1984/2046 1577/1833/2046
f 1697/1956/2047 1695/1953/2047 5800/6862/2047
f 1697/1956/2048 1701/1961/2048 1699/1958/2048
f 1699/1958/2049 1701/1961/2049 1705/1966/2049
f 1707/1968/2050 1713/1976/2050 1711/1973/2050
f 1705/1966/2051 1707/1968/2051 1709/1971/2051
f 1713/1976/2052 1716/1979/2052 1714/1977/2052
f 1714/1977/2053 1716/1979/2053 1720/1984/2053
f 1724/1989/2144 1729/1996/2144 1726/1992/2144
f 1720/1984/2055 1724/1989/2055 1722/1986/2055
f 1729/1996/2056 1733/2001/2056 1730/1997/2056
f 1733/2001/2057 1737/2006/2057 1734/2002/2057
f 1740/2009/2058 1744/2014/2058 1743/2013/2058
f 1734/2002/2059 1737/2006/2059 1740/2009/2059
f 1743/2013/2060 1744/2014/2060 1748/2019/2060
f 1748/2019/2061 1752/2024/2061 1751/2023/2061
f 1755/2028/2062 1757/2031/2062 1761/2036/2062
f 1752/2024/2063 1757/2031/2063 1755/2028/2063
f 1761/2036/2064 1765/2040/2064 1763/2038/2064
f 1763/2038/2065 1765/2040/2065 1768/2044/2065
f 1770/2046/2066 1772/2049/2066 1777/2055/2066
f 1767/2043/2067 1768/2044/2067 1772/2049/2067
f 1775/2053/2068 1777/2055/2068 1781/2060/2068
f 1779/2058/2069 1781/2060/2069 1785/2065/2069
f 1788/2069/2070 1792/2074/2070 1790/2071/2070
f 1785/2065/2145 1788/2069/2145 1786/2066/2145
f 1790/2071/2072 1792/2074/2072 1797/2080/2072
f 1797/2080/2073 1800/2084/2073 1799/2083/2073
f 1802/2086/2074 1805/2090/2074 1809/2095/2074
f 1800/2084/2075 1805/2090/2075 1802/2086/2075
f 1807/2093/2076 1809/2095/2076 1812/2099/2076
f 1810/2096/2077 1812/2099/2077 1816/2104/2077
f 1816/2104/2078 1820/2109/2078 1819/2108/2078
f 1992/2348/2079 1860/2167/2079 1858/2164/2079
f 1868/2177/2080 2010/2370/2080 2014/2375/2080
f 1870/2179/2081 2014/2375/2081 2019/2382/2081
f 1872/2182/2082 2019/2382/2082 2022/2386/2082
f 1874/2184/2083 2022/2386/2083 2027/2392/2083
f 1877/2188/2084 2027/2392/2084 2030/2395/2084
f 1878/2189/2085 2030/2395/2085 2035/2402/2085
f 1881/2193/2086 2035/2402/2086 2038/2406/2086
f 1883/2196/2087 2038/2406/2087 2043/2412/2087
f 1884/2197/2088 2043/2412/2088 2047/2417/2088
f 1887/2201/2089 2047/2417/2089 2051/2422/2089
f 1889/2203/2090 2051/2422/2090 2054/2426/2090
f 1891/2206/2091 2054/2426/2091 2059/2432/2091
f 1893/2208/2092 2059/2432/2092 2062/2435/2092
f 1894/2209/2093 2062/2435/2093 2066/2441/2093
f 1897/2213/2094 2066/2441/2094 2070/2446/2094
f 1898/2214/2095 2070/2446/2095 2075/2452/2095
f 1901/2218/2096 2075/2452/2096 2079/2457/2096
f 1903/2221/2097 2079/2457/2097 2083/2462/2097
f 1904/2222/2098 2083/2462/2098 2087/2467/2098
f 1907/2226/2099 2087/2467/2099 2091/2472/2099
f 1909/2228/2100 2091/2472/2100 2095/2477/2100
f 1911/2231/2101 2095/2477/2101 2098/2480/2101
f 1912/2232/2102 2098/2480/2102 2103/2487/2102
f 1914/2234/2103 2103/2487/2103 1820/2109/2103
f 1999/2357/2104 1862/2169/2104 1860/2167/2104
f 1983/2337/2105 1854/2159/2105 5768/6797/2105
f 1987/2342/2106 1856/2162/2106 1854/2159/2106
f 1990/2345/2107 1858/2164/2107 1856/2162/2107
f 2002/2360/2108 1865/2173/2108 1862/2169/2108
f 2006/2365/2109 1867/2176/2109 1865/2173/2109
f 1867/2176/2110 2006/2365/2110 2010/2370/2110
f 1983/2337/2111 5767/6795/2111 5776/6813/2111
f 1984/2338/2112 1987/2342/2112 1983/2337/2112
f 1984/2338/2113 1988/2343/2113 1990/2345/2113
f 1997/2354/2114 1999/2357/2114 1992/2348/2114
f 1994/2350/2115 1992/2348/2115 1990/2345/2115
f 2001/2359/2116 2002/2360/2116 1999/2357/2116
f 2001/2359/2117 2005/2364/2117 2006/2365/2117
f 2012/2373/2118 2014/2375/2118 2010/2370/2118
f 2008/2368/2119 2010/2370/2119 2006/2365/2119
f 2016/2378/2120 2019/2382/2120 2014/2375/2120
f 2016/2378/2121 2020/2383/2121 2022/2386/2121
f 2029/2394/2122 2030/2395/2122 2027/2392/2122
f 2020/2383/2123 2024/2388/2123 2027/2392/2123
f 2029/2394/2124 2032/2398/2124 2035/2402/2124
f 2036/2403/2125 2038/2406/2125 2035/2402/2125
f 2041/2410/2126 2044/2413/2126 2047/2417/2126
f 2041/2410/2127 2043/2412/2127 2038/2406/2127
f 2048/2418/2128 2051/2422/2128 2047/2417/2128
f 2053/2425/2129 2054/2426/2129 2051/2422/2129
f 2057/2430/2130 2061/2434/2130 2062/2435/2130
f 2053/2425/2131 2057/2430/2131 2059/2432/2131
f 2061/2434/2132 2064/2438/2132 2066/2441/2132
f 2064/2438/2133 2069/2445/2133 2070/2446/2133
f 2077/2455/2134 2079/2457/2134 2075/2452/2134
f 2072/2448/2146 2075/2452/2146 2070/2446/2146
f 2077/2455/2136 2081/2459/2136 2083/2462/2136
f 2085/2464/2137 2087/2467/2137 2083/2462/2137
f 2089/2469/2138 2093/2475/2138 2095/2477/2138
f 2089/2469/2139 2091/2472/2139 2087/2467/2139
f 2093/2475/2140 2097/2479/2140 2098/2480/2140
f 2097/2479/2141 2101/2484/2141 2103/2487/2141
f 1819/2108/2142 1820/2109/2142 2103/2487/2142
f 5768/6797/406 1854/2159/406 1856/2162/406
f 1856/2162/406 1858/2164/406 1860/2167/406
f 1860/2167/406 1862/2169/406 1865/2173/406
f 1865/2173/406 1867/2176/406 1868/2177/406
f 1868/2177/406 1870/2179/406 1872/2182/406
f 1872/2182/406 1874/2184/406 1877/2188/406
f 1877/2188/406 1878/2189/406 1881/2193/406
f 1881/2193/406 1883/2196/406 1884/2197/406
f 1884/2197/406 1887/2201/406 1889/2203/406
f 1889/2203/406 1891/2206/406 1893/2208/406
f 1893/2208/406 1894/2209/406 1897/2213/406
f 1897/2213/406 1898/2214/406 1901/2218/406
f 1901/2218/406 1903/2221/406 1904/2222/406
f 1904/2222/406 1907/2226/406 1909/2228/406
f 1909/2228/406 1911/2231/406 1912/2232/406
f 1912/2232/406 1914/2234/406 1626/1882/406
f 1626/1882/406 1624/1880/406 1622/1878/406
f 1622/1878/406 1620/1876/406 1618/1874/406
f 1618/1874/406 1616/1872/406 1615/1871/406
f 1615/1871/406 1612/1868/406 1610/1866/406
f 1610/1866/406 1608/1864/406 1607/1863/406
f 1607/1863/406 1604/1860/406 1603/1859/406
f 1603/1859/406 1601/1857/406 1599/1855/406
f 1599/1855/406 1597/1853/406 1594/1850/406
f 1594/1850/406 1592/1848/406 1591/1847/406
f 1591/1847/406 1588/1844/406 1586/1842/406
f 1586/1842/406 1584/1840/406 1582/1838/406
f 1582/1838/406 1580/1836/406 1578/1834/406
f 1578/1834/406 1577/1833/406 1575/1831/406
f 1575/1831/406 1572/1828/406 1570/1826/406
f 1570/1826/406 1569/1825/406 1566/1822/406
f 1566/1822/406 1564/1820/406 5812/6886/406
f 5803/6868/2014 5818/6897/2014 5778/6817/2014
f 1566/1822/3104 5812/6886/3104 5803/6868/3104
f 1575/1831/406 1570/1826/406 1566/1822/406
f 1582/1838/406 1578/1834/406 1575/1831/406
f 1591/1847/406 1586/1842/406 1582/1838/406
f 1599/1855/406 1594/1850/406 1591/1847/406
f 1607/1863/406 1603/1859/406 1599/1855/406
f 1615/1871/406 1610/1866/406 1607/1863/406
f 1622/1878/406 1618/1874/406 1615/1871/406
f 1912/2232/406 1626/1882/406 1622/1878/406
f 1904/2222/406 1909/2228/406 1912/2232/406
f 1897/2213/406 1901/2218/406 1904/2222/406
f 1889/2203/406 1893/2208/406 1897/2213/406
f 1881/2193/406 1884/2197/406 1889/2203/406
f 1872/2182/406 1877/2188/406 1881/2193/406
f 1865/2173/406 1868/2177/406 1872/2182/406
f 1856/2162/406 1860/2167/406 1865/2173/406
f 5778/6817/3105 5768/6797/3105 1856/2162/3105
f 1566/1822/406 5803/6868/406 5778/6817/406
f 1582/1838/406 1575/1831/406 1566/1822/406
f 1599/1855/406 1591/1847/406 1582/1838/406
f 1615/1871/406 1607/1863/406 1599/1855/406
f 1912/2232/406 1622/1878/406 1615/1871/406
f 1897/2213/406 1904/2222/406 1912/2232/406
f 1881/2193/406 1889/2203/406 1897/2213/406
f 1865/2173/406 1872/2182/406 1881/2193/406
f 5778/6817/406 1856/2162/406 1865/2173/406
f 1582/1838/406 1566/1822/406 5778/6817/406
f 1615/1871/406 1599/1855/406 1582/1838/406
f 1897/2213/406 1912/2232/406 1615/1871/406
f 1865/2173/406 1881/2193/406 1897/2213/406
f 1582/1838/406 5778/6817/406 1865/2173/406
f 1897/2213/406 1615/1871/406 1582/1838/406
f 5783/6827/412 5800/6862/412 1695/1953/412
f 1695/1953/412 1699/1958/412 1703/1963/412
f 1703/1963/412 1709/1971/412 1711/1973/412
f 1711/1973/412 1714/1977/412 1718/1982/412
f 1718/1982/412 1722/1986/412 1726/1992/412
f 1726/1992/412 1730/1997/412 1734/2002/412
f 1734/2002/412 1738/2007/412 1743/2013/412
f 1743/2013/412 1747/2018/412 1751/2023/412
f 1751/2023/412 1755/2028/412 1759/2033/412
f 1759/2033/412 1763/2038/412 1767/2043/412
f 1767/2043/412 1770/2046/412 1775/2053/412
f 1775/2053/412 1779/2058/412 1783/2063/412
f 1783/2063/412 1786/2066/412 1790/2071/412
f 1790/2071/412 1795/2078/412 1799/2083/412
f 1799/2083/412 1802/2086/412 1807/2093/412
f 1807/2093/412 1810/2096/412 1815/2103/412
f 1815/2103/412 1819/2108/412 2101/2484/412
f 2101/2484/412 2097/2479/412 2093/2475/412
f 2093/2475/412 2089/2469/412 2085/2464/412
f 2085/2464/412 2081/2459/412 2077/2455/412
f 2077/2455/412 2072/2448/412 2069/2445/412
f 2069/2445/412 2064/2438/412 2061/2434/412
f 2061/2434/412 2057/2430/412 2053/2425/412
f 2053/2425/412 2048/2418/412 2044/2413/412
f 2044/2413/412 2041/2410/412 2036/2403/412
f 2036/2403/412 2032/2398/412 2029/2394/412
f 2029/2394/412 2024/2388/412 2020/2383/412
f 2020/2383/412 2016/2378/412 2012/2373/412
f 2012/2373/412 2008/2368/412 2005/2364/412
f 2005/2364/412 2001/2359/412 1997/2354/412
f 1997/2354/412 1994/2350/412 1988/2343/412
f 1988/2343/412 1984/2338/412 1981/2334/412
f 1981/2334/412 5776/6813/412 5783/6827/412
f 5783/6827/412 1695/1953/412 1703/1963/412
f 1703/1963/412 1711/1973/412 1718/1982/412
f 1718/1982/412 1726/1992/412 1734/2002/412
f 1734/2002/412 1743/2013/412 1751/2023/412
f 1751/2023/412 1759/2033/412 1767/2043/412
f 1767/2043/412 1775/2053/412 1783/2063/412
f 1783/2063/412 1790/2071/412 1799/2083/412
f 1799/2083/412 1807/2093/412 1815/2103/412
f 1815/2103/412 2101/2484/412 2093/2475/412
f 2093/2475/412 2085/2464/412 2077/2455/412
f 2077/2455/412 2069/2445/412 2061/2434/412
f 2061/2434/412 2053/2425/412 2044/2413/412
f 2044/2413/412 2036/2403/412 2029/2394/412
f 2029/2394/412 2020/2383/412 2012/2373/412
f 2012/2373/412 2005/2364/412 1997/2354/412
f 1997/2354/412 1988/2343/412 1981/2334/412
f 1981/2334/412 5783/6827/412 1703/1963/412
f 1703/1963/412 1718/1982/412 1734/2002/412
f 1734/2002/412 1751/2023/412 1767/2043/412
f 1767/2043/412 1783/2063/412 1799/2083/412
f 1799/2083/412 1815/2103/412 2093/2475/412
f 2093/2475/412 2077/2455/412 2061/2434/412
f 2061/2434/412 2044/2413/412 2029/2394/412
f 2029/2394/412 2012/2373/412 1997/2354/412
f 1997/2354/412 1981/2334/412 1703/1963/412
f 1703/1963/412 1734/2002/412 1767/2043/412
f 1767/2043/412 1799/2083/412 2093/2475/412
f 2093/2475/412 2061/2434/412 2029/2394/412
f 2029/2394/412 1997/2354/412 1703/1963/412
f 1703/1963/412 1767/2043/412 2093/2475/412
f 2142/2544/2015 2144/2547/2015 2280/2733/2015
f 2302/2761/2016 2298/2756/2016 2152/2557/2016
f 2306/2766/2017 2302/2761/2017 2153/2558/2017
f 2310/2771/2018 2306/2766/2018 2155/2560/2018
f 2314/2776/2019 2310/2771/2019 2157/2562/2019
f 2318/2781/2020 2314/2776/2020 2160/2566/2020
f 2322/2785/2021 2318/2781/2021 2161/2567/2021
f 2326/2791/2022 2322/2785/2022 2164/2571/2022
f 2329/2794/2023 2326/2791/2023 2165/2572/2023
f 2334/2801/2024 2329/2794/2024 2167/2575/2024
f 2337/2804/2025 2334/2801/2025 2169/2577/2025
f 2341/2809/2026 2337/2804/2026 2171/2580/2026
f 2345/2814/2027 2341/2809/2027 2173/2583/2027
f 2349/2819/2028 2345/2814/2028 2176/2587/2028
f 2353/2824/2029 2349/2819/2029 2177/2588/2029
f 2357/2829/2030 2353/2824/2030 2180/2592/2030
f 2361/2834/2031 2357/2829/2031 2181/2593/2031
f 2365/2839/2032 2361/2834/2032 2183/2595/2032
f 2370/2845/2033 2365/2839/2033 2185/2597/2033
f 2374/2850/2034 2370/2845/2034 2187/2600/2034
f 2378/2856/2035 2374/2850/2035 2190/2604/2035
f 2382/2860/2036 2378/2856/2036 2191/2605/2036
f 2386/2866/2037 2382/2860/2037 2193/2608/2037
f 2389/2869/2038 2386/2866/2038 2195/2610/2038
f 2394/2875/2039 2389/2869/2039 2198/2614/2039
f 2144/2547/2040 2146/2549/2040 2286/2741/2040
f 2269/2719/2041 5813/6888/2041 5814/6890/2041
f 2138/2539/2042 2140/2542/2042 2273/2724/2042
f 2140/2542/2043 2142/2544/2043 2277/2729/2043
f 2146/2549/2044 2147/2550/2044 2289/2744/2044
f 2147/2550/2045 2150/2554/2045 2293/2749/2045
f 2298/2756/2046 2293/2749/2046 2150/2554/2046
f 2269/2719/2047 2267/2716/2047 5802/6866/2047
f 2269/2719/2048 2273/2724/2048 2271/2722/2048
f 2271/2722/2049 2273/2724/2049 2277/2729/2049
f 2280/2733/2050 2286/2741/2050 2284/2738/2050
f 2277/2729/2051 2280/2733/2051 2281/2734/2051
f 2286/2741/2052 2289/2744/2052 2288/2743/2052
f 2288/2743/2053 2289/2744/2053 2293/2749/2053
f 2295/2752/2144 2298/2756/2144 2302/2761/2144
f 2293/2749/2055 2298/2756/2055 2295/2752/2055
f 2302/2761/2056 2306/2766/2056 2303/2762/2056
f 2306/2766/2057 2310/2771/2057 2307/2767/2057
f 2314/2776/2058 2318/2781/2058 2315/2777/2058
f 2310/2771/2059 2314/2776/2059 2311/2772/2059
f 2315/2777/2060 2318/2781/2060 2322/2785/2060
f 2322/2785/2061 2326/2791/2061 2323/2786/2061
f 2327/2792/2062 2329/2794/2062 2334/2801/2062
f 2326/2791/2063 2329/2794/2063 2327/2792/2063
f 2334/2801/2064 2337/2804/2064 2336/2803/2064
f 2337/2804/2065 2341/2809/2065 2339/2807/2065
f 2344/2813/2066 2345/2814/2066 2349/2819/2066
f 2339/2807/2067 2341/2809/2067 2345/2814/2067
f 2348/2818/2068 2349/2819/2068 2353/2824/2068
f 2353/2824/2069 2357/2829/2069 2356/2828/2069
f 2361/2834/2070 2365/2839/2070 2364/2838/2070
f 2357/2829/2145 2361/2834/2145 2359/2832/2145
f 2364/2838/2072 2365/2839/2072 2370/2845/2072
f 2370/2845/2073 2374/2850/2073 2372/2848/2073
f 2375/2851/2074 2378/2856/2074 2382/2860/2074
f 2374/2850/2075 2378/2856/2075 2375/2851/2075
f 2379/2857/2076 2382/2860/2076 2386/2866/2076
f 2386/2866/2077 2389/2869/2077 2388/2868/2077
f 2389/2869/2078 2394/2875/2078 2392/2873/2078
f 2566/3078/2079 2433/2932/2079 2431/2929/2079
f 2442/2944/2080 2584/3096/2080 2588/3100/2080
f 2444/2946/2081 2588/3100/2081 2592/3104/2081
f 2445/2947/2082 2592/3104/2082 2596/3108/2082
f 2448/2951/2083 2596/3108/2083 2600/3112/2083
f 2450/2954/2084 2600/3112/2084 2604/3116/2084
f 2451/2955/2085 2604/3116/2085 2608/3120/2085
f 2454/2959/2086 2608/3120/2086 2611/3123/2086
f 2455/2960/2087 2611/3123/2087 2616/3128/2087
f 2458/2964/2088 2616/3128/2088 2620/3132/2088
f 2459/2965/2089 2620/3132/2089 2623/3135/2089
f 2462/2969/2090 2623/3135/2090 2627/3139/2090
f 2464/2971/2091 2627/3139/2091 2631/3143/2091
f 2465/2972/2092 2631/3143/2092 2636/3148/2092
f 2467/2975/2093 2636/3148/2093 2639/3151/2093
f 2469/2977/2094 2639/3151/2094 2643/3155/2094
f 2471/2979/2095 2643/3155/2095 2647/3159/2095
f 2473/2982/2096 2647/3159/2096 2651/3163/2096
f 2475/2984/2097 2651/3163/2097 2655/3167/2097
f 2477/2987/2098 2655/3167/2098 2659/3171/2098
f 2479/2989/2099 2659/3171/2099 2664/3176/2099
f 2481/2992/2100 2664/3176/2100 2668/3180/2100
f 2483/2994/2101 2668/3180/2101 2672/3184/2101
f 2485/2997/2102 2672/3184/2102 2676/3188/2102
f 2487/2999/2103 2676/3188/2103 2394/2875/2103
f 2571/3083/2104 2436/2936/2104 2433/2932/2104
f 2555/3067/2105 2428/2926/2105 5770/6801/2105
f 2559/3071/2106 2430/2928/2106 2428/2926/2106
f 2564/3076/2107 2431/2929/2107 2430/2928/2107
f 2575/3087/2108 2438/2939/2108 2436/2936/2108
f 2579/3091/2109 2440/2941/2109 2438/2939/2109
f 2440/2941/2110 2579/3091/2110 2584/3096/2110
f 2555/3067/2111 5769/6799/2111 5777/6815/2111
f 2558/3070/2112 2559/3071/2112 2555/3067/2112
f 2558/3070/2113 2562/3074/2113 2564/3076/2113
f 2570/3082/2114 2571/3083/2114 2566/3078/2114
f 2562/3074/2115 2568/3080/2115 2566/3078/2115
f 2573/3085/2116 2575/3087/2116 2571/3083/2116
f 2573/3085/2117 2577/3089/2117 2579/3091/2117
f 2581/3093/2118 2585/3097/2118 2588/3100/2118
f 2581/3093/2119 2584/3096/2119 2579/3091/2119
f 2589/3101/2120 2592/3104/2120 2588/3100/2120
f 2589/3101/2121 2593/3105/2121 2596/3108/2121
f 2602/3114/2122 2604/3116/2122 2600/3112/2122
f 2593/3105/2123 2598/3110/2123 2600/3112/2123
f 2602/3114/2124 2606/3118/2124 2608/3120/2124
f 2610/3122/2125 2611/3123/2125 2608/3120/2125
f 2614/3126/2126 2618/3130/2126 2620/3132/2126
f 2610/3122/2127 2614/3126/2127 2616/3128/2127
f 2622/3134/2128 2623/3135/2128 2620/3132/2128
f 2626/3138/2129 2627/3139/2129 2623/3135/2129
f 2630/3142/2130 2634/3146/2130 2636/3148/2130
f 2626/3138/2131 2630/3142/2131 2631/3143/2131
f 2634/3146/2132 2637/3149/2132 2639/3151/2132
f 2637/3149/2133 2641/3153/2133 2643/3155/2133
f 2649/3161/2134 2651/3163/2134 2647/3159/2134
f 2645/3157/2146 2647/3159/2146 2643/3155/2146
f 2649/3161/2136 2653/3165/2136 2655/3167/2136
f 2658/3170/2137 2659/3171/2137 2655/3167/2137
f 2662/3174/2138 2666/3178/2138 2668/3180/2138
f 2662/3174/2139 2664/3176/2139 2659/3171/2139
f 2666/3178/2140 2670/3182/2140 2672/3184/2140
f 2674/3186/2141 2676/3188/2141 2672/3184/2141
f 2392/2873/2142 2394/2875/2142 2676/3188/2142
f 5770/6801/406 2428/2926/406 2430/2928/406
f 2430/2928/406 2431/2929/406 2433/2932/406
f 2433/2932/406 2436/2936/406 2438/2939/406
f 2438/2939/406 2440/2941/406 2442/2944/406
f 2442/2944/406 2444/2946/406 2445/2947/406
f 2445/2947/406 2448/2951/406 2450/2954/406
f 2450/2954/406 2451/2955/406 2454/2959/406
f 2454/2959/406 2455/2960/406 2458/2964/406
f 2458/2964/406 2459/2965/406 2462/2969/406
f 2462/2969/406 2464/2971/406 2465/2972/406
f 2465/2972/406 2467/2975/406 2469/2977/406
f 2469/2977/406 2471/2979/406 2473/2982/406
f 2473/2982/406 2475/2984/406 2477/2987/406
f 2477/2987/406 2479/2989/406 2481/2992/406
f 2481/2992/406 2483/2994/406 2485/2997/406
f 2485/2997/406 2487/2999/406 2200/2617/406
f 2200/2617/406 2198/2614/406 2195/2610/406
f 2195/2610/406 2193/2608/406 2191/2605/406
f 2191/2605/406 2190/2604/406 2187/2600/406
f 2187/2600/406 2185/2597/406 2183/2595/406
f 2183/2595/406 2181/2593/406 2180/2592/406
f 2180/2592/406 2177/2588/406 2176/2587/406
f 2176/2587/406 2173/2583/406 2171/2580/406
f 2171/2580/406 2169/2577/406 2167/2575/406
f 2167/2575/406 2165/2572/406 2164/2571/406
f 2164/2571/406 2161/2567/406 2160/2566/406
f 2160/2566/406 2157/2562/406 2155/2560/406
f 2155/2560/406 2153/2558/406 2152/2557/406
f 2152/2557/406 2150/2554/406 2147/2550/406
f 2147/2550/406 2146/2549/406 2144/2547/406
f 2144/2547/406 2142/2544/406 2140/2542/406
f 2140/2542/406 2138/2539/406 5814/6890/406
f 5792/6845/2 5779/6819/2 5770/6801/2
f 2140/2542/406 5814/6890/406 5792/6845/406
f 2147/2550/406 2144/2547/406 2140/2542/406
f 2155/2560/406 2152/2557/406 2147/2550/406
f 2164/2571/406 2160/2566/406 2155/2560/406
f 2171/2580/406 2167/2575/406 2164/2571/406
f 2180/2592/406 2176/2587/406 2171/2580/406
f 2187/2600/406 2183/2595/406 2180/2592/406
f 2195/2610/406 2191/2605/406 2187/2600/406
f 2485/2997/406 2200/2617/406 2195/2610/406
f 2477/2987/406 2481/2992/406 2485/2997/406
f 2469/2977/406 2473/2982/406 2477/2987/406
f 2462/2969/406 2465/2972/406 2469/2977/406
f 2454/2959/406 2458/2964/406 2462/2969/406
f 2445/2947/406 2450/2954/406 2454/2959/406
f 2438/2939/406 2442/2944/406 2445/2947/406
f 2430/2928/406 2433/2932/406 2438/2939/406
f 5792/6845/406 5770/6801/406 2430/2928/406
f 2147/2550/406 2140/2542/406 5792/6845/406
f 2164/2571/406 2155/2560/406 2147/2550/406
f 2180/2592/406 2171/2580/406 2164/2571/406
f 2195/2610/406 2187/2600/406 2180/2592/406
f 2477/2987/406 2485/2997/406 2195/2610/406
f 2462/2969/406 2469/2977/406 2477/2987/406
f 2445/2947/406 2454/2959/406 2462/2969/406
f 2430/2928/406 2438/2939/406 2445/2947/406
f 2147/2550/406 5792/6845/406 2430/2928/406
f 2180/2592/406 2164/2571/406 2147/2550/406
f 2477/2987/406 2195/2610/406 2180/2592/406
f 2445/2947/406 2462/2969/406 2477/2987/406
f 2147/2550/406 2430/2928/406 2445/2947/406
f 2477/2987/406 2180/2592/406 2147/2550/406
f 5817/6895/412 5802/6866/412 2267/2716/412
f 2267/2716/412 2271/2722/412 2275/2727/412
f 2275/2727/412 2281/2734/412 2284/2738/412
f 2284/2738/412 2288/2743/412 2292/2748/412
f 2292/2748/412 2295/2752/412 2299/2757/412
f 2299/2757/412 2303/2762/412 2307/2767/412
f 2307/2767/412 2311/2772/412 2315/2777/412
f 2315/2777/412 2319/2782/412 2323/2786/412
f 2323/2786/412 2327/2792/412 2332/2798/412
f 2332/2798/412 2336/2803/412 2339/2807/412
f 2339/2807/412 2344/2813/412 2348/2818/412
f 2348/2818/412 2352/2823/412 2356/2828/412
f 2356/2828/412 2359/2832/412 2364/2838/412
f 2364/2838/412 2368/2843/412 2372/2848/412
f 2372/2848/412 2375/2851/412 2379/2857/412
f 2379/2857/412 2383/2861/412 2388/2868/412
f 2388/2868/412 2392/2873/412 2674/3186/412
f 2674/3186/412 2670/3182/412 2666/3178/412
f 2666/3178/412 2662/3174/412 2658/3170/412
f 2658/3170/412 2653/3165/412 2649/3161/412
f 2649/3161/412 2645/3157/412 2641/3153/412
f 2641/3153/412 2637/3149/412 2634/3146/412
f 2634/3146/412 2630/3142/412 2626/3138/412
f 2626/3138/412 2622/3134/412 2618/3130/412
f 2618/3130/412 2614/3126/412 2610/3122/412
f 2610/3122/412 2606/3118/412 2602/3114/412
f 2602/3114/412 2598/3110/412 2593/3105/412
f 2593/3105/412 2589/3101/412 2585/3097/412
f 2585/3097/412 2581/3093/412 2577/3089/412
f 2577/3089/412 2573/3085/412 2570/3082/412
f 2570/3082/412 2568/3080/412 2562/3074/412
f 2562/3074/412 2558/3070/412 2553/3065/412
f 2553/3065/412 5777/6815/412 5817/6895/412
f 5817/6895/412 2267/2716/412 2275/2727/412
f 2275/2727/412 2284/2738/412 2292/2748/412
f 2292/2748/412 2299/2757/412 2307/2767/412
f 2307/2767/412 2315/2777/412 2323/2786/412
f 2323/2786/412 2332/2798/412 2339/2807/412
f 2339/2807/412 2348/2818/412 2356/2828/412
f 2356/2828/412 2364/2838/412 2372/2848/412
f 2372/2848/412 2379/2857/412 2388/2868/412
f 2388/2868/412 2674/3186/412 2666/3178/412
f 2666/3178/412 2658/3170/412 2649/3161/412
f 2649/3161/412 2641/3153/412 2634/3146/412
f 2634/3146/412 2626/3138/412 2618/3130/412
f 2618/3130/412 2610/3122/412 2602/3114/412
f 2602/3114/412 2593/3105/412 2585/3097/412
f 2585/3097/412 2577/3089/412 2570/3082/412
f 2570/3082/412 2562/3074/412 2553/3065/412
f 2553/3065/412 5817/6895/412 2275/2727/412
f 2275/2727/412 2292/2748/412 2307/2767/412
f 2307/2767/412 2323/2786/412 2339/2807/412
f 2339/2807/412 2356/2828/412 2372/2848/412
f 2372/2848/412 2388/2868/412 2666/3178/412
f 2666/3178/412 2649/3161/412 2634/3146/412
f 2634/3146/412 2618/3130/412 2602/3114/412
f 2602/3114/412 2585/3097/412 2570/3082/412
f 2570/3082/412 2553/3065/412 2275/2727/412
f 2275/2727/412 2307/2767/412 2339/2807/412
f 2339/2807/412 2372/2848/412 2666/3178/412
f 2666/3178/412 2634/3146/412 2602/3114/412
f 2602/3114/412 2570/3082/412 2275/2727/412
f 2275/2727/412 2339/2807/412 2666/3178/412
f 2715/3227/2015 2716/3228/2015 2852/3364/2015
f 2875/3387/2016 2870/3382/2016 2725/3237/2016
f 2879/3391/2017 2875/3387/2017 2726/3238/2017
f 2882/3394/2018 2879/3391/2018 2728/3240/2018
f 2886/3398/2019 2882/3394/2019 2730/3242/2019
f 2891/3403/2020 2886/3398/2020 2733/3245/2020
f 2895/3407/2021 2891/3403/2021 2735/3247/2021
f 2899/3411/2022 2895/3407/2022 2736/3248/2022
f 2903/3415/2023 2899/3411/2023 2738/3250/2023
f 2907/3419/2024 2903/3415/2024 2741/3253/2024
f 2911/3423/2025 2907/3419/2025 2743/3255/2025
f 2914/3426/2026 2911/3423/2026 2745/3257/2026
f 2919/3431/2027 2914/3426/2027 2747/3259/2027
f 2922/3434/2028 2919/3431/2028 2749/3261/2028
f 2926/3438/2029 2922/3434/2029 2751/3263/2029
f 2930/3442/2030 2926/3438/2030 2752/3264/2030
f 2935/3447/2031 2930/3442/2031 2755/3267/2031
f 2938/3450/2032 2935/3447/2032 2757/3269/2032
f 2942/3454/2033 2938/3450/2033 2759/3271/2033
f 2946/3458/2034 2942/3454/2034 2760/3272/2034
f 2950/3462/2035 2946/3458/2035 2763/3275/2035
f 2955/3467/2036 2950/3462/2036 2764/3276/2036
f 2958/3470/2037 2955/3467/2037 2766/3278/2037
f 2962/3474/2038 2958/3470/2038 2768/3280/2038
f 2966/3478/2039 2962/3474/2039 2771/3283/2039
f 2716/3228/2040 2718/3230/2040 2859/3371/2040
f 2842/3354/2041 5815/6892/2041 5808/6878/2041
f 2710/3222/2042 2712/3224/2042 2847/3359/2042
f 2712/3224/2043 2715/3227/2043 2850/3362/2043
f 2718/3230/2044 2721/3233/2044 2863/3375/2044
f 2721/3233/2045 2723/3235/2045 2867/3379/2045
f 2870/3382/2046 2867/3379/2046 2723/3235/2046
f 2842/3354/2047 2841/3353/2047 5804/6870/2047
f 2842/3354/2048 2847/3359/2048 2844/3356/2048
f 2844/3356/2049 2847/3359/2049 2850/3362/2049
f 2852/3364/2050 2859/3371/2050 2856/3368/2050
f 2848/3360/2051 2850/3362/2051 2852/3364/2051
f 2859/3371/2052 2863/3375/2052 2860/3372/2052
f 2860/3372/2053 2863/3375/2053 2867/3379/2053
f 2870/3382/2144 2875/3387/2144 2873/3385/2144
f 2867/3379/2055 2870/3382/2055 2869/3381/2055
f 2875/3387/2056 2879/3391/2056 2876/3388/2056
f 2876/3388/2057 2879/3391/2057 2882/3394/2057
f 2886/3398/2058 2891/3403/2058 2889/3401/2058
f 2881/3393/2059 2882/3394/2059 2886/3398/2059
f 2889/3401/2060 2891/3403/2060 2895/3407/2060
f 2895/3407/2061 2899/3411/2061 2896/3408/2061
f 2900/3412/2062 2903/3415/2062 2907/3419/2062
f 2899/3411/2063 2903/3415/2063 2900/3412/2063
f 2907/3419/2064 2911/3423/2064 2908/3420/2064
f 2911/3423/2065 2914/3426/2065 2912/3424/2065
f 2916/3428/2066 2919/3431/2066 2922/3434/2066
f 2912/3424/2067 2914/3426/2067 2919/3431/2067
f 2921/3433/2068 2922/3434/2068 2926/3438/2068
f 2926/3438/2069 2930/3442/2069 2929/3441/2069
f 2935/3447/2070 2938/3450/2070 2937/3449/2070
f 2930/3442/2145 2935/3447/2145 2933/3445/2145
f 2937/3449/2072 2938/3450/2072 2942/3454/2072
f 2942/3454/2073 2946/3458/2073 2944/3456/2073
f 2948/3460/2074 2950/3462/2074 2955/3467/2074
f 2946/3458/2075 2950/3462/2075 2948/3460/2075
f 2953/3465/2076 2955/3467/2076 2958/3470/2076
f 2958/3470/2077 2962/3474/2077 2961/3473/2077
f 2962/3474/2078 2966/3478/2078 2965/3477/2078
f 3138/3650/2079 3006/3518/2079 3004/3516/2079
f 3015/3527/2080 3157/3669/2080 3161/3673/2080
f 3017/3529/2081 3161/3673/2081 3165/3677/2081
f 3019/3531/2082 3165/3677/2082 3169/3681/2082
f 3021/3533/2083 3169/3681/2083 3172/3684/2083
f 3023/3535/2084 3172/3684/2084 3177/3689/2084
f 3025/3537/2085 3177/3689/2085 3181/3693/2085
f 3026/3538/2086 3181/3693/2086 3185/3697/2086
f 3029/3541/2087 3185/3697/2087 3188/3700/2087
f 3031/3543/2088 3188/3700/2088 3193/3705/2088
f 3033/3545/2089 3193/3705/2089 3197/3709/2089
f 3034/3546/2090 3197/3709/2090 3201/3713/2090
f 3036/3548/2091 3201/3713/2091 3205/3717/2091
f 3039/3551/2092 3205/3717/2092 3208/3720/2092
f 3040/3552/2093 3208/3720/2093 3213/3725/2093
f 3042/3554/2094 3213/3725/2094 3216/3728/2094
f 3044/3556/2095 3216/3728/2095 3220/3732/2095
f 3047/3559/2096 3220/3732/2096 3224/3736/2096
f 3049/3561/2097 3224/3736/2097 3228/3740/2097
f 3051/3563/2098 3228/3740/2098 3233/3745/2098
f 3053/3565/2099 3233/3745/2099 3237/3749/2099
f 3055/3567/2100 3237/3749/2100 3241/3753/2100
f 3056/3568/2101 3241/3753/2101 3244/3756/2101
f 3059/3571/2102 3244/3756/2102 3249/3761/2102
f 3060/3572/2103 3249/3761/2103 2966/3478/2103
f 3145/3657/2104 3008/3520/2104 3006/3518/2104
f 3128/3640/2105 3001/3513/2105 5772/6805/2105
f 3133/3645/2106 3003/3515/2106 3001/3513/2106
f 3136/3648/2107 3004/3516/2107 3003/3515/2107
f 3149/3661/2108 3011/3523/2108 3008/3520/2108
f 3152/3664/2109 3013/3525/2109 3011/3523/2109
f 3013/3525/2110 3152/3664/2110 3157/3669/2110
f 3128/3640/2111 5771/6803/2111 5780/6821/2111
f 3131/3643/2112 3133/3645/2112 3128/3640/2112
f 3131/3643/2113 3135/3647/2113 3136/3648/2113
f 3142/3654/2114 3145/3657/2114 3138/3650/2114
f 3135/3647/2115 3140/3652/2115 3138/3650/2115
f 3147/3659/2116 3149/3661/2116 3145/3657/2116
f 3147/3659/2117 3151/3663/2117 3152/3664/2117
f 3159/3671/2118 3161/3673/2118 3157/3669/2118
f 3154/3666/2119 3157/3669/2119 3152/3664/2119
f 3163/3675/2120 3165/3677/2120 3161/3673/2120
f 3163/3675/2121 3166/3678/2121 3169/3681/2121
f 3174/3686/2122 3177/3689/2122 3172/3684/2122
f 3170/3682/2123 3172/3684/2123 3169/3681/2123
f 3174/3686/2124 3178/3690/2124 3181/3693/2124
f 3182/3694/2125 3185/3697/2125 3181/3693/2125
f 3187/3699/2126 3190/3702/2126 3193/3705/2126
f 3187/3699/2127 3188/3700/2127 3185/3697/2127
f 3195/3707/2128 3197/3709/2128 3193/3705/2128
f 3199/3711/2129 3201/3713/2129 3197/3709/2129
f 3202/3714/2130 3206/3718/2130 3208/3720/2130
f 3199/3711/2131 3202/3714/2131 3205/3717/2131
f 3206/3718/2132 3211/3723/2132 3213/3725/2132
f 3211/3723/2133 3215/3727/2133 3216/3728/2133
f 3223/3735/2134 3224/3736/2134 3220/3732/2134
f 3218/3730/2146 3220/3732/2146 3216/3728/2146
f 3223/3735/2136 3227/3739/2136 3228/3740/2136
f 3230/3742/2137 3233/3745/2137 3228/3740/2137
f 3235/3747/2138 3238/3750/2138 3241/3753/2138
f 3235/3747/2139 3237/3749/2139 3233/3745/2139
f 3238/3750/2140 3243/3755/2140 3244/3756/2140
f 3243/3755/2141 3247/3759/2141 3249/3761/2141
f 2965/3477/2142 2966/3478/2142 3249/3761/2142
f 5772/6805/406 3001/3513/406 3003/3515/406
f 3003/3515/406 3004/3516/406 3006/3518/406
f 3006/3518/406 3008/3520/406 3011/3523/406
f 3011/3523/406 3013/3525/406 3015/3527/406
f 3015/3527/406 3017/3529/406 3019/3531/406
f 3019/3531/406 3021/3533/406 3023/3535/406
f 3023/3535/406 3025/3537/406 3026/3538/406
f 3026/3538/406 3029/3541/406 3031/3543/406
f 3031/3543/406 3033/3545/406 3034/3546/406
f 3034/3546/406 3036/3548/406 3039/3551/406
f 3039/3551/3101 3040/3552/3101 3042/3554/3101
f 3042/3554/3100 3044/3556/3100 3047/3559/3100
f 3047/3559/406 3049/3561/406 3051/3563/406
f 3051/3563/406 3053/3565/406 3055/3567/406
f 3055/3567/406 3056/3568/406 3059/3571/406
f 3059/3571/3100 3060/3572/3100 2773/3285/3100
f 2773/3285/3100 2771/3283/3100 2768/3280/3100
f 2768/3280/406 2766/3278/406 2764/3276/406
f 2764/3276/406 2763/3275/406 2760/3272/406
f 2760/3272/406 2759/3271/406 2757/3269/406
f 2757/3269/3100 2755/3267/3100 2752/3264/3100
f 2752/3264/3101 2751/3263/3101 2749/3261/3101
f 2749/3261/406 2747/3259/406 2745/3257/406
f 2745/3257/406 2743/3255/406 2741/3253/406
f 2741/3253/406 2738/3250/406 2736/3248/406
f 2736/3248/406 2735/3247/406 2733/3245/406
f 2733/3245/406 2730/3242/406 2728/3240/406
f 2728/3240/406 2726/3238/406 2725/3237/406
f 2725/3237/406 2723/3235/406 2721/3233/406
f 2721/3233/406 2718/3230/406 2716/3228/406
f 2716/3228/406 2715/3227/406 2712/3224/406
f 2712/3224/406 2710/3222/406 5808/6878/406
f 5805/6872/2 5796/6853/2 5772/6805/2
f 2712/3224/3104 5808/6878/3104 5805/6872/3104
f 2721/3233/406 2716/3228/406 2712/3224/406
f 2728/3240/406 2725/3237/406 2721/3233/406
f 2736/3248/406 2733/3245/406 2728/3240/406
f 2745/3257/406 2741/3253/406 2736/3248/406
f 2752/3264/406 2749/3261/406 2745/3257/406
f 2760/3272/406 2757/3269/406 2752/3264/406
f 2768/3280/406 2764/3276/406 2760/3272/406
f 3059/3571/406 2773/3285/406 2768/3280/406
f 3051/3563/406 3055/3567/406 3059/3571/406
f 3042/3554/406 3047/3559/406 3051/3563/406
f 3034/3546/406 3039/3551/406 3042/3554/406
f 3026/3538/406 3031/3543/406 3034/3546/406
f 3019/3531/406 3023/3535/406 3026/3538/406
f 3011/3523/406 3015/3527/406 3019/3531/406
f 3003/3515/406 3006/3518/406 3011/3523/406
f 5805/6872/406 5772/6805/406 3003/3515/406
f 2721/3233/406 2712/3224/406 5805/6872/406
f 2736/3248/406 2728/3240/406 2721/3233/406
f 2752/3264/406 2745/3257/406 2736/3248/406
f 2768/3280/406 2760/3272/406 2752/3264/406
f 3051/3563/406 3059/3571/406 2768/3280/406
f 3034/3546/406 3042/3554/406 3051/3563/406
f 3019/3531/406 3026/3538/406 3034/3546/406
f 3003/3515/406 3011/3523/406 3019/3531/406
f 2721/3233/406 5805/6872/406 3003/3515/406
f 2752/3264/406 2736/3248/406 2721/3233/406
f 3051/3563/406 2768/3280/406 2752/3264/406
f 3019/3531/406 3034/3546/406 3051/3563/406
f 2721/3233/406 3003/3515/406 3019/3531/406
f 3051/3563/406 2752/3264/406 2721/3233/406
f 5793/6847/412 5804/6870/412 2841/3353/412
f 2841/3353/412 2844/3356/412 2848/3360/412
f 2848/3360/412 2855/3367/412 2856/3368/412
f 2856/3368/412 2860/3372/412 2864/3376/412
f 2864/3376/412 2869/3381/412 2873/3385/412
f 2873/3385/412 2876/3388/412 2881/3393/412
f 2881/3393/412 2885/3397/412 2889/3401/412
f 2889/3401/412 2892/3404/412 2896/3408/412
f 2896/3408/412 2900/3412/412 2905/3417/412
f 2905/3417/412 2908/3420/412 2912/3424/412
f 2912/3424/412 2916/3428/412 2921/3433/412
f 2921/3433/412 2925/3437/412 2929/3441/412
f 2929/3441/412 2933/3445/412 2937/3449/412
f 2937/3449/412 2940/3452/412 2944/3456/412
f 2944/3456/412 2948/3460/412 2953/3465/412
f 2953/3465/412 2956/3468/412 2961/3473/412
f 2961/3473/412 2965/3477/412 3247/3759/412
f 3247/3759/412 3243/3755/412 3238/3750/412
f 3238/3750/412 3235/3747/412 3230/3742/412
f 3230/3742/412 3227/3739/412 3223/3735/412
f 3223/3735/412 3218/3730/412 3215/3727/412
f 3215/3727/412 3211/3723/412 3206/3718/412
f 3206/3718/412 3202/3714/412 3199/3711/412
f 3199/3711/412 3195/3707/412 3190/3702/412
f 3190/3702/412 3187/3699/412 3182/3694/412
f 3182/3694/412 3178/3690/412 3174/3686/412
f 3174/3686/412 3170/3682/412 3166/3678/412
f 3166/3678/412 3163/3675/412 3159/3671/412
f 3159/3671/412 3154/3666/412 3151/3663/412
f 3151/3663/412 3147/3659/412 3142/3654/412
f 3142/3654/412 3140/3652/412 3135/3647/412
f 3135/3647/412 3131/3643/412 3127/3639/412
f 3127/3639/412 5780/6821/412 5793/6847/412
f 5793/6847/412 2841/3353/412 2848/3360/412
f 2848/3360/412 2856/3368/412 2864/3376/412
f 2864/3376/412 2873/3385/412 2881/3393/412
f 2881/3393/412 2889/3401/412 2896/3408/412
f 2896/3408/412 2905/3417/412 2912/3424/412
f 2912/3424/412 2921/3433/412 2929/3441/412
f 2929/3441/412 2937/3449/412 2944/3456/412
f 2944/3456/412 2953/3465/412 2961/3473/412
f 2961/3473/412 3247/3759/412 3238/3750/412
f 3238/3750/412 3230/3742/412 3223/3735/412
f 3223/3735/412 3215/3727/412 3206/3718/412
f 3206/3718/412 3199/3711/412 3190/3702/412
f 3190/3702/412 3182/3694/412 3174/3686/412
f 3174/3686/412 3166/3678/412 3159/3671/412
f 3159/3671/412 3151/3663/412 3142/3654/412
f 3142/3654/412 3135/3647/412 3127/3639/412
f 3127/3639/412 5793/6847/412 2848/3360/412
f 2848/3360/412 2864/3376/412 2881/3393/412
f 2881/3393/412 2896/3408/412 2912/3424/412
f 2912/3424/412 2929/3441/412 2944/3456/412
f 2944/3456/412 2961/3473/412 3238/3750/412
f 3238/3750/412 3223/3735/412 3206/3718/412
f 3206/3718/412 3190/3702/412 3174/3686/412
f 3174/3686/412 3159/3671/412 3142/3654/412
f 3142/3654/412 3127/3639/412 2848/3360/412
f 2848/3360/412 2881/3393/412 2912/3424/412
f 2912/3424/412 2944/3456/412 3238/3750/412
f 3238/3750/412 3206/3718/412 3174/3686/412
f 3174/3686/412 3142/3654/412 2848/3360/412
f 2848/3360/412 2912/3424/412 3238/3750/412
f 3287/3799/2015 3290/3802/2015 3426/3938/2015
f 3448/3960/2016 3443/3955/2016 3298/3810/2016
f 3452/3964/2017 3448/3960/2017 3300/3812/2017
f 3456/3968/2018 3452/3964/2018 3302/3814/2018
f 3459/3971/2019 3456/3968/2019 3303/3815/2019
f 3463/3975/2020 3459/3971/2020 3305/3817/2020
f 3468/3980/2021 3463/3975/2021 3308/3820/2021
f 3471/3983/2022 3468/3980/2022 3309/3821/2022
f 3475/3987/2023 3471/3983/2023 3312/3824/2023
f 3480/3992/2024 3475/3987/2024 3313/3825/2024
f 3483/3995/2025 3480/3992/2025 3316/3828/2025
f 3487/3999/2026 3483/3995/2026 3317/3829/2026
f 3492/4004/2027 3487/3999/2027 3320/3832/2027
f 3496/4008/2028 3492/4004/2028 3321/3833/2028
f 3499/4011/2029 3496/4008/2029 3323/3835/2029
f 3503/4015/2030 3499/4011/2030 3325/3837/2030
f 3507/4019/2031 3503/4015/2031 3328/3840/2031
f 3511/4023/2032 3507/4019/2032 3330/3842/2032
f 3516/4028/2033 3511/4023/2033 3332/3844/2033
f 3519/4031/2034 3516/4028/2034 3334/3846/2034
f 3524/4036/2035 3519/4031/2035 3336/3848/2035
f 3528/4040/2036 3524/4036/2036 3338/3850/2036
f 3532/4044/2037 3528/4040/2037 3339/3851/2037
f 3535/4047/2038 3532/4044/2038 3342/3854/2038
f 3539/4051/2039 3535/4047/2039 3343/3855/2039
f 3290/3802/2040 3292/3804/2040 3431/3943/2040
f 3415/3927/2041 5807/6876/2041 5809/6880/2041
f 3283/3795/2042 3285/3797/2042 3419/3931/2042
f 3285/3797/2043 3287/3799/2043 3423/3935/2043
f 3292/3804/2044 3293/3805/2044 3435/3947/2044
f 3293/3805/2045 3295/3807/2045 3439/3951/2045
f 3443/3955/2046 3439/3951/2046 3295/3807/2046
f 3415/3927/2047 3414/3926/2047 5798/6858/2047
f 3415/3927/2048 3419/3931/2048 3417/3929/2048
f 3417/3929/2049 3419/3931/2049 3423/3935/2049
f 3426/3938/2050 3431/3943/2050 3429/3941/2050
f 3422/3934/2051 3423/3935/2051 3426/3938/2051
f 3431/3943/2052 3435/3947/2052 3433/3945/2052
f 3433/3945/2053 3435/3947/2053 3439/3951/2053
f 3441/3953/2054 3443/3955/2054 3448/3960/2054
f 3439/3951/2055 3443/3955/2055 3441/3953/2055
f 3448/3960/2056 3452/3964/2056 3449/3961/2056
f 3452/3964/2057 3456/3968/2057 3453/3965/2057
f 3459/3971/2058 3463/3975/2058 3462/3974/2058
f 3453/3965/2059 3456/3968/2059 3459/3971/2059
f 3462/3974/2060 3463/3975/2060 3468/3980/2060
f 3468/3980/2061 3471/3983/2061 3470/3982/2061
f 3474/3986/2062 3475/3987/2062 3480/3992/2062
f 3471/3983/2063 3475/3987/2063 3474/3986/2063
f 3480/3992/2064 3483/3995/2064 3481/3993/2064
f 3481/3993/2065 3483/3995/2065 3487/3999/2065
f 3490/4002/2066 3492/4004/2066 3496/4008/2066
f 3485/3997/2067 3487/3999/2067 3492/4004/2067
f 3493/4005/2068 3496/4008/2068 3499/4011/2068
f 3497/4009/2069 3499/4011/2069 3503/4015/2069
f 3507/4019/2070 3511/4023/2070 3510/4022/2070
f 3503/4015/2145 3507/4019/2145 3505/4017/2145
f 3510/4022/2072 3511/4023/2072 3516/4028/2072
f 3516/4028/2073 3519/4031/2073 3517/4029/2073
f 3521/4033/2074 3524/4036/2074 3528/4040/2074
f 3519/4031/2075 3524/4036/2075 3521/4033/2075
f 3525/4037/2076 3528/4040/2076 3532/4044/2076
f 3529/4041/2077 3532/4044/2077 3535/4047/2077
f 3535/4047/2078 3539/4051/2078 3537/4049/2078
f 3711/4259/2079 3579/4091/2079 3577/4089/2079
f 3587/4099/2080 3730/4283/2080 3734/4288/2080
f 3590/4102/2081 3734/4288/2081 3738/4293/2081
f 3592/4104/2082 3738/4293/2082 3742/4298/2082
f 3594/4106/2083 3742/4298/2083 3745/4301/2083
f 3596/4108/2084 3745/4301/2084 3750/4308/2084
f 3597/4109/2085 3750/4308/2085 3753/4311/2085
f 3599/4111/2086 3753/4311/2086 3758/4318/2086
f 3602/4114/2087 3758/4318/2087 3762/4323/2087
f 3604/4116/2088 3762/4323/2088 3766/4328/2088
f 3606/4118/2089 3766/4328/2089 3770/4333/2089
f 3608/4120/2090 3770/4333/2090 3774/4338/2090
f 3610/4122/2091 3774/4338/2091 3778/4343/2091
f 3612/4124/2092 3778/4343/2092 3782/4348/2092
f 3614/4126/2093 3782/4348/2093 3786/4353/2093
f 3616/4128/2094 3786/4353/2094 3789/4356/2094
f 3617/4129/2095 3789/4356/2095 3794/4363/2095
f 3620/4132/2096 3794/4363/2096 3797/4367/2096
f 3621/4133/2097 3797/4367/2097 3802/4373/2097
f 3623/4135/2098 3802/4373/2098 3805/4376/2098
f 3625/4137/2099 3805/4376/2099 3810/4383/2099
f 3627/4139/2100 3810/4383/2100 3814/4388/2100
f 3629/4141/2101 3814/4388/2101 3818/4393/2101
f 3631/4143/2102 3818/4393/2102 3822/4398/2102
f 3633/4146/2103 3822/4398/2103 3539/4051/2103
f 3718/4268/2104 3582/4094/2104 3579/4091/2104
f 3702/4248/2105 3574/4086/2105 5790/6841/2105
f 3706/4253/2106 3576/4088/2106 3574/4086/2106
f 3710/4258/2107 3577/4089/2107 3576/4088/2107
f 3722/4273/2108 3583/4095/2108 3582/4094/2108
f 3726/4278/2109 3585/4097/2109 3583/4095/2109
f 3585/4097/2110 3726/4278/2110 3730/4283/2110
f 3702/4248/2111 5773/6807/2111 5781/6823/2111
f 3704/4250/2112 3706/4253/2112 3702/4248/2112
f 3704/4250/2113 3707/4254/2113 3710/4258/2113
f 3716/4265/2114 3718/4268/2114 3711/4259/2114
f 3714/4263/2115 3711/4259/2115 3710/4258/2115
f 3720/4271/2116 3722/4273/2116 3718/4268/2116
f 3720/4271/2117 3724/4276/2117 3726/4278/2117
f 3727/4279/2143 3731/4284/2143 3734/4288/2143
f 3727/4279/2119 3730/4283/2119 3726/4278/2119
f 3736/4291/2120 3738/4293/2120 3734/4288/2120
f 3736/4291/2121 3740/4295/2121 3742/4298/2121
f 3748/4306/2122 3750/4308/2122 3745/4301/2122
f 3743/4299/2123 3745/4301/2123 3742/4298/2123
f 3748/4306/2124 3752/4310/2124 3753/4311/2124
f 3756/4315/2125 3758/4318/2125 3753/4311/2125
f 3760/4321/2126 3763/4324/2126 3766/4328/2126
f 3760/4321/2127 3762/4323/2127 3758/4318/2127
f 3767/4329/2128 3770/4333/2128 3766/4328/2128
f 3771/4334/2129 3774/4338/2129 3770/4333/2129
f 3775/4339/2130 3779/4344/2130 3782/4348/2130
f 3771/4334/2131 3775/4339/2131 3778/4343/2131
f 3779/4344/2132 3783/4349/2132 3786/4353/2132
f 3783/4349/2133 3787/4354/2133 3789/4356/2133
f 3795/4364/2134 3797/4367/2134 3794/4363/2134
f 3791/4359/2146 3794/4363/2146 3789/4356/2146
f 3795/4364/2136 3799/4369/2136 3802/4373/2136
f 3803/4374/2137 3805/4376/2137 3802/4373/2137
f 3807/4379/2138 3812/4385/2138 3814/4388/2138
f 3807/4379/2139 3810/4383/2139 3805/4376/2139
f 3812/4385/2140 3816/4390/2140 3818/4393/2140
f 3820/4395/2141 3822/4398/2141 3818/4393/2141
f 3537/4049/2142 3539/4051/2142 3822/4398/2142
f 5790/6841/406 3574/4086/406 3576/4088/406
f 3576/4088/406 3577/4089/406 3579/4091/406
f 3579/4091/406 3582/4094/406 3583/4095/406
f 3583/4095/406 3585/4097/406 3587/4099/406
f 3587/4099/406 3590/4102/406 3592/4104/406
f 3592/4104/406 3594/4106/406 3596/4108/406
f 3596/4108/406 3597/4109/406 3599/4111/406
f 3599/4111/406 3602/4114/406 3604/4116/406
f 3604/4116/406 3606/4118/406 3608/4120/406
f 3608/4120/3101 3610/4122/3101 3612/4124/3101
f 3612/4124/406 3614/4126/406 3616/4128/406
f 3616/4128/406 3617/4129/406 3620/4132/406
f 3620/4132/406 3621/4133/406 3623/4135/406
f 3623/4135/406 3625/4137/406 3627/4139/406
f 3627/4139/406 3629/4141/406 3631/4143/406
f 3631/4143/3100 3633/4146/3100 3345/3857/3100
f 3345/3857/3100 3343/3855/3100 3342/3854/3100
f 3342/3854/406 3339/3851/406 3338/3850/406
f 3338/3850/406 3336/3848/406 3334/3846/406
f 3334/3846/406 3332/3844/406 3330/3842/406
f 3330/3842/406 3328/3840/406 3325/3837/406
f 3325/3837/406 3323/3835/406 3321/3833/406
f 3321/3833/3101 3320/3832/3101 3317/3829/3101
f 3317/3829/406 3316/3828/406 3313/3825/406
f 3313/3825/406 3312/3824/406 3309/3821/406
f 3309/3821/406 3308/3820/406 3305/3817/406
f 3305/3817/406 3303/3815/406 3302/3814/406
f 3302/3814/406 3300/3812/406 3298/3810/406
f 3298/3810/406 3295/3807/406 3293/3805/406
f 3293/3805/406 3292/3804/406 3290/3802/406
f 3290/3802/406 3287/3799/406 3285/3797/406
f 3285/3797/406 3283/3795/406 5809/6880/406
f 5797/6855/2 5791/6843/2 5790/6841/2
f 3285/3797/406 5809/6880/406 5797/6855/406
f 3293/3805/406 3290/3802/406 3285/3797/406
f 3302/3814/406 3298/3810/406 3293/3805/406
f 3309/3821/406 3305/3817/406 3302/3814/406
f 3317/3829/406 3313/3825/406 3309/3821/406
f 3325/3837/406 3321/3833/406 3317/3829/406
f 3334/3846/406 3330/3842/406 3325/3837/406
f 3342/3854/406 3338/3850/406 3334/3846/406
f 3631/4143/406 3345/3857/406 3342/3854/406
f 3623/4135/406 3627/4139/406 3631/4143/406
f 3616/4128/406 3620/4132/406 3623/4135/406
f 3608/4120/406 3612/4124/406 3616/4128/406
f 3599/4111/406 3604/4116/406 3608/4120/406
f 3592/4104/406 3596/4108/406 3599/4111/406
f 3583/4095/406 3587/4099/406 3592/4104/406
f 3576/4088/406 3579/4091/406 3583/4095/406
f 5797/6855/406 5790/6841/406 3576/4088/406
f 3293/3805/406 3285/3797/406 5797/6855/406
f 3309/3821/406 3302/3814/406 3293/3805/406
f 3325/3837/406 3317/3829/406 3309/3821/406
f 3342/3854/406 3334/3846/406 3325/3837/406
f 3623/4135/406 3631/4143/406 3342/3854/406
f 3608/4120/406 3616/4128/406 3623/4135/406
f 3592/4104/406 3599/4111/406 3608/4120/406
f 3576/4088/406 3583/4095/406 3592/4104/406
f 3293/3805/406 5797/6855/406 3576/4088/406
f 3325/3837/406 3309/3821/406 3293/3805/406
f 3623/4135/406 3342/3854/406 3325/3837/406
f 3592/4104/406 3608/4120/406 3623/4135/406
f 3293/3805/406 3576/4088/406 3592/4104/406
f 3623/4135/406 3325/3837/406 3293/3805/406
f 5794/6849/412 5798/6858/412 3414/3926/412
f 3414/3926/412 3417/3929/412 3422/3934/412
f 3422/3934/412 3428/3940/412 3429/3941/412
f 3429/3941/412 3433/3945/412 3438/3950/412
f 3438/3950/412 3441/3953/412 3445/3957/412
f 3445/3957/412 3449/3961/412 3453/3965/412
f 3453/3965/412 3458/3970/412 3462/3974/412
f 3462/3974/412 3466/3978/412 3470/3982/412
f 3470/3982/412 3474/3986/412 3477/3989/412
f 3477/3989/3102 3481/3993/3102 3485/3997/3102
f 3485/3997/412 3490/4002/412 3493/4005/412
f 3493/4005/3102 3497/4009/3102 3501/4013/3102
f 3501/4013/3103 3505/4017/3103 3510/4022/3103
f 3510/4022/3103 3513/4025/3103 3517/4029/3103
f 3517/4029/3102 3521/4033/3102 3525/4037/3102
f 3525/4037/3102 3529/4041/3102 3534/4046/3102
f 3534/4046/412 3537/4049/412 3820/4395/412
f 3820/4395/3102 3816/4390/3102 3812/4385/3102
f 3812/4385/3102 3807/4379/3102 3803/4374/3102
f 3803/4374/3103 3799/4369/3103 3795/4364/3103
f 3795/4364/3103 3791/4359/3103 3787/4354/3103
f 3787/4354/3102 3783/4349/3102 3779/4344/3102
f 3779/4344/412 3775/4339/412 3771/4334/412
f 3771/4334/3102 3767/4329/3102 3763/4324/3102
f 3763/4324/412 3760/4321/412 3756/4315/412
f 3756/4315/412 3752/4310/412 3748/4306/412
f 3748/4306/412 3743/4299/412 3740/4295/412
f 3740/4295/412 3736/4291/412 3731/4284/412
f 3731/4284/412 3727/4279/412 3724/4276/412
f 3724/4276/412 3720/4271/412 3716/4265/412
f 3716/4265/412 3714/4263/412 3707/4254/412
f 3707/4254/412 3704/4250/412 3700/4245/412
f 3700/4245/412 5781/6823/412 5794/6849/412
f 5794/6849/412 3414/3926/412 3422/3934/412
f 3422/3934/412 3429/3941/412 3438/3950/412
f 3438/3950/412 3445/3957/412 3453/3965/412
f 3453/3965/412 3462/3974/412 3470/3982/412
f 3470/3982/412 3477/3989/412 3485/3997/412
f 3485/3997/412 3493/4005/412 3501/4013/412
f 3501/4013/412 3510/4022/412 3517/4029/412
f 3517/4029/412 3525/4037/412 3534/4046/412
f 3534/4046/412 3820/4395/412 3812/4385/412
f 3812/4385/412 3803/4374/412 3795/4364/412
f 3795/4364/412 3787/4354/412 3779/4344/412
f 3779/4344/412 3771/4334/412 3763/4324/412
f 3763/4324/412 3756/4315/412 3748/4306/412
f 3748/4306/412 3740/4295/412 3731/4284/412
f 3731/4284/412 3724/4276/412 3716/4265/412
f 3716/4265/412 3707/4254/412 3700/4245/412
f 3700/4245/412 5794/6849/412 3422/3934/412
f 3422/3934/412 3438/3950/412 3453/3965/412
f 3453/3965/412 3470/3982/412 3485/3997/412
f 3485/3997/412 3501/4013/412 3517/4029/412
f 3517/4029/412 3534/4046/412 3812/4385/412
f 3812/4385/412 3795/4364/412 3779/4344/412
f 3779/4344/412 3763/4324/412 3748/4306/412
f 3748/4306/412 3731/4284/412 3716/4265/412
f 3716/4265/412 3700/4245/412 3422/3934/412
f 3422/3934/412 3453/3965/412 3485/3997/412
f 3485/3997/412 3517/4029/412 3812/4385/412
f 3812/4385/412 3779/4344/412 3748/4306/412
f 3748/4306/412 3716/4265/412 3422/3934/412
f 3422/3934/412 3485/3997/412 3812/4385/412
f 5791/6844/2014 5797/6856/2014 5819/6899/2014
f 5819/6899/2014 3977/4630/2014 3980/4635/2014
f 3980/4635/2014 3982/4638/2014 3984/4641/2014
f 3984/4641/2014 3985/4642/2014 3987/4645/2014
f 3987/4645/2014 3989/4648/2014 3991/4651/2014
f 3991/4651/2014 3993/4654/2014 3995/4657/2014
f 3995/4657/2014 3997/4660/2014 3999/4663/2014
f 3999/4663/2014 4001/4666/2014 4003/4669/2014
f 4003/4669/2014 4005/4672/2014 4007/4675/2014
f 4007/4675/2014 4009/4678/2014 4012/4683/2014
f 4012/4683/2014 4014/4686/2014 4016/4689/2014
f 4016/4689/2014 4018/4692/2014 4020/4695/2014
f 4020/4695/2014 4022/4698/2014 4023/4699/2014
f 4023/4699/2014 4026/4704/2014 4028/4707/2014
f 4028/4707/2014 4030/4710/2014 4032/4713/2014
f 4032/4713/2014 4034/4716/2014 4036/4719/2014
f 4036/4719/2014 4038/4722/2014 4040/4725/2014
f 4040/4725/2014 4042/4728/2014 4043/4729/2014
f 4043/4729/2014 4045/4732/2014 4047/4735/2014
f 4047/4735/2014 4050/4740/2014 4051/4741/2014
f 4051/4741/2014 4053/4744/2014 4055/4747/2014
f 4055/4747/2014 4057/4750/2014 4060/4755/2014
f 4060/4755/2014 4062/4758/2014 4064/4761/2014
f 4064/4761/2014 4066/4764/2014 4068/4767/2014
f 4068/4767/2014 4070/4770/2014 4072/4773/2014
f 4072/4773/2014 4074/4776/2014 4076/4779/2014
f 4076/4779/2014 4078/4782/2014 4079/4783/2014
f 4079/4783/2014 4082/4788/2014 4084/4791/2014
f 4084/4791/2014 4086/4794/2014 4088/4797/2014
f 4088/4797/2014 4090/4800/2014 4092/4803/2014
f 4092/4803/2014 4094/4806/2014 4095/4807/2014
f 4095/4807/2014 4097/4810/2014 4099/4813/2014
f 4099/4813/2014 4101/4816/2014 4104/4821/2014
f 4104/4821/2014 4105/4822/2014 4108/4827/2014
f 4108/4827/2014 4109/4828/2014 4112/4833/2014
f 4112/4833/2014 4114/4836/2014 4115/4837/2014
f 4115/4837/2014 4118/4842/2014 4119/4843/2014
f 4119/4843/2014 4121/4846/2014 4123/4849/2014
f 4123/4849/2014 4126/4854/2014 4127/4855/2014
f 4127/4855/2014 4129/4858/2014 4131/4861/2014
f 4131/4861/2014 4133/4864/2014 4136/4869/2014
f 4136/4869/2014 4138/4872/2014 4140/4875/2014
f 4140/4875/2014 4142/4878/2014 4144/4881/2014
f 4144/4881/2014 4146/4884/2014 4148/4887/2014
f 4148/4887/2014 4150/4890/2014 4152/4893/2014
f 4152/4893/2014 4153/4894/2014 4156/4899/2014
f 4156/4899/2014 4158/4902/2014 4160/4905/2014
f 4160/4905/2014 4162/4908/2014 4164/4911/2014
f 4164/4911/2014 4166/4914/2014 4168/4917/2014
f 4168/4917/2014 4170/4920/2014 4172/4923/2014
f 4172/4923/2014 4174/4926/2014 4176/4929/2014
f 4176/4929/2014 4178/4932/2014 4180/4935/2014
f 4180/4935/2014 4182/4938/2014 4184/4941/2014
f 4184/4941/2014 4186/4944/2014 4188/4947/2014
f 4188/4947/2014 4190/4950/2014 4192/4953/2014
f 4192/4953/2014 4194/4956/2014 4196/4959/2014
f 4196/4959/2014 4198/4962/2014 4199/4963/2014
f 4199/4963/2014 4202/4968/2014 4204/4971/2014
f 4204/4971/2014 4205/4972/2014 4208/4976/2014
f 4208/4976/2014 4210/4978/2014 4212/4980/2014
f 4212/4980/2014 4214/4982/2014 4216/4984/2014
f 4216/4984/2014 4217/4985/2014 4219/4987/2014
f 4219/4987/2014 4221/4989/2014 4224/4992/2014
f 4224/4992/2014 4226/4994/2014 4228/4996/2014
f 4228/4996/2014 4230/4998/2014 4232/5000/2014
f 4232/5000/3106 4234/5002/3106 3976/4629/3106
f 3976/4629/2014 3974/4626/2014 3972/4623/2014
f 3972/4623/2014 3970/4620/2014 3968/4617/2014
f 3968/4617/2014 3966/4614/2014 3964/4611/2014
f 3964/4611/2014 3962/4608/2014 3960/4605/2014
f 3960/4605/2014 3958/4602/2014 3956/4599/2014
f 3956/4599/2014 3954/4596/2014 3952/4593/2014
f 3952/4593/2014 3950/4590/2014 3948/4587/2014
f 3948/4587/2014 3946/4584/2014 3943/4579/2014
f 3943/4579/2014 3942/4578/2014 3940/4575/2014
f 3940/4575/2014 3938/4572/2014 3936/4569/2014
f 3936/4569/2014 3934/4566/2014 3932/4563/2014
f 3932/4563/2014 3930/4560/2014 3928/4557/2014
f 3928/4557/2014 3925/4552/2014 3924/4551/2014
f 3924/4551/2014 3922/4548/2014 3919/4543/2014
f 3919/4543/2014 3917/4540/2014 3915/4537/2014
f 3915/4537/2014 3914/4536/2014 3912/4533/2014
f 3912/4533/2014 3910/4530/2014 3908/4527/2014
f 3908/4527/2014 3906/4524/2014 3904/4521/2014
f 3904/4521/2014 3901/4516/2014 3899/4513/2014
f 3899/4513/2014 3898/4512/2014 3896/4509/2014
f 3896/4509/2014 3893/4504/2014 3892/4503/2014
f 3892/4503/2014 3890/4500/2014 3888/4497/2014
f 3888/4497/2014 3886/4494/2014 3884/4491/2014
f 3884/4491/2014 3882/4488/2014 3879/4483/2014
f 3879/4483/2014 3878/4482/2014 3875/4477/2014
f 3875/4477/2014 3873/4474/2014 3872/4473/2014
f 3872/4473/2014 3869/4468/2014 3867/4465/2014
f 3867/4465/2014 3866/4464/2014 3864/4461/2014
f 3864/4461/2014 3862/4458/2014 3860/4455/2014
f 3860/4455/2014 3858/4452/2014 3855/4447/2014
f 3855/4447/2014 3854/4446/2014 3851/4441/2014
f 3851/4441/2014 3849/4438/2014 3848/4437/2014
f 3848/4437/2014 3846/4434/2014 3844/4431/2014
f 3844/4431/2014 3842/4428/2014 3840/4425/2014
f 3840/4425/2014 3838/4422/2014 3836/4419/2014
f 3836/4419/2014 3834/4416/2014 3832/4413/2014
f 3832/4413/2014 3829/4408/2014 3827/4405/2014
f 3827/4405/2014 3826/4404/2014 3824/4401/2014
f 3824/4401/2014 3819/4394/2014 3815/4389/2014
f 3815/4389/2014 3811/4384/2014 3808/4380/2014
f 3808/4380/2014 3804/4375/2014 3800/4370/2014
f 3800/4370/2014 3798/4368/2014 3792/4360/2014
f 3792/4360/2014 3788/4355/2014 3784/4350/2014
f 3784/4350/2014 3780/4345/2014 3776/4340/2014
f 3776/4340/2014 3772/4335/2014 3769/4332/2014
f 3769/4332/2014 3764/4325/2014 3761/4322/2014
f 3761/4322/2014 3755/4314/2014 3751/4309/2014
f 3751/4309/2014 3749/4307/2014 3744/4300/2014
f 3744/4300/2014 3739/4294/2014 3737/4292/2014
f 3737/4292/2014 3733/4287/2014 3729/4282/2014
f 3729/4282/2014 3725/4277/2014 3721/4272/2014
f 3721/4272/2014 3715/4264/2014 3712/4260/2014
f 3712/4260/2014 3708/4255/2014 3703/4249/2014
f 3703/4249/2014 3699/4244/2014 3698/4243/2014
f 3698/4243/2014 3696/4240/2014 3694/4237/2014
f 3694/4237/2014 3692/4234/2014 3690/4231/2014
f 3690/4231/2014 3688/4228/2014 3685/4223/2014
f 3685/4223/2014 3684/4222/2014 3682/4219/2014
f 3682/4219/2014 3680/4216/2014 3677/4211/2014
f 3677/4211/2014 3675/4208/2014 3673/4205/2014
f 3673/4205/2014 3671/4202/2014 3669/4199/2014
f 3669/4199/2014 3668/4198/2014 3665/4193/2014
f 3665/4193/2014 3663/4190/2014 3661/4187/2014
f 3661/4187/2014 3657/4181/2014 3660/4186/2014
f 3660/4186/2014 5820/6900/2014 5788/6838/2014
f 3660/4186/2014 5788/6838/2014 5774/6810/2014
f 3665/4193/2014 3661/4187/2014 3660/4186/2014
f 3673/4205/2014 3669/4199/2014 3665/4193/2014
f 3682/4219/2014 3677/4211/2014 3673/4205/2014
f 3690/4231/2014 3685/4223/2014 3682/4219/2014
f 3698/4243/2014 3694/4237/2014 3690/4231/2014
f 3712/4260/2014 3703/4249/2014 3698/4243/2014
f 3729/4282/2014 3721/4272/2014 3712/4260/2014
f 3744/4300/2014 3737/4292/2014 3729/4282/2014
f 3761/4322/2014 3751/4309/2014 3744/4300/2014
f 3776/4340/2014 3769/4332/2014 3761/4322/2014
f 3792/4360/2014 3784/4350/2014 3776/4340/2014
f 3808/4380/2014 3800/4370/2014 3792/4360/2014
f 3824/4401/2014 3815/4389/2014 3808/4380/2014
f 3832/4413/2014 3827/4405/2014 3824/4401/2014
f 3840/4425/2014 3836/4419/2014 3832/4413/2014
f 3848/4437/2014 3844/4431/2014 3840/4425/2014
f 3855/4447/2014 3851/4441/2014 3848/4437/2014
f 3864/4461/2014 3860/4455/2014 3855/4447/2014
f 3872/4473/2014 3867/4465/2014 3864/4461/2014
f 3879/4483/2014 3875/4477/2014 3872/4473/2014
f 3888/4497/2014 3884/4491/2014 3879/4483/2014
f 3896/4509/2014 3892/4503/2014 3888/4497/2014
f 3904/4521/2014 3899/4513/2014 3896/4509/2014
f 3912/4533/2014 3908/4527/2014 3904/4521/2014
f 3919/4543/2014 3915/4537/2014 3912/4533/2014
f 3928/4557/2014 3924/4551/2014 3919/4543/2014
f 3936/4569/2014 3932/4563/2014 3928/4557/2014
f 3943/4579/2014 3940/4575/2014 3936/4569/2014
f 3952/4593/2014 3948/4587/2014 3943/4579/2014
f 3960/4605/2014 3956/4599/2014 3952/4593/2014
f 3968/4617/2014 3964/4611/2014 3960/4605/2014
f 3976/4629/2014 3972/4623/2014 3968/4617/2014
f 4228/4996/3107 4232/5000/3107 3976/4629/3107
f 4219/4987/2014 4224/4992/2014 4228/4996/2014
f 4212/4980/2014 4216/4984/2014 4219/4987/2014
f 4204/4971/2014 4208/4976/2014 4212/4980/2014
f 4196/4959/2014 4199/4963/2014 4204/4971/2014
f 4188/4947/2014 4192/4953/2014 4196/4959/2014
f 4180/4935/2014 4184/4941/2014 4188/4947/2014
f 4172/4923/2014 4176/4929/2014 4180/4935/2014
f 4164/4911/2014 4168/4917/2014 4172/4923/2014
f 4156/4899/2014 4160/4905/2014 4164/4911/2014
f 4148/4887/2014 4152/4893/2014 4156/4899/2014
f 4140/4875/2014 4144/4881/2014 4148/4887/2014
f 4131/4861/2014 4136/4869/2014 4140/4875/2014
f 4123/4849/2014 4127/4855/2014 4131/4861/2014
f 4115/4837/2014 4119/4843/2014 4123/4849/2014
f 4108/4827/2014 4112/4833/2014 4115/4837/2014
f 4099/4813/2014 4104/4821/2014 4108/4827/2014
f 4092/4803/2014 4095/4807/2014 4099/4813/2014
f 4084/4791/2014 4088/4797/2014 4092/4803/2014
f 4076/4779/2014 4079/4783/2014 4084/4791/2014
f 4068/4767/2014 4072/4773/2014 4076/4779/2014
f 4060/4755/2014 4064/4761/2014 4068/4767/2014
f 4051/4741/2014 4055/4747/2014 4060/4755/2014
f 4043/4729/2014 4047/4735/2014 4051/4741/2014
f 4036/4719/2014 4040/4725/2014 4043/4729/2014
f 4028/4707/2014 4032/4713/2014 4036/4719/2014
f 4020/4695/2014 4023/4699/2014 4028/4707/2014
f 4012/4683/2014 4016/4689/2014 4020/4695/2014
f 4003/4669/2014 4007/4675/2014 4012/4683/2014
f 3995/4657/2014 3999/4663/2014 4003/4669/2014
f 3987/4645/2014 3991/4651/2014 3995/4657/2014
f 3980/4635/2014 3984/4641/2014 3987/4645/2014
f 5791/6844/2014 5819/6899/2014 3980/4635/2014
f 5790/6842/2014 5791/6844/2014 3980/4635/2014
f 3980/4635/2014 3987/4645/2014 3995/4657/2014
f 3995/4657/2014 4003/4669/2014 4012/4683/2014
f 4012/4683/2014 4020/4695/2014 4028/4707/2014
f 4028/4707/2014 4036/4719/2014 4043/4729/2014
f 4043/4729/2014 4051/4741/2014 4060/4755/2014
f 4060/4755/2014 4068/4767/2014 4076/4779/2014
f 4076/4779/2014 4084/4791/2014 4092/4803/2014
f 4092/4803/2014 4099/4813/2014 4108/4827/2014
f 4108/4827/2014 4115/4837/2014 4123/4849/2014
f 4123/4849/2014 4131/4861/2014 4140/4875/2014
f 4140/4875/2014 4148/4887/2014 4156/4899/2014
f 4156/4899/2014 4164/4911/2014 4172/4923/2014
f 4172/4923/2014 4180/4935/2014 4188/4947/2014
f 4188/4947/2014 4196/4959/2014 4204/4971/2014
f 4204/4971/2014 4212/4980/2014 4219/4987/2014
f 4219/4987/2014 4228/4996/2014 3976/4629/2014
f 3976/4629/2014 3968/4617/2014 3960/4605/2014
f 3960/4605/2014 3952/4593/2014 3943/4579/2014
f 3943/4579/2014 3936/4569/2014 3928/4557/2014
f 3928/4557/2014 3919/4543/2014 3912/4533/2014
f 3912/4533/2014 3904/4521/2014 3896/4509/2014
f 3896/4509/2014 3888/4497/2014 3879/4483/2014
f 3879/4483/2014 3872/4473/2014 3864/4461/2014
f 3864/4461/2014 3855/4447/2014 3848/4437/2014
f 3848/4437/2014 3840/4425/2014 3832/4413/2014
f 3832/4413/2014 3824/4401/2014 3808/4380/2014
f 3808/4380/2014 3792/4360/2014 3776/4340/2014
f 3776/4340/2014 3761/4322/2014 3744/4300/2014
f 3744/4300/2014 3729/4282/2014 3712/4260/2014
f 3712/4260/2014 3698/4243/2014 3690/4231/2014
f 3690/4231/2014 3682/4219/2014 3673/4205/2014
f 3673/4205/2014 3665/4193/2014 3660/4186/2014
f 3660/4186/2014 5774/6810/2014 5763/6788/2014
f 5764/6790/2014 5785/6832/2014 5789/6840/2014
f 3660/4186/2014 5763/6788/2014 5764/6790/2014
f 3690/4231/2014 3673/4205/2014 3660/4186/2014
f 3744/4300/2014 3712/4260/2014 3690/4231/2014
f 3808/4380/2014 3776/4340/2014 3744/4300/2014
f 3848/4437/2014 3832/4413/2014 3808/4380/2014
f 3879/4483/2014 3864/4461/2014 3848/4437/2014
f 3912/4533/2014 3896/4509/2014 3879/4483/2014
f 3943/4579/2014 3928/4557/2014 3912/4533/2014
f 3976/4629/2014 3960/4605/2014 3943/4579/2014
f 4204/4971/2014 4219/4987/2014 3976/4629/2014
f 4172/4923/2014 4188/4947/2014 4204/4971/2014
f 4140/4875/2014 4156/4899/2014 4172/4923/2014
f 4108/4827/2014 4123/4849/2014 4140/4875/2014
f 4076/4779/2014 4092/4803/2014 4108/4827/2014
f 4043/4729/2014 4060/4755/2014 4076/4779/2014
f 4012/4683/2014 4028/4707/2014 4043/4729/2014
f 3980/4635/2014 3995/4657/2014 4012/4683/2014
f 5773/6808/2014 5790/6842/2014 3980/4635/2014
f 5796/6854/2014 5794/6850/2014 5781/6824/2014
f 5773/6808/2014 3980/4635/2014 4012/4683/2014
f 5772/6806/2014 5796/6854/2014 5781/6824/2014
f 5773/6808/2014 4012/4683/2014 4043/4729/2014
f 5772/6806/2014 5781/6824/2014 5773/6808/2014
f 5771/6804/2014 5772/6806/2014 5773/6808/2014
f 5773/6808/2014 4043/4729/2014 4076/4779/2014
f 4076/4779/2014 4108/4827/2014 4140/4875/2014
f 4140/4875/2014 4172/4923/2014 4204/4971/2014
f 4204/4971/2014 3976/4629/2014 3943/4579/2014
f 3943/4579/2014 3912/4533/2014 3879/4483/2014
f 3879/4483/2014 3848/4437/2014 3808/4380/2014
f 3808/4380/2014 3744/4300/2014 3690/4231/2014
f 3690/4231/2014 3660/4186/2014 5764/6790/2014
f 5764/6790/2014 5789/6840/2014 5775/6812/2014
f 5764/6790/2014 5775/6812/2014 5765/6792/2014
f 3808/4380/2014 3690/4231/2014 5764/6790/2014
f 3943/4579/2014 3879/4483/2014 3808/4380/2014
f 4140/4875/2014 4204/4971/2014 3943/4579/2014
f 5773/6808/2014 4076/4779/2014 4140/4875/2014
f 5771/6804/2014 5773/6808/2014 4140/4875/2014
f 4140/4875/2014 3943/4579/2014 3808/4380/2014
f 3808/4380/2014 5764/6790/2014 5765/6792/2014
f 5766/6794/2014 5782/6826/2014 5783/6828/2014
f 3808/4380/2014 5765/6792/2014 5766/6794/2014
f 5771/6804/2014 4140/4875/2014 3808/4380/2014
f 5792/6846/2014 5793/6848/2014 5780/6822/2014
f 5780/6822/2014 5771/6804/2014 3808/4380/2014
f 5766/6794/2014 5783/6828/2014 5776/6814/2014
f 5779/6820/2014 5792/6846/2014 5780/6822/2014
f 5770/6802/2014 5779/6820/2014 5780/6822/2014
f 3808/4380/2014 5766/6794/2014 5776/6814/2014
f 3808/4380/2014 5776/6814/2014 5767/6796/2014
f 5770/6802/2014 5780/6822/2014 3808/4380/2014
f 5769/6800/2014 5770/6802/2014 3808/4380/2014
f 3808/4380/2014 5767/6796/2014 5768/6798/2014
f 5778/6818/2014 5818/6898/2014 5817/6896/2014
f 5769/6800/2014 3808/4380/2014 5768/6798/2014
f 5768/6798/2014 5778/6818/2014 5817/6896/2014
f 5777/6816/2014 5769/6800/2014 5768/6798/2014
